{"type":"FeatureCollection","name":"Hurricane Fiona RCM low-backscatter change candidates","features":[{"type":"Feature","id":"fiona-0001","geometry":{"type":"Polygon","coordinates":[[[-64.052426,46.062553],[-64.052391,46.060753],[-64.051745,46.060759],[-64.051779,46.062559],[-64.052426,46.062553]]]},"properties":{"feature_id":"fiona-0001","category":"new_low_backscatter_after_fiona","area_ha":1.0,"center_lon":-64.052086,"center_lat":46.061656,"threshold_db":-20.273,"polarization":"VH","interpretation":"candidate only; requires validation"}},{"type":"Feature","id":"fiona-0002","geometry":{"type":"Polygon","coordinates":[[[-64.105407,46.061153],[-64.105398,46.060703],[-64.104752,46.060709],[-64.104743,46.060259],[-64.104097,46.060265],[-64.104088,46.059815],[-64.103441,46.059822],[-64.103432,46.059372],[-64.102786,46.059378],[-64.102804,46.060278],[-64.104097,46.060265],[-64.104106,46.060715],[-64.104752,46.060709],[-64.104761,46.061159],[-64.105407,46.061153]]]},"properties":{"feature_id":"fiona-0002","category":"new_low_backscatter_after_fiona","area_ha":1.25,"center_lon":-64.104096,"center_lat":46.060265,"threshold_db":-20.273,"polarization":"VH","interpretation":"candidate only; requires validation"}},{"type":"Feature","id":"fiona-0003","geometry":{"type":"Polygon","coordinates":[[[-64.071694,46.056074],[-64.071685,46.055624],[-64.071039,46.05563],[-64.071022,46.05473],[-64.070375,46.054736],[-64.070358,46.053836],[-64.069065,46.053848],[-64.069074,46.054298],[-64.06972,46.054292],[-64.069729,46.054742],[-64.070375,46.054736],[-64.070393,46.055636],[-64.071039,46.05563],[-64.071048,46.05608],[-64.071694,46.056074]]]},"properties":{"feature_id":"fiona-0003","category":"low_backscatter_no_longer_present","area_ha":1.5,"center_lon":-64.07038,"center_lat":46.054958,"threshold_db":-20.273,"polarization":"VH","interpretation":"candidate only; requires validation"}},{"type":"Feature","id":"fiona-0004","geometry":{"type":"Polygon","coordinates":[[[-64.09557,46.054047],[-64.095534,46.052247],[-64.094242,46.05226],[-64.09426,46.05316],[-64.094906,46.053153],[-64.094924,46.054053],[-64.09557,46.054047]]]},"properties":{"feature_id":"fiona-0004","category":"persistent_low_backscatter","area_ha":1.5,"center_lon":-64.094906,"center_lat":46.05315,"threshold_db":-20.273,"polarization":"VH","interpretation":"candidate only; requires validation"}},{"type":"Feature","id":"fiona-0005","geometry":{"type":"Polygon","coordinates":[[[-64.025104,46.053351],[-64.025079,46.052001],[-64.024433,46.052007],[-64.024424,46.051557],[-64.023778,46.051563],[-64.023787,46.052013],[-64.024433,46.052007],[-64.024458,46.053357],[-64.025104,46.053351]]]},"properties":{"feature_id":"fiona-0005","category":"new_low_backscatter_after_fiona","area_ha":1.0,"center_lon":-64.024441,"center_lat":46.052457,"threshold_db":-20.273,"polarization":"VH","interpretation":"candidate only; requires validation"}},{"type":"Feature","id":"fiona-0006","geometry":{"type":"Polygon","coordinates":[[[-64.300352,46.0492],[-64.300331,46.048301],[-64.300977,46.048293],[-64.300956,46.047393],[-64.30031,46.047401],[-64.300331,46.048301],[-64.299685,46.048308],[-64.299675,46.047858],[-64.299028,46.047865],[-64.299039,46.048315],[-64.299685,46.048308],[-64.299706,46.049208],[-64.300352,46.0492]]]},"properties":{"feature_id":"fiona-0006","category":"new_low_backscatter_after_fiona","area_ha":1.25,"center_lon":-64.300003,"center_lat":46.0483,"threshold_db":-20.273,"polarization":"VH","interpretation":"candidate only; requires validation"}},{"type":"Feature","id":"fiona-0007","geometry":{"type":"Polygon","coordinates":[[[-64.090338,46.050947],[-64.090329,46.050497],[-64.089683,46.050503],[-64.089674,46.050053],[-64.089028,46.050059],[-64.089019,46.04961],[-64.087727,46.049622],[-64.087736,46.050072],[-64.088382,46.050066],[-64.088391,46.050516],[-64.089683,46.050503],[-64.089692,46.050953],[-64.090338,46.050947]]]},"properties":{"feature_id":"fiona-0007","category":"new_low_backscatter_after_fiona","area_ha":1.25,"center_lon":-64.089033,"center_lat":46.050281,"threshold_db":-20.273,"polarization":"VH","interpretation":"candidate only; requires validation"}},{"type":"Feature","id":"fiona-0008","geometry":{"type":"Polygon","coordinates":[[[-64.299696,46.048758],[-64.299685,46.048308],[-64.300331,46.048301],[-64.3003,46.046951],[-64.299653,46.046958],[-64.299685,46.048308],[-64.299039,46.048315],[-64.299049,46.048765],[-64.299696,46.048758]]]},"properties":{"feature_id":"fiona-0008","category":"persistent_low_backscatter","area_ha":1.0,"center_lon":-64.299685,"center_lat":46.047858,"threshold_db":-20.273,"polarization":"VH","interpretation":"candidate only; requires validation"}},{"type":"Feature","id":"fiona-0009","geometry":{"type":"Polygon","coordinates":[[[-64.080636,46.050589],[-64.080619,46.049689],[-64.081265,46.049683],[-64.081247,46.048783],[-64.080601,46.048789],[-64.08061,46.049239],[-64.079318,46.049252],[-64.079326,46.049701],[-64.079973,46.049695],[-64.07999,46.050595],[-64.080636,46.050589]]]},"properties":{"feature_id":"fiona-0009","category":"new_low_backscatter_after_fiona","area_ha":1.5,"center_lon":-64.080292,"center_lat":46.049689,"threshold_db":-20.273,"polarization":"VH","interpretation":"candidate only; requires validation"}},{"type":"Feature","id":"fiona-0010","geometry":{"type":"Polygon","coordinates":[[[-64.083902,46.052358],[-64.083894,46.051908],[-64.085186,46.051896],[-64.085177,46.051446],[-64.085824,46.05144],[-64.085779,46.04919],[-64.087718,46.049172],[-64.087709,46.048722],[-64.085771,46.04874],[-64.085779,46.04919],[-64.085133,46.049196],[-64.085168,46.050996],[-64.084522,46.051002],[-64.084531,46.051452],[-64.083239,46.051465],[-64.083256,46.052364],[-64.083902,46.052358]]]},"properties":{"feature_id":"fiona-0010","category":"persistent_low_backscatter","area_ha":3.25,"center_lon":-64.085478,"center_lat":46.050543,"threshold_db":-20.273,"polarization":"VH","interpretation":"candidate only; requires validation"}},{"type":"Feature","id":"fiona-0011","geometry":{"type":"Polygon","coordinates":[[[-64.000498,46.050869],[-64.000482,46.049969],[-63.999835,46.049975],[-63.999827,46.049525],[-63.999181,46.04953],[-63.999173,46.04908],[-63.998527,46.049086],[-63.998543,46.049986],[-63.999189,46.04998],[-63.999197,46.05043],[-63.999844,46.050425],[-63.999852,46.050874],[-64.000498,46.050869]]]},"properties":{"feature_id":"fiona-0011","category":"new_low_backscatter_after_fiona","area_ha":1.5,"center_lon":-63.999512,"center_lat":46.049977,"threshold_db":-20.273,"polarization":"VH","interpretation":"candidate only; requires validation"}},{"type":"Feature","id":"fiona-0012","geometry":{"type":"Polygon","coordinates":[[[-64.045027,46.04732],[-64.045019,46.04687],[-64.045665,46.046864],[-64.045656,46.046414],[-64.046302,46.046408],[-64.046294,46.045959],[-64.045648,46.045964],[-64.045656,46.046414],[-64.043718,46.046432],[-64.043709,46.045982],[-64.043063,46.045988],[-64.043072,46.046438],[-64.042426,46.046444],[-64.042434,46.046894],[-64.04308,46.046888],[-64.043089,46.047338],[-64.043735,46.047332],[-64.043726,46.046882],[-64.044372,46.046876],[-64.044381,46.047326],[-64.045027,46.04732]]]},"properties":{"feature_id":"fiona-0012","category":"new_low_backscatter_after_fiona","area_ha":2.25,"center_lon":-64.044364,"center_lat":46.046649,"threshold_db":-20.273,"polarization":"VH","interpretation":"candidate only; requires validation"}},{"type":"Feature","id":"fiona-0013","geometry":{"type":"Polygon","coordinates":[[[-64.070149,46.043038],[-64.070141,46.042588],[-64.071433,46.042576],[-64.071424,46.042126],[-64.07207,46.04212],[-64.072062,46.04167],[-64.071415,46.041676],[-64.071424,46.042126],[-64.070132,46.042138],[-64.070141,46.042588],[-64.069495,46.042594],[-64.069503,46.043044],[-64.070149,46.043038]]]},"properties":{"feature_id":"fiona-0013","category":"new_low_backscatter_after_fiona","area_ha":1.0,"center_lon":-64.070783,"center_lat":46.042357,"threshold_db":-20.273,"polarization":"VH","interpretation":"candidate only; requires validation"}},{"type":"Feature","id":"fiona-0014","geometry":{"type":"Polygon","coordinates":[[[-64.375579,46.033469],[-64.375568,46.033019],[-64.376214,46.033011],[-64.376203,46.032561],[-64.375557,46.032569],[-64.375546,46.032119],[-64.374254,46.032135],[-64.374276,46.033035],[-64.374922,46.033027],[-64.374933,46.033477],[-64.375579,46.033469]]]},"properties":{"feature_id":"fiona-0014","category":"new_low_backscatter_after_fiona","area_ha":1.5,"center_lon":-64.375234,"center_lat":46.032798,"threshold_db":-20.273,"polarization":"VH","interpretation":"candidate only; requires validation"}},{"type":"Feature","id":"fiona-0015","geometry":{"type":"Polygon","coordinates":[[[-64.436813,46.027765],[-64.436801,46.027315],[-64.436156,46.027323],[-64.436144,46.026874],[-64.437436,46.026857],[-64.437424,46.026407],[-64.435487,46.026432],[-64.43551,46.027332],[-64.436156,46.027323],[-64.436167,46.027773],[-64.436813,46.027765]]]},"properties":{"feature_id":"fiona-0015","category":"new_low_backscatter_after_fiona","area_ha":1.25,"center_lon":-64.436462,"center_lat":46.02709,"threshold_db":-20.273,"polarization":"VH","interpretation":"candidate only; requires validation"}},{"type":"Feature","id":"fiona-0016","geometry":{"type":"Polygon","coordinates":[[[-64.092417,46.025276],[-64.092408,46.024826],[-64.0937,46.024814],[-64.093683,46.023914],[-64.094974,46.023902],[-64.094965,46.023452],[-64.093674,46.023464],[-64.093683,46.023914],[-64.092391,46.023926],[-64.092408,46.024826],[-64.091763,46.024832],[-64.091771,46.025282],[-64.092417,46.025276]]]},"properties":{"feature_id":"fiona-0016","category":"new_low_backscatter_after_fiona","area_ha":1.75,"center_lon":-64.093368,"center_lat":46.024367,"threshold_db":-20.273,"polarization":"VH","interpretation":"candidate only; requires validation"}},{"type":"Feature","id":"fiona-0017","geometry":{"type":"Polygon","coordinates":[[[-64.096903,46.023433],[-64.096894,46.022983],[-64.096248,46.022989],[-64.096239,46.022539],[-64.095594,46.022546],[-64.095585,46.022096],[-64.094939,46.022102],[-64.09493,46.021652],[-64.094284,46.021658],[-64.094293,46.022108],[-64.094939,46.022102],[-64.094948,46.022552],[-64.095594,46.022546],[-64.095602,46.022996],[-64.096248,46.022989],[-64.096257,46.023439],[-64.096903,46.023433]]]},"properties":{"feature_id":"fiona-0017","category":"new_low_backscatter_after_fiona","area_ha":1.0,"center_lon":-64.095594,"center_lat":46.022546,"threshold_db":-20.273,"polarization":"VH","interpretation":"candidate only; requires validation"}},{"type":"Feature","id":"fiona-0018","geometry":{"type":"Polygon","coordinates":[[[-64.08718,46.021726],[-64.087171,46.021276],[-64.087817,46.02127],[-64.087799,46.02037],[-64.086507,46.020382],[-64.086534,46.021732],[-64.08718,46.021726]]]},"properties":{"feature_id":"fiona-0018","category":"low_backscatter_no_longer_present","area_ha":1.25,"center_lon":-64.087162,"center_lat":46.021051,"threshold_db":-20.273,"polarization":"VH","interpretation":"candidate only; requires validation"}},{"type":"Feature","id":"fiona-0019","geometry":{"type":"Polygon","coordinates":[[[-64.322269,46.019698],[-64.322226,46.017898],[-64.322872,46.017891],[-64.32285,46.016991],[-64.322205,46.016998],[-64.322215,46.017448],[-64.32157,46.017456],[-64.321613,46.019255],[-64.320967,46.019263],[-64.320977,46.019713],[-64.322269,46.019698]]]},"properties":{"feature_id":"fiona-0019","category":"persistent_low_backscatter","area_ha":2.0,"center_lon":-64.32192,"center_lat":46.018352,"threshold_db":-20.273,"polarization":"VH","interpretation":"candidate only; requires validation"}},{"type":"Feature","id":"fiona-0020","geometry":{"type":"Polygon","coordinates":[[[-64.321613,46.019255],[-64.321591,46.018355],[-64.320945,46.018363],[-64.320935,46.017913],[-64.32158,46.017906],[-64.32157,46.017456],[-64.322215,46.017448],[-64.322205,46.016998],[-64.321559,46.017006],[-64.321548,46.016556],[-64.320902,46.016563],[-64.320892,46.016113],[-64.3196,46.016128],[-64.319611,46.016578],[-64.317674,46.016601],[-64.317695,46.0175],[-64.318341,46.017493],[-64.318362,46.018393],[-64.320945,46.018363],[-64.320967,46.019263],[-64.321613,46.019255]]]},"properties":{"feature_id":"fiona-0020","category":"new_low_backscatter_after_fiona","area_ha":6.5,"center_lon":-64.319944,"center_lat":46.017688,"threshold_db":-20.273,"polarization":"VH","interpretation":"candidate only; requires validation"}},{"type":"Feature","id":"fiona-0021","geometry":{"type":"Polygon","coordinates":[[[-64.328673,46.017373],[-64.328619,46.015124],[-64.327973,46.015131],[-64.328027,46.017381],[-64.328673,46.017373]]]},"properties":{"feature_id":"fiona-0021","category":"new_low_backscatter_after_fiona","area_ha":1.25,"center_lon":-64.328323,"center_lat":46.016253,"threshold_db":-20.273,"polarization":"VH","interpretation":"candidate only; requires validation"}},{"type":"Feature","id":"fiona-0022","geometry":{"type":"Polygon","coordinates":[[[-64.092187,46.013578],[-64.092178,46.013128],[-64.091532,46.013134],[-64.091524,46.012684],[-64.090232,46.012697],[-64.090241,46.013146],[-64.090887,46.01314],[-64.090895,46.01359],[-64.092187,46.013578]]]},"properties":{"feature_id":"fiona-0022","category":"low_backscatter_no_longer_present","area_ha":1.0,"center_lon":-64.091209,"center_lat":46.013137,"threshold_db":-20.273,"polarization":"VH","interpretation":"candidate only; requires validation"}},{"type":"Feature","id":"fiona-0023","geometry":{"type":"Polygon","coordinates":[[[-64.305764,46.004587],[-64.305743,46.003687],[-64.30768,46.003665],[-64.307669,46.003215],[-64.308315,46.003207],[-64.308304,46.002758],[-64.309595,46.002743],[-64.309606,46.003193],[-64.310252,46.003185],[-64.310241,46.002735],[-64.310887,46.002728],[-64.310876,46.002278],[-64.311522,46.002271],[-64.3115,46.001371],[-64.310855,46.001378],[-64.310844,46.000928],[-64.310199,46.000936],[-64.310188,46.000486],[-64.309542,46.000493],[-64.309553,46.000943],[-64.308262,46.000958],[-64.308283,46.001858],[-64.307638,46.001865],[-64.307648,46.002315],[-64.307003,46.002322],[-64.307013,46.002772],[-64.305722,46.002787],[-64.305733,46.003237],[-64.305087,46.003244],[-64.305119,46.004594],[-64.305764,46.004587]]]},"properties":{"feature_id":"fiona-0023","category":"persistent_low_backscatter","area_ha":8.25,"center_lon":-64.308304,"center_lat":46.00254,"threshold_db":-20.273,"polarization":"VH","interpretation":"candidate only; requires validation"}},{"type":"Feature","id":"fiona-0024","geometry":{"type":"Polygon","coordinates":[[[-64.02356,46.004763],[-64.023544,46.003863],[-64.022898,46.003869],[-64.02289,46.003419],[-64.022244,46.003425],[-64.022261,46.004324],[-64.022906,46.004319],[-64.022915,46.004769],[-64.02356,46.004763]]]},"properties":{"feature_id":"fiona-0024","category":"new_low_backscatter_after_fiona","area_ha":1.0,"center_lon":-64.022902,"center_lat":46.004094,"threshold_db":-20.273,"polarization":"VH","interpretation":"candidate only; requires validation"}},{"type":"Feature","id":"fiona-0025","geometry":{"type":"Polygon","coordinates":[[[-64.326951,45.999392],[-64.32694,45.998943],[-64.326295,45.99895],[-64.326284,45.9985],[-64.326929,45.998493],[-64.326908,45.997593],[-64.324971,45.997615],[-64.325004,45.998965],[-64.326295,45.99895],[-64.326305,45.9994],[-64.326951,45.999392]]]},"properties":{"feature_id":"fiona-0025","category":"new_low_backscatter_after_fiona","area_ha":2.25,"center_lon":-64.325961,"center_lat":45.998497,"threshold_db":-20.273,"polarization":"VH","interpretation":"candidate only; requires validation"}},{"type":"Feature","id":"fiona-0026","geometry":{"type":"Polygon","coordinates":[[[-64.247395,45.993538],[-64.247385,45.993088],[-64.24674,45.993095],[-64.24673,45.992645],[-64.245439,45.99266],[-64.245449,45.993109],[-64.246094,45.993102],[-64.246104,45.993552],[-64.247395,45.993538]]]},"properties":{"feature_id":"fiona-0026","category":"new_low_backscatter_after_fiona","area_ha":1.0,"center_lon":-64.246417,"center_lat":45.993099,"threshold_db":-20.273,"polarization":"VH","interpretation":"candidate only; requires validation"}},{"type":"Feature","id":"fiona-0027","geometry":{"type":"Polygon","coordinates":[[[-64.315331,45.999527],[-64.315299,45.998177],[-64.315945,45.99817],[-64.315934,45.99772],[-64.315288,45.997727],[-64.315278,45.997277],[-64.317214,45.997255],[-64.317193,45.996355],[-64.317839,45.996348],[-64.317817,45.995448],[-64.317172,45.995455],[-64.317182,45.995905],[-64.316537,45.995913],[-64.316516,45.995013],[-64.317161,45.995005],[-64.317097,45.992306],[-64.317742,45.992299],[-64.317721,45.991399],[-64.318367,45.991391],[-64.318345,45.990492],[-64.3177,45.990499],[-64.317689,45.990049],[-64.317044,45.990057],[-64.317054,45.990507],[-64.3177,45.990499],[-64.31771,45.990949],[-64.317065,45.990956],[-64.317097,45.992306],[-64.316452,45.992314],[-64.316484,45.993663],[-64.315193,45.993678],[-64.315203,45.994128],[-64.316494,45.994113],[-64.316505,45.994563],[-64.315859,45.99457],[-64.31587,45.99502],[-64.315225,45.995028],[-64.315235,45.995478],[-64.315881,45.99547],[-64.315913,45.99682],[-64.314622,45.996835],[-64.314654,45.998185],[-64.313363,45.998199],[-64.313373,45.998649],[-64.312082,45.998664],[-64.312093,45.999114],[-64.314675,45.999084],[-64.314686,45.999534],[-64.315331,45.999527]]]},"properties":{"feature_id":"fiona-0027","category":"new_low_backscatter_after_fiona","area_ha":10.0,"center_lon":-64.315224,"center_lat":45.994791,"threshold_db":-20.273,"polarization":"VH","interpretation":"candidate only; requires validation"}},{"type":"Feature","id":"fiona-0028","geometry":{"type":"Polygon","coordinates":[[[-64.098827,45.990113],[-64.098809,45.989213],[-64.098164,45.98922],[-64.098155,45.98877],[-64.096864,45.988782],[-64.096873,45.989232],[-64.098164,45.98922],[-64.098182,45.990119],[-64.098827,45.990113]]]},"properties":{"feature_id":"fiona-0028","category":"new_low_backscatter_after_fiona","area_ha":1.0,"center_lon":-64.097846,"center_lat":45.989445,"threshold_db":-20.273,"polarization":"VH","interpretation":"candidate only; requires validation"}},{"type":"Feature","id":"fiona-0029","geometry":{"type":"Polygon","coordinates":[[[-64.043892,45.987028],[-64.043875,45.986128],[-64.04452,45.986122],[-64.044512,45.985672],[-64.043866,45.985678],[-64.043875,45.986128],[-64.04323,45.986134],[-64.043213,45.985234],[-64.042567,45.98524],[-64.042584,45.98614],[-64.04323,45.986134],[-64.043246,45.987034],[-64.043892,45.987028]]]},"properties":{"feature_id":"fiona-0029","category":"new_low_backscatter_after_fiona","area_ha":1.25,"center_lon":-64.043543,"center_lat":45.986134,"threshold_db":-20.273,"polarization":"VH","interpretation":"candidate only; requires validation"}},{"type":"Feature","id":"fiona-0030","geometry":{"type":"Polygon","coordinates":[[[-64.051082,46.059865],[-64.051065,46.058965],[-64.051711,46.058959],[-64.051702,46.058509],[-64.052349,46.058503],[-64.05234,46.058053],[-64.052986,46.058048],[-64.052969,46.057148],[-64.053616,46.057142],[-64.053598,46.056242],[-64.054245,46.056236],[-64.054236,46.055786],[-64.054882,46.05578],[-64.054874,46.05533],[-64.05552,46.055324],[-64.055512,46.054874],[-64.056158,46.054868],[-64.056123,46.053068],[-64.058062,46.05305],[-64.058054,46.052601],[-64.059346,46.052589],[-64.059355,46.053038],[-64.060647,46.053026],[-64.060656,46.053476],[-64.063241,46.053452],[-64.063223,46.052553],[-64.064516,46.052541],[-64.064507,46.052091],[-64.065153,46.052085],[-64.065145,46.051635],[-64.06773,46.05161],[-64.067738,46.05206],[-64.068384,46.052054],[-64.068402,46.052954],[-64.069048,46.052948],[-64.069057,46.053398],[-64.071642,46.053374],[-64.071633,46.052924],[-64.074218,46.0529],[-64.0742,46.052],[-64.076785,46.051976],[-64.076777,46.051526],[-64.0813,46.051483],[-64.081309,46.051933],[-64.081955,46.051927],[-64.081937,46.051027],[-64.081291,46.051033],[-64.081282,46.050583],[-64.073528,46.050656],[-64.073537,46.051106],[-64.072891,46.051112],[-64.072882,46.050662],[-64.071589,46.050674],[-64.071572,46.049774],[-64.072218,46.049768],[-64.072201,46.048869],[-64.072847,46.048862],[-64.072821,46.047513],[-64.073467,46.047507],[-64.07345,46.046607],[-64.072803,46.046613],[-64.072777,46.045263],[-64.072131,46.045269],[-64.072114,46.044369],[-64.071468,46.044375],[-64.071459,46.043925],[-64.070167,46.043937],[-64.070158,46.043487],[-64.069512,46.043494],[-64.069495,46.042594],[-64.070141,46.042588],[-64.070132,46.042138],[-64.071424,46.042126],[-64.071415,46.041676],[-64.072062,46.04167],[-64.072053,46.04122],[-64.072699,46.041214],[-64.07269,46.040764],[-64.073336,46.040758],[-64.073319,46.039858],[-64.073965,46.039852],[-64.073948,46.038952],[-64.074594,46.038946],[-64.074585,46.038496],[-64.075231,46.03849],[-64.075214,46.03759],[-64.07586,46.037584],[-64.075851,46.037134],[-64.076497,46.037128],[-64.076479,46.036228],[-64.078417,46.03621],[-64.078409,46.03576],[-64.079701,46.035747],[-64.079692,46.035298],[-64.080338,46.035291],[-64.080329,46.034841],[-64.081621,46.034829],[-64.081613,46.034379],[-64.082905,46.034367],[-64.082896,46.033917],[-64.084834,46.033899],[-64.084843,46.034349],[-64.085489,46.034343],[-64.08548,46.033893],[-64.086126,46.033886],[-64.086073,46.031187],[-64.086719,46.031181],[-64.08671,46.030731],[-64.088002,46.030719],[-64.087993,46.030269],[-64.089285,46.030256],[-64.089267,46.029356],[-64.089913,46.02935],[-64.089904,46.0289],[-64.09055,46.028894],[-64.090559,46.029344],[-64.091205,46.029338],[-64.091196,46.028888],[-64.09055,46.028894],[-64.090497,46.026195],[-64.089851,46.026201],[-64.089843,46.025751],[-64.089197,46.025757],[-64.089188,46.025307],[-64.088542,46.025313],[-64.088533,46.024863],[-64.087887,46.024869],[-64.08787,46.02397],[-64.089161,46.023957],[-64.089179,46.024857],[-64.092408,46.024826],[-64.092391,46.023926],[-64.093683,46.023914],[-64.093647,46.022114],[-64.094293,46.022108],[-64.094284,46.021658],[-64.09493,46.021652],[-64.094939,46.022102],[-64.095585,46.022096],[-64.095594,46.022546],[-64.096239,46.022539],[-64.096248,46.022989],[-64.096894,46.022983],[-64.096912,46.023883],[-64.097558,46.023877],[-64.097567,46.024327],[-64.098859,46.024314],[-64.098841,46.023415],[-64.098195,46.023421],[-64.098186,46.022971],[-64.09754,46.022977],[-64.097531,46.022527],[-64.096239,46.022539],[-64.096231,46.02209],[-64.095585,46.022096],[-64.095558,46.020746],[-64.094912,46.020752],[-64.094903,46.020302],[-64.094257,46.020308],[-64.094266,46.020758],[-64.09362,46.020764],[-64.093629,46.021214],[-64.092983,46.021221],[-64.093019,46.02302],[-64.092373,46.023027],[-64.092382,46.023476],[-64.091736,46.023483],[-64.091745,46.023933],[-64.090453,46.023945],[-64.090444,46.023495],[-64.089798,46.023501],[-64.08979,46.023051],[-64.088498,46.023063],[-64.088489,46.022614],[-64.086551,46.022632],[-64.086507,46.020382],[-64.087153,46.020376],[-64.087144,46.019926],[-64.08779,46.01992],[-64.087781,46.01947],[-64.085844,46.019489],[-64.085905,46.022638],[-64.08526,46.022644],[-64.085286,46.023994],[-64.08464,46.024],[-64.084649,46.02445],[-64.084003,46.024456],[-64.084012,46.024906],[-64.083366,46.024912],[-64.083375,46.025362],[-64.082729,46.025368],[-64.08272,46.024918],[-64.082074,46.024925],[-64.082083,46.025375],[-64.081437,46.025381],[-64.081428,46.024931],[-64.080782,46.024937],[-64.080765,46.024037],[-64.081411,46.024031],[-64.081402,46.023581],[-64.082048,46.023575],[-64.082039,46.023125],[-64.082685,46.023119],[-64.082676,46.022669],[-64.083322,46.022663],[-64.083304,46.021763],[-64.08395,46.021757],[-64.083941,46.021307],[-64.083296,46.021313],[-64.083278,46.020413],[-64.082632,46.020419],[-64.082641,46.020869],[-64.081349,46.020881],[-64.081332,46.019981],[-64.080686,46.019988],[-64.080695,46.020437],[-64.079403,46.02045],[-64.079394,46.02],[-64.078103,46.020012],[-64.078094,46.019562],[-64.076802,46.019574],[-64.076811,46.020024],[-64.07229,46.020067],[-64.072281,46.019617],[-64.07099,46.019629],[-64.070946,46.017379],[-64.072238,46.017367],[-64.072229,46.016917],[-64.073521,46.016905],[-64.073512,46.016455],[-64.074158,46.016449],[-64.074149,46.015999],[-64.074795,46.015993],[-64.074777,46.015093],[-64.074132,46.015099],[-64.074114,46.014199],[-64.07476,46.014193],[-64.074743,46.013293],[-64.075388,46.013287],[-64.07538,46.012837],[-64.074734,46.012843],[-64.074708,46.011494],[-64.075353,46.011487],[-64.075336,46.010588],[-64.076627,46.010575],[-64.07661,46.009676],[-64.077256,46.009669],[-64.077221,46.00787],[-64.076575,46.007876],[-64.076566,46.007426],[-64.075921,46.007432],[-64.075894,46.006082],[-64.075249,46.006088],[-64.07524,46.005638],[-64.073949,46.00565],[-64.073975,46.007],[-64.074621,46.006994],[-64.074629,46.007444],[-64.073338,46.007456],[-64.073347,46.007906],[-64.072701,46.007912],[-64.072692,46.007462],[-64.071401,46.007474],[-64.071392,46.007024],[-64.070101,46.007037],[-64.070092,46.006587],[-64.068801,46.006599],[-64.068783,46.005699],[-64.067492,46.005711],[-64.067501,46.006161],[-64.066855,46.006167],[-64.066864,46.006617],[-64.062344,46.006659],[-64.062335,46.006209],[-64.061689,46.006215],[-64.061672,46.005315],[-64.062318,46.005309],[-64.062309,46.004859],[-64.062955,46.004853],[-64.062946,46.004403],[-64.063592,46.004397],[-64.063583,46.003947],[-64.064229,46.003941],[-64.06422,46.003491],[-64.065512,46.003479],[-64.065494,46.002579],[-64.06614,46.002573],[-64.066105,46.000774],[-64.06546,46.00078],[-64.065451,46.00033],[-64.066097,46.000324],[-64.066088,45.999874],[-64.067379,45.999862],[-64.067362,45.998962],[-64.066716,45.998968],[-64.066725,45.999418],[-64.065434,45.99943],[-64.065443,45.99988],[-64.064797,45.999886],[-64.064806,46.000336],[-64.06416,46.000342],[-64.064169,46.000792],[-64.063523,46.000798],[-64.063532,46.001248],[-64.062886,46.001254],[-64.062877,46.000804],[-64.058358,46.000846],[-64.058349,46.000396],[-64.057058,46.000408],[-64.05705,45.999958],[-64.055758,45.99997],[-64.05575,45.99952],[-64.055104,45.999526],[-64.055096,45.999076],[-64.05445,45.999082],[-64.054441,45.998632],[-64.055087,45.998626],[-64.055079,45.998176],[-64.055724,45.99817],[-64.05569,45.99637],[-64.056335,45.996364],[-64.056318,45.995464],[-64.054382,45.995482],[-64.054373,45.995032],[-64.052436,45.99505],[-64.052428,45.9946],[-64.050491,45.994618],[-64.050483,45.994168],[-64.048546,45.994186],[-64.048555,45.994636],[-64.047263,45.994648],[-64.047272,45.995098],[-64.046626,45.995103],[-64.046618,45.994654],[-64.045972,45.994659],[-64.045981,45.995109],[-64.045335,45.995115],[-64.045327,45.994665],[-64.044036,45.994677],[-64.044044,45.995127],[-64.042753,45.995139],[-64.042745,45.994689],[-64.042099,45.994695],[-64.042082,45.993795],[-64.041437,45.993801],[-64.041428,45.993351],[-64.042074,45.993345],[-64.042065,45.992895],[-64.043356,45.992883],[-64.043348,45.992433],[-64.043993,45.992427],[-64.043985,45.991977],[-64.045276,45.991966],[-64.045251,45.990616],[-64.044605,45.990622],[-64.044571,45.988822],[-64.043926,45.988828],[-64.043909,45.987928],[-64.0452,45.987916],[-64.045191,45.987466],[-64.046482,45.987454],[-64.046474,45.987004],[-64.047765,45.986993],[-64.047739,45.985643],[-64.048385,45.985637],[-64.048376,45.985187],[-64.047731,45.985193],[-64.047714,45.984293],[-64.047068,45.984299],[-64.04706,45.983849],[-64.046414,45.983855],[-64.046406,45.983405],[-64.04447,45.983423],[-64.044478,45.983873],[-64.043187,45.983884],[-64.043179,45.983434],[-64.041888,45.983446],[-64.041896,45.983896],[-64.042542,45.98389],[-64.04255,45.98434],[-64.044487,45.984323],[-64.044495,45.984772],[-64.045786,45.984761],[-64.045794,45.985211],[-64.047085,45.985199],[-64.047102,45.986099],[-64.043875,45.986128],[-64.043892,45.987028],[-64.043246,45.987034],[-64.043289,45.989284],[-64.043934,45.989278],[-64.04396,45.990628],[-64.043314,45.990634],[-64.043331,45.991533],[-64.042685,45.991539],[-64.042694,45.991989],[-64.040757,45.992007],[-64.040766,45.992457],[-64.039475,45.992469],[-64.039492,45.993368],[-64.038846,45.993374],[-64.038854,45.993824],[-64.038209,45.99383],[-64.038251,45.99608],[-64.038897,45.996074],[-64.038922,45.997424],[-64.038276,45.99743],[-64.038301,45.99878],[-64.037656,45.998785],[-64.037664,45.999235],[-64.037019,45.999241],[-64.037027,45.999691],[-64.035736,45.999703],[-64.035744,46.000153],[-64.035099,46.000159],[-64.035107,46.000609],[-64.034461,46.000614],[-64.03447,46.001064],[-64.033178,46.001076],[-64.033187,46.001526],[-64.032541,46.001532],[-64.03255,46.001982],[-64.029967,46.002005],[-64.029975,46.002455],[-64.02933,46.002461],[-64.029338,46.002911],[-64.028692,46.002917],[-64.028701,46.003367],[-64.028055,46.003372],[-64.028063,46.003822],[-64.026772,46.003834],[-64.026789,46.004734],[-64.026143,46.00474],[-64.02616,46.00564],[-64.024223,46.005657],[-64.024198,46.004307],[-64.023552,46.004313],[-64.02356,46.004763],[-64.022915,46.004769],[-64.022906,46.004319],[-64.022261,46.004324],[-64.022228,46.002525],[-64.021582,46.00253],[-64.021574,46.00208],[-64.020928,46.002086],[-64.02092,46.001636],[-64.020274,46.001642],[-64.020266,46.001192],[-64.018974,46.001204],[-64.018983,46.001654],[-64.018337,46.001659],[-64.018329,46.001209],[-64.017683,46.001215],[-64.017691,46.001665],[-64.017046,46.001671],[-64.017038,46.001221],[-64.016392,46.001227],[-64.016384,46.000777],[-64.015738,46.000782],[-64.01573,46.000332],[-64.013793,46.00035],[-64.013785,45.9999],[-64.011848,45.999917],[-64.01184,45.999467],[-64.011194,45.999473],[-64.011186,45.999023],[-64.01054,45.999028],[-64.010532,45.998578],[-64.009241,45.99859],[-64.009233,45.99814],[-64.008587,45.998146],[-64.008595,45.998596],[-64.00795,45.998601],[-64.007941,45.998151],[-64.00665,45.998163],[-64.006634,45.997263],[-64.00728,45.997257],[-64.007263,45.996357],[-64.006618,45.996363],[-64.006609,45.995913],[-64.005318,45.995924],[-64.00531,45.995474],[-64.004665,45.99548],[-64.004656,45.99503],[-64.004011,45.995036],[-64.004003,45.994586],[-64.000129,45.99462],[-64.000137,45.99507],[-63.99691,45.995098],[-63.996902,45.994648],[-63.99561,45.994659],[-63.995618,45.995109],[-63.994973,45.995115],[-63.994981,45.995565],[-63.99369,45.995576],[-63.993698,45.996026],[-63.993052,45.996032],[-63.99306,45.996482],[-63.992415,45.996487],[-63.992423,45.996937],[-63.991777,45.996943],[-63.991785,45.997393],[-63.989203,45.997415],[-63.989195,45.996965],[-63.987904,45.996976],[-63.987912,45.997426],[-63.984684,45.997454],[-63.984676,45.997004],[-63.98403,45.99701],[-63.984038,45.99746],[-63.983392,45.997465],[-63.9834,45.997915],[-63.982755,45.997921],[-63.982747,45.997471],[-63.979519,45.997498],[-63.979527,45.997948],[-63.978881,45.997954],[-63.978873,45.997504],[-63.977582,45.997515],[-63.977574,45.997065],[-63.976928,45.997071],[-63.976936,45.997521],[-63.976291,45.997526],[-63.976283,45.997076],[-63.975637,45.997082],[-63.975645,45.997532],[-63.973708,45.997548],[-63.973716,45.997998],[-63.971134,45.99802],[-63.971126,45.99757],[-63.97048,45.997576],[-63.970473,45.997126],[-63.969827,45.997131],[-63.969819,45.996681],[-63.969173,45.996687],[-63.969166,45.996237],[-63.96852,45.996242],[-63.968512,45.995792],[-63.967867,45.995798],[-63.967859,45.995348],[-63.967213,45.995353],[-63.967205,45.994903],[-63.96656,45.994909],[-63.966552,45.994459],[-63.965906,45.994464],[-63.965899,45.994014],[-63.965253,45.99402],[-63.965245,45.99357],[-63.9646,45.993575],[-63.964592,45.993125],[-63.963946,45.993131],[-63.963938,45.992681],[-63.963293,45.992686],[-63.963285,45.992236],[-63.961994,45.992247],[-63.961986,45.991797],[-63.961341,45.991803],[-63.961333,45.991353],[-63.960687,45.991358],[-63.960679,45.990908],[-63.960034,45.990913],[-63.960026,45.990464],[-63.95809,45.99048],[-63.958082,45.99003],[-63.956145,45.990046],[-63.956153,45.990496],[-63.955508,45.990501],[-63.955515,45.990951],[-63.954224,45.990962],[-63.954232,45.991412],[-63.952941,45.991423],[-63.952949,45.991873],[-63.952303,45.991878],[-63.952311,45.992328],[-63.948437,45.99236],[-63.949546,46.057154],[-63.952131,46.057132],[-63.952139,46.057582],[-63.952785,46.057577],[-63.952778,46.057127],[-63.956009,46.0571],[-63.956001,46.05665],[-63.95794,46.056634],[-63.957933,46.056184],[-63.959225,46.056173],[-63.959217,46.055723],[-63.959864,46.055717],[-63.959856,46.055267],[-63.962441,46.055246],[-63.962433,46.054796],[-63.974066,46.054697],[-63.974074,46.055147],[-63.981829,46.055081],[-63.981821,46.054631],[-63.986345,46.054592],[-63.986337,46.054142],[-63.988276,46.054125],[-63.988268,46.053675],[-63.991499,46.053647],[-63.991491,46.053197],[-63.994722,46.053169],[-63.994714,46.052719],[-63.99536,46.052714],[-63.995369,46.053164],[-63.996661,46.053152],[-63.996669,46.053602],[-63.998608,46.053585],[-63.998616,46.054035],[-64.001201,46.054013],[-64.001193,46.053563],[-64.001839,46.053557],[-64.001847,46.054007],[-64.005725,46.053973],[-64.005733,46.054423],[-64.008318,46.0544],[-64.008326,46.05485],[-64.008972,46.054844],[-64.008981,46.055294],[-64.010919,46.055277],[-64.010928,46.055727],[-64.01222,46.055716],[-64.012228,46.056166],[-64.01546,46.056137],[-64.015452,46.055687],[-64.016744,46.055676],[-64.016736,46.055226],[-64.017382,46.05522],[-64.017366,46.05432],[-64.018012,46.054314],[-64.018004,46.053864],[-64.020589,46.053841],[-64.02058,46.053391],[-64.021873,46.05338],[-64.021864,46.05293],[-64.022511,46.052924],[-64.022502,46.052474],[-64.023149,46.052468],[-64.02314,46.052018],[-64.023787,46.052013],[-64.023778,46.051563],[-64.027009,46.051534],[-64.027001,46.051084],[-64.02894,46.051066],[-64.028931,46.050616],[-64.030224,46.050605],[-64.030215,46.050155],[-64.031508,46.050143],[-64.031499,46.049693],[-64.032792,46.049681],[-64.032783,46.049232],[-64.03343,46.049226],[-64.033421,46.048776],[-64.034714,46.048764],[-64.034705,46.048314],[-64.035998,46.048302],[-64.035989,46.047852],[-64.037282,46.047841],[-64.03729,46.048291],[-64.037936,46.048285],[-64.037928,46.047835],[-64.039866,46.047817],[-64.039849,46.046917],[-64.042434,46.046894],[-64.042426,46.046444],[-64.043072,46.046438],[-64.043063,46.045988],[-64.043709,46.045982],[-64.043718,46.046432],[-64.045656,46.046414],[-64.045665,46.046864],[-64.045019,46.04687],[-64.045027,46.04732],[-64.044381,46.047326],[-64.044389,46.047776],[-64.045036,46.04777],[-64.045078,46.05002],[-64.04637,46.050008],[-64.046362,46.049558],[-64.047008,46.049552],[-64.046983,46.048202],[-64.048921,46.048185],[-64.048947,46.049534],[-64.049593,46.049528],[-64.04961,46.050428],[-64.050902,46.050416],[-64.050894,46.049966],[-64.052832,46.049949],[-64.052841,46.050399],[-64.053487,46.050393],[-64.053504,46.051292],[-64.054151,46.051287],[-64.054176,46.052636],[-64.05353,46.052642],[-64.053556,46.053992],[-64.054202,46.053986],[-64.054228,46.055336],[-64.053581,46.055342],[-64.05359,46.055792],[-64.052944,46.055798],[-64.052952,46.056248],[-64.052306,46.056254],[-64.05234,46.058053],[-64.051694,46.058059],[-64.051702,46.058509],[-64.051056,46.058515],[-64.051065,46.058965],[-64.050418,46.058971],[-64.050435,46.059871],[-64.051082,46.059865]],[[-64.000498,46.050869],[-63.999852,46.050874],[-63.999844,46.050425],[-63.999197,46.05043],[-63.999189,46.04998],[-63.998543,46.049986],[-63.998527,46.049086],[-63.999173,46.04908],[-63.999181,46.04953],[-63.999827,46.049525],[-63.999835,46.049975],[-64.000482,46.049969],[-64.000498,46.050869]],[[-64.050851,46.047717],[-64.050205,46.047723],[-64.050196,46.047273],[-64.048904,46.047285],[-64.048896,46.046835],[-64.047603,46.046847],[-64.047586,46.045947],[-64.048879,46.045935],[-64.048887,46.046385],[-64.050179,46.046373],[-64.050188,46.046823],[-64.050834,46.046817],[-64.050851,46.047717]],[[-64.046302,46.046408],[-64.045656,46.046414],[-64.045648,46.045964],[-64.046294,46.045959],[-64.046302,46.046408]]]},"properties":{"feature_id":"fiona-0030","category":"persistent_low_backscatter","area_ha":6143.75,"center_lon":-64.023648,"center_lat":46.021638,"threshold_db":-20.273,"polarization":"VH","interpretation":"candidate only; requires validation"}},{"type":"Feature","id":"fiona-0031","geometry":{"type":"Polygon","coordinates":[[[-64.318777,45.981486],[-64.318756,45.980586],[-64.319401,45.980579],[-64.31939,45.980129],[-64.3181,45.980144],[-64.318132,45.981494],[-64.318777,45.981486]]]},"properties":{"feature_id":"fiona-0031","category":"new_low_backscatter_after_fiona","area_ha":1.0,"center_lon":-64.31875,"center_lat":45.980812,"threshold_db":-20.273,"polarization":"VH","interpretation":"candidate only; requires validation"}},{"type":"Feature","id":"fiona-0032","geometry":{"type":"Polygon","coordinates":[[[-64.374909,45.980375],[-64.374887,45.979475],[-64.375532,45.979467],[-64.375543,45.979917],[-64.376189,45.979909],[-64.376178,45.979459],[-64.375532,45.979467],[-64.375521,45.979017],[-64.374231,45.979033],[-64.374264,45.980382],[-64.374909,45.980375]]]},"properties":{"feature_id":"fiona-0032","category":"new_low_backscatter_after_fiona","area_ha":1.25,"center_lon":-64.37521,"center_lat":45.979699,"threshold_db":-20.273,"polarization":"VH","interpretation":"candidate only; requires validation"}},{"type":"Feature","id":"fiona-0033","geometry":{"type":"Polygon","coordinates":[[[-64.047026,45.982049],[-64.047017,45.981599],[-64.046372,45.981605],[-64.046364,45.981155],[-64.043137,45.981185],[-64.043145,45.981635],[-64.0425,45.981641],[-64.042508,45.98209],[-64.047026,45.982049]]]},"properties":{"feature_id":"fiona-0033","category":"persistent_low_backscatter","area_ha":3.0,"center_lon":-64.044763,"center_lat":45.981623,"threshold_db":-20.273,"polarization":"VH","interpretation":"candidate only; requires validation"}},{"type":"Feature","id":"fiona-0034","geometry":{"type":"Polygon","coordinates":[[[-64.380005,45.977613],[-64.379993,45.977163],[-64.377412,45.977194],[-64.377424,45.977644],[-64.380005,45.977613]]]},"properties":{"feature_id":"fiona-0034","category":"new_low_backscatter_after_fiona","area_ha":1.0,"center_lon":-64.378709,"center_lat":45.977403,"threshold_db":-20.273,"polarization":"VH","interpretation":"candidate only; requires validation"}},{"type":"Feature","id":"fiona-0035","geometry":{"type":"Polygon","coordinates":[[[-64.375499,45.978117],[-64.375465,45.976768],[-64.374175,45.976783],[-64.374186,45.977233],[-64.374831,45.977225],[-64.374842,45.977675],[-64.374197,45.977683],[-64.374208,45.978133],[-64.375499,45.978117]]]},"properties":{"feature_id":"fiona-0035","category":"new_low_backscatter_after_fiona","area_ha":1.25,"center_lon":-64.374837,"center_lat":45.977451,"threshold_db":-20.273,"polarization":"VH","interpretation":"candidate only; requires validation"}},{"type":"Feature","id":"fiona-0036","geometry":{"type":"Polygon","coordinates":[[[-64.373563,45.978141],[-64.37353,45.976791],[-64.372884,45.976799],[-64.372895,45.977249],[-64.37225,45.977256],[-64.372272,45.978156],[-64.373563,45.978141]]]},"properties":{"feature_id":"fiona-0036","category":"new_low_backscatter_after_fiona","area_ha":1.25,"center_lon":-64.372906,"center_lat":45.977474,"threshold_db":-20.273,"polarization":"VH","interpretation":"candidate only; requires validation"}},{"type":"Feature","id":"fiona-0037","geometry":{"type":"Polygon","coordinates":[[[-64.145079,45.978859],[-64.14507,45.978409],[-64.145715,45.978402],[-64.145706,45.977952],[-64.143125,45.977978],[-64.143143,45.978878],[-64.145079,45.978859]]]},"properties":{"feature_id":"fiona-0037","category":"persistent_low_backscatter","area_ha":1.75,"center_lon":-64.14442,"center_lat":45.978415,"threshold_db":-20.273,"polarization":"VH","interpretation":"candidate only; requires validation"}},{"type":"Feature","id":"fiona-0038","geometry":{"type":"Polygon","coordinates":[[[-64.343793,45.974894],[-64.343782,45.974445],[-64.344427,45.974437],[-64.344416,45.973987],[-64.345706,45.973972],[-64.345685,45.973072],[-64.345039,45.97308],[-64.345029,45.97263],[-64.343738,45.972645],[-64.343727,45.972195],[-64.341146,45.972225],[-64.341125,45.971326],[-64.340479,45.971333],[-64.34049,45.971783],[-64.339845,45.971791],[-64.339878,45.97314],[-64.338587,45.973155],[-64.338565,45.972256],[-64.337275,45.972271],[-64.337264,45.971821],[-64.335328,45.971843],[-64.335318,45.971394],[-64.333382,45.971416],[-64.333404,45.972316],[-64.332758,45.972324],[-64.33278,45.973223],[-64.332135,45.973231],[-64.332145,45.973681],[-64.3315,45.973688],[-64.331511,45.974138],[-64.330866,45.974146],[-64.330877,45.974596],[-64.332167,45.974581],[-64.332156,45.974131],[-64.336673,45.974078],[-64.336662,45.973628],[-64.339243,45.973598],[-64.339254,45.974048],[-64.339899,45.97404],[-64.33991,45.97449],[-64.341846,45.974467],[-64.341857,45.974917],[-64.343793,45.974894]],[[-64.343749,45.973095],[-64.343104,45.973102],[-64.343093,45.972653],[-64.343738,45.972645],[-64.343749,45.973095]]]},"properties":{"feature_id":"fiona-0038","category":"persistent_low_backscatter","area_ha":23.5,"center_lon":-64.338286,"center_lat":45.973121,"threshold_db":-20.273,"polarization":"VH","interpretation":"candidate only; requires validation"}},{"type":"Feature","id":"fiona-0039","geometry":{"type":"Polygon","coordinates":[[[-64.339878,45.97314],[-64.339845,45.971791],[-64.34049,45.971783],[-64.340469,45.970883],[-64.339823,45.970891],[-64.339834,45.971341],[-64.337899,45.971363],[-64.33792,45.972263],[-64.338565,45.972256],[-64.338587,45.973155],[-64.339878,45.97314]]]},"properties":{"feature_id":"fiona-0039","category":"new_low_backscatter_after_fiona","area_ha":3.0,"center_lon":-64.339194,"center_lat":45.972019,"threshold_db":-20.273,"polarization":"VH","interpretation":"candidate only; requires validation"}},{"type":"Feature","id":"fiona-0040","geometry":{"type":"Polygon","coordinates":[[[-64.343749,45.973095],[-64.343738,45.972645],[-64.345029,45.97263],[-64.345018,45.97218],[-64.344372,45.972187],[-64.344351,45.971288],[-64.343705,45.971295],[-64.343695,45.970845],[-64.343049,45.970853],[-64.34306,45.971303],[-64.343705,45.971295],[-64.343738,45.972645],[-64.343093,45.972653],[-64.343104,45.973102],[-64.343749,45.973095]]]},"properties":{"feature_id":"fiona-0040","category":"new_low_backscatter_after_fiona","area_ha":1.5,"center_lon":-64.344039,"center_lat":45.971973,"threshold_db":-20.273,"polarization":"VH","interpretation":"candidate only; requires validation"}},{"type":"Feature","id":"fiona-0041","geometry":{"type":"Polygon","coordinates":[[[-63.984946,45.975851],[-63.984938,45.975401],[-63.985583,45.975395],[-63.985567,45.974495],[-63.983631,45.974512],[-63.983647,45.975412],[-63.984293,45.975406],[-63.984301,45.975856],[-63.984946,45.975851]]]},"properties":{"feature_id":"fiona-0041","category":"new_low_backscatter_after_fiona","area_ha":1.75,"center_lon":-63.984607,"center_lat":45.975175,"threshold_db":-20.273,"polarization":"VH","interpretation":"candidate only; requires validation"}},{"type":"Feature","id":"fiona-0042","geometry":{"type":"Polygon","coordinates":[[[-64.300465,45.971346],[-64.300444,45.970446],[-64.301089,45.970438],[-64.301079,45.969988],[-64.299143,45.970011],[-64.299154,45.97046],[-64.297863,45.970475],[-64.297884,45.971375],[-64.300465,45.971346]]]},"properties":{"feature_id":"fiona-0042","category":"persistent_low_backscatter","area_ha":2.75,"center_lon":-64.299476,"center_lat":45.970681,"threshold_db":-20.273,"polarization":"VH","interpretation":"candidate only; requires validation"}},{"type":"Feature","id":"fiona-0043","geometry":{"type":"Polygon","coordinates":[[[-64.286967,45.973748],[-64.286936,45.972399],[-64.287581,45.972391],[-64.287571,45.971942],[-64.286926,45.971949],[-64.286936,45.972399],[-64.285646,45.972413],[-64.285656,45.972863],[-64.284365,45.972878],[-64.284345,45.971978],[-64.285635,45.971963],[-64.285614,45.971064],[-64.28626,45.971056],[-64.286228,45.969707],[-64.285583,45.969714],[-64.285614,45.971064],[-64.284969,45.971071],[-64.28498,45.971521],[-64.283689,45.971535],[-64.28371,45.972435],[-64.283065,45.972442],[-64.283044,45.971542],[-64.282399,45.97155],[-64.28243,45.972899],[-64.284365,45.972878],[-64.284376,45.973328],[-64.285666,45.973313],[-64.285656,45.972863],[-64.286301,45.972856],[-64.286322,45.973756],[-64.286967,45.973748]]]},"properties":{"feature_id":"fiona-0043","category":"new_low_backscatter_after_fiona","area_ha":5.0,"center_lon":-64.28499,"center_lat":45.971732,"threshold_db":-20.273,"polarization":"VH","interpretation":"candidate only; requires validation"}},{"type":"Feature","id":"fiona-0044","geometry":{"type":"Polygon","coordinates":[[[-64.257245,45.972279],[-64.257224,45.971379],[-64.257869,45.971372],[-64.25788,45.971822],[-64.258525,45.971815],[-64.258515,45.971365],[-64.25916,45.971358],[-64.25915,45.970908],[-64.258504,45.970915],[-64.258474,45.969566],[-64.257829,45.969573],[-64.257849,45.970473],[-64.257204,45.97048],[-64.257214,45.97093],[-64.256569,45.970937],[-64.256599,45.972286],[-64.257245,45.972279]]]},"properties":{"feature_id":"fiona-0044","category":"new_low_backscatter_after_fiona","area_ha":2.75,"center_lon":-64.257864,"center_lat":45.970926,"threshold_db":-20.273,"polarization":"VH","interpretation":"candidate only; requires validation"}},{"type":"Feature","id":"fiona-0045","geometry":{"type":"Polygon","coordinates":[[[-64.144286,45.971666],[-64.144276,45.971216],[-64.144922,45.97121],[-64.144912,45.97076],[-64.142977,45.970779],[-64.142986,45.971229],[-64.142341,45.971236],[-64.14235,45.971686],[-64.144286,45.971666]]]},"properties":{"feature_id":"fiona-0045","category":"persistent_low_backscatter","area_ha":1.5,"center_lon":-64.143631,"center_lat":45.971223,"threshold_db":-20.273,"polarization":"VH","interpretation":"candidate only; requires validation"}},{"type":"Feature","id":"fiona-0046","geometry":{"type":"Polygon","coordinates":[[[-64.297874,45.970925],[-64.297863,45.970475],[-64.299154,45.97046],[-64.299143,45.970011],[-64.300433,45.969996],[-64.300423,45.969546],[-64.299778,45.969553],[-64.299746,45.968204],[-64.299101,45.968211],[-64.299122,45.969111],[-64.298477,45.969118],[-64.298487,45.969568],[-64.297842,45.969575],[-64.297863,45.970475],[-64.297218,45.970482],[-64.297228,45.970932],[-64.297874,45.970925]]]},"properties":{"feature_id":"fiona-0046","category":"low_backscatter_no_longer_present","area_ha":2.75,"center_lon":-64.298825,"center_lat":45.969568,"threshold_db":-20.273,"polarization":"VH","interpretation":"candidate only; requires validation"}},{"type":"Feature","id":"fiona-0047","geometry":{"type":"Polygon","coordinates":[[[-64.26042,45.969994],[-64.260389,45.968644],[-64.259744,45.968652],[-64.259764,45.969551],[-64.259119,45.969559],[-64.259129,45.970008],[-64.26042,45.969994]]]},"properties":{"feature_id":"fiona-0047","category":"new_low_backscatter_after_fiona","area_ha":1.0,"center_lon":-64.25977,"center_lat":45.969326,"threshold_db":-20.273,"polarization":"VH","interpretation":"candidate only; requires validation"}},{"type":"Feature","id":"fiona-0048","geometry":{"type":"Polygon","coordinates":[[[-64.264926,45.969494],[-64.264906,45.968595],[-64.263615,45.968609],[-64.263636,45.969509],[-64.264926,45.969494]]]},"properties":{"feature_id":"fiona-0048","category":"new_low_backscatter_after_fiona","area_ha":1.0,"center_lon":-64.264271,"center_lat":45.969052,"threshold_db":-20.273,"polarization":"VH","interpretation":"candidate only; requires validation"}},{"type":"Feature","id":"fiona-0049","geometry":{"type":"Polygon","coordinates":[[[-64.303014,45.969966],[-64.303004,45.969517],[-64.303649,45.969509],[-64.303638,45.969059],[-64.304284,45.969052],[-64.304273,45.968602],[-64.304918,45.968595],[-64.304897,45.967695],[-64.304252,45.967702],[-64.304273,45.968602],[-64.303628,45.968609],[-64.303607,45.96771],[-64.302962,45.967717],[-64.302972,45.968167],[-64.301682,45.968182],[-64.301703,45.969081],[-64.301058,45.969089],[-64.301068,45.969539],[-64.300423,45.969546],[-64.300433,45.969996],[-64.303014,45.969966]]]},"properties":{"feature_id":"fiona-0049","category":"new_low_backscatter_after_fiona","area_ha":4.5,"center_lon":-64.302671,"center_lat":45.968846,"threshold_db":-20.273,"polarization":"VH","interpretation":"candidate only; requires validation"}},{"type":"Feature","id":"fiona-0050","geometry":{"type":"Polygon","coordinates":[[[-64.39848,45.967938],[-64.398457,45.967038],[-64.399102,45.96703],[-64.399114,45.96748],[-64.399759,45.967472],[-64.399736,45.966572],[-64.397801,45.966596],[-64.397812,45.967046],[-64.397167,45.967054],[-64.397178,45.967504],[-64.397823,45.967496],[-64.397835,45.967946],[-64.39848,45.967938]]]},"properties":{"feature_id":"fiona-0050","category":"new_low_backscatter_after_fiona","area_ha":1.75,"center_lon":-64.398463,"center_lat":45.967259,"threshold_db":-20.273,"polarization":"VH","interpretation":"candidate only; requires validation"}},{"type":"Feature","id":"fiona-0051","geometry":{"type":"Polygon","coordinates":[[[-64.223612,45.969044],[-64.223602,45.968594],[-64.224247,45.968587],[-64.224237,45.968137],[-64.223592,45.968144],[-64.223582,45.967694],[-64.222937,45.967701],[-64.222967,45.969051],[-64.223612,45.969044]]]},"properties":{"feature_id":"fiona-0051","category":"new_low_backscatter_after_fiona","area_ha":1.0,"center_lon":-64.223592,"center_lat":45.968373,"threshold_db":-20.273,"polarization":"VH","interpretation":"candidate only; requires validation"}},{"type":"Feature","id":"fiona-0052","geometry":{"type":"Polygon","coordinates":[[[-64.339726,45.966842],[-64.339715,45.966392],[-64.34036,45.966384],[-64.340327,45.965035],[-64.339682,45.965042],[-64.339704,45.965942],[-64.339059,45.96595],[-64.339081,45.966849],[-64.339726,45.966842]]]},"properties":{"feature_id":"fiona-0052","category":"new_low_backscatter_after_fiona","area_ha":1.25,"center_lon":-64.339709,"center_lat":45.965942,"threshold_db":-20.273,"polarization":"VH","interpretation":"candidate only; requires validation"}},{"type":"Feature","id":"fiona-0053","geometry":{"type":"Polygon","coordinates":[[[-64.031947,45.969586],[-64.031939,45.969136],[-64.031294,45.969142],[-64.031277,45.968242],[-64.029987,45.968253],[-64.029995,45.968703],[-64.03064,45.968697],[-64.030657,45.969597],[-64.031947,45.969586]]]},"properties":{"feature_id":"fiona-0053","category":"persistent_low_backscatter","area_ha":1.25,"center_lon":-64.030967,"center_lat":45.968919,"threshold_db":-20.273,"polarization":"VH","interpretation":"candidate only; requires validation"}},{"type":"Feature","id":"fiona-0054","geometry":{"type":"Polygon","coordinates":[[[-64.267414,45.965417],[-64.267394,45.964517],[-64.266749,45.964524],[-64.266759,45.964974],[-64.265469,45.964988],[-64.265479,45.965438],[-64.267414,45.965417]]]},"properties":{"feature_id":"fiona-0054","category":"low_backscatter_no_longer_present","area_ha":1.0,"center_lon":-64.266441,"center_lat":45.964978,"threshold_db":-20.273,"polarization":"VH","interpretation":"candidate only; requires validation"}},{"type":"Feature","id":"fiona-0055","geometry":{"type":"Polygon","coordinates":[[[-64.222302,45.968158],[-64.222292,45.967708],[-64.221647,45.967715],[-64.221587,45.965016],[-64.222233,45.965009],[-64.222223,45.964559],[-64.221577,45.964566],[-64.221587,45.965016],[-64.220942,45.965023],[-64.221002,45.967722],[-64.221647,45.967715],[-64.221657,45.968165],[-64.222302,45.968158]]]},"properties":{"feature_id":"fiona-0055","category":"new_low_backscatter_after_fiona","area_ha":2.0,"center_lon":-64.221622,"center_lat":45.966362,"threshold_db":-20.273,"polarization":"VH","interpretation":"candidate only; requires validation"}},{"type":"Feature","id":"fiona-0056","geometry":{"type":"Polygon","coordinates":[[[-64.399691,45.964773],[-64.399679,45.964323],[-64.399034,45.964331],[-64.399012,45.963431],[-64.399657,45.963423],[-64.399645,45.962973],[-64.398355,45.962989],[-64.398344,45.962539],[-64.397054,45.962555],[-64.397076,45.963455],[-64.397721,45.963447],[-64.39771,45.962997],[-64.398355,45.962989],[-64.398378,45.963889],[-64.397733,45.963897],[-64.397744,45.964347],[-64.398389,45.964339],[-64.3984,45.964789],[-64.399691,45.964773]]]},"properties":{"feature_id":"fiona-0056","category":"new_low_backscatter_after_fiona","area_ha":2.5,"center_lon":-64.398372,"center_lat":45.963664,"threshold_db":-20.273,"polarization":"VH","interpretation":"candidate only; requires validation"}},{"type":"Feature","id":"fiona-0057","geometry":{"type":"Polygon","coordinates":[[[-64.284168,45.964329],[-64.284158,45.96388],[-64.283512,45.963887],[-64.283502,45.963437],[-64.281567,45.963459],[-64.281587,45.964358],[-64.282878,45.964344],[-64.282867,45.963894],[-64.283512,45.963887],[-64.283523,45.964337],[-64.284168,45.964329]]]},"properties":{"feature_id":"fiona-0057","category":"new_low_backscatter_after_fiona","area_ha":1.5,"center_lon":-64.282867,"center_lat":45.963898,"threshold_db":-20.273,"polarization":"VH","interpretation":"candidate only; requires validation"}},{"type":"Feature","id":"fiona-0058","geometry":{"type":"Polygon","coordinates":[[[-64.346822,45.966758],[-64.346812,45.966308],[-64.346166,45.966316],[-64.346145,45.965416],[-64.34679,45.965409],[-64.346779,45.964959],[-64.346134,45.964966],[-64.346101,45.963617],[-64.346746,45.963609],[-64.346735,45.963159],[-64.34609,45.963167],[-64.346079,45.962717],[-64.345434,45.962724],[-64.345412,45.961825],[-64.344122,45.96184],[-64.344166,45.963639],[-64.344811,45.963632],[-64.344843,45.964982],[-64.346134,45.964966],[-64.346145,45.965416],[-64.345499,45.965424],[-64.345521,45.966324],[-64.344876,45.966331],[-64.344887,45.966781],[-64.346822,45.966758]]]},"properties":{"feature_id":"fiona-0058","category":"new_low_backscatter_after_fiona","area_ha":5.75,"center_lon":-64.345472,"center_lat":45.964303,"threshold_db":-20.273,"polarization":"VH","interpretation":"candidate only; requires validation"}},{"type":"Feature","id":"fiona-0059","geometry":{"type":"Polygon","coordinates":[[[-64.254521,45.966009],[-64.254491,45.964659],[-64.253846,45.964666],[-64.253836,45.964216],[-64.2519,45.964238],[-64.25189,45.963788],[-64.252535,45.963781],[-64.252515,45.962881],[-64.25187,45.962888],[-64.25189,45.963788],[-64.251245,45.963795],[-64.251235,45.963345],[-64.250589,45.963352],[-64.25061,45.964252],[-64.251255,45.964245],[-64.251265,45.964695],[-64.25191,45.964687],[-64.25192,45.965137],[-64.252565,45.96513],[-64.252555,45.96468],[-64.253201,45.964673],[-64.253211,45.965123],[-64.253856,45.965116],[-64.253876,45.966016],[-64.254521,45.966009]]]},"properties":{"feature_id":"fiona-0059","category":"new_low_backscatter_after_fiona","area_ha":3.5,"center_lon":-64.252555,"center_lat":45.964449,"threshold_db":-20.273,"polarization":"VH","interpretation":"candidate only; requires validation"}},{"type":"Feature","id":"fiona-0060","geometry":{"type":"Polygon","coordinates":[[[-64.29963,45.963255],[-64.29962,45.962805],[-64.298975,45.962812],[-64.298964,45.962362],[-64.298319,45.962369],[-64.298309,45.96192],[-64.297663,45.961927],[-64.297695,45.963277],[-64.29834,45.963269],[-64.29833,45.962819],[-64.298975,45.962812],[-64.298985,45.963262],[-64.29963,45.963255]]]},"properties":{"feature_id":"fiona-0060","category":"low_backscatter_no_longer_present","area_ha":1.25,"center_lon":-64.298646,"center_lat":45.962598,"threshold_db":-20.273,"polarization":"VH","interpretation":"candidate only; requires validation"}},{"type":"Feature","id":"fiona-0061","geometry":{"type":"Polygon","coordinates":[[[-64.224783,45.963631],[-64.224774,45.963181],[-64.225419,45.963175],[-64.225409,45.962725],[-64.226054,45.962718],[-64.226044,45.962268],[-64.224754,45.962282],[-64.224774,45.963181],[-64.224128,45.963188],[-64.224138,45.963638],[-64.224783,45.963631]]]},"properties":{"feature_id":"fiona-0061","category":"new_low_backscatter_after_fiona","area_ha":1.0,"center_lon":-64.225091,"center_lat":45.962953,"threshold_db":-20.273,"polarization":"VH","interpretation":"candidate only; requires validation"}},{"type":"Feature","id":"fiona-0062","geometry":{"type":"Polygon","coordinates":[[[-64.137685,45.964532],[-64.137676,45.964082],[-64.138321,45.964075],[-64.138312,45.963625],[-64.138957,45.963619],[-64.138939,45.962719],[-64.138294,45.962726],[-64.138312,45.963625],[-64.137022,45.963638],[-64.13704,45.964538],[-64.137685,45.964532]]]},"properties":{"feature_id":"fiona-0062","category":"new_low_backscatter_after_fiona","area_ha":1.25,"center_lon":-64.13799,"center_lat":45.963628,"threshold_db":-20.273,"polarization":"VH","interpretation":"candidate only; requires validation"}},{"type":"Feature","id":"fiona-0063","geometry":{"type":"Polygon","coordinates":[[[-64.2796,45.962131],[-64.27959,45.961681],[-64.280235,45.961673],[-64.280224,45.961224],[-64.278289,45.961245],[-64.278299,45.961695],[-64.278945,45.961688],[-64.278955,45.962138],[-64.2796,45.962131]]]},"properties":{"feature_id":"fiona-0063","category":"persistent_low_backscatter","area_ha":1.0,"center_lon":-64.279262,"center_lat":45.961681,"threshold_db":-20.273,"polarization":"VH","interpretation":"candidate only; requires validation"}},{"type":"Feature","id":"fiona-0064","geometry":{"type":"Polygon","coordinates":[[[-64.141557,45.964493],[-64.14152,45.962693],[-64.142165,45.962687],[-64.142156,45.962237],[-64.140865,45.96225],[-64.140874,45.9627],[-64.138939,45.962719],[-64.138957,45.963619],[-64.138312,45.963625],[-64.138321,45.964075],[-64.140257,45.964056],[-64.140266,45.964506],[-64.141557,45.964493]]]},"properties":{"feature_id":"fiona-0064","category":"persistent_low_backscatter","area_ha":4.25,"center_lon":-64.140239,"center_lat":45.963372,"threshold_db":-20.273,"polarization":"VH","interpretation":"candidate only; requires validation"}},{"type":"Feature","id":"fiona-0065","geometry":{"type":"Polygon","coordinates":[[[-64.23058,45.963119],[-64.23057,45.962669],[-64.231215,45.962662],[-64.231175,45.960863],[-64.23053,45.960869],[-64.23057,45.962669],[-64.229925,45.962676],[-64.229935,45.963126],[-64.23058,45.963119]]]},"properties":{"feature_id":"fiona-0065","category":"low_backscatter_no_longer_present","area_ha":1.25,"center_lon":-64.23057,"center_lat":45.961995,"threshold_db":-20.273,"polarization":"VH","interpretation":"candidate only; requires validation"}},{"type":"Feature","id":"fiona-0066","geometry":{"type":"Polygon","coordinates":[[[-64.319587,45.961226],[-64.319565,45.960326],[-64.31892,45.960333],[-64.318899,45.959434],[-64.318254,45.959441],[-64.318275,45.960341],[-64.31892,45.960333],[-64.318931,45.960783],[-64.318286,45.960791],[-64.318296,45.961241],[-64.319587,45.961226]]]},"properties":{"feature_id":"fiona-0066","category":"new_low_backscatter_after_fiona","area_ha":1.25,"center_lon":-64.31892,"center_lat":45.960338,"threshold_db":-20.273,"polarization":"VH","interpretation":"candidate only; requires validation"}},{"type":"Feature","id":"fiona-0067","geometry":{"type":"Polygon","coordinates":[[[-64.267936,45.960011],[-64.267916,45.959111],[-64.265336,45.959139],[-64.265356,45.960039],[-64.266001,45.960032],[-64.265991,45.959582],[-64.266636,45.959575],[-64.266646,45.960025],[-64.267936,45.960011]]]},"properties":{"feature_id":"fiona-0067","category":"new_low_backscatter_after_fiona","area_ha":1.75,"center_lon":-64.266636,"center_lat":45.959575,"threshold_db":-20.273,"polarization":"VH","interpretation":"candidate only; requires validation"}},{"type":"Feature","id":"fiona-0068","geometry":{"type":"Polygon","coordinates":[[[-64.222947,45.968151],[-64.222937,45.967701],[-64.223582,45.967694],[-64.223563,45.966795],[-64.224208,45.966788],[-64.224198,45.966338],[-64.223553,45.966345],[-64.223533,45.965445],[-64.224178,45.965438],[-64.224168,45.964988],[-64.226104,45.964967],[-64.226094,45.964517],[-64.226739,45.96451],[-64.226729,45.964061],[-64.227374,45.964054],[-64.227354,45.963154],[-64.229935,45.963126],[-64.229925,45.962676],[-64.23057,45.962669],[-64.23053,45.960869],[-64.231175,45.960863],[-64.231165,45.960413],[-64.233101,45.960392],[-64.233081,45.959492],[-64.232436,45.959499],[-64.232446,45.959949],[-64.231155,45.959963],[-64.231165,45.960413],[-64.228585,45.96044],[-64.228595,45.96089],[-64.22795,45.960897],[-64.22796,45.961347],[-64.227314,45.961354],[-64.227324,45.961804],[-64.226679,45.961811],[-64.226689,45.962261],[-64.226044,45.962268],[-64.226054,45.962718],[-64.225409,45.962725],[-64.225419,45.963175],[-64.224774,45.963181],[-64.224783,45.963631],[-64.223493,45.963645],[-64.223503,45.964095],[-64.222213,45.964109],[-64.222233,45.965009],[-64.221587,45.965016],[-64.221647,45.967715],[-64.222292,45.967708],[-64.222302,45.968158],[-64.222947,45.968151]]]},"properties":{"feature_id":"fiona-0068","category":"persistent_low_backscatter","area_ha":20.25,"center_lon":-64.227344,"center_lat":45.963825,"threshold_db":-20.273,"polarization":"VH","interpretation":"candidate only; requires validation"}},{"type":"Feature","id":"fiona-0069","geometry":{"type":"Polygon","coordinates":[[[-64.255004,45.958803],[-64.254984,45.957903],[-64.253693,45.957918],[-64.253714,45.958817],[-64.255004,45.958803]]]},"properties":{"feature_id":"fiona-0069","category":"new_low_backscatter_after_fiona","area_ha":1.0,"center_lon":-64.254348,"center_lat":45.95836,"threshold_db":-20.273,"polarization":"VH","interpretation":"candidate only; requires validation"}},{"type":"Feature","id":"fiona-0070","geometry":{"type":"Polygon","coordinates":[[[-64.241447,45.958501],[-64.241437,45.958051],[-64.242082,45.958044],[-64.242072,45.957594],[-64.242717,45.957587],[-64.242697,45.956688],[-64.242052,45.956695],[-64.242072,45.957594],[-64.241427,45.957601],[-64.241437,45.958051],[-64.240792,45.958058],[-64.240802,45.958508],[-64.241447,45.958501]]]},"properties":{"feature_id":"fiona-0070","category":"low_backscatter_no_longer_present","area_ha":1.0,"center_lon":-64.241754,"center_lat":45.957598,"threshold_db":-20.273,"polarization":"VH","interpretation":"candidate only; requires validation"}},{"type":"Feature","id":"fiona-0071","geometry":{"type":"Polygon","coordinates":[[[-64.152413,45.958984],[-64.152403,45.958534],[-64.153694,45.958521],[-64.153675,45.957621],[-64.152385,45.957634],[-64.152403,45.958534],[-64.151758,45.95854],[-64.151768,45.95899],[-64.152413,45.958984]]]},"properties":{"feature_id":"fiona-0071","category":"new_low_backscatter_after_fiona","area_ha":1.25,"center_lon":-64.152726,"center_lat":45.958306,"threshold_db":-20.273,"polarization":"VH","interpretation":"candidate only; requires validation"}},{"type":"Feature","id":"fiona-0072","geometry":{"type":"Polygon","coordinates":[[[-64.239552,45.960322],[-64.239542,45.959872],[-64.240187,45.959865],[-64.240167,45.958965],[-64.240812,45.958958],[-64.240792,45.958058],[-64.241437,45.958051],[-64.241427,45.957601],[-64.242072,45.957594],[-64.242052,45.956695],[-64.242697,45.956688],[-64.242667,45.955338],[-64.242022,45.955345],[-64.242042,45.956245],[-64.241397,45.956252],[-64.241407,45.956702],[-64.239471,45.956723],[-64.239482,45.957173],[-64.238191,45.957187],[-64.238181,45.956737],[-64.236246,45.956758],[-64.236256,45.957207],[-64.235611,45.957214],[-64.235621,45.957664],[-64.234976,45.957671],[-64.234986,45.958121],[-64.233696,45.958135],[-64.233706,45.958585],[-64.233061,45.958592],[-64.233071,45.959042],[-64.235006,45.959021],[-64.235016,45.959471],[-64.236306,45.959457],[-64.236316,45.959907],[-64.238897,45.959879],[-64.238907,45.960329],[-64.239552,45.960322]]]},"properties":{"feature_id":"fiona-0072","category":"persistent_low_backscatter","area_ha":17.25,"center_lon":-64.237879,"center_lat":45.957833,"threshold_db":-20.273,"polarization":"VH","interpretation":"candidate only; requires validation"}},{"type":"Feature","id":"fiona-0073","geometry":{"type":"Polygon","coordinates":[[[-64.247011,45.976442],[-64.247001,45.975992],[-64.247647,45.975985],[-64.247637,45.975535],[-64.248282,45.975528],[-64.248272,45.975078],[-64.248917,45.975071],[-64.248897,45.974171],[-64.249542,45.974164],[-64.249532,45.973714],[-64.250177,45.973707],[-64.250157,45.972807],[-64.250802,45.9728],[-64.250782,45.9719],[-64.252072,45.971886],[-64.252062,45.971436],[-64.253353,45.971422],[-64.253343,45.970972],[-64.253988,45.970965],[-64.253957,45.969615],[-64.254603,45.969608],[-64.254582,45.968708],[-64.255873,45.968694],[-64.255862,45.968244],[-64.257798,45.968223],[-64.257788,45.967773],[-64.258433,45.967766],[-64.258423,45.967316],[-64.259068,45.967309],[-64.259038,45.965959],[-64.262263,45.965924],[-64.262284,45.966823],[-64.262929,45.966816],[-64.262919,45.966366],[-64.263564,45.966359],[-64.263554,45.965909],[-64.264844,45.965895],[-64.264834,45.965445],[-64.265479,45.965438],[-64.265469,45.964988],[-64.266759,45.964974],[-64.266749,45.964524],[-64.267394,45.964517],[-64.267373,45.963617],[-64.266728,45.963624],[-64.266739,45.964074],[-64.266093,45.964081],[-64.266104,45.964531],[-64.263523,45.96456],[-64.263533,45.96501],[-64.260953,45.965038],[-64.260932,45.964138],[-64.260287,45.964145],[-64.260277,45.963695],[-64.259632,45.963703],[-64.259581,45.961453],[-64.258936,45.96146],[-64.258925,45.96101],[-64.257635,45.961024],[-64.257625,45.960574],[-64.25698,45.960582],[-64.25697,45.960132],[-64.256325,45.960139],[-64.256314,45.959689],[-64.255024,45.959703],[-64.255004,45.958803],[-64.253714,45.958817],[-64.253693,45.957918],[-64.254984,45.957903],[-64.254963,45.957004],[-64.254318,45.957011],[-64.254308,45.956561],[-64.253018,45.956575],[-64.253008,45.956125],[-64.251718,45.956139],[-64.251708,45.955689],[-64.251062,45.955696],[-64.251052,45.955246],[-64.249762,45.95526],[-64.249752,45.954811],[-64.247172,45.954839],[-64.247202,45.956188],[-64.246557,45.956196],[-64.246587,45.957545],[-64.249168,45.957517],[-64.249158,45.957067],[-64.249803,45.95706],[-64.249793,45.95661],[-64.251083,45.956596],[-64.251123,45.958396],[-64.250478,45.958403],[-64.250509,45.959753],[-64.249863,45.95976],[-64.249914,45.962009],[-64.250559,45.962002],[-64.250589,45.963352],[-64.251235,45.963345],[-64.251245,45.963795],[-64.25189,45.963788],[-64.2519,45.964238],[-64.253836,45.964216],[-64.253846,45.964666],[-64.254491,45.964659],[-64.254521,45.966009],[-64.253876,45.966016],[-64.253896,45.966916],[-64.253251,45.966923],[-64.253272,45.967823],[-64.252626,45.96783],[-64.252636,45.96828],[-64.251991,45.968287],[-64.252001,45.968737],[-64.251356,45.968744],[-64.251376,45.969644],[-64.250731,45.969651],[-64.250752,45.97055],[-64.249461,45.970565],[-64.249491,45.971914],[-64.248846,45.971921],[-64.248856,45.972371],[-64.248211,45.972378],[-64.248221,45.972828],[-64.247576,45.972835],[-64.247586,45.973285],[-64.246941,45.973292],[-64.246951,45.973742],[-64.246306,45.973749],[-64.246326,45.974649],[-64.245035,45.974663],[-64.245045,45.975113],[-64.243755,45.975127],[-64.243775,45.976027],[-64.24442,45.97602],[-64.24443,45.97647],[-64.247011,45.976442]],[[-64.252535,45.963781],[-64.25189,45.963788],[-64.25187,45.962888],[-64.252515,45.962881],[-64.252535,45.963781]]]},"properties":{"feature_id":"fiona-0073","category":"persistent_low_backscatter","area_ha":100.25,"center_lon":-64.255574,"center_lat":45.96564,"threshold_db":-20.273,"polarization":"VH","interpretation":"candidate only; requires validation"}},{"type":"Feature","id":"fiona-0074","geometry":{"type":"Polygon","coordinates":[[[-64.159443,45.955763],[-64.159406,45.953963],[-64.158761,45.953969],[-64.15877,45.954419],[-64.158125,45.954426],[-64.158134,45.954876],[-64.158779,45.954869],[-64.158798,45.955769],[-64.159443,45.955763]]]},"properties":{"feature_id":"fiona-0074","category":"new_low_backscatter_after_fiona","area_ha":1.25,"center_lon":-64.158784,"center_lat":45.954866,"threshold_db":-20.273,"polarization":"VH","interpretation":"candidate only; requires validation"}},{"type":"Feature","id":"fiona-0075","geometry":{"type":"Polygon","coordinates":[[[-64.272287,45.952762],[-64.272277,45.952312],[-64.271632,45.952319],[-64.271622,45.951869],[-64.270977,45.951876],[-64.270967,45.951426],[-64.270322,45.951434],[-64.270352,45.952783],[-64.272287,45.952762]]]},"properties":{"feature_id":"fiona-0075","category":"new_low_backscatter_after_fiona","area_ha":1.5,"center_lon":-64.271304,"center_lat":45.952104,"threshold_db":-20.273,"polarization":"VH","interpretation":"candidate only; requires validation"}},{"type":"Feature","id":"fiona-0076","geometry":{"type":"Polygon","coordinates":[[[-64.272932,45.952755],[-64.272912,45.951855],[-64.272267,45.951862],[-64.272246,45.950962],[-64.270956,45.950976],[-64.270977,45.951876],[-64.271622,45.951869],[-64.271632,45.952319],[-64.272277,45.952312],[-64.272287,45.952762],[-64.272932,45.952755]]]},"properties":{"feature_id":"fiona-0076","category":"persistent_low_backscatter","area_ha":1.75,"center_lon":-64.271944,"center_lat":45.951862,"threshold_db":-20.273,"polarization":"VH","interpretation":"candidate only; requires validation"}},{"type":"Feature","id":"fiona-0077","geometry":{"type":"Polygon","coordinates":[[[-64.136819,45.95374],[-64.136783,45.95194],[-64.136138,45.951946],[-64.136174,45.953746],[-64.136819,45.95374]]]},"properties":{"feature_id":"fiona-0077","category":"new_low_backscatter_after_fiona","area_ha":1.0,"center_lon":-64.136479,"center_lat":45.952843,"threshold_db":-20.273,"polarization":"VH","interpretation":"candidate only; requires validation"}},{"type":"Feature","id":"fiona-0078","geometry":{"type":"Polygon","coordinates":[[[-64.238071,45.951788],[-64.238061,45.951338],[-64.238706,45.951331],[-64.238696,45.950881],[-64.236116,45.950909],[-64.236136,45.951808],[-64.238071,45.951788]]]},"properties":{"feature_id":"fiona-0078","category":"new_low_backscatter_after_fiona","area_ha":1.75,"center_lon":-64.237411,"center_lat":45.951345,"threshold_db":-20.273,"polarization":"VH","interpretation":"candidate only; requires validation"}},{"type":"Feature","id":"fiona-0079","geometry":{"type":"Polygon","coordinates":[[[-64.243927,45.953974],[-64.243916,45.953524],[-64.244562,45.953517],[-64.244551,45.953067],[-64.245196,45.95306],[-64.245186,45.95261],[-64.246476,45.952596],[-64.246456,45.951696],[-64.247101,45.951689],[-64.247081,45.95079],[-64.246436,45.950797],[-64.246416,45.949897],[-64.245126,45.949911],[-64.245136,45.950361],[-64.244491,45.950368],[-64.244501,45.950818],[-64.243856,45.950825],[-64.243896,45.952624],[-64.243251,45.952631],[-64.243282,45.953981],[-64.243927,45.953974]]]},"properties":{"feature_id":"fiona-0079","category":"persistent_low_backscatter","area_ha":7.25,"center_lon":-64.245176,"center_lat":45.951939,"threshold_db":-20.273,"polarization":"VH","interpretation":"candidate only; requires validation"}},{"type":"Feature","id":"fiona-0080","geometry":{"type":"Polygon","coordinates":[[[-64.14327,45.953675],[-64.143261,45.953226],[-64.141971,45.953238],[-64.141961,45.952788],[-64.142606,45.952782],[-64.142588,45.951882],[-64.141943,45.951889],[-64.141924,45.950989],[-64.141279,45.950995],[-64.141289,45.951445],[-64.140644,45.951452],[-64.140653,45.951901],[-64.136783,45.95194],[-64.136773,45.95149],[-64.136128,45.951497],[-64.136138,45.951946],[-64.136783,45.95194],[-64.136819,45.95374],[-64.137464,45.953733],[-64.137455,45.953283],[-64.141971,45.953238],[-64.14198,45.953688],[-64.14327,45.953675]]]},"properties":{"feature_id":"fiona-0080","category":"persistent_low_backscatter","area_ha":8.25,"center_lon":-64.139699,"center_lat":45.952365,"threshold_db":-20.273,"polarization":"VH","interpretation":"candidate only; requires validation"}},{"type":"Feature","id":"fiona-0081","geometry":{"type":"Polygon","coordinates":[[[-64.2677,45.949663],[-64.267659,45.947863],[-64.268304,45.947856],[-64.268294,45.947406],[-64.267649,45.947413],[-64.267659,45.947863],[-64.267014,45.94787],[-64.267055,45.94967],[-64.2677,45.949663]]]},"properties":{"feature_id":"fiona-0081","category":"new_low_backscatter_after_fiona","area_ha":1.25,"center_lon":-64.267659,"center_lat":45.948538,"threshold_db":-20.273,"polarization":"VH","interpretation":"candidate only; requires validation"}},{"type":"Feature","id":"fiona-0082","geometry":{"type":"Polygon","coordinates":[[[-64.233506,45.949587],[-64.233496,45.949137],[-64.234141,45.94913],[-64.234131,45.94868],[-64.234776,45.948673],[-64.234766,45.948223],[-64.235411,45.948216],[-64.235401,45.947766],[-64.234756,45.947773],[-64.234766,45.948223],[-64.234121,45.94823],[-64.234131,45.94868],[-64.233486,45.948687],[-64.233496,45.949137],[-64.232206,45.949151],[-64.232216,45.949601],[-64.233506,45.949587]]]},"properties":{"feature_id":"fiona-0082","category":"new_low_backscatter_after_fiona","area_ha":1.25,"center_lon":-64.233809,"center_lat":45.948684,"threshold_db":-20.273,"polarization":"VH","interpretation":"candidate only; requires validation"}},{"type":"Feature","id":"fiona-0083","geometry":{"type":"Polygon","coordinates":[[[-64.158667,45.94947],[-64.158658,45.94902],[-64.158013,45.949027],[-64.158003,45.948577],[-64.157358,45.948583],[-64.157368,45.949033],[-64.156723,45.94904],[-64.156732,45.94949],[-64.158667,45.94947]]]},"properties":{"feature_id":"fiona-0083","category":"low_backscatter_no_longer_present","area_ha":1.0,"center_lon":-64.157695,"center_lat":45.949033,"threshold_db":-20.273,"polarization":"VH","interpretation":"candidate only; requires validation"}},{"type":"Feature","id":"fiona-0084","geometry":{"type":"Polygon","coordinates":[[[-64.179971,45.950152],[-64.179962,45.949702],[-64.179317,45.949709],[-64.179288,45.948359],[-64.178643,45.948366],[-64.178633,45.947916],[-64.177988,45.947923],[-64.177998,45.948372],[-64.177353,45.948379],[-64.177382,45.949729],[-64.178027,45.949722],[-64.178036,45.950172],[-64.179971,45.950152]]]},"properties":{"feature_id":"fiona-0084","category":"persistent_low_backscatter","area_ha":3.25,"center_lon":-64.178662,"center_lat":45.949044,"threshold_db":-20.273,"polarization":"VH","interpretation":"candidate only; requires validation"}},{"type":"Feature","id":"fiona-0085","geometry":{"type":"Polygon","coordinates":[[[-64.165117,45.949405],[-64.165089,45.948055],[-64.164444,45.948061],[-64.164463,45.948961],[-64.163173,45.948974],[-64.163182,45.949424],[-64.165117,45.949405]]]},"properties":{"feature_id":"fiona-0085","category":"new_low_backscatter_after_fiona","area_ha":1.25,"center_lon":-64.164145,"center_lat":45.94874,"threshold_db":-20.273,"polarization":"VH","interpretation":"candidate only; requires validation"}},{"type":"Feature","id":"fiona-0086","geometry":{"type":"Polygon","coordinates":[[[-64.219287,45.948389],[-64.219277,45.947939],[-64.218632,45.947946],[-64.218622,45.947496],[-64.217332,45.94751],[-64.217352,45.94841],[-64.219287,45.948389]]]},"properties":{"feature_id":"fiona-0086","category":"new_low_backscatter_after_fiona","area_ha":1.25,"center_lon":-64.21831,"center_lat":45.947953,"threshold_db":-20.273,"polarization":"VH","interpretation":"candidate only; requires validation"}},{"type":"Feature","id":"fiona-0087","geometry":{"type":"Polygon","coordinates":[[[-64.238666,45.949531],[-64.238636,45.948181],[-64.239926,45.948167],[-64.239946,45.949067],[-64.240591,45.94906],[-64.240571,45.94816],[-64.239926,45.948167],[-64.239906,45.947267],[-64.240551,45.94726],[-64.240541,45.94681],[-64.239896,45.946817],[-64.239906,45.947267],[-64.239261,45.947274],[-64.239271,45.947724],[-64.238626,45.947731],[-64.238636,45.948181],[-64.237991,45.948188],[-64.238021,45.949538],[-64.238666,45.949531]]]},"properties":{"feature_id":"fiona-0087","category":"new_low_backscatter_after_fiona","area_ha":2.25,"center_lon":-64.239291,"center_lat":45.948174,"threshold_db":-20.273,"polarization":"VH","interpretation":"candidate only; requires validation"}},{"type":"Feature","id":"fiona-0088","geometry":{"type":"Polygon","coordinates":[[[-64.177372,45.949279],[-64.177353,45.948379],[-64.177998,45.948372],[-64.177988,45.947923],[-64.177343,45.947929],[-64.177334,45.947479],[-64.176689,45.947486],[-64.176698,45.947936],[-64.177343,45.947929],[-64.177353,45.948379],[-64.176708,45.948386],[-64.176727,45.949286],[-64.177372,45.949279]]]},"properties":{"feature_id":"fiona-0088","category":"new_low_backscatter_after_fiona","area_ha":1.0,"center_lon":-64.177344,"center_lat":45.948383,"threshold_db":-20.273,"polarization":"VH","interpretation":"candidate only; requires validation"}},{"type":"Feature","id":"fiona-0089","geometry":{"type":"Polygon","coordinates":[[[-64.276679,45.947312],[-64.276668,45.946863],[-64.277313,45.946855],[-64.277292,45.945956],[-64.276648,45.945963],[-64.276637,45.945513],[-64.275347,45.945527],[-64.275358,45.945977],[-64.274713,45.945984],[-64.274733,45.946884],[-64.274088,45.946891],[-64.274099,45.947341],[-64.274744,45.947334],[-64.274733,45.946884],[-64.276023,45.94687],[-64.276034,45.94732],[-64.276679,45.947312]]]},"properties":{"feature_id":"fiona-0089","category":"persistent_low_backscatter","area_ha":3.0,"center_lon":-64.2757,"center_lat":45.946427,"threshold_db":-20.273,"polarization":"VH","interpretation":"candidate only; requires validation"}},{"type":"Feature","id":"fiona-0090","geometry":{"type":"Polygon","coordinates":[[[-64.180559,45.947446],[-64.180549,45.946996],[-64.179904,45.947003],[-64.179895,45.946553],[-64.178605,45.946566],[-64.178595,45.946116],[-64.17795,45.946123],[-64.17796,45.946573],[-64.178605,45.946566],[-64.178614,45.947016],[-64.179259,45.947009],[-64.179269,45.947459],[-64.180559,45.947446]]]},"properties":{"feature_id":"fiona-0090","category":"new_low_backscatter_after_fiona","area_ha":1.25,"center_lon":-64.179254,"center_lat":45.946787,"threshold_db":-20.273,"polarization":"VH","interpretation":"candidate only; requires validation"}},{"type":"Feature","id":"fiona-0091","geometry":{"type":"Polygon","coordinates":[[[-64.161845,45.947188],[-64.161826,45.946288],[-64.161181,45.946294],[-64.161191,45.946744],[-64.160546,45.946751],[-64.160536,45.946301],[-64.159246,45.946314],[-64.159265,45.947214],[-64.15991,45.947207],[-64.159901,45.946757],[-64.160546,45.946751],[-64.160555,45.947201],[-64.161845,45.947188]]]},"properties":{"feature_id":"fiona-0091","category":"new_low_backscatter_after_fiona","area_ha":1.5,"center_lon":-64.160545,"center_lat":45.946751,"threshold_db":-20.273,"polarization":"VH","interpretation":"candidate only; requires validation"}},{"type":"Feature","id":"fiona-0092","geometry":{"type":"Polygon","coordinates":[[[-64.373352,45.943491],[-64.373319,45.942142],[-64.373963,45.942134],[-64.373952,45.941684],[-64.373308,45.941692],[-64.373319,45.942142],[-64.372674,45.942149],[-64.372707,45.943499],[-64.373352,45.943491]]]},"properties":{"feature_id":"fiona-0092","category":"new_low_backscatter_after_fiona","area_ha":1.0,"center_lon":-64.373319,"center_lat":45.942592,"threshold_db":-20.273,"polarization":"VH","interpretation":"candidate only; requires validation"}},{"type":"Feature","id":"fiona-0093","geometry":{"type":"Polygon","coordinates":[[[-64.183081,45.94472],[-64.183072,45.94427],[-64.183717,45.944263],[-64.183697,45.943363],[-64.183053,45.94337],[-64.183062,45.94382],[-64.182417,45.943827],[-64.182436,45.944726],[-64.183081,45.94472]]]},"properties":{"feature_id":"fiona-0093","category":"persistent_low_backscatter","area_ha":1.0,"center_lon":-64.183067,"center_lat":45.944045,"threshold_db":-20.273,"polarization":"VH","interpretation":"candidate only; requires validation"}},{"type":"Feature","id":"fiona-0094","geometry":{"type":"Polygon","coordinates":[[[-64.210814,45.944429],[-64.210794,45.943529],[-64.212729,45.943509],[-64.212719,45.943059],[-64.210784,45.943079],[-64.210794,45.943529],[-64.210149,45.943536],[-64.210169,45.944436],[-64.210814,45.944429]]]},"properties":{"feature_id":"fiona-0094","category":"new_low_backscatter_after_fiona","area_ha":1.25,"center_lon":-64.211439,"center_lat":45.943748,"threshold_db":-20.273,"polarization":"VH","interpretation":"candidate only; requires validation"}},{"type":"Feature","id":"fiona-0095","geometry":{"type":"Polygon","coordinates":[[[-64.163078,45.944475],[-64.163069,45.944025],[-64.163714,45.944019],[-64.163695,45.943119],[-64.16305,45.943125],[-64.16306,45.943575],[-64.162415,45.943582],[-64.162434,45.944482],[-64.163078,45.944475]]]},"properties":{"feature_id":"fiona-0095","category":"new_low_backscatter_after_fiona","area_ha":1.0,"center_lon":-64.163064,"center_lat":45.943801,"threshold_db":-20.273,"polarization":"VH","interpretation":"candidate only; requires validation"}},{"type":"Feature","id":"fiona-0096","geometry":{"type":"Polygon","coordinates":[[[-64.243755,45.946326],[-64.243745,45.945876],[-64.24439,45.945869],[-64.24437,45.944969],[-64.245015,45.944962],[-64.245005,45.944512],[-64.24565,45.944505],[-64.24564,45.944055],[-64.246285,45.944048],[-64.246275,45.943598],[-64.24692,45.943591],[-64.246899,45.942691],[-64.247544,45.942684],[-64.247524,45.941784],[-64.246879,45.941791],[-64.246899,45.942691],[-64.246255,45.942698],[-64.246275,45.943598],[-64.24563,45.943605],[-64.24564,45.944055],[-64.244995,45.944062],[-64.245005,45.944512],[-64.24436,45.944519],[-64.24437,45.944969],[-64.243725,45.944976],[-64.243745,45.945876],[-64.2431,45.945883],[-64.24311,45.946333],[-64.243755,45.946326]]]},"properties":{"feature_id":"fiona-0096","category":"new_low_backscatter_after_fiona","area_ha":2.5,"center_lon":-64.245322,"center_lat":45.944058,"threshold_db":-20.273,"polarization":"VH","interpretation":"candidate only; requires validation"}},{"type":"Feature","id":"fiona-0097","geometry":{"type":"Polygon","coordinates":[[[-64.39073,45.941931],[-64.390719,45.941481],[-64.391364,45.941473],[-64.39133,45.940124],[-64.390685,45.940131],[-64.390696,45.940581],[-64.389407,45.940597],[-64.389429,45.941497],[-64.390074,45.941489],[-64.390085,45.941939],[-64.39073,45.941931]],[[-64.390719,45.941481],[-64.390074,45.941489],[-64.390063,45.941039],[-64.390707,45.941031],[-64.390719,45.941481]]]},"properties":{"feature_id":"fiona-0097","category":"new_low_backscatter_after_fiona","area_ha":1.75,"center_lon":-64.390386,"center_lat":45.941031,"threshold_db":-20.273,"polarization":"VH","interpretation":"candidate only; requires validation"}},{"type":"Feature","id":"fiona-0098","geometry":{"type":"Polygon","coordinates":[[[-64.371384,45.942165],[-64.37134,45.940365],[-64.370695,45.940373],[-64.370739,45.942173],[-64.371384,45.942165]]]},"properties":{"feature_id":"fiona-0098","category":"new_low_backscatter_after_fiona","area_ha":1.0,"center_lon":-64.371039,"center_lat":45.941269,"threshold_db":-20.273,"polarization":"VH","interpretation":"candidate only; requires validation"}},{"type":"Feature","id":"fiona-0099","geometry":{"type":"Polygon","coordinates":[[[-64.237466,45.953594],[-64.237456,45.953144],[-64.238746,45.95313],[-64.238736,45.95268],[-64.239381,45.952673],[-64.239351,45.951324],[-64.239996,45.951317],[-64.239966,45.949967],[-64.240611,45.94996],[-64.240591,45.94906],[-64.239946,45.949067],[-64.239926,45.948167],[-64.241861,45.948146],[-64.241851,45.947696],[-64.242496,45.947689],[-64.242486,45.947239],[-64.243131,45.947232],[-64.243121,45.946782],[-64.24441,45.946768],[-64.24439,45.945869],[-64.24568,45.945855],[-64.24567,45.945405],[-64.246315,45.945398],[-64.246305,45.944948],[-64.24695,45.944941],[-64.24694,45.944491],[-64.247585,45.944484],[-64.247575,45.944034],[-64.249509,45.944013],[-64.249479,45.942663],[-64.250769,45.942649],[-64.250759,45.942199],[-64.250114,45.942206],[-64.250084,45.940856],[-64.251373,45.940842],[-64.251343,45.939492],[-64.250698,45.939499],[-64.250718,45.940399],[-64.250073,45.940406],[-64.250063,45.939956],[-64.248774,45.93997],[-64.248763,45.939521],[-64.247474,45.939535],[-64.247494,45.940434],[-64.246849,45.940441],[-64.246879,45.941791],[-64.247524,45.941784],[-64.247544,45.942684],[-64.246899,45.942691],[-64.24692,45.943591],[-64.246275,45.943598],[-64.246285,45.944048],[-64.24564,45.944055],[-64.24565,45.944505],[-64.245005,45.944512],[-64.245015,45.944962],[-64.24437,45.944969],[-64.24439,45.945869],[-64.243745,45.945876],[-64.243755,45.946326],[-64.241821,45.946347],[-64.241831,45.946796],[-64.240541,45.94681],[-64.240551,45.94726],[-64.239906,45.947267],[-64.239926,45.948167],[-64.238636,45.948181],[-64.238666,45.949531],[-64.238021,45.949538],[-64.238041,45.950438],[-64.236751,45.950452],[-64.236721,45.949102],[-64.237366,45.949095],[-64.237356,45.948645],[-64.236711,45.948652],[-64.236701,45.948202],[-64.236056,45.948209],[-64.236036,45.947309],[-64.235391,45.947316],[-64.235381,45.946866],[-64.234736,45.946873],[-64.234756,45.947773],[-64.235401,45.947766],[-64.235411,45.948216],[-64.234766,45.948223],[-64.234776,45.948673],[-64.234131,45.94868],[-64.234141,45.94913],[-64.233496,45.949137],[-64.233526,45.950487],[-64.234171,45.95048],[-64.234181,45.95093],[-64.231601,45.950957],[-64.231621,45.951857],[-64.230976,45.951864],[-64.230986,45.952314],[-64.231631,45.952307],[-64.231641,45.952757],[-64.233576,45.952736],[-64.233586,45.953186],[-64.235521,45.953165],[-64.235531,45.953615],[-64.237466,45.953594]],[[-64.238071,45.951788],[-64.236136,45.951808],[-64.236116,45.950909],[-64.238696,45.950881],[-64.238706,45.951331],[-64.238061,45.951338],[-64.238071,45.951788]]]},"properties":{"feature_id":"fiona-0099","category":"persistent_low_backscatter","area_ha":44.5,"center_lon":-64.241174,"center_lat":45.946554,"threshold_db":-20.273,"polarization":"VH","interpretation":"candidate only; requires validation"}},{"type":"Feature","id":"fiona-0100","geometry":{"type":"Polygon","coordinates":[[[-64.250718,45.940399],[-64.250698,45.939499],[-64.248763,45.939521],[-64.248774,45.93997],[-64.250063,45.939956],[-64.250073,45.940406],[-64.250718,45.940399]]]},"properties":{"feature_id":"fiona-0100","category":"new_low_backscatter_after_fiona","area_ha":1.0,"center_lon":-64.249741,"center_lat":45.939953,"threshold_db":-20.273,"polarization":"VH","interpretation":"candidate only; requires validation"}},{"type":"Feature","id":"fiona-0101","geometry":{"type":"Polygon","coordinates":[[[-64.291969,45.93904],[-64.291959,45.93859],[-64.290669,45.938605],[-64.290659,45.938155],[-64.289369,45.938169],[-64.28939,45.939069],[-64.291969,45.93904]]]},"properties":{"feature_id":"fiona-0101","category":"new_low_backscatter_after_fiona","area_ha":1.5,"center_lon":-64.290669,"center_lat":45.938612,"threshold_db":-20.273,"polarization":"VH","interpretation":"candidate only; requires validation"}},{"type":"Feature","id":"fiona-0102","geometry":{"type":"Polygon","coordinates":[[[-64.166901,45.942186],[-64.166891,45.941736],[-64.167536,45.941729],[-64.167527,45.94128],[-64.168172,45.941273],[-64.168153,45.940373],[-64.168798,45.940366],[-64.168788,45.939917],[-64.170078,45.939903],[-64.170059,45.939003],[-64.168125,45.939023],[-64.168115,45.938573],[-64.16747,45.93858],[-64.167489,45.93948],[-64.165555,45.9395],[-64.165564,45.939949],[-64.163629,45.939969],[-64.163648,45.940869],[-64.165583,45.940849],[-64.165611,45.942199],[-64.166901,45.942186]]]},"properties":{"feature_id":"fiona-0102","category":"persistent_low_backscatter","area_ha":9.0,"center_lon":-64.166854,"center_lat":45.940386,"threshold_db":-20.273,"polarization":"VH","interpretation":"candidate only; requires validation"}},{"type":"Feature","id":"fiona-0103","geometry":{"type":"Polygon","coordinates":[[[-64.177201,45.94118],[-64.177182,45.94028],[-64.177826,45.940274],[-64.177807,45.939374],[-64.178452,45.939367],[-64.178462,45.939817],[-64.179107,45.939811],[-64.179097,45.939361],[-64.178452,45.939367],[-64.178443,45.938917],[-64.179088,45.938911],[-64.179049,45.937111],[-64.17776,45.937124],[-64.17775,45.936674],[-64.177105,45.936681],[-64.177124,45.937581],[-64.175835,45.937594],[-64.175854,45.938494],[-64.175209,45.938501],[-64.175218,45.938951],[-64.175863,45.938944],[-64.175901,45.940744],[-64.176546,45.940737],[-64.176556,45.941187],[-64.177201,45.94118]]]},"properties":{"feature_id":"fiona-0103","category":"persistent_low_backscatter","area_ha":8.5,"center_lon":-64.177158,"center_lat":45.93893,"threshold_db":-20.273,"polarization":"VH","interpretation":"candidate only; requires validation"}},{"type":"Feature","id":"fiona-0104","geometry":{"type":"Polygon","coordinates":[[[-64.222294,45.938457],[-64.222274,45.937557],[-64.222919,45.93755],[-64.222909,45.9371],[-64.223554,45.937093],[-64.223574,45.937993],[-64.224219,45.937986],[-64.224179,45.936186],[-64.223534,45.936193],[-64.223544,45.936643],[-64.222899,45.93665],[-64.222909,45.9371],[-64.222264,45.937107],[-64.222274,45.937557],[-64.221629,45.937564],[-64.221649,45.938464],[-64.222294,45.938457]]]},"properties":{"feature_id":"fiona-0104","category":"new_low_backscatter_after_fiona","area_ha":2.0,"center_lon":-64.222924,"center_lat":45.937325,"threshold_db":-20.273,"polarization":"VH","interpretation":"candidate only; requires validation"}},{"type":"Feature","id":"fiona-0105","geometry":{"type":"Polygon","coordinates":[[[-64.401522,45.935049],[-64.401488,45.933699],[-64.402133,45.933691],[-64.402122,45.933241],[-64.401477,45.933249],[-64.401488,45.933699],[-64.400844,45.933707],[-64.400878,45.935057],[-64.401522,45.935049]]]},"properties":{"feature_id":"fiona-0105","category":"new_low_backscatter_after_fiona","area_ha":1.0,"center_lon":-64.401488,"center_lat":45.934149,"threshold_db":-20.273,"polarization":"VH","interpretation":"candidate only; requires validation"}},{"type":"Feature","id":"fiona-0106","geometry":{"type":"Polygon","coordinates":[[[-64.227413,45.936602],[-64.227393,45.935702],[-64.228038,45.935695],[-64.228018,45.934795],[-64.227373,45.934802],[-64.227383,45.935252],[-64.226739,45.935259],[-64.226758,45.936159],[-64.226114,45.936166],[-64.226104,45.935716],[-64.225459,45.935723],[-64.225469,45.936173],[-64.226114,45.936166],[-64.226123,45.936616],[-64.227413,45.936602]]]},"properties":{"feature_id":"fiona-0106","category":"new_low_backscatter_after_fiona","area_ha":1.75,"center_lon":-64.226748,"center_lat":45.935705,"threshold_db":-20.273,"polarization":"VH","interpretation":"candidate only; requires validation"}},{"type":"Feature","id":"fiona-0107","geometry":{"type":"Polygon","coordinates":[[[-64.402156,45.934591],[-64.402145,45.934141],[-64.403434,45.934125],[-64.403411,45.933225],[-64.402767,45.933233],[-64.402755,45.932783],[-64.402111,45.932791],[-64.402133,45.933691],[-64.401488,45.933699],[-64.401511,45.934599],[-64.402156,45.934591]]]},"properties":{"feature_id":"fiona-0107","category":"persistent_low_backscatter","area_ha":1.75,"center_lon":-64.402461,"center_lat":45.933691,"threshold_db":-20.273,"polarization":"VH","interpretation":"candidate only; requires validation"}},{"type":"Feature","id":"fiona-0108","geometry":{"type":"Polygon","coordinates":[[[-64.354453,45.935616],[-64.35442,45.934267],[-64.355065,45.934259],[-64.355032,45.932909],[-64.354387,45.932917],[-64.35442,45.934267],[-64.353775,45.934274],[-64.353808,45.935624],[-64.354453,45.935616]]]},"properties":{"feature_id":"fiona-0108","category":"new_low_backscatter_after_fiona","area_ha":1.5,"center_lon":-64.35442,"center_lat":45.934266,"threshold_db":-20.273,"polarization":"VH","interpretation":"candidate only; requires validation"}},{"type":"Feature","id":"fiona-0109","geometry":{"type":"Polygon","coordinates":[[[-64.197057,45.934674],[-64.197028,45.933324],[-64.196383,45.933331],[-64.196393,45.933781],[-64.195748,45.933787],[-64.195767,45.934687],[-64.197057,45.934674]]]},"properties":{"feature_id":"fiona-0109","category":"persistent_low_backscatter","area_ha":1.25,"center_lon":-64.196403,"center_lat":45.934005,"threshold_db":-20.273,"polarization":"VH","interpretation":"candidate only; requires validation"}},{"type":"Feature","id":"fiona-0110","geometry":{"type":"Polygon","coordinates":[[[-64.163507,45.93412],[-64.163497,45.93367],[-64.162208,45.933683],[-64.162198,45.933233],[-64.161554,45.93324],[-64.161572,45.93414],[-64.163507,45.93412]]]},"properties":{"feature_id":"fiona-0110","category":"low_backscatter_no_longer_present","area_ha":1.0,"center_lon":-64.162531,"center_lat":45.933687,"threshold_db":-20.273,"polarization":"VH","interpretation":"candidate only; requires validation"}},{"type":"Feature","id":"fiona-0111","geometry":{"type":"Polygon","coordinates":[[[-64.355666,45.932452],[-64.355611,45.930202],[-64.354966,45.93021],[-64.355021,45.932459],[-64.355666,45.932452]]]},"properties":{"feature_id":"fiona-0111","category":"new_low_backscatter_after_fiona","area_ha":1.25,"center_lon":-64.355316,"center_lat":45.931331,"threshold_db":-20.273,"polarization":"VH","interpretation":"candidate only; requires validation"}},{"type":"Feature","id":"fiona-0112","geometry":{"type":"Polygon","coordinates":[[[-64.192505,45.932921],[-64.192495,45.932471],[-64.19314,45.932464],[-64.19313,45.932015],[-64.191196,45.932035],[-64.191205,45.932485],[-64.19185,45.932478],[-64.19186,45.932928],[-64.192505,45.932921]]]},"properties":{"feature_id":"fiona-0112","category":"low_backscatter_no_longer_present","area_ha":1.0,"center_lon":-64.192168,"center_lat":45.932471,"threshold_db":-20.273,"polarization":"VH","interpretation":"candidate only; requires validation"}},{"type":"Feature","id":"fiona-0113","geometry":{"type":"Polygon","coordinates":[[[-64.364004,45.930552],[-64.363982,45.929653],[-64.364626,45.929645],[-64.364615,45.929195],[-64.363326,45.92921],[-64.363359,45.93056],[-64.364004,45.930552]]]},"properties":{"feature_id":"fiona-0113","category":"new_low_backscatter_after_fiona","area_ha":1.0,"center_lon":-64.363976,"center_lat":45.929878,"threshold_db":-20.273,"polarization":"VH","interpretation":"candidate only; requires validation"}},{"type":"Feature","id":"fiona-0114","geometry":{"type":"Polygon","coordinates":[[[-64.452353,45.930364],[-64.452342,45.929914],[-64.451697,45.929922],[-64.451638,45.927673],[-64.450994,45.927681],[-64.45097,45.926781],[-64.450325,45.926789],[-64.450314,45.926339],[-64.449669,45.926347],[-64.449692,45.927247],[-64.448403,45.927264],[-64.448415,45.927713],[-64.44777,45.927722],[-64.447782,45.928172],[-64.447137,45.92818],[-64.447161,45.929079],[-64.447805,45.929071],[-64.447817,45.929521],[-64.449106,45.929505],[-64.449095,45.929055],[-64.44845,45.929063],[-64.448438,45.928613],[-64.449083,45.928605],[-64.449071,45.928155],[-64.449716,45.928147],[-64.449728,45.928597],[-64.450372,45.928589],[-64.450419,45.930388],[-64.451064,45.93038],[-64.451052,45.92993],[-64.451697,45.929922],[-64.451709,45.930372],[-64.452353,45.930364]],[[-64.450361,45.928139],[-64.449716,45.928147],[-64.449692,45.927247],[-64.450337,45.927239],[-64.450361,45.928139]]]},"properties":{"feature_id":"fiona-0114","category":"new_low_backscatter_after_fiona","area_ha":7.25,"center_lon":-64.449745,"center_lat":45.928364,"threshold_db":-20.273,"polarization":"VH","interpretation":"candidate only; requires validation"}},{"type":"Feature","id":"fiona-0115","geometry":{"type":"Polygon","coordinates":[[[-64.355273,45.942807],[-64.355251,45.941907],[-64.355896,45.9419],[-64.355874,45.941],[-64.356519,45.940992],[-64.356508,45.940542],[-64.357153,45.940535],[-64.357142,45.940085],[-64.358432,45.940069],[-64.35841,45.93917],[-64.357765,45.939177],[-64.357743,45.938278],[-64.359033,45.938262],[-64.359044,45.938712],[-64.359688,45.938704],[-64.359677,45.938255],[-64.360322,45.938247],[-64.360311,45.937797],[-64.361601,45.937782],[-64.361612,45.938231],[-64.362901,45.938216],[-64.36289,45.937766],[-64.363535,45.937759],[-64.363513,45.936859],[-64.362868,45.936866],[-64.362879,45.937316],[-64.360945,45.937339],[-64.360901,45.93554],[-64.361546,45.935532],[-64.361491,45.933283],[-64.36407,45.933252],[-64.364059,45.932802],[-64.365348,45.932787],[-64.365359,45.933236],[-64.366004,45.933229],[-64.365982,45.932329],[-64.367271,45.932314],[-64.367283,45.932763],[-64.367927,45.932756],[-64.367938,45.933206],[-64.368583,45.933198],[-64.368638,45.935447],[-64.369283,45.93544],[-64.369294,45.93589],[-64.369939,45.935882],[-64.369972,45.937231],[-64.370617,45.937224],[-64.370628,45.937674],[-64.371918,45.937658],[-64.371962,45.939458],[-64.372607,45.93945],[-64.372629,45.94035],[-64.37134,45.940365],[-64.371373,45.941715],[-64.372663,45.941699],[-64.372674,45.942149],[-64.373319,45.942142],[-64.373274,45.940342],[-64.373919,45.940334],[-64.373908,45.939884],[-64.373263,45.939892],[-64.373252,45.939442],[-64.372607,45.93945],[-64.372596,45.939],[-64.373241,45.938992],[-64.373219,45.938093],[-64.372574,45.9381],[-64.372563,45.93765],[-64.373208,45.937643],[-64.373185,45.936743],[-64.371896,45.936758],[-64.371885,45.936308],[-64.37124,45.936316],[-64.371229,45.935866],[-64.370584,45.935874],[-64.370562,45.934974],[-64.369917,45.934982],[-64.369906,45.934532],[-64.369261,45.93454],[-64.36925,45.93409],[-64.369895,45.934082],[-64.369873,45.933182],[-64.369228,45.93319],[-64.369184,45.931391],[-64.369828,45.931383],[-64.369817,45.930933],[-64.370462,45.930925],[-64.370451,45.930475],[-64.37174,45.93046],[-64.371707,45.92911],[-64.372352,45.929102],[-64.372341,45.928653],[-64.372985,45.928645],[-64.372974,45.928195],[-64.37233,45.928203],[-64.372341,45.928653],[-64.371051,45.928668],[-64.371062,45.929118],[-64.370418,45.929126],[-64.370429,45.929576],[-64.369784,45.929583],[-64.369795,45.930033],[-64.368506,45.930049],[-64.368517,45.930499],[-64.367872,45.930506],[-64.36785,45.929606],[-64.367205,45.929614],[-64.367183,45.928714],[-64.365249,45.928738],[-64.36526,45.929187],[-64.364615,45.929195],[-64.364626,45.929645],[-64.363982,45.929653],[-64.364004,45.930552],[-64.363359,45.93056],[-64.363381,45.93146],[-64.362091,45.931475],[-64.362102,45.931925],[-64.360813,45.931941],[-64.36078,45.930591],[-64.361425,45.930583],[-64.361414,45.930133],[-64.360769,45.930141],[-64.360736,45.928791],[-64.361381,45.928784],[-64.361359,45.927884],[-64.356846,45.927938],[-64.356835,45.927488],[-64.35619,45.927495],[-64.356179,45.927045],[-64.355534,45.927053],[-64.355545,45.927503],[-64.354901,45.927511],[-64.354912,45.927961],[-64.355556,45.927953],[-64.355666,45.932452],[-64.355021,45.932459],[-64.355065,45.934259],[-64.35442,45.934267],[-64.354453,45.935616],[-64.353808,45.935624],[-64.353819,45.936074],[-64.354464,45.936066],[-64.354486,45.936966],[-64.353841,45.936974],[-64.353918,45.940123],[-64.354563,45.940115],[-64.354617,45.942365],[-64.353972,45.942372],[-64.353983,45.942822],[-64.355273,45.942807]]]},"properties":{"feature_id":"fiona-0115","category":"persistent_low_backscatter","area_ha":102.5,"center_lon":-64.363864,"center_lat":45.934933,"threshold_db":-20.273,"polarization":"VH","interpretation":"candidate only; requires validation"}},{"type":"Feature","id":"fiona-0116","geometry":{"type":"Polygon","coordinates":[[[-64.176972,45.930382],[-64.176953,45.929482],[-64.177598,45.929476],[-64.177588,45.929026],[-64.176299,45.929039],[-64.176327,45.930389],[-64.176972,45.930382]]]},"properties":{"feature_id":"fiona-0116","category":"new_low_backscatter_after_fiona","area_ha":1.0,"center_lon":-64.176949,"center_lat":45.929707,"threshold_db":-20.273,"polarization":"VH","interpretation":"candidate only; requires validation"}},{"type":"Feature","id":"fiona-0117","geometry":{"type":"Polygon","coordinates":[[[-64.197605,45.930168],[-64.197595,45.929718],[-64.198885,45.929704],[-64.198875,45.929254],[-64.19823,45.929261],[-64.198211,45.928361],[-64.197566,45.928368],[-64.197586,45.929268],[-64.195007,45.929295],[-64.194997,45.928845],[-64.194352,45.928852],[-64.194362,45.929302],[-64.195007,45.929295],[-64.195016,45.929745],[-64.19695,45.929724],[-64.19696,45.930174],[-64.197605,45.930168]]]},"properties":{"feature_id":"fiona-0117","category":"new_low_backscatter_after_fiona","area_ha":2.5,"center_lon":-64.196618,"center_lat":45.929268,"threshold_db":-20.273,"polarization":"VH","interpretation":"candidate only; requires validation"}},{"type":"Feature","id":"fiona-0118","geometry":{"type":"Polygon","coordinates":[[[-64.172449,45.929978],[-64.17244,45.929529],[-64.173729,45.929515],[-64.17372,45.929065],[-64.17243,45.929079],[-64.172421,45.928629],[-64.171776,45.928635],[-64.171785,45.929085],[-64.171141,45.929092],[-64.17116,45.929992],[-64.172449,45.929978]],[[-64.17244,45.929529],[-64.171795,45.929535],[-64.171785,45.929085],[-64.17243,45.929079],[-64.17244,45.929529]]]},"properties":{"feature_id":"fiona-0118","category":"new_low_backscatter_after_fiona","area_ha":1.5,"center_lon":-64.172435,"center_lat":45.92931,"threshold_db":-20.273,"polarization":"VH","interpretation":"candidate only; requires validation"}},{"type":"Feature","id":"fiona-0119","geometry":{"type":"Polygon","coordinates":[[[-64.175644,45.928596],[-64.175635,45.928146],[-64.176924,45.928132],[-64.176915,45.927682],[-64.17627,45.927689],[-64.176261,45.927239],[-64.175616,45.927246],[-64.175597,45.926346],[-64.174952,45.926353],[-64.174962,45.926802],[-64.174317,45.926809],[-64.174326,45.927259],[-64.175616,45.927246],[-64.175635,45.928146],[-64.17499,45.928152],[-64.175,45.928602],[-64.175644,45.928596]]]},"properties":{"feature_id":"fiona-0119","category":"new_low_backscatter_after_fiona","area_ha":1.75,"center_lon":-64.175621,"center_lat":45.927474,"threshold_db":-20.273,"polarization":"VH","interpretation":"candidate only; requires validation"}},{"type":"Feature","id":"fiona-0120","geometry":{"type":"Polygon","coordinates":[[[-64.262654,45.926317],[-64.262634,45.925417],[-64.261345,45.925432],[-64.261365,45.926331],[-64.262654,45.926317]]]},"properties":{"feature_id":"fiona-0120","category":"new_low_backscatter_after_fiona","area_ha":1.0,"center_lon":-64.262,"center_lat":45.925874,"threshold_db":-20.273,"polarization":"VH","interpretation":"candidate only; requires validation"}},{"type":"Feature","id":"fiona-0121","geometry":{"type":"Polygon","coordinates":[[[-64.18012,45.926749],[-64.18011,45.926299],[-64.179465,45.926306],[-64.179446,45.925406],[-64.178802,45.925413],[-64.178782,45.924513],[-64.178138,45.92452],[-64.178166,45.925869],[-64.178811,45.925863],[-64.178821,45.926313],[-64.179465,45.926306],[-64.179475,45.926756],[-64.18012,45.926749]]]},"properties":{"feature_id":"fiona-0121","category":"new_low_backscatter_after_fiona","area_ha":1.5,"center_lon":-64.179129,"center_lat":45.925635,"threshold_db":-20.273,"polarization":"VH","interpretation":"candidate only; requires validation"}},{"type":"Feature","id":"fiona-0122","geometry":{"type":"Polygon","coordinates":[[[-64.085986,45.927683],[-64.085977,45.927233],[-64.086622,45.927227],[-64.086604,45.926327],[-64.087249,45.926321],[-64.08724,45.925871],[-64.086595,45.925877],[-64.086586,45.925427],[-64.085942,45.925433],[-64.085977,45.927233],[-64.085332,45.927239],[-64.085341,45.927689],[-64.085986,45.927683]]]},"properties":{"feature_id":"fiona-0122","category":"persistent_low_backscatter","area_ha":1.5,"center_lon":-64.08629,"center_lat":45.926558,"threshold_db":-20.273,"polarization":"VH","interpretation":"candidate only; requires validation"}},{"type":"Feature","id":"fiona-0123","geometry":{"type":"Polygon","coordinates":[[[-64.263258,45.92451],[-64.263248,45.92406],[-64.264537,45.924046],[-64.264527,45.923596],[-64.263882,45.923603],[-64.263872,45.923153],[-64.261294,45.923182],[-64.261314,45.924082],[-64.261959,45.924075],[-64.261969,45.924525],[-64.263258,45.92451]]]},"properties":{"feature_id":"fiona-0123","category":"new_low_backscatter_after_fiona","area_ha":2.75,"center_lon":-64.262916,"center_lat":45.923839,"threshold_db":-20.273,"polarization":"VH","interpretation":"candidate only; requires validation"}},{"type":"Feature","id":"fiona-0124","geometry":{"type":"Polygon","coordinates":[[[-64.140127,45.926255],[-64.140109,45.925355],[-64.141398,45.925343],[-64.141389,45.924893],[-64.140744,45.924899],[-64.140735,45.924449],[-64.14009,45.924456],[-64.140109,45.925355],[-64.139464,45.925362],[-64.139482,45.926262],[-64.140127,45.926255]]]},"properties":{"feature_id":"fiona-0124","category":"new_low_backscatter_after_fiona","area_ha":1.25,"center_lon":-64.140431,"center_lat":45.925356,"threshold_db":-20.273,"polarization":"VH","interpretation":"candidate only; requires validation"}},{"type":"Feature","id":"fiona-0125","geometry":{"type":"Polygon","coordinates":[[[-64.08595,45.925883],[-64.085942,45.925433],[-64.085297,45.925439],[-64.085288,45.924989],[-64.085933,45.924983],[-64.085924,45.924533],[-64.086569,45.924527],[-64.08656,45.924077],[-64.085915,45.924083],[-64.085924,45.924533],[-64.085279,45.924539],[-64.085288,45.924989],[-64.083999,45.925001],[-64.084007,45.925451],[-64.085297,45.925439],[-64.085306,45.925889],[-64.08595,45.925883]]]},"properties":{"feature_id":"fiona-0125","category":"new_low_backscatter_after_fiona","area_ha":1.25,"center_lon":-64.085284,"center_lat":45.924983,"threshold_db":-20.273,"polarization":"VH","interpretation":"candidate only; requires validation"}},{"type":"Feature","id":"fiona-0126","geometry":{"type":"Polygon","coordinates":[[[-64.115591,45.924697],[-64.115573,45.923798],[-64.114283,45.92381],[-64.114301,45.92471],[-64.115591,45.924697]]]},"properties":{"feature_id":"fiona-0126","category":"new_low_backscatter_after_fiona","area_ha":1.0,"center_lon":-64.114937,"center_lat":45.924254,"threshold_db":-20.273,"polarization":"VH","interpretation":"candidate only; requires validation"}},{"type":"Feature","id":"fiona-0127","geometry":{"type":"Polygon","coordinates":[[[-64.265162,45.923139],[-64.265151,45.922689],[-64.264507,45.922696],[-64.264486,45.921797],[-64.263197,45.921811],[-64.263207,45.922261],[-64.263852,45.922254],[-64.263862,45.922704],[-64.264507,45.922696],[-64.264517,45.923146],[-64.265162,45.923139]]]},"properties":{"feature_id":"fiona-0127","category":"new_low_backscatter_after_fiona","area_ha":1.0,"center_lon":-64.26418,"center_lat":45.922472,"threshold_db":-20.273,"polarization":"VH","interpretation":"candidate only; requires validation"}},{"type":"Feature","id":"fiona-0128","geometry":{"type":"Polygon","coordinates":[[[-64.128485,45.924571],[-64.128476,45.924121],[-64.129121,45.924114],[-64.129102,45.923215],[-64.128458,45.923221],[-64.128449,45.922771],[-64.127804,45.922777],[-64.127822,45.923677],[-64.127177,45.923684],[-64.127187,45.924134],[-64.127831,45.924127],[-64.12784,45.924577],[-64.128485,45.924571]]]},"properties":{"feature_id":"fiona-0128","category":"persistent_low_backscatter","area_ha":1.75,"center_lon":-64.128149,"center_lat":45.923674,"threshold_db":-20.273,"polarization":"VH","interpretation":"candidate only; requires validation"}},{"type":"Feature","id":"fiona-0129","geometry":{"type":"Polygon","coordinates":[[[-64.14733,45.931584],[-64.147312,45.930684],[-64.147957,45.930677],[-64.147947,45.930227],[-64.149237,45.930214],[-64.149228,45.929764],[-64.149872,45.929758],[-64.149854,45.928858],[-64.150499,45.928852],[-64.150489,45.928402],[-64.151134,45.928395],[-64.151125,45.927945],[-64.15177,45.927939],[-64.15176,45.927489],[-64.152405,45.927482],[-64.152396,45.927032],[-64.15304,45.927026],[-64.153022,45.926126],[-64.153667,45.926119],[-64.153657,45.925669],[-64.154302,45.925663],[-64.154293,45.925213],[-64.154937,45.925207],[-64.154928,45.924757],[-64.154283,45.924763],[-64.154237,45.922513],[-64.154881,45.922507],[-64.154872,45.922057],[-64.154227,45.922064],[-64.154218,45.921614],[-64.152929,45.921627],[-64.152938,45.922077],[-64.151649,45.92209],[-64.151639,45.92164],[-64.150995,45.921646],[-64.151004,45.922096],[-64.149714,45.922109],[-64.149724,45.922559],[-64.147145,45.922585],[-64.147154,45.923035],[-64.143286,45.923074],[-64.143295,45.923524],[-64.142651,45.92353],[-64.14266,45.92398],[-64.142015,45.923986],[-64.142024,45.924436],[-64.140735,45.924449],[-64.140744,45.924899],[-64.141389,45.924893],[-64.141398,45.925343],[-64.142688,45.92533],[-64.142697,45.92578],[-64.143341,45.925773],[-64.14336,45.926673],[-64.144005,45.926667],[-64.144042,45.928466],[-64.143397,45.928473],[-64.143443,45.930722],[-64.142798,45.930729],[-64.142808,45.931179],[-64.143452,45.931172],[-64.143462,45.931622],[-64.14733,45.931584]]]},"properties":{"feature_id":"fiona-0129","category":"persistent_low_backscatter","area_ha":69.25,"center_lon":-64.147836,"center_lat":45.926618,"threshold_db":-20.273,"polarization":"VH","interpretation":"candidate only; requires validation"}},{"type":"Feature","id":"fiona-0130","geometry":{"type":"Polygon","coordinates":[[[-64.323805,45.921575],[-64.323794,45.921125],[-64.324439,45.921117],[-64.324406,45.919768],[-64.323762,45.919775],[-64.323794,45.921125],[-64.322505,45.92114],[-64.322515,45.92159],[-64.323805,45.921575]]]},"properties":{"feature_id":"fiona-0130","category":"new_low_backscatter_after_fiona","area_ha":1.25,"center_lon":-64.323472,"center_lat":45.920679,"threshold_db":-20.273,"polarization":"VH","interpretation":"candidate only; requires validation"}},{"type":"Feature","id":"fiona-0131","geometry":{"type":"Polygon","coordinates":[[[-64.131672,45.922739],[-64.131654,45.921839],[-64.131009,45.921846],[-64.130982,45.920496],[-64.130337,45.920502],[-64.130374,45.922302],[-64.129729,45.922308],[-64.129738,45.922758],[-64.131672,45.922739]]]},"properties":{"feature_id":"fiona-0131","category":"new_low_backscatter_after_fiona","area_ha":2.0,"center_lon":-64.1307,"center_lat":45.921627,"threshold_db":-20.273,"polarization":"VH","interpretation":"candidate only; requires validation"}},{"type":"Feature","id":"fiona-0132","geometry":{"type":"Polygon","coordinates":[[[-64.359871,45.919801],[-64.359849,45.918901],[-64.360494,45.918894],[-64.360472,45.917994],[-64.359827,45.918002],[-64.359838,45.918451],[-64.359194,45.918459],[-64.359227,45.919809],[-64.359871,45.919801]]]},"properties":{"feature_id":"fiona-0132","category":"persistent_low_backscatter","area_ha":1.25,"center_lon":-64.359844,"center_lat":45.918902,"threshold_db":-20.273,"polarization":"VH","interpretation":"candidate only; requires validation"}},{"type":"Feature","id":"fiona-0133","geometry":{"type":"Polygon","coordinates":[[[-64.132308,45.922283],[-64.132299,45.921833],[-64.133588,45.92182],[-64.13356,45.92047],[-64.134205,45.920464],[-64.134196,45.920014],[-64.133551,45.92002],[-64.13356,45.92047],[-64.132916,45.920477],[-64.132907,45.920027],[-64.132262,45.920033],[-64.132271,45.920483],[-64.130982,45.920496],[-64.131009,45.921846],[-64.131654,45.921839],[-64.131663,45.922289],[-64.132308,45.922283]]]},"properties":{"feature_id":"fiona-0133","category":"persistent_low_backscatter","area_ha":3.75,"center_lon":-64.132593,"center_lat":45.921152,"threshold_db":-20.273,"polarization":"VH","interpretation":"candidate only; requires validation"}},{"type":"Feature","id":"fiona-0134","geometry":{"type":"Polygon","coordinates":[[[-64.08717,45.922271],[-64.087143,45.920921],[-64.086499,45.920928],[-64.08649,45.920478],[-64.0852,45.92049],[-64.085209,45.92094],[-64.086499,45.920928],[-64.086525,45.922277],[-64.08717,45.922271]]]},"properties":{"feature_id":"fiona-0134","category":"new_low_backscatter_after_fiona","area_ha":1.25,"center_lon":-64.086185,"center_lat":45.921378,"threshold_db":-20.273,"polarization":"VH","interpretation":"candidate only; requires validation"}},{"type":"Feature","id":"fiona-0135","geometry":{"type":"Polygon","coordinates":[[[-64.087849,45.924065],[-64.087841,45.923615],[-64.088485,45.923609],[-64.088477,45.923159],[-64.089121,45.923153],[-64.089113,45.922703],[-64.088468,45.922709],[-64.088459,45.922259],[-64.087814,45.922265],[-64.087788,45.920915],[-64.087143,45.920921],[-64.087134,45.920471],[-64.087779,45.920465],[-64.08777,45.920015],[-64.087126,45.920021],[-64.087134,45.920471],[-64.08649,45.920478],[-64.086499,45.920928],[-64.087143,45.920921],[-64.08717,45.922271],[-64.086525,45.922277],[-64.086534,45.922727],[-64.0846,45.922746],[-64.084582,45.921846],[-64.083937,45.921852],[-64.083946,45.922302],[-64.082657,45.922314],[-64.082639,45.921414],[-64.081994,45.92142],[-64.082003,45.92187],[-64.081358,45.921876],[-64.081367,45.922326],[-64.080723,45.922332],[-64.080731,45.922782],[-64.080087,45.922788],[-64.080104,45.923688],[-64.081393,45.923676],[-64.081402,45.924126],[-64.083981,45.924102],[-64.083964,45.923202],[-64.086542,45.923177],[-64.08656,45.924077],[-64.087849,45.924065]]]},"properties":{"feature_id":"fiona-0135","category":"persistent_low_backscatter","area_ha":11.75,"center_lon":-64.084604,"center_lat":45.922071,"threshold_db":-20.273,"polarization":"VH","interpretation":"candidate only; requires validation"}},{"type":"Feature","id":"fiona-0136","geometry":{"type":"Polygon","coordinates":[[[-64.317305,45.9194],[-64.317294,45.91895],[-64.317939,45.918942],[-64.317928,45.918492],[-64.317284,45.9185],[-64.317273,45.91805],[-64.317918,45.918043],[-64.317907,45.917593],[-64.316618,45.917608],[-64.31666,45.919407],[-64.317305,45.9194]]]},"properties":{"feature_id":"fiona-0136","category":"new_low_backscatter_after_fiona","area_ha":1.5,"center_lon":-64.317279,"center_lat":45.9185,"threshold_db":-20.273,"polarization":"VH","interpretation":"candidate only; requires validation"}},{"type":"Feature","id":"fiona-0137","geometry":{"type":"Polygon","coordinates":[[[-64.178052,45.92047],[-64.178043,45.92002],[-64.177398,45.920027],[-64.177388,45.919577],[-64.176744,45.919584],[-64.176734,45.919134],[-64.17609,45.91914],[-64.176099,45.91959],[-64.176744,45.919584],[-64.176763,45.920484],[-64.178052,45.92047]]]},"properties":{"feature_id":"fiona-0137","category":"new_low_backscatter_after_fiona","area_ha":1.0,"center_lon":-64.177071,"center_lat":45.919809,"threshold_db":-20.273,"polarization":"VH","interpretation":"candidate only; requires validation"}},{"type":"Feature","id":"fiona-0138","geometry":{"type":"Polygon","coordinates":[[[-64.32373,45.918425],[-64.323708,45.917526],[-64.322419,45.917541],[-64.322441,45.91844],[-64.32373,45.918425]]]},"properties":{"feature_id":"fiona-0138","category":"new_low_backscatter_after_fiona","area_ha":1.0,"center_lon":-64.323074,"center_lat":45.917983,"threshold_db":-20.273,"polarization":"VH","interpretation":"candidate only; requires validation"}},{"type":"Feature","id":"fiona-0139","geometry":{"type":"Polygon","coordinates":[[[-64.187712,45.91992],[-64.187693,45.91902],[-64.188338,45.919014],[-64.188328,45.918564],[-64.187039,45.918577],[-64.187068,45.919927],[-64.187712,45.91992]]]},"properties":{"feature_id":"fiona-0139","category":"new_low_backscatter_after_fiona","area_ha":1.0,"center_lon":-64.187689,"center_lat":45.919246,"threshold_db":-20.273,"polarization":"VH","interpretation":"candidate only; requires validation"}},{"type":"Feature","id":"fiona-0140","geometry":{"type":"Polygon","coordinates":[[[-64.262491,45.919118],[-64.262471,45.918219],[-64.261826,45.918226],[-64.261816,45.917776],[-64.26246,45.917769],[-64.26244,45.916869],[-64.261795,45.916876],[-64.261816,45.917776],[-64.261171,45.917783],[-64.261161,45.917333],[-64.260516,45.91734],[-64.260527,45.91779],[-64.261171,45.917783],[-64.261181,45.918233],[-64.261826,45.918226],[-64.261846,45.919126],[-64.262491,45.919118]]]},"properties":{"feature_id":"fiona-0140","category":"new_low_backscatter_after_fiona","area_ha":1.5,"center_lon":-64.261504,"center_lat":45.917997,"threshold_db":-20.273,"polarization":"VH","interpretation":"candidate only; requires validation"}},{"type":"Feature","id":"fiona-0141","geometry":{"type":"Polygon","coordinates":[[[-64.193514,45.91986],[-64.193485,45.91851],[-64.19413,45.918503],[-64.19412,45.918053],[-64.192831,45.918067],[-64.192821,45.917617],[-64.192177,45.917624],[-64.192167,45.917174],[-64.191523,45.91718],[-64.191532,45.91763],[-64.192177,45.917624],[-64.192206,45.918973],[-64.19285,45.918967],[-64.19286,45.919417],[-64.192215,45.919423],[-64.192225,45.919873],[-64.193514,45.91986]]]},"properties":{"feature_id":"fiona-0141","category":"new_low_backscatter_after_fiona","area_ha":2.5,"center_lon":-64.192826,"center_lat":45.918524,"threshold_db":-20.273,"polarization":"VH","interpretation":"candidate only; requires validation"}},{"type":"Feature","id":"fiona-0142","geometry":{"type":"Polygon","coordinates":[[[-64.196025,45.916683],[-64.195996,45.915334],[-64.197285,45.91532],[-64.197276,45.91487],[-64.19792,45.914863],[-64.19793,45.915313],[-64.198575,45.915307],[-64.198565,45.914857],[-64.19792,45.914863],[-64.197911,45.914413],[-64.195977,45.914434],[-64.195996,45.915334],[-64.195352,45.91534],[-64.195381,45.91669],[-64.196025,45.916683]]]},"properties":{"feature_id":"fiona-0142","category":"new_low_backscatter_after_fiona","area_ha":2.25,"center_lon":-64.196964,"center_lat":45.915552,"threshold_db":-20.273,"polarization":"VH","interpretation":"candidate only; requires validation"}},{"type":"Feature","id":"fiona-0143","geometry":{"type":"Polygon","coordinates":[[[-64.278534,45.91579],[-64.278514,45.91489],[-64.279158,45.914883],[-64.279148,45.914433],[-64.277859,45.914447],[-64.277848,45.913997],[-64.278493,45.91399],[-64.278483,45.91354],[-64.277838,45.913548],[-64.277818,45.912648],[-64.276528,45.912662],[-64.276539,45.913112],[-64.277183,45.913105],[-64.277245,45.915804],[-64.278534,45.91579]]]},"properties":{"feature_id":"fiona-0143","category":"new_low_backscatter_after_fiona","area_ha":3.25,"center_lon":-64.277843,"center_lat":45.914226,"threshold_db":-20.273,"polarization":"VH","interpretation":"candidate only; requires validation"}},{"type":"Feature","id":"fiona-0144","geometry":{"type":"Polygon","coordinates":[[[-64.290064,45.91251],[-64.290053,45.91206],[-64.289409,45.912067],[-64.289399,45.911618],[-64.288109,45.911632],[-64.288099,45.911182],[-64.287455,45.911189],[-64.287475,45.912089],[-64.289409,45.912067],[-64.289419,45.912517],[-64.290064,45.91251]]]},"properties":{"feature_id":"fiona-0144","category":"new_low_backscatter_after_fiona","area_ha":1.25,"center_lon":-64.288759,"center_lat":45.91185,"threshold_db":-20.273,"polarization":"VH","interpretation":"candidate only; requires validation"}},{"type":"Feature","id":"fiona-0145","geometry":{"type":"Polygon","coordinates":[[[-64.283608,45.912133],[-64.283567,45.910333],[-64.282922,45.91034],[-64.282943,45.91124],[-64.282298,45.911247],[-64.282309,45.911697],[-64.282953,45.91169],[-64.282964,45.91214],[-64.283608,45.912133]]]},"properties":{"feature_id":"fiona-0145","category":"low_backscatter_no_longer_present","area_ha":1.25,"center_lon":-64.282953,"center_lat":45.911237,"threshold_db":-20.273,"polarization":"VH","interpretation":"candidate only; requires validation"}},{"type":"Feature","id":"fiona-0146","geometry":{"type":"Polygon","coordinates":[[[-64.283681,45.915282],[-64.28366,45.914382],[-64.284949,45.914368],[-64.284928,45.913468],[-64.284284,45.913475],[-64.284294,45.913925],[-64.283005,45.91394],[-64.282995,45.91349],[-64.28235,45.913497],[-64.28234,45.913047],[-64.282984,45.91304],[-64.282964,45.91214],[-64.282319,45.912147],[-64.282288,45.910798],[-64.281643,45.910805],[-64.281633,45.910355],[-64.280988,45.910362],[-64.280978,45.909912],[-64.279045,45.909934],[-64.279055,45.910384],[-64.280988,45.910362],[-64.28102,45.911712],[-64.280375,45.911719],[-64.280385,45.912169],[-64.28103,45.912162],[-64.28104,45.912612],[-64.280396,45.912619],[-64.280406,45.913069],[-64.281051,45.913062],[-64.281071,45.913961],[-64.28236,45.913947],[-64.282371,45.914397],[-64.281726,45.914404],[-64.281737,45.914854],[-64.283026,45.91484],[-64.283036,45.915289],[-64.283681,45.915282]]]},"properties":{"feature_id":"fiona-0146","category":"new_low_backscatter_after_fiona","area_ha":8.0,"center_lon":-64.281997,"center_lat":45.9126,"threshold_db":-20.273,"polarization":"VH","interpretation":"candidate only; requires validation"}},{"type":"Feature","id":"fiona-0147","geometry":{"type":"Polygon","coordinates":[[[-64.365441,45.910284],[-64.36543,45.909834],[-64.366074,45.909826],[-64.366063,45.909377],[-64.364774,45.909392],[-64.364763,45.908942],[-64.365408,45.908934],[-64.365397,45.908484],[-64.364752,45.908492],[-64.364741,45.908042],[-64.364097,45.90805],[-64.364108,45.9085],[-64.363463,45.908508],[-64.363485,45.909407],[-64.36413,45.9094],[-64.364141,45.90985],[-64.364785,45.909842],[-64.364796,45.910292],[-64.365441,45.910284]]]},"properties":{"feature_id":"fiona-0147","category":"persistent_low_backscatter","area_ha":2.5,"center_lon":-64.364768,"center_lat":45.909167,"threshold_db":-20.273,"polarization":"VH","interpretation":"candidate only; requires validation"}},{"type":"Feature","id":"fiona-0148","geometry":{"type":"Polygon","coordinates":[[[-64.28682,45.911647],[-64.286789,45.910297],[-64.2855,45.910311],[-64.285448,45.908062],[-64.284804,45.908069],[-64.284814,45.908519],[-64.283525,45.908534],[-64.283515,45.908084],[-64.28287,45.908091],[-64.282891,45.908991],[-64.282246,45.908998],[-64.282226,45.908098],[-64.281581,45.908105],[-64.281602,45.909005],[-64.282246,45.908998],[-64.282267,45.909898],[-64.282912,45.90989],[-64.282891,45.908991],[-64.284824,45.908969],[-64.284835,45.909419],[-64.28419,45.909426],[-64.284211,45.910326],[-64.2855,45.910311],[-64.285511,45.910761],[-64.283577,45.910783],[-64.283587,45.911233],[-64.285521,45.911211],[-64.285511,45.910761],[-64.286155,45.910754],[-64.286176,45.911654],[-64.28682,45.911647]]]},"properties":{"feature_id":"fiona-0148","category":"new_low_backscatter_after_fiona","area_ha":5.5,"center_lon":-64.2842,"center_lat":45.909858,"threshold_db":-20.273,"polarization":"VH","interpretation":"candidate only; requires validation"}},{"type":"Feature","id":"fiona-0149","geometry":{"type":"Polygon","coordinates":[[[-64.210041,45.908885],[-64.210021,45.907985],[-64.209376,45.907992],[-64.209367,45.907542],[-64.206789,45.90757],[-64.206798,45.90802],[-64.207443,45.908013],[-64.207453,45.908463],[-64.206808,45.908469],[-64.206818,45.908919],[-64.210041,45.908885]]]},"properties":{"feature_id":"fiona-0149","category":"persistent_low_backscatter","area_ha":3.25,"center_lon":-64.208415,"center_lat":45.908231,"threshold_db":-20.273,"polarization":"VH","interpretation":"candidate only; requires validation"}},{"type":"Feature","id":"fiona-0150","geometry":{"type":"Polygon","coordinates":[[[-64.199084,45.909001],[-64.199074,45.908551],[-64.200363,45.908537],[-64.200353,45.908087],[-64.199709,45.908094],[-64.199699,45.907644],[-64.19841,45.907658],[-64.198439,45.909008],[-64.199084,45.909001]]]},"properties":{"feature_id":"fiona-0150","category":"new_low_backscatter_after_fiona","area_ha":1.5,"center_lon":-64.199387,"center_lat":45.908326,"threshold_db":-20.273,"polarization":"VH","interpretation":"candidate only; requires validation"}},{"type":"Feature","id":"fiona-0151","geometry":{"type":"Polygon","coordinates":[[[-64.349241,45.906876],[-64.34923,45.906426],[-64.350519,45.906411],[-64.350497,45.905511],[-64.349853,45.905519],[-64.349864,45.905969],[-64.349219,45.905977],[-64.349208,45.905527],[-64.34792,45.905542],[-64.347941,45.906442],[-64.348586,45.906434],[-64.348597,45.906884],[-64.349241,45.906876]]]},"properties":{"feature_id":"fiona-0151","category":"new_low_backscatter_after_fiona","area_ha":2.0,"center_lon":-64.34922,"center_lat":45.906197,"threshold_db":-20.273,"polarization":"VH","interpretation":"candidate only; requires validation"}},{"type":"Feature","id":"fiona-0152","geometry":{"type":"Polygon","coordinates":[[[-64.316501,45.912659],[-64.316479,45.911759],[-64.315835,45.911766],[-64.315824,45.911316],[-64.31518,45.911324],[-64.315169,45.910874],[-64.314525,45.910881],[-64.314514,45.910431],[-64.313225,45.910446],[-64.313214,45.909996],[-64.31257,45.910004],[-64.312559,45.909554],[-64.313204,45.909546],[-64.313193,45.909096],[-64.313838,45.909089],[-64.313827,45.908639],[-64.314472,45.908632],[-64.31445,45.907732],[-64.315095,45.907724],[-64.315052,45.905925],[-64.315697,45.905917],[-64.315686,45.905468],[-64.315042,45.905475],[-64.315052,45.905925],[-64.313119,45.905947],[-64.313098,45.905047],[-64.312453,45.905055],[-64.312474,45.905954],[-64.313119,45.905947],[-64.313129,45.906397],[-64.313774,45.90639],[-64.313806,45.907739],[-64.313161,45.907747],[-64.313183,45.908647],[-64.312538,45.908654],[-64.312549,45.909104],[-64.311904,45.909111],[-64.311936,45.910461],[-64.31258,45.910454],[-64.312591,45.910903],[-64.314525,45.910881],[-64.314535,45.911331],[-64.31518,45.911324],[-64.31519,45.911774],[-64.315835,45.911766],[-64.315856,45.912666],[-64.316501,45.912659]]]},"properties":{"feature_id":"fiona-0152","category":"new_low_backscatter_after_fiona","area_ha":7.5,"center_lon":-64.314202,"center_lat":45.908856,"threshold_db":-20.273,"polarization":"VH","interpretation":"candidate only; requires validation"}},{"type":"Feature","id":"fiona-0153","geometry":{"type":"Polygon","coordinates":[[[-64.367286,45.906662],[-64.367275,45.906212],[-64.36792,45.906204],[-64.367908,45.905754],[-64.367264,45.905762],[-64.367242,45.904862],[-64.367886,45.904854],[-64.367875,45.904405],[-64.365942,45.904428],[-64.365953,45.904878],[-64.365309,45.904885],[-64.365353,45.906685],[-64.367286,45.906662]]]},"properties":{"feature_id":"fiona-0153","category":"persistent_low_backscatter","area_ha":4.0,"center_lon":-64.366614,"center_lat":45.905545,"threshold_db":-20.273,"polarization":"VH","interpretation":"candidate only; requires validation"}},{"type":"Feature","id":"fiona-0154","geometry":{"type":"Polygon","coordinates":[[[-64.338242,45.905206],[-64.33822,45.904306],[-64.337576,45.904313],[-64.337587,45.904763],[-64.336298,45.904778],[-64.336309,45.905228],[-64.338242,45.905206]]]},"properties":{"feature_id":"fiona-0154","category":"persistent_low_backscatter","area_ha":1.0,"center_lon":-64.33727,"center_lat":45.904767,"threshold_db":-20.273,"polarization":"VH","interpretation":"candidate only; requires validation"}},{"type":"Feature","id":"fiona-0155","geometry":{"type":"Polygon","coordinates":[[[-64.284762,45.906269],[-64.284752,45.90582],[-64.286041,45.905805],[-64.28602,45.904905],[-64.285376,45.904912],[-64.285355,45.904013],[-64.28471,45.90402],[-64.284731,45.90492],[-64.283442,45.904934],[-64.283453,45.905384],[-64.282808,45.905391],[-64.282818,45.905841],[-64.284107,45.905827],[-64.284118,45.906277],[-64.284762,45.906269]]]},"properties":{"feature_id":"fiona-0155","category":"new_low_backscatter_after_fiona","area_ha":3.0,"center_lon":-64.284425,"center_lat":45.905145,"threshold_db":-20.273,"polarization":"VH","interpretation":"candidate only; requires validation"}},{"type":"Feature","id":"fiona-0156","geometry":{"type":"Polygon","coordinates":[[[-64.366586,45.90442],[-64.366575,45.90397],[-64.36722,45.903962],[-64.367209,45.903513],[-64.367853,45.903505],[-64.367842,45.903055],[-64.366553,45.90307],[-64.366575,45.90397],[-64.365931,45.903978],[-64.365909,45.903078],[-64.365264,45.903086],[-64.365287,45.903986],[-64.365931,45.903978],[-64.365942,45.904428],[-64.366586,45.90442]]]},"properties":{"feature_id":"fiona-0156","category":"low_backscatter_no_longer_present","area_ha":1.5,"center_lon":-64.366558,"center_lat":45.903742,"threshold_db":-20.273,"polarization":"VH","interpretation":"candidate only; requires validation"}},{"type":"Feature","id":"fiona-0157","geometry":{"type":"Polygon","coordinates":[[[-64.340809,45.904725],[-64.340787,45.903826],[-64.340143,45.903833],[-64.340132,45.903383],[-64.339488,45.903391],[-64.339498,45.903841],[-64.337565,45.903863],[-64.337576,45.904313],[-64.334998,45.904343],[-64.335009,45.904793],[-64.337587,45.904763],[-64.337576,45.904313],[-64.33822,45.904306],[-64.338231,45.904756],[-64.340809,45.904725]]]},"properties":{"feature_id":"fiona-0157","category":"new_low_backscatter_after_fiona","area_ha":3.5,"center_lon":-64.337903,"center_lat":45.904088,"threshold_db":-20.273,"polarization":"VH","interpretation":"candidate only; requires validation"}},{"type":"Feature","id":"fiona-0158","geometry":{"type":"Polygon","coordinates":[[[-64.268681,45.907799],[-64.268671,45.907349],[-64.268026,45.907356],[-64.267975,45.905107],[-64.267331,45.905114],[-64.26731,45.904214],[-64.266666,45.904221],[-64.266655,45.903771],[-64.266011,45.903779],[-64.266021,45.904229],[-64.266666,45.904221],[-64.266686,45.905121],[-64.267331,45.905114],[-64.267382,45.907364],[-64.268026,45.907356],[-64.268036,45.907806],[-64.268681,45.907799]]]},"properties":{"feature_id":"fiona-0158","category":"new_low_backscatter_after_fiona","area_ha":2.25,"center_lon":-64.267346,"center_lat":45.905788,"threshold_db":-20.273,"polarization":"VH","interpretation":"candidate only; requires validation"}},{"type":"Feature","id":"fiona-0159","geometry":{"type":"Polygon","coordinates":[[[-64.206154,45.908026],[-64.206125,45.906677],[-64.206769,45.90667],[-64.20675,45.90577],[-64.207394,45.905763],[-64.207375,45.904863],[-64.206086,45.904877],[-64.206076,45.904427],[-64.205431,45.904434],[-64.205422,45.903984],[-64.204777,45.903991],[-64.204806,45.90534],[-64.205451,45.905334],[-64.205509,45.908033],[-64.206154,45.908026]]]},"properties":{"feature_id":"fiona-0159","category":"persistent_low_backscatter","area_ha":4.25,"center_lon":-64.206086,"center_lat":45.906008,"threshold_db":-20.273,"polarization":"VH","interpretation":"candidate only; requires validation"}},{"type":"Feature","id":"fiona-0160","geometry":{"type":"Polygon","coordinates":[[[-64.234452,45.905024],[-64.234443,45.904574],[-64.235087,45.904567],[-64.235057,45.903217],[-64.234413,45.903224],[-64.234403,45.902774],[-64.233758,45.902781],[-64.233788,45.904131],[-64.233144,45.904138],[-64.233154,45.904588],[-64.232509,45.904595],[-64.232519,45.905045],[-64.234452,45.905024]]]},"properties":{"feature_id":"fiona-0160","category":"new_low_backscatter_after_fiona","area_ha":2.75,"center_lon":-64.233798,"center_lat":45.903909,"threshold_db":-20.273,"polarization":"VH","interpretation":"candidate only; requires validation"}},{"type":"Feature","id":"fiona-0161","geometry":{"type":"Polygon","coordinates":[[[-64.314989,45.903225],[-64.314978,45.902776],[-64.315622,45.902768],[-64.315612,45.902318],[-64.316256,45.902311],[-64.316245,45.901861],[-64.31689,45.901853],[-64.316879,45.901404],[-64.316235,45.901411],[-64.316245,45.901861],[-64.314957,45.901876],[-64.314978,45.902776],[-64.314333,45.902783],[-64.314344,45.903233],[-64.314989,45.903225]]]},"properties":{"feature_id":"fiona-0161","category":"new_low_backscatter_after_fiona","area_ha":1.25,"center_lon":-64.315612,"center_lat":45.902318,"threshold_db":-20.273,"polarization":"VH","interpretation":"candidate only; requires validation"}},{"type":"Feature","id":"fiona-0162","geometry":{"type":"Polygon","coordinates":[[[-64.266645,45.903322],[-64.266625,45.902422],[-64.267914,45.902407],[-64.267903,45.901958],[-64.269192,45.901943],[-64.269182,45.901493],[-64.267893,45.901508],[-64.267903,45.901958],[-64.266614,45.901972],[-64.266625,45.902422],[-64.26598,45.902429],[-64.266001,45.903329],[-64.266645,45.903322]]]},"properties":{"feature_id":"fiona-0162","category":"new_low_backscatter_after_fiona","area_ha":1.5,"center_lon":-64.267586,"center_lat":45.902411,"threshold_db":-20.273,"polarization":"VH","interpretation":"candidate only; requires validation"}},{"type":"Feature","id":"fiona-0163","geometry":{"type":"Polygon","coordinates":[[[-64.157721,45.904027],[-64.157702,45.903127],[-64.158347,45.903121],[-64.158328,45.902221],[-64.157684,45.902227],[-64.157702,45.903127],[-64.157058,45.903134],[-64.157077,45.904034],[-64.157721,45.904027]]]},"properties":{"feature_id":"fiona-0163","category":"low_backscatter_no_longer_present","area_ha":1.0,"center_lon":-64.157702,"center_lat":45.903127,"threshold_db":-20.273,"polarization":"VH","interpretation":"candidate only; requires validation"}},{"type":"Feature","id":"fiona-0164","geometry":{"type":"Polygon","coordinates":[[[-64.213116,45.902102],[-64.213097,45.901202],[-64.211808,45.901216],[-64.211827,45.902116],[-64.213116,45.902102]]]},"properties":{"feature_id":"fiona-0164","category":"new_low_backscatter_after_fiona","area_ha":1.0,"center_lon":-64.212462,"center_lat":45.901659,"threshold_db":-20.273,"polarization":"VH","interpretation":"candidate only; requires validation"}},{"type":"Feature","id":"fiona-0165","geometry":{"type":"Polygon","coordinates":[[[-64.23694,45.900947],[-64.23692,45.900047],[-64.236276,45.900054],[-64.236266,45.899604],[-64.235622,45.899611],[-64.235642,45.900511],[-64.236286,45.900504],[-64.236296,45.900954],[-64.23694,45.900947]]]},"properties":{"feature_id":"fiona-0165","category":"new_low_backscatter_after_fiona","area_ha":1.0,"center_lon":-64.236281,"center_lat":45.900279,"threshold_db":-20.273,"polarization":"VH","interpretation":"candidate only; requires validation"}},{"type":"Feature","id":"fiona-0166","geometry":{"type":"Polygon","coordinates":[[[-64.335643,45.904336],[-64.335632,45.903886],[-64.334987,45.903894],[-64.334977,45.903444],[-64.334332,45.903451],[-64.334311,45.902551],[-64.333666,45.902559],[-64.333655,45.902109],[-64.3343,45.902101],[-64.334289,45.901652],[-64.333645,45.901659],[-64.333634,45.901209],[-64.334278,45.901202],[-64.334267,45.900752],[-64.334912,45.900744],[-64.334901,45.900294],[-64.335545,45.900287],[-64.335492,45.898037],[-64.334847,45.898045],[-64.334836,45.897595],[-64.334192,45.897602],[-64.334214,45.898502],[-64.334858,45.898495],[-64.33489,45.899844],[-64.334246,45.899852],[-64.334257,45.900302],[-64.333612,45.900309],[-64.333634,45.901209],[-64.332989,45.901217],[-64.333033,45.903016],[-64.333677,45.903009],[-64.333688,45.903459],[-64.334332,45.903451],[-64.334343,45.903901],[-64.334987,45.903894],[-64.334998,45.904343],[-64.335643,45.904336]]]},"properties":{"feature_id":"fiona-0166","category":"persistent_low_backscatter","area_ha":5.0,"center_lon":-64.334316,"center_lat":45.900969,"threshold_db":-20.273,"polarization":"VH","interpretation":"candidate only; requires validation"}},{"type":"Feature","id":"fiona-0167","geometry":{"type":"Polygon","coordinates":[[[-64.328414,45.89857],[-64.328403,45.89812],[-64.32647,45.898142],[-64.32646,45.897692],[-64.325171,45.897707],[-64.325182,45.898157],[-64.325826,45.89815],[-64.325837,45.8986],[-64.328414,45.89857]]]},"properties":{"feature_id":"fiona-0167","category":"persistent_low_backscatter","area_ha":1.5,"center_lon":-64.326792,"center_lat":45.898146,"threshold_db":-20.273,"polarization":"VH","interpretation":"candidate only; requires validation"}},{"type":"Feature","id":"fiona-0168","geometry":{"type":"Polygon","coordinates":[[[-64.343343,45.902896],[-64.343332,45.902446],[-64.343977,45.902438],[-64.343901,45.899289],[-64.343256,45.899296],[-64.343235,45.898397],[-64.34259,45.898404],[-64.34258,45.897954],[-64.341935,45.897962],[-64.341924,45.897512],[-64.34128,45.897519],[-64.341269,45.89707],[-64.340625,45.897077],[-64.340636,45.897527],[-64.34128,45.897519],[-64.341291,45.897969],[-64.341935,45.897962],[-64.341946,45.898412],[-64.34259,45.898404],[-64.342612,45.899304],[-64.343256,45.899296],[-64.343278,45.900196],[-64.342634,45.900204],[-64.342645,45.900654],[-64.343289,45.900646],[-64.343322,45.901996],[-64.342677,45.902003],[-64.342699,45.902903],[-64.343343,45.902896]]]},"properties":{"feature_id":"fiona-0168","category":"new_low_backscatter_after_fiona","area_ha":3.75,"center_lon":-64.342301,"center_lat":45.899986,"threshold_db":-20.273,"polarization":"VH","interpretation":"candidate only; requires validation"}},{"type":"Feature","id":"fiona-0169","geometry":{"type":"Polygon","coordinates":[[[-64.320735,45.900909],[-64.320724,45.900459],[-64.322658,45.900437],[-64.322626,45.899087],[-64.32327,45.89908],[-64.323259,45.89863],[-64.323904,45.898622],[-64.323893,45.898172],[-64.325182,45.898157],[-64.325192,45.898607],[-64.325837,45.8986],[-64.325826,45.89815],[-64.325182,45.898157],[-64.325171,45.897707],[-64.325815,45.8977],[-64.325805,45.89725],[-64.32516,45.897258],[-64.325171,45.897707],[-64.323882,45.897722],[-64.323893,45.898172],[-64.322604,45.898187],[-64.322615,45.898637],[-64.32197,45.898645],[-64.321992,45.899544],[-64.321347,45.899552],[-64.321358,45.900002],[-64.320069,45.900017],[-64.32008,45.900467],[-64.318147,45.900489],[-64.318157,45.900939],[-64.320735,45.900909]]]},"properties":{"feature_id":"fiona-0169","category":"new_low_backscatter_after_fiona","area_ha":4.75,"center_lon":-64.321992,"center_lat":45.899095,"threshold_db":-20.273,"polarization":"VH","interpretation":"candidate only; requires validation"}},{"type":"Feature","id":"fiona-0170","geometry":{"type":"Polygon","coordinates":[[[-64.333688,45.903459],[-64.333677,45.903009],[-64.333033,45.903016],[-64.332989,45.901217],[-64.333634,45.901209],[-64.333645,45.901659],[-64.334289,45.901652],[-64.334278,45.901202],[-64.334923,45.901194],[-64.334912,45.900744],[-64.335556,45.900737],[-64.335545,45.900287],[-64.33619,45.900279],[-64.336179,45.899829],[-64.336823,45.899822],[-64.336813,45.899372],[-64.336168,45.899379],[-64.336147,45.89848],[-64.335502,45.898487],[-64.335545,45.900287],[-64.334901,45.900294],[-64.334912,45.900744],[-64.334267,45.900752],[-64.334278,45.901202],[-64.333634,45.901209],[-64.333612,45.900309],[-64.334257,45.900302],[-64.334246,45.899852],[-64.33489,45.899844],[-64.334858,45.898495],[-64.334214,45.898502],[-64.334192,45.897602],[-64.332903,45.897617],[-64.332893,45.897168],[-64.332248,45.897175],[-64.332237,45.896725],[-64.32966,45.896755],[-64.329671,45.897205],[-64.329026,45.897213],[-64.329037,45.897663],[-64.328393,45.89767],[-64.328414,45.89857],[-64.327125,45.898585],[-64.327136,45.899035],[-64.327781,45.899027],[-64.327791,45.899477],[-64.328436,45.89947],[-64.328414,45.89857],[-64.329059,45.898562],[-64.329048,45.898112],[-64.329692,45.898105],[-64.329681,45.897655],[-64.330326,45.897648],[-64.330315,45.897198],[-64.332248,45.897175],[-64.332259,45.897625],[-64.332903,45.897617],[-64.332914,45.898067],[-64.333558,45.89806],[-64.333569,45.89851],[-64.334214,45.898502],[-64.334246,45.899852],[-64.332957,45.899867],[-64.332979,45.900767],[-64.332334,45.900774],[-64.332388,45.903024],[-64.333033,45.903016],[-64.333043,45.903466],[-64.333688,45.903459]]]},"properties":{"feature_id":"fiona-0170","category":"new_low_backscatter_after_fiona","area_ha":9.25,"center_lon":-64.331974,"center_lat":45.900096,"threshold_db":-20.273,"polarization":"VH","interpretation":"candidate only; requires validation"}},{"type":"Feature","id":"fiona-0171","geometry":{"type":"Polygon","coordinates":[[[-64.145624,45.911349],[-64.145615,45.9109],[-64.146904,45.910887],[-64.146895,45.910437],[-64.148184,45.910424],[-64.148156,45.909074],[-64.1488,45.909067],[-64.148791,45.908618],[-64.149436,45.908611],[-64.149426,45.908161],[-64.150715,45.908148],[-64.150706,45.907698],[-64.151995,45.907685],[-64.151986,45.907235],[-64.15263,45.907229],[-64.152621,45.906779],[-64.155199,45.906753],[-64.155209,45.907203],[-64.155853,45.907196],[-64.155844,45.906746],[-64.156488,45.90674],[-64.15646,45.90539],[-64.157105,45.905383],[-64.157058,45.903134],[-64.157702,45.903127],[-64.157684,45.902227],[-64.158328,45.902221],[-64.158281,45.899971],[-64.158926,45.899965],[-64.158916,45.899515],[-64.159561,45.899508],[-64.159533,45.898158],[-64.154377,45.898211],[-64.154387,45.898661],[-64.153742,45.898667],[-64.153752,45.899117],[-64.153107,45.899123],[-64.153117,45.899573],[-64.152472,45.89958],[-64.152491,45.90048],[-64.151846,45.900486],[-64.151874,45.901836],[-64.152519,45.90183],[-64.152584,45.904979],[-64.147428,45.905031],[-64.147437,45.905481],[-64.146148,45.905494],[-64.146157,45.905944],[-64.145513,45.90595],[-64.145522,45.9064],[-64.144233,45.906413],[-64.144242,45.906863],[-64.142953,45.906876],[-64.142963,45.907326],[-64.141674,45.907339],[-64.141683,45.907789],[-64.140394,45.907802],[-64.140403,45.908252],[-64.139114,45.908264],[-64.139123,45.908714],[-64.138479,45.908721],[-64.138488,45.909171],[-64.139132,45.909164],[-64.139142,45.909614],[-64.140431,45.909601],[-64.14044,45.910051],[-64.142374,45.910032],[-64.142383,45.910482],[-64.143027,45.910475],[-64.143037,45.910925],[-64.143681,45.910919],[-64.14369,45.911369],[-64.145624,45.911349]]]},"properties":{"feature_id":"fiona-0171","category":"persistent_low_backscatter","area_ha":80.0,"center_lon":-64.14902,"center_lat":45.904764,"threshold_db":-20.273,"polarization":"VH","interpretation":"candidate only; requires validation"}},{"type":"Feature","id":"fiona-0172","geometry":{"type":"Polygon","coordinates":[[[-64.342087,45.90426],[-64.342076,45.903811],[-64.343365,45.903795],[-64.343354,45.903345],[-64.343999,45.903338],[-64.343988,45.902888],[-64.344632,45.90288],[-64.344534,45.898831],[-64.34389,45.898839],[-64.343857,45.897489],[-64.342569,45.897504],[-64.342536,45.896155],[-64.341892,45.896162],[-64.341903,45.896612],[-64.339325,45.896642],[-64.339336,45.897092],[-64.338692,45.8971],[-64.338681,45.89665],[-64.337392,45.896665],[-64.337403,45.897115],[-64.338692,45.8971],[-64.338703,45.89755],[-64.340636,45.897527],[-64.340625,45.897077],[-64.341269,45.89707],[-64.34128,45.897519],[-64.341924,45.897512],[-64.341935,45.897962],[-64.34258,45.897954],[-64.34259,45.898404],[-64.343235,45.898397],[-64.343256,45.899296],[-64.343901,45.899289],[-64.343977,45.902438],[-64.343332,45.902446],[-64.343343,45.902896],[-64.342699,45.902903],[-64.34271,45.903353],[-64.342065,45.903361],[-64.342076,45.903811],[-64.340787,45.903826],[-64.340798,45.904276],[-64.342087,45.90426]]]},"properties":{"feature_id":"fiona-0172","category":"persistent_low_backscatter","area_ha":9.0,"center_lon":-64.341012,"center_lat":45.900216,"threshold_db":-20.273,"polarization":"VH","interpretation":"candidate only; requires validation"}},{"type":"Feature","id":"fiona-0173","geometry":{"type":"Polygon","coordinates":[[[-64.292963,45.898526],[-64.292942,45.897627],[-64.293586,45.897619],[-64.293565,45.89672],[-64.292921,45.896727],[-64.292942,45.897627],[-64.292298,45.897634],[-64.292318,45.898534],[-64.292963,45.898526]]]},"properties":{"feature_id":"fiona-0173","category":"new_low_backscatter_after_fiona","area_ha":1.0,"center_lon":-64.292942,"center_lat":45.897627,"threshold_db":-20.273,"polarization":"VH","interpretation":"candidate only; requires validation"}},{"type":"Feature","id":"fiona-0174","geometry":{"type":"Polygon","coordinates":[[[-64.13441,45.898861],[-64.134401,45.898411],[-64.135045,45.898404],[-64.135027,45.897504],[-64.135671,45.897498],[-64.13568,45.897948],[-64.136325,45.897942],[-64.136315,45.897492],[-64.135671,45.897498],[-64.135662,45.897048],[-64.134373,45.897061],[-64.134391,45.897961],[-64.132458,45.89798],[-64.132449,45.89753],[-64.131805,45.897536],[-64.131814,45.897986],[-64.132458,45.89798],[-64.132467,45.89843],[-64.133756,45.898417],[-64.133765,45.898867],[-64.13441,45.898861]]]},"properties":{"feature_id":"fiona-0174","category":"new_low_backscatter_after_fiona","area_ha":2.5,"center_lon":-64.134065,"center_lat":45.897958,"threshold_db":-20.273,"polarization":"VH","interpretation":"candidate only; requires validation"}},{"type":"Feature","id":"fiona-0175","geometry":{"type":"Polygon","coordinates":[[[-64.279379,45.896429],[-64.279348,45.89508],[-64.279992,45.895072],[-64.279982,45.894622],[-64.278693,45.894637],[-64.278735,45.896436],[-64.279379,45.896429]]]},"properties":{"feature_id":"fiona-0175","category":"new_low_backscatter_after_fiona","area_ha":1.25,"center_lon":-64.279342,"center_lat":45.895529,"threshold_db":-20.273,"polarization":"VH","interpretation":"candidate only; requires validation"}},{"type":"Feature","id":"fiona-0176","geometry":{"type":"Polygon","coordinates":[[[-64.365066,45.894988],[-64.365033,45.893638],[-64.364389,45.893646],[-64.3644,45.894095],[-64.363755,45.894103],[-64.363744,45.893653],[-64.3631,45.893661],[-64.363111,45.894111],[-64.362467,45.894119],[-64.362478,45.894568],[-64.363122,45.894561],[-64.363133,45.895011],[-64.365066,45.894988]]]},"properties":{"feature_id":"fiona-0176","category":"new_low_backscatter_after_fiona","area_ha":2.25,"center_lon":-64.363766,"center_lat":45.894324,"threshold_db":-20.273,"polarization":"VH","interpretation":"candidate only; requires validation"}},{"type":"Feature","id":"fiona-0177","geometry":{"type":"Polygon","coordinates":[[[-64.133729,45.897067],[-64.133701,45.895717],[-64.133057,45.895724],[-64.133066,45.896174],[-64.132422,45.89618],[-64.132412,45.89573],[-64.131768,45.895737],[-64.131795,45.897086],[-64.13244,45.89708],[-64.132431,45.89663],[-64.133075,45.896624],[-64.133084,45.897074],[-64.133729,45.897067]]]},"properties":{"feature_id":"fiona-0177","category":"new_low_backscatter_after_fiona","area_ha":1.75,"center_lon":-64.132748,"center_lat":45.896401,"threshold_db":-20.273,"polarization":"VH","interpretation":"candidate only; requires validation"}},{"type":"Feature","id":"fiona-0178","geometry":{"type":"Polygon","coordinates":[[[-64.284513,45.895472],[-64.284503,45.895022],[-64.283858,45.895029],[-64.283838,45.894129],[-64.282549,45.894144],[-64.282539,45.893694],[-64.28125,45.893708],[-64.28126,45.894158],[-64.281905,45.894151],[-64.281925,45.895051],[-64.283858,45.895029],[-64.283869,45.895479],[-64.284513,45.895472]]]},"properties":{"feature_id":"fiona-0178","category":"new_low_backscatter_after_fiona","area_ha":2.25,"center_lon":-64.282882,"center_lat":45.894587,"threshold_db":-20.273,"polarization":"VH","interpretation":"candidate only; requires validation"}},{"type":"Feature","id":"fiona-0179","geometry":{"type":"Polygon","coordinates":[[[-64.34507,45.894325],[-64.345059,45.893875],[-64.345704,45.893867],[-64.345671,45.892517],[-64.345027,45.892525],[-64.345059,45.893875],[-64.344415,45.893882],[-64.344426,45.894332],[-64.34507,45.894325]]]},"properties":{"feature_id":"fiona-0179","category":"low_backscatter_no_longer_present","area_ha":1.0,"center_lon":-64.345059,"center_lat":45.893424,"threshold_db":-20.273,"polarization":"VH","interpretation":"candidate only; requires validation"}},{"type":"Feature","id":"fiona-0180","geometry":{"type":"Polygon","coordinates":[[[-64.339369,45.898442],[-64.339347,45.897542],[-64.338703,45.89755],[-64.338692,45.8971],[-64.339336,45.897092],[-64.339325,45.896642],[-64.341903,45.896612],[-64.341892,45.896162],[-64.343181,45.896147],[-64.34317,45.895697],[-64.341881,45.895712],[-64.341892,45.896162],[-64.339959,45.896185],[-64.339937,45.895285],[-64.338648,45.8953],[-64.338627,45.8944],[-64.339916,45.894385],[-64.339905,45.893935],[-64.341193,45.89392],[-64.341183,45.89347],[-64.339894,45.893485],[-64.339883,45.893036],[-64.339239,45.893043],[-64.339228,45.892593],[-64.337939,45.892608],[-64.33795,45.893058],[-64.337306,45.893066],[-64.337317,45.893516],[-64.336672,45.893523],[-64.336683,45.893973],[-64.336039,45.893981],[-64.33605,45.894431],[-64.335405,45.894438],[-64.335459,45.896688],[-64.336748,45.896673],[-64.336759,45.897122],[-64.337403,45.897115],[-64.337414,45.897565],[-64.338703,45.89755],[-64.338724,45.898449],[-64.339369,45.898442]],[[-64.338692,45.8971],[-64.337403,45.897115],[-64.337392,45.896665],[-64.338681,45.89665],[-64.338692,45.8971]]]},"properties":{"feature_id":"fiona-0180","category":"new_low_backscatter_after_fiona","area_ha":15.25,"center_lon":-64.339293,"center_lat":45.895521,"threshold_db":-20.273,"polarization":"VH","interpretation":"candidate only; requires validation"}},{"type":"Feature","id":"fiona-0181","geometry":{"type":"Polygon","coordinates":[[[-64.291019,45.898098],[-64.290915,45.893599],[-64.291559,45.893592],[-64.291549,45.893142],[-64.292193,45.893135],[-64.292183,45.892685],[-64.292827,45.892678],[-64.292817,45.892228],[-64.293461,45.89222],[-64.29345,45.891771],[-64.294095,45.891763],[-64.294063,45.890413],[-64.293419,45.890421],[-64.29344,45.891321],[-64.292796,45.891328],[-64.292817,45.892228],[-64.291528,45.892242],[-64.291549,45.893142],[-64.290904,45.893149],[-64.290915,45.893599],[-64.290271,45.893607],[-64.290364,45.897656],[-64.287143,45.897692],[-64.287132,45.897242],[-64.285843,45.897257],[-64.285833,45.896807],[-64.285189,45.896814],[-64.285199,45.897264],[-64.285843,45.897257],[-64.285854,45.897707],[-64.287143,45.897692],[-64.287153,45.898142],[-64.291019,45.898098]]]},"properties":{"feature_id":"fiona-0181","category":"new_low_backscatter_after_fiona","area_ha":6.75,"center_lon":-64.289642,"center_lat":45.894278,"threshold_db":-20.273,"polarization":"VH","interpretation":"candidate only; requires validation"}},{"type":"Feature","id":"fiona-0182","geometry":{"type":"Polygon","coordinates":[[[-64.264497,45.893895],[-64.264487,45.893445],[-64.265131,45.893438],[-64.265121,45.892988],[-64.265766,45.892981],[-64.265745,45.892081],[-64.267034,45.892067],[-64.267013,45.891167],[-64.267658,45.89116],[-64.267637,45.89026],[-64.266993,45.890267],[-64.267013,45.891167],[-64.266369,45.891174],[-64.266379,45.891624],[-64.265735,45.891631],[-64.265745,45.892081],[-64.265101,45.892088],[-64.265121,45.892988],[-64.264477,45.892995],[-64.264487,45.893445],[-64.263843,45.893452],[-64.263853,45.893902],[-64.264497,45.893895]]]},"properties":{"feature_id":"fiona-0182","category":"persistent_low_backscatter","area_ha":2.25,"center_lon":-64.26575,"center_lat":45.892081,"threshold_db":-20.273,"polarization":"VH","interpretation":"candidate only; requires validation"}},{"type":"Feature","id":"fiona-0183","geometry":{"type":"Polygon","coordinates":[[[-64.285064,45.891415],[-64.285054,45.890965],[-64.285698,45.890958],[-64.285688,45.890508],[-64.286332,45.890501],[-64.286322,45.890051],[-64.285677,45.890058],[-64.285688,45.890508],[-64.285043,45.890515],[-64.285033,45.890065],[-64.284389,45.890073],[-64.28442,45.891422],[-64.285064,45.891415]]]},"properties":{"feature_id":"fiona-0183","category":"new_low_backscatter_after_fiona","area_ha":1.25,"center_lon":-64.28536,"center_lat":45.890737,"threshold_db":-20.273,"polarization":"VH","interpretation":"candidate only; requires validation"}},{"type":"Feature","id":"fiona-0184","geometry":{"type":"Polygon","coordinates":[[[-64.237375,45.891492],[-64.237365,45.891042],[-64.236721,45.891049],[-64.236711,45.890599],[-64.237355,45.890592],[-64.237345,45.890142],[-64.236056,45.890156],[-64.236086,45.891505],[-64.237375,45.891492]]]},"properties":{"feature_id":"fiona-0184","category":"new_low_backscatter_after_fiona","area_ha":1.25,"center_lon":-64.236716,"center_lat":45.890823,"threshold_db":-20.273,"polarization":"VH","interpretation":"candidate only; requires validation"}},{"type":"Feature","id":"fiona-0185","geometry":{"type":"Polygon","coordinates":[[[-64.339152,45.889444],[-64.339141,45.888994],[-64.336564,45.889024],[-64.336575,45.889474],[-64.339152,45.889444]]]},"properties":{"feature_id":"fiona-0185","category":"low_backscatter_no_longer_present","area_ha":1.0,"center_lon":-64.337858,"center_lat":45.889234,"threshold_db":-20.273,"polarization":"VH","interpretation":"candidate only; requires validation"}},{"type":"Feature","id":"fiona-0186","geometry":{"type":"Polygon","coordinates":[[[-64.294729,45.891306],[-64.294676,45.889056],[-64.294032,45.889064],[-64.294084,45.891313],[-64.294729,45.891306]]]},"properties":{"feature_id":"fiona-0186","category":"persistent_low_backscatter","area_ha":1.25,"center_lon":-64.294381,"center_lat":45.890184,"threshold_db":-20.273,"polarization":"VH","interpretation":"candidate only; requires validation"}},{"type":"Feature","id":"fiona-0187","geometry":{"type":"Polygon","coordinates":[[[-64.335931,45.889482],[-64.33592,45.889032],[-64.335276,45.889039],[-64.335265,45.888589],[-64.333332,45.888612],[-64.333343,45.889062],[-64.335276,45.889039],[-64.335287,45.889489],[-64.335931,45.889482]]]},"properties":{"feature_id":"fiona-0187","category":"low_backscatter_no_longer_present","area_ha":1.0,"center_lon":-64.334632,"center_lat":45.889039,"threshold_db":-20.273,"polarization":"VH","interpretation":"candidate only; requires validation"}},{"type":"Feature","id":"fiona-0188","geometry":{"type":"Polygon","coordinates":[[[-64.282466,45.890544],[-64.282456,45.890094],[-64.283744,45.89008],[-64.283734,45.88963],[-64.28309,45.889637],[-64.283079,45.889187],[-64.282435,45.889195],[-64.282445,45.889644],[-64.281801,45.889652],[-64.281822,45.890551],[-64.282466,45.890544]]]},"properties":{"feature_id":"fiona-0188","category":"low_backscatter_no_longer_present","area_ha":1.25,"center_lon":-64.282772,"center_lat":45.889869,"threshold_db":-20.273,"polarization":"VH","interpretation":"candidate only; requires validation"}},{"type":"Feature","id":"fiona-0189","geometry":{"type":"Polygon","coordinates":[[[-64.351426,45.890649],[-64.351393,45.8893],[-64.352038,45.889292],[-64.352027,45.888842],[-64.351382,45.88885],[-64.351371,45.8884],[-64.350083,45.888415],[-64.350072,45.887965],[-64.349428,45.887973],[-64.349439,45.888423],[-64.348794,45.88843],[-64.348816,45.88933],[-64.348172,45.889338],[-64.348194,45.890238],[-64.349482,45.890222],[-64.349493,45.890672],[-64.351426,45.890649]]]},"properties":{"feature_id":"fiona-0189","category":"persistent_low_backscatter","area_ha":5.75,"center_lon":-64.350105,"center_lat":45.889319,"threshold_db":-20.273,"polarization":"VH","interpretation":"candidate only; requires validation"}},{"type":"Feature","id":"fiona-0190","geometry":{"type":"Polygon","coordinates":[[[-64.345638,45.891168],[-64.345627,45.890718],[-64.346272,45.89071],[-64.34625,45.88981],[-64.345606,45.889818],[-64.34553,45.886669],[-64.344885,45.886676],[-64.344994,45.891175],[-64.345638,45.891168]]]},"properties":{"feature_id":"fiona-0190","category":"persistent_low_backscatter","area_ha":3.0,"center_lon":-64.345579,"center_lat":45.888922,"threshold_db":-20.273,"polarization":"VH","interpretation":"candidate only; requires validation"}},{"type":"Feature","id":"fiona-0191","geometry":{"type":"Polygon","coordinates":[[[-64.344907,45.887576],[-64.344885,45.886676],[-64.342953,45.886699],[-64.342964,45.887149],[-64.342319,45.887157],[-64.34233,45.887606],[-64.342974,45.887599],[-64.342964,45.887149],[-64.344252,45.887134],[-64.344263,45.887584],[-64.344907,45.887576]]]},"properties":{"feature_id":"fiona-0191","category":"new_low_backscatter_after_fiona","area_ha":1.25,"center_lon":-64.343613,"center_lat":45.887141,"threshold_db":-20.273,"polarization":"VH","interpretation":"candidate only; requires validation"}},{"type":"Feature","id":"fiona-0192","geometry":{"type":"Polygon","coordinates":[[[-64.154845,45.889655],[-64.154817,45.888306],[-64.154172,45.888312],[-64.154191,45.889212],[-64.153547,45.889218],[-64.153556,45.889668],[-64.154845,45.889655]]]},"properties":{"feature_id":"fiona-0192","category":"persistent_low_backscatter","area_ha":1.0,"center_lon":-64.154196,"center_lat":45.888987,"threshold_db":-20.273,"polarization":"VH","interpretation":"candidate only; requires validation"}},{"type":"Feature","id":"fiona-0193","geometry":{"type":"Polygon","coordinates":[[[-64.294676,45.889056],[-64.294666,45.888607],[-64.29531,45.888599],[-64.2953,45.888149],[-64.295944,45.888142],[-64.295933,45.887692],[-64.296578,45.887685],[-64.296567,45.887235],[-64.295923,45.887242],[-64.295913,45.886792],[-64.296557,45.886785],[-64.296546,45.886335],[-64.295902,45.886342],[-64.295913,45.886792],[-64.295268,45.8868],[-64.295279,45.88725],[-64.294634,45.887257],[-64.294666,45.888607],[-64.294022,45.888614],[-64.294032,45.889064],[-64.294676,45.889056]]]},"properties":{"feature_id":"fiona-0193","category":"new_low_backscatter_after_fiona","area_ha":2.25,"center_lon":-64.2953,"center_lat":45.887699,"threshold_db":-20.273,"polarization":"VH","interpretation":"candidate only; requires validation"}},{"type":"Feature","id":"fiona-0194","geometry":{"type":"Polygon","coordinates":[[[-64.296567,45.887235],[-64.296557,45.886785],[-64.297201,45.886778],[-64.297191,45.886328],[-64.297835,45.88632],[-64.297824,45.885871],[-64.296536,45.885885],[-64.296557,45.886785],[-64.295913,45.886792],[-64.295923,45.887242],[-64.296567,45.887235]]]},"properties":{"feature_id":"fiona-0194","category":"persistent_low_backscatter","area_ha":1.0,"center_lon":-64.296874,"center_lat":45.886556,"threshold_db":-20.273,"polarization":"VH","interpretation":"candidate only; requires validation"}},{"type":"Feature","id":"fiona-0195","geometry":{"type":"Polygon","coordinates":[[[-64.332688,45.888619],[-64.332677,45.888169],[-64.331389,45.888185],[-64.331378,45.887735],[-64.330734,45.887742],[-64.330723,45.887292],[-64.330079,45.8873],[-64.330057,45.8864],[-64.329413,45.886407],[-64.329392,45.885508],[-64.328747,45.885515],[-64.328726,45.884615],[-64.328082,45.884623],[-64.328071,45.884173],[-64.327427,45.88418],[-64.327459,45.88553],[-64.328103,45.885523],[-64.328125,45.886422],[-64.328769,45.886415],[-64.32878,45.886865],[-64.329424,45.886857],[-64.329445,45.887757],[-64.330734,45.887742],[-64.330745,45.888192],[-64.331389,45.888185],[-64.3314,45.888634],[-64.332688,45.888619]]]},"properties":{"feature_id":"fiona-0195","category":"persistent_low_backscatter","area_ha":4.25,"center_lon":-64.330058,"center_lat":45.886404,"threshold_db":-20.273,"polarization":"VH","interpretation":"candidate only; requires validation"}},{"type":"Feature","id":"fiona-0196","geometry":{"type":"Polygon","coordinates":[[[-64.174742,45.885852],[-64.174723,45.884952],[-64.175368,45.884946],[-64.175358,45.884496],[-64.17407,45.884509],[-64.174098,45.885859],[-64.174742,45.885852]]]},"properties":{"feature_id":"fiona-0196","category":"low_backscatter_no_longer_present","area_ha":1.0,"center_lon":-64.174719,"center_lat":45.885177,"threshold_db":-20.273,"polarization":"VH","interpretation":"candidate only; requires validation"}},{"type":"Feature","id":"fiona-0197","geometry":{"type":"Polygon","coordinates":[[[-64.317109,45.88385],[-64.317066,45.88205],[-64.315778,45.882065],[-64.31582,45.883865],[-64.317109,45.88385]]]},"properties":{"feature_id":"fiona-0197","category":"persistent_low_backscatter","area_ha":2.0,"center_lon":-64.316443,"center_lat":45.882958,"threshold_db":-20.273,"polarization":"VH","interpretation":"candidate only; requires validation"}},{"type":"Feature","id":"fiona-0198","geometry":{"type":"Polygon","coordinates":[[[-64.31582,45.883865],[-64.315778,45.882065],[-64.316422,45.882058],[-64.316411,45.881608],[-64.315767,45.881615],[-64.315778,45.882065],[-64.315134,45.882072],[-64.315176,45.883872],[-64.31582,45.883865]]]},"properties":{"feature_id":"fiona-0198","category":"new_low_backscatter_after_fiona","area_ha":1.25,"center_lon":-64.315778,"center_lat":45.88274,"threshold_db":-20.273,"polarization":"VH","interpretation":"candidate only; requires validation"}},{"type":"Feature","id":"fiona-0199","geometry":{"type":"Polygon","coordinates":[[[-64.380206,45.881755],[-64.380195,45.881305],[-64.380839,45.881297],[-64.380817,45.880397],[-64.380173,45.880405],[-64.380184,45.880855],[-64.377608,45.880886],[-64.377596,45.880436],[-64.376952,45.880444],[-64.376963,45.880894],[-64.377608,45.880886],[-64.37763,45.881786],[-64.380206,45.881755]]]},"properties":{"feature_id":"fiona-0199","category":"new_low_backscatter_after_fiona","area_ha":2.75,"center_lon":-64.378895,"center_lat":45.881091,"threshold_db":-20.273,"polarization":"VH","interpretation":"candidate only; requires validation"}},{"type":"Feature","id":"fiona-0200","geometry":{"type":"Polygon","coordinates":[[[-64.340268,45.88223],[-64.340257,45.88178],[-64.338968,45.881796],[-64.338958,45.881346],[-64.338313,45.881353],[-64.338303,45.880903],[-64.337658,45.880911],[-64.337669,45.881361],[-64.338313,45.881353],[-64.338324,45.881803],[-64.338968,45.881796],[-64.338979,45.882245],[-64.340268,45.88223]]]},"properties":{"feature_id":"fiona-0200","category":"low_backscatter_no_longer_present","area_ha":1.0,"center_lon":-64.338963,"center_lat":45.881574,"threshold_db":-20.273,"polarization":"VH","interpretation":"candidate only; requires validation"}},{"type":"Feature","id":"fiona-0201","geometry":{"type":"Polygon","coordinates":[[[-64.328683,45.882816],[-64.328662,45.881916],[-64.329306,45.881908],[-64.329295,45.881458],[-64.329939,45.881451],[-64.329928,45.881001],[-64.330573,45.880994],[-64.330562,45.880544],[-64.329274,45.880559],[-64.329295,45.881458],[-64.328651,45.881466],[-64.328662,45.881916],[-64.328017,45.881923],[-64.328039,45.882823],[-64.328683,45.882816]]]},"properties":{"feature_id":"fiona-0201","category":"persistent_low_backscatter","area_ha":1.5,"center_lon":-64.329295,"center_lat":45.881684,"threshold_db":-20.273,"polarization":"VH","interpretation":"candidate only; requires validation"}},{"type":"Feature","id":"fiona-0202","geometry":{"type":"Polygon","coordinates":[[[-64.189503,45.882999],[-64.189493,45.882549],[-64.190137,45.882543],[-64.190128,45.882093],[-64.189484,45.882099],[-64.189474,45.88165],[-64.18883,45.881656],[-64.188839,45.882106],[-64.187551,45.88212],[-64.187561,45.88257],[-64.188205,45.882563],[-64.188214,45.883013],[-64.189503,45.882999]]]},"properties":{"feature_id":"fiona-0202","category":"persistent_low_backscatter","area_ha":1.75,"center_lon":-64.188844,"center_lat":45.882331,"threshold_db":-20.273,"polarization":"VH","interpretation":"candidate only; requires validation"}},{"type":"Feature","id":"fiona-0203","geometry":{"type":"Polygon","coordinates":[[[-64.360226,45.881544],[-64.360204,45.880645],[-64.361493,45.880629],[-64.361482,45.880179],[-64.360193,45.880195],[-64.360204,45.880645],[-64.35956,45.880652],[-64.359538,45.879752],[-64.358894,45.87976],[-64.358916,45.88066],[-64.35956,45.880652],[-64.359582,45.881552],[-64.360226,45.881544]]]},"properties":{"feature_id":"fiona-0203","category":"new_low_backscatter_after_fiona","area_ha":1.5,"center_lon":-64.360194,"center_lat":45.880652,"threshold_db":-20.273,"polarization":"VH","interpretation":"candidate only; requires validation"}},{"type":"Feature","id":"fiona-0204","geometry":{"type":"Polygon","coordinates":[[[-64.186916,45.882576],[-64.186897,45.881676],[-64.186253,45.881683],[-64.186243,45.881233],[-64.185599,45.88124],[-64.185628,45.88259],[-64.186916,45.882576]]]},"properties":{"feature_id":"fiona-0204","category":"persistent_low_backscatter","area_ha":1.25,"center_lon":-64.186257,"center_lat":45.881912,"threshold_db":-20.273,"polarization":"VH","interpretation":"candidate only; requires validation"}},{"type":"Feature","id":"fiona-0205","geometry":{"type":"Polygon","coordinates":[[[-64.187561,45.88257],[-64.187551,45.88212],[-64.188839,45.882106],[-64.18883,45.881656],[-64.186897,45.881676],[-64.186888,45.881226],[-64.186243,45.881233],[-64.186253,45.881683],[-64.186897,45.881676],[-64.186916,45.882576],[-64.187561,45.88257]]]},"properties":{"feature_id":"fiona-0205","category":"low_backscatter_no_longer_present","area_ha":1.25,"center_lon":-64.187541,"center_lat":45.881901,"threshold_db":-20.273,"polarization":"VH","interpretation":"candidate only; requires validation"}},{"type":"Feature","id":"fiona-0206","geometry":{"type":"Polygon","coordinates":[[[-64.332494,45.880521],[-64.332484,45.880071],[-64.334416,45.880049],[-64.334405,45.879599],[-64.332473,45.879621],[-64.332484,45.880071],[-64.331839,45.880079],[-64.33185,45.880529],[-64.332494,45.880521]]]},"properties":{"feature_id":"fiona-0206","category":"low_backscatter_no_longer_present","area_ha":1.0,"center_lon":-64.333128,"center_lat":45.880064,"threshold_db":-20.273,"polarization":"VH","interpretation":"candidate only; requires validation"}},{"type":"Feature","id":"fiona-0207","geometry":{"type":"Polygon","coordinates":[[[-64.361515,45.881529],[-64.361504,45.881079],[-64.362148,45.881071],[-64.362137,45.880622],[-64.360204,45.880645],[-64.36016,45.878845],[-64.359516,45.878853],[-64.35956,45.880652],[-64.360204,45.880645],[-64.360226,45.881544],[-64.361515,45.881529]]]},"properties":{"feature_id":"fiona-0207","category":"persistent_low_backscatter","area_ha":2.25,"center_lon":-64.360832,"center_lat":45.880195,"threshold_db":-20.273,"polarization":"VH","interpretation":"candidate only; requires validation"}},{"type":"Feature","id":"fiona-0208","geometry":{"type":"Polygon","coordinates":[[[-64.338324,45.881803],[-64.338313,45.881353],[-64.337669,45.881361],[-64.337637,45.880011],[-64.336993,45.880019],[-64.336982,45.879569],[-64.334405,45.879599],[-64.334395,45.879149],[-64.33375,45.879156],[-64.333761,45.879606],[-64.334405,45.879599],[-64.334416,45.880049],[-64.335704,45.880034],[-64.335715,45.880484],[-64.336359,45.880476],[-64.33637,45.880926],[-64.337014,45.880918],[-64.337025,45.881368],[-64.337669,45.881361],[-64.33768,45.881811],[-64.338324,45.881803]]]},"properties":{"feature_id":"fiona-0208","category":"persistent_low_backscatter","area_ha":3.0,"center_lon":-64.336037,"center_lat":45.88048,"threshold_db":-20.273,"polarization":"VH","interpretation":"candidate only; requires validation"}},{"type":"Feature","id":"fiona-0209","geometry":{"type":"Polygon","coordinates":[[[-64.344122,45.881735],[-64.344111,45.881285],[-64.344755,45.881278],[-64.344744,45.880828],[-64.345388,45.88082],[-64.345378,45.88037],[-64.346022,45.880363],[-64.346011,45.879913],[-64.346655,45.879905],[-64.346633,45.879005],[-64.347277,45.878998],[-64.347267,45.878548],[-64.346622,45.878555],[-64.346633,45.879005],[-64.345989,45.879013],[-64.346,45.879463],[-64.345356,45.87947],[-64.345378,45.88037],[-64.344733,45.880378],[-64.344744,45.880828],[-64.3441,45.880835],[-64.344111,45.881285],[-64.342823,45.8813],[-64.342833,45.88175],[-64.344122,45.881735]]]},"properties":{"feature_id":"fiona-0209","category":"low_backscatter_no_longer_present","area_ha":2.25,"center_lon":-64.34505,"center_lat":45.880149,"threshold_db":-20.273,"polarization":"VH","interpretation":"candidate only; requires validation"}},{"type":"Feature","id":"fiona-0210","geometry":{"type":"Polygon","coordinates":[[[-64.183667,45.88126],[-64.183657,45.88081],[-64.184301,45.880803],[-64.184292,45.880353],[-64.183003,45.880367],[-64.183013,45.880817],[-64.182369,45.880823],[-64.182378,45.881273],[-64.183667,45.88126]]]},"properties":{"feature_id":"fiona-0210","category":"low_backscatter_no_longer_present","area_ha":1.0,"center_lon":-64.183335,"center_lat":45.880813,"threshold_db":-20.273,"polarization":"VH","interpretation":"candidate only; requires validation"}},{"type":"Feature","id":"fiona-0211","geometry":{"type":"Polygon","coordinates":[[[-64.317678,45.880693],[-64.317657,45.879793],[-64.318301,45.879786],[-64.31828,45.878886],[-64.318924,45.878878],[-64.318914,45.878429],[-64.317625,45.878443],[-64.317657,45.879793],[-64.317013,45.879801],[-64.317024,45.88025],[-64.315735,45.880265],[-64.315746,45.880715],[-64.317678,45.880693]]]},"properties":{"feature_id":"fiona-0211","category":"low_backscatter_no_longer_present","area_ha":2.0,"center_lon":-64.317329,"center_lat":45.879572,"threshold_db":-20.273,"polarization":"VH","interpretation":"candidate only; requires validation"}},{"type":"Feature","id":"fiona-0212","geometry":{"type":"Polygon","coordinates":[[[-64.407193,45.878725],[-64.40717,45.877826],[-64.405882,45.877842],[-64.405871,45.877392],[-64.405227,45.8774],[-64.405215,45.87695],[-64.403283,45.876973],[-64.403294,45.877423],[-64.401362,45.877447],[-64.401351,45.876997],[-64.400707,45.877005],[-64.400695,45.876555],[-64.400051,45.876563],[-64.40004,45.876113],[-64.399396,45.876121],[-64.399407,45.876571],[-64.396831,45.876602],[-64.396819,45.876153],[-64.394887,45.876176],[-64.394898,45.876626],[-64.394254,45.876634],[-64.394266,45.877084],[-64.395554,45.877068],[-64.395542,45.876618],[-64.396831,45.876602],[-64.396842,45.877052],[-64.39813,45.877037],[-64.398141,45.877486],[-64.398786,45.877479],[-64.398774,45.877029],[-64.400062,45.877013],[-64.400085,45.877913],[-64.403306,45.877873],[-64.403294,45.877423],[-64.404583,45.877407],[-64.404617,45.878757],[-64.407193,45.878725]]]},"properties":{"feature_id":"fiona-0212","category":"new_low_backscatter_after_fiona","area_ha":8.25,"center_lon":-64.400723,"center_lat":45.877435,"threshold_db":-20.273,"polarization":"VH","interpretation":"candidate only; requires validation"}},{"type":"Feature","id":"fiona-0213","geometry":{"type":"Polygon","coordinates":[[[-64.348544,45.878083],[-64.348522,45.877183],[-64.347878,45.87719],[-64.347889,45.87764],[-64.347245,45.877648],[-64.347234,45.877198],[-64.34659,45.877206],[-64.346579,45.876756],[-64.345935,45.876763],[-64.345957,45.877663],[-64.347245,45.877648],[-64.347256,45.878098],[-64.348544,45.878083]]]},"properties":{"feature_id":"fiona-0213","category":"low_backscatter_no_longer_present","area_ha":1.5,"center_lon":-64.34724,"center_lat":45.877427,"threshold_db":-20.273,"polarization":"VH","interpretation":"candidate only; requires validation"}},{"type":"Feature","id":"fiona-0214","geometry":{"type":"Polygon","coordinates":[[[-64.188166,45.880763],[-64.188157,45.880313],[-64.188801,45.880306],[-64.188791,45.879857],[-64.19008,45.879843],[-64.190051,45.878493],[-64.18683,45.878527],[-64.18684,45.878977],[-64.186195,45.878983],[-64.186234,45.880783],[-64.188166,45.880763]]]},"properties":{"feature_id":"fiona-0214","category":"low_backscatter_no_longer_present","area_ha":6.0,"center_lon":-64.188137,"center_lat":45.879638,"threshold_db":-20.273,"polarization":"VH","interpretation":"candidate only; requires validation"}},{"type":"Feature","id":"fiona-0215","geometry":{"type":"Polygon","coordinates":[[[-64.318914,45.878429],[-64.318871,45.876629],[-64.318227,45.876636],[-64.318259,45.877986],[-64.317615,45.877994],[-64.317625,45.878443],[-64.318914,45.878429]]]},"properties":{"feature_id":"fiona-0215","category":"persistent_low_backscatter","area_ha":1.25,"center_lon":-64.318264,"center_lat":45.877536,"threshold_db":-20.273,"polarization":"VH","interpretation":"candidate only; requires validation"}},{"type":"Feature","id":"fiona-0216","geometry":{"type":"Polygon","coordinates":[[[-64.345946,45.877213],[-64.345935,45.876763],[-64.346579,45.876756],[-64.346557,45.875856],[-64.345913,45.875864],[-64.345924,45.876313],[-64.343992,45.876336],[-64.343981,45.875886],[-64.343337,45.875894],[-64.343326,45.875444],[-64.338173,45.875504],[-64.338184,45.875954],[-64.33754,45.875962],[-64.337551,45.876412],[-64.340127,45.876382],[-64.340116,45.875932],[-64.34076,45.875924],[-64.340771,45.876374],[-64.341415,45.876366],[-64.341437,45.877266],[-64.342081,45.877259],[-64.342059,45.876359],[-64.343992,45.876336],[-64.344003,45.876786],[-64.345291,45.876771],[-64.345302,45.877221],[-64.345946,45.877213]]]},"properties":{"feature_id":"fiona-0216","category":"persistent_low_backscatter","area_ha":6.25,"center_lon":-64.34206,"center_lat":45.876355,"threshold_db":-20.273,"polarization":"VH","interpretation":"candidate only; requires validation"}},{"type":"Feature","id":"fiona-0217","geometry":{"type":"Polygon","coordinates":[[[-64.19257,45.875767],[-64.192551,45.874867],[-64.191907,45.874874],[-64.191916,45.875324],[-64.190628,45.875337],[-64.190637,45.875787],[-64.19257,45.875767]]]},"properties":{"feature_id":"fiona-0217","category":"low_backscatter_no_longer_present","area_ha":1.0,"center_lon":-64.191599,"center_lat":45.875327,"threshold_db":-20.273,"polarization":"VH","interpretation":"candidate only; requires validation"}},{"type":"Feature","id":"fiona-0218","geometry":{"type":"Polygon","coordinates":[[[-64.319441,45.873472],[-64.31943,45.873022],[-64.320074,45.873015],[-64.320063,45.872565],[-64.320707,45.872557],[-64.320686,45.871658],[-64.32133,45.87165],[-64.32132,45.8712],[-64.320031,45.871215],[-64.320063,45.872565],[-64.318775,45.87258],[-64.318786,45.87303],[-64.318142,45.873037],[-64.318152,45.873487],[-64.319441,45.873472]]]},"properties":{"feature_id":"fiona-0218","category":"low_backscatter_no_longer_present","area_ha":2.0,"center_lon":-64.319736,"center_lat":45.872343,"threshold_db":-20.273,"polarization":"VH","interpretation":"candidate only; requires validation"}},{"type":"Feature","id":"fiona-0219","geometry":{"type":"Polygon","coordinates":[[[-64.233735,45.87263],[-64.233695,45.87083],[-64.233051,45.870837],[-64.233071,45.871737],[-64.232427,45.871744],[-64.232437,45.872194],[-64.233081,45.872187],[-64.233091,45.872637],[-64.233735,45.87263]]]},"properties":{"feature_id":"fiona-0219","category":"low_backscatter_no_longer_present","area_ha":1.25,"center_lon":-64.233081,"center_lat":45.871733,"threshold_db":-20.273,"polarization":"VH","interpretation":"candidate only; requires validation"}},{"type":"Feature","id":"fiona-0220","geometry":{"type":"Polygon","coordinates":[[[-64.331377,45.860733],[-64.331356,45.859833],[-64.330068,45.859848],[-64.33009,45.860748],[-64.331377,45.860733]]]},"properties":{"feature_id":"fiona-0220","category":"low_backscatter_no_longer_present","area_ha":1.0,"center_lon":-64.330723,"center_lat":45.860291,"threshold_db":-20.273,"polarization":"VH","interpretation":"candidate only; requires validation"}},{"type":"Feature","id":"fiona-0221","geometry":{"type":"Polygon","coordinates":[[[-64.353893,45.859568],[-64.353871,45.858668],[-64.353227,45.858676],[-64.353238,45.859126],[-64.352594,45.859133],[-64.352584,45.858684],[-64.35194,45.858691],[-64.351961,45.859591],[-64.353893,45.859568]]]},"properties":{"feature_id":"fiona-0221","category":"low_backscatter_no_longer_present","area_ha":1.25,"center_lon":-64.352916,"center_lat":45.85913,"threshold_db":-20.273,"polarization":"VH","interpretation":"candidate only; requires validation"}},{"type":"Feature","id":"fiona-0222","geometry":{"type":"Polygon","coordinates":[[[-64.346177,45.860109],[-64.346144,45.85876],[-64.345501,45.858767],[-64.34549,45.858317],[-64.344202,45.858332],[-64.344213,45.858782],[-64.344857,45.858775],[-64.344878,45.859675],[-64.344234,45.859682],[-64.344245,45.860132],[-64.346177,45.860109]]]},"properties":{"feature_id":"fiona-0222","category":"low_backscatter_no_longer_present","area_ha":2.25,"center_lon":-64.34519,"center_lat":45.859224,"threshold_db":-20.273,"polarization":"VH","interpretation":"candidate only; requires validation"}},{"type":"Feature","id":"fiona-0223","geometry":{"type":"Polygon","coordinates":[[[-64.349375,45.859172],[-64.349364,45.858722],[-64.350008,45.858714],[-64.349997,45.858264],[-64.350641,45.858257],[-64.35063,45.857807],[-64.348054,45.857837],[-64.348065,45.858287],[-64.348709,45.858279],[-64.348731,45.859179],[-64.349375,45.859172]]]},"properties":{"feature_id":"fiona-0223","category":"low_backscatter_no_longer_present","area_ha":1.75,"center_lon":-64.349347,"center_lat":45.858493,"threshold_db":-20.273,"polarization":"VH","interpretation":"candidate only; requires validation"}},{"type":"Feature","id":"fiona-0224","geometry":{"type":"Polygon","coordinates":[[[-64.35899,45.857257],[-64.358979,45.856808],[-64.359623,45.8568],[-64.35959,45.85545],[-64.358302,45.855465],[-64.358313,45.855915],[-64.357669,45.855923],[-64.35768,45.856373],[-64.358324,45.856365],[-64.358346,45.857265],[-64.35899,45.857257]]]},"properties":{"feature_id":"fiona-0224","category":"persistent_low_backscatter","area_ha":2.0,"center_lon":-64.358646,"center_lat":45.856358,"threshold_db":-20.273,"polarization":"VH","interpretation":"candidate only; requires validation"}},{"type":"Feature","id":"fiona-0225","geometry":{"type":"Polygon","coordinates":[[[-64.361521,45.855427],[-64.361499,45.854527],[-64.360856,45.854535],[-64.360866,45.854985],[-64.360223,45.854993],[-64.360212,45.854543],[-64.358924,45.854558],[-64.358935,45.855008],[-64.360223,45.854993],[-64.360234,45.855443],[-64.361521,45.855427]]]},"properties":{"feature_id":"fiona-0225","category":"persistent_low_backscatter","area_ha":1.25,"center_lon":-64.360222,"center_lat":45.854985,"threshold_db":-20.273,"polarization":"VH","interpretation":"candidate only; requires validation"}},{"type":"Feature","id":"fiona-0226","geometry":{"type":"Polygon","coordinates":[[[-64.336273,45.876877],[-64.336262,45.876427],[-64.336906,45.876419],[-64.336896,45.875969],[-64.336251,45.875977],[-64.336241,45.875527],[-64.335597,45.875535],[-64.335607,45.875984],[-64.332387,45.876022],[-64.332376,45.875572],[-64.331088,45.875587],[-64.331077,45.875137],[-64.329789,45.875152],[-64.329778,45.874702],[-64.32849,45.874717],[-64.328479,45.874267],[-64.327191,45.874282],[-64.32718,45.873833],[-64.326536,45.87384],[-64.326515,45.87294],[-64.325227,45.872955],[-64.325205,45.872055],[-64.324561,45.872063],[-64.324551,45.871613],[-64.323906,45.87162],[-64.323896,45.87117],[-64.32454,45.871163],[-64.324486,45.868913],[-64.32513,45.868906],[-64.32512,45.868456],[-64.325764,45.868449],[-64.325721,45.866649],[-64.326365,45.866641],[-64.326354,45.866192],[-64.326998,45.866184],[-64.326977,45.865284],[-64.327621,45.865277],[-64.32761,45.864827],[-64.328254,45.864819],[-64.328243,45.86437],[-64.328887,45.864362],[-64.328877,45.863912],[-64.331453,45.863882],[-64.331442,45.863432],[-64.332086,45.863425],[-64.332097,45.863875],[-64.33596,45.86383],[-64.33595,45.86338],[-64.339813,45.863334],[-64.339803,45.862884],[-64.341091,45.862869],[-64.341101,45.863319],[-64.342389,45.863304],[-64.342378,45.862854],[-64.343022,45.862847],[-64.343033,45.863297],[-64.343677,45.863289],[-64.343666,45.862839],[-64.346886,45.862801],[-64.346875,45.862351],[-64.347519,45.862344],[-64.347508,45.861894],[-64.350084,45.861863],[-64.350073,45.861413],[-64.350717,45.861406],[-64.350706,45.860956],[-64.352638,45.860933],[-64.352627,45.860483],[-64.353915,45.860468],[-64.353904,45.860018],[-64.354548,45.86001],[-64.354537,45.85956],[-64.355181,45.859553],[-64.35517,45.859103],[-64.355814,45.859095],[-64.355792,45.858196],[-64.356436,45.858188],[-64.356425,45.857738],[-64.357713,45.857723],[-64.357691,45.856823],[-64.357047,45.856831],[-64.357036,45.856381],[-64.356392,45.856388],[-64.356381,45.855938],[-64.357025,45.855931],[-64.356981,45.854131],[-64.356338,45.854139],[-64.356348,45.854589],[-64.355705,45.854596],[-64.355727,45.855496],[-64.35637,45.855488],[-64.356381,45.855938],[-64.355737,45.855946],[-64.355748,45.856396],[-64.356392,45.856388],[-64.356403,45.856838],[-64.355759,45.856846],[-64.35577,45.857296],[-64.355126,45.857303],[-64.355104,45.856404],[-64.353173,45.856426],[-64.353206,45.857776],[-64.351918,45.857791],[-64.351907,45.857341],[-64.352551,45.857334],[-64.35254,45.856884],[-64.351896,45.856892],[-64.351907,45.857341],[-64.351263,45.857349],[-64.351252,45.856899],[-64.350608,45.856907],[-64.350597,45.856457],[-64.351241,45.856449],[-64.35123,45.855999],[-64.351874,45.855992],[-64.351852,45.855092],[-64.352496,45.855084],[-64.352474,45.854185],[-64.351187,45.8542],[-64.351209,45.8551],[-64.350565,45.855107],[-64.350597,45.856457],[-64.34931,45.856472],[-64.34932,45.856922],[-64.348677,45.85693],[-64.348644,45.85558],[-64.348,45.855588],[-64.348033,45.856937],[-64.346745,45.856952],[-64.346734,45.856503],[-64.345446,45.856518],[-64.345457,45.856968],[-64.344813,45.856975],[-64.344835,45.857875],[-64.343547,45.85789],[-64.343569,45.85879],[-64.342925,45.858798],[-64.342914,45.858348],[-64.340982,45.85837],[-64.340972,45.85792],[-64.340328,45.857928],[-64.340317,45.857478],[-64.339673,45.857486],[-64.339684,45.857935],[-64.33904,45.857943],[-64.339051,45.858393],[-64.337763,45.858408],[-64.337774,45.858858],[-64.338417,45.85885],[-64.338439,45.85975],[-64.337795,45.859758],[-64.337784,45.859308],[-64.33714,45.859315],[-64.33713,45.858865],[-64.33391,45.858903],[-64.333889,45.858003],[-64.333245,45.858011],[-64.333277,45.859361],[-64.331989,45.859376],[-64.331978,45.858926],[-64.330691,45.858941],[-64.330701,45.859391],[-64.328769,45.859413],[-64.32878,45.859863],[-64.329424,45.859855],[-64.329446,45.860755],[-64.328802,45.860763],[-64.328812,45.861213],[-64.328168,45.86122],[-64.328158,45.86077],[-64.327514,45.860778],[-64.327524,45.861228],[-64.326237,45.861243],[-64.326226,45.860793],[-64.325582,45.8608],[-64.325593,45.86125],[-64.324949,45.861258],[-64.324959,45.861707],[-64.325603,45.8617],[-64.325614,45.86215],[-64.323682,45.862172],[-64.323661,45.861272],[-64.321085,45.861302],[-64.321074,45.860852],[-64.319143,45.860875],[-64.319121,45.859975],[-64.317833,45.85999],[-64.317844,45.86044],[-64.318488,45.860432],[-64.318499,45.860882],[-64.317211,45.860897],[-64.317221,45.861347],[-64.316577,45.861354],[-64.316588,45.861804],[-64.315944,45.861812],[-64.315923,45.860912],[-64.315279,45.860919],[-64.315268,45.860469],[-64.315912,45.860462],[-64.315902,45.860012],[-64.315258,45.860019],[-64.315268,45.860469],[-64.314624,45.860477],[-64.314646,45.861377],[-64.315289,45.861369],[-64.3153,45.861819],[-64.315944,45.861812],[-64.315955,45.862262],[-64.317887,45.862239],[-64.317876,45.861789],[-64.31852,45.861782],[-64.318531,45.862232],[-64.319174,45.862224],[-64.319185,45.862674],[-64.319829,45.862667],[-64.31984,45.863117],[-64.321772,45.863094],[-64.321782,45.863544],[-64.322426,45.863537],[-64.322437,45.863987],[-64.323081,45.863979],[-64.323134,45.866229],[-64.32249,45.866236],[-64.322501,45.866686],[-64.321857,45.866694],[-64.321889,45.868043],[-64.321245,45.868051],[-64.321277,45.869401],[-64.320633,45.869408],[-64.320644,45.869858],[-64.321288,45.869851],[-64.321298,45.8703],[-64.320654,45.870308],[-64.320675,45.871208],[-64.32132,45.8712],[-64.32133,45.87165],[-64.321974,45.871643],[-64.321985,45.872093],[-64.322629,45.872085],[-64.32264,45.872535],[-64.323284,45.872528],[-64.323294,45.872978],[-64.323939,45.87297],[-64.323949,45.87342],[-64.325237,45.873405],[-64.325248,45.873855],[-64.325892,45.873847],[-64.325903,45.874297],[-64.326547,45.87429],[-64.326558,45.87474],[-64.327202,45.874732],[-64.327212,45.875182],[-64.327857,45.875175],[-64.327867,45.875625],[-64.328511,45.875617],[-64.328522,45.876067],[-64.329166,45.87606],[-64.329145,45.87516],[-64.329789,45.875152],[-64.32981,45.876052],[-64.331099,45.876037],[-64.331109,45.876487],[-64.333042,45.876464],[-64.333052,45.876914],[-64.333697,45.876907],[-64.333686,45.876457],[-64.33433,45.876449],[-64.334341,45.876899],[-64.336273,45.876877]],[[-64.323928,45.87252],[-64.323284,45.872528],[-64.323262,45.871628],[-64.323906,45.87162],[-64.323928,45.87252]],[[-64.341734,45.862862],[-64.341091,45.862869],[-64.34108,45.862419],[-64.341724,45.862412],[-64.341734,45.862862]],[[-64.323704,45.863072],[-64.321772,45.863094],[-64.321761,45.862645],[-64.323049,45.86263],[-64.323038,45.86218],[-64.323682,45.862172],[-64.323704,45.863072]],[[-64.319164,45.861775],[-64.31852,45.861782],[-64.318499,45.860882],[-64.319143,45.860875],[-64.319164,45.861775]],[[-64.331377,45.860733],[-64.33009,45.860748],[-64.330068,45.859848],[-64.331356,45.859833],[-64.331377,45.860733]],[[-64.346177,45.860109],[-64.344245,45.860132],[-64.344234,45.859682],[-64.344878,45.859675],[-64.344857,45.858775],[-64.344213,45.858782],[-64.344202,45.858332],[-64.34549,45.858317],[-64.345501,45.858767],[-64.346144,45.85876],[-64.346177,45.860109]],[[-64.353893,45.859568],[-64.351961,45.859591],[-64.35194,45.858691],[-64.352584,45.858684],[-64.352594,45.859133],[-64.353238,45.859126],[-64.353227,45.858676],[-64.353871,45.858668],[-64.353893,45.859568]],[[-64.349375,45.859172],[-64.348731,45.859179],[-64.348709,45.858279],[-64.348065,45.858287],[-64.348054,45.857837],[-64.35063,45.857807],[-64.350641,45.858257],[-64.349997,45.858264],[-64.350008,45.858714],[-64.349364,45.858722],[-64.349375,45.859172]],[[-64.355148,45.858203],[-64.354504,45.858211],[-64.354482,45.857311],[-64.355126,45.857303],[-64.355148,45.858203]],[[-64.356425,45.857738],[-64.355781,45.857746],[-64.35577,45.857296],[-64.356414,45.857288],[-64.356425,45.857738]],[[-64.346767,45.857852],[-64.345479,45.857867],[-64.345457,45.856968],[-64.346745,45.856952],[-64.346767,45.857852]],[[-64.350619,45.857357],[-64.349975,45.857364],[-64.349964,45.856914],[-64.350608,45.856907],[-64.350619,45.857357]]]},"properties":{"feature_id":"fiona-0226","category":"persistent_low_backscatter","area_ha":167.25,"center_lon":-64.336168,"center_lat":45.865522,"threshold_db":-20.273,"polarization":"VH","interpretation":"candidate only; requires validation"}},{"type":"Feature","id":"fiona-0227","geometry":{"type":"Polygon","coordinates":[[[-64.361488,45.854077],[-64.361477,45.853628],[-64.36019,45.853643],[-64.360168,45.852743],[-64.359524,45.852751],[-64.359546,45.853651],[-64.358902,45.853658],[-64.358913,45.854108],[-64.361488,45.854077]]]},"properties":{"feature_id":"fiona-0227","category":"persistent_low_backscatter","area_ha":1.5,"center_lon":-64.360195,"center_lat":45.853426,"threshold_db":-20.273,"polarization":"VH","interpretation":"candidate only; requires validation"}},{"type":"Feature","id":"fiona-0228","geometry":{"type":"Polygon","coordinates":[[[-64.321782,45.863544],[-64.321772,45.863094],[-64.323704,45.863072],[-64.323682,45.862172],[-64.325614,45.86215],[-64.325603,45.8617],[-64.324959,45.861707],[-64.324949,45.861258],[-64.325593,45.86125],[-64.325582,45.8608],[-64.326226,45.860793],[-64.326237,45.861243],[-64.327524,45.861228],[-64.327514,45.860778],[-64.328158,45.86077],[-64.328168,45.86122],[-64.328812,45.861213],[-64.328802,45.860763],[-64.329446,45.860755],[-64.329424,45.859855],[-64.32878,45.859863],[-64.328769,45.859413],[-64.330701,45.859391],[-64.330691,45.858941],[-64.331978,45.858926],[-64.331989,45.859376],[-64.333277,45.859361],[-64.333245,45.858011],[-64.333889,45.858003],[-64.33391,45.858903],[-64.33713,45.858865],[-64.33714,45.859315],[-64.337784,45.859308],[-64.337795,45.859758],[-64.338439,45.85975],[-64.338417,45.85885],[-64.337774,45.858858],[-64.337763,45.858408],[-64.339051,45.858393],[-64.33904,45.857943],[-64.339684,45.857935],[-64.339673,45.857486],[-64.340317,45.857478],[-64.340328,45.857928],[-64.340972,45.85792],[-64.340982,45.85837],[-64.342914,45.858348],[-64.342925,45.858798],[-64.343569,45.85879],[-64.343547,45.85789],[-64.344835,45.857875],[-64.344813,45.856975],[-64.345457,45.856968],[-64.345479,45.857867],[-64.346767,45.857852],[-64.346745,45.856952],[-64.348033,45.856937],[-64.348,45.855588],[-64.348644,45.85558],[-64.348677,45.85693],[-64.34932,45.856922],[-64.34931,45.856472],[-64.350597,45.856457],[-64.350608,45.856907],[-64.349964,45.856914],[-64.349975,45.857364],[-64.350619,45.857357],[-64.350608,45.856907],[-64.351252,45.856899],[-64.351263,45.857349],[-64.351907,45.857341],[-64.351918,45.857791],[-64.353206,45.857776],[-64.353173,45.856426],[-64.355104,45.856404],[-64.355126,45.857303],[-64.354482,45.857311],[-64.354504,45.858211],[-64.355148,45.858203],[-64.355126,45.857303],[-64.35577,45.857296],[-64.355781,45.857746],[-64.356425,45.857738],[-64.356436,45.858188],[-64.358368,45.858165],[-64.358357,45.857715],[-64.359001,45.857707],[-64.359012,45.858157],[-64.359656,45.85815],[-64.359623,45.8568],[-64.358979,45.856808],[-64.35899,45.857257],[-64.358346,45.857265],[-64.358324,45.856365],[-64.35768,45.856373],[-64.357669,45.855923],[-64.358313,45.855915],[-64.358302,45.855465],[-64.35959,45.85545],[-64.359612,45.85635],[-64.360256,45.856342],[-64.360245,45.855892],[-64.361532,45.855877],[-64.361521,45.855427],[-64.362165,45.855419],[-64.362143,45.85452],[-64.362787,45.854512],[-64.362776,45.854062],[-64.36342,45.854054],[-64.363398,45.853155],[-64.364042,45.853147],[-64.364009,45.851797],[-64.364653,45.85179],[-64.364631,45.85089],[-64.365274,45.850882],[-64.365263,45.850432],[-64.365907,45.850424],[-64.365896,45.849975],[-64.367184,45.849959],[-64.367173,45.849509],[-64.365885,45.849525],[-64.365896,45.849975],[-64.365252,45.849982],[-64.365241,45.849532],[-64.363954,45.849548],[-64.363965,45.849998],[-64.360102,45.850044],[-64.360113,45.850494],[-64.356894,45.850532],[-64.356905,45.850982],[-64.353686,45.85102],[-64.353697,45.85147],[-64.350478,45.851508],[-64.350488,45.851958],[-64.347269,45.851996],[-64.34728,45.852446],[-64.344061,45.852484],[-64.344072,45.852934],[-64.340209,45.852979],[-64.34022,45.853429],[-64.337,45.853467],[-64.337011,45.853917],[-64.333792,45.853954],[-64.333803,45.854404],[-64.330583,45.854442],[-64.330594,45.854891],[-64.327375,45.854929],[-64.327385,45.855379],[-64.324166,45.855416],[-64.324177,45.855866],[-64.320957,45.855903],[-64.320968,45.856353],[-64.317104,45.856398],[-64.317115,45.856848],[-64.313896,45.856885],[-64.313906,45.857335],[-64.310687,45.857372],[-64.310697,45.857822],[-64.307478,45.857859],[-64.307488,45.858308],[-64.305557,45.858331],[-64.305567,45.85878],[-64.306855,45.858766],[-64.306865,45.859216],[-64.308153,45.859201],[-64.308164,45.859651],[-64.308808,45.859643],[-64.308818,45.860093],[-64.31075,45.860071],[-64.310761,45.860521],[-64.311405,45.860514],[-64.311415,45.860964],[-64.312059,45.860956],[-64.31207,45.861406],[-64.313358,45.861391],[-64.313368,45.861841],[-64.3153,45.861819],[-64.315289,45.861369],[-64.314646,45.861377],[-64.314624,45.860477],[-64.315268,45.860469],[-64.315279,45.860919],[-64.315923,45.860912],[-64.315944,45.861812],[-64.316588,45.861804],[-64.316577,45.861354],[-64.317221,45.861347],[-64.317211,45.860897],[-64.318499,45.860882],[-64.31852,45.861782],[-64.317876,45.861789],[-64.317887,45.862239],[-64.317243,45.862247],[-64.317253,45.862697],[-64.319185,45.862674],[-64.319174,45.862224],[-64.318531,45.862232],[-64.31852,45.861782],[-64.319164,45.861775],[-64.319143,45.860875],[-64.321074,45.860852],[-64.321085,45.861302],[-64.323661,45.861272],[-64.323682,45.862172],[-64.323038,45.86218],[-64.323049,45.86263],[-64.321761,45.862645],[-64.321772,45.863094],[-64.321128,45.863102],[-64.321138,45.863552],[-64.321782,45.863544]],[[-64.319143,45.860875],[-64.318499,45.860882],[-64.318488,45.860432],[-64.317844,45.86044],[-64.317833,45.85999],[-64.319121,45.859975],[-64.319143,45.860875]],[[-64.315912,45.860462],[-64.315268,45.860469],[-64.315258,45.860019],[-64.315902,45.860012],[-64.315912,45.860462]],[[-64.357713,45.857723],[-64.356425,45.857738],[-64.356414,45.857288],[-64.35577,45.857296],[-64.355759,45.856846],[-64.356403,45.856838],[-64.356392,45.856388],[-64.357036,45.856381],[-64.357047,45.856831],[-64.357691,45.856823],[-64.357713,45.857723]],[[-64.352551,45.857334],[-64.351907,45.857341],[-64.351896,45.856892],[-64.35254,45.856884],[-64.352551,45.857334]],[[-64.346745,45.856952],[-64.345457,45.856968],[-64.345446,45.856518],[-64.346734,45.856503],[-64.346745,45.856952]],[[-64.356392,45.856388],[-64.355748,45.856396],[-64.355737,45.855946],[-64.356381,45.855938],[-64.356392,45.856388]],[[-64.351241,45.856449],[-64.350597,45.856457],[-64.350565,45.855107],[-64.351209,45.8551],[-64.351187,45.8542],[-64.352474,45.854185],[-64.352496,45.855084],[-64.351852,45.855092],[-64.351874,45.855992],[-64.35123,45.855999],[-64.351241,45.856449]],[[-64.357025,45.855931],[-64.356381,45.855938],[-64.35637,45.855488],[-64.355727,45.855496],[-64.355705,45.854596],[-64.356348,45.854589],[-64.356338,45.854139],[-64.356981,45.854131],[-64.357025,45.855931]],[[-64.361521,45.855427],[-64.360234,45.855443],[-64.360223,45.854993],[-64.360866,45.854985],[-64.360856,45.854535],[-64.361499,45.854527],[-64.361521,45.855427]],[[-64.360223,45.854993],[-64.358935,45.855008],[-64.358924,45.854558],[-64.360212,45.854543],[-64.360223,45.854993]],[[-64.361488,45.854077],[-64.358913,45.854108],[-64.358902,45.853658],[-64.359546,45.853651],[-64.359524,45.852751],[-64.360168,45.852743],[-64.36019,45.853643],[-64.361477,45.853628],[-64.361488,45.854077]]]},"properties":{"feature_id":"fiona-0228","category":"low_backscatter_no_longer_present","area_ha":239.75,"center_lon":-64.33637,"center_lat":45.85653,"threshold_db":-20.273,"polarization":"VH","interpretation":"candidate only; requires validation"}}]}