{"type":"FeatureCollection","name":"July 2023 RCM low-backscatter change candidates","features":[{"type":"Feature","id":"july2023-0001","geometry":{"type":"Polygon","coordinates":[[[-64.052391,46.060753],[-64.052383,46.060303],[-64.051736,46.060309],[-64.051728,46.059859],[-64.051082,46.059865],[-64.051065,46.058965],[-64.051711,46.058959],[-64.051702,46.058509],[-64.051056,46.058515],[-64.051065,46.058965],[-64.050418,46.058971],[-64.050435,46.059871],[-64.051082,46.059865],[-64.05109,46.060315],[-64.051736,46.060309],[-64.051745,46.060759],[-64.052391,46.060753]]]},"properties":{"feature_id":"july2023-0001","event_id":"july2023","category":"persistent_low_backscatter","area_ha":1.25,"center_lon":-64.051404,"center_lat":46.059634,"threshold_db":-20.664,"polarization":"VH","interpretation":"candidate only; requires validation"}},{"type":"Feature","id":"july2023-0002","geometry":{"type":"Polygon","coordinates":[[[-64.052357,46.058953],[-64.052332,46.057604],[-64.052978,46.057598],[-64.052961,46.056698],[-64.052314,46.056704],[-64.052332,46.057604],[-64.051685,46.057609],[-64.051711,46.058959],[-64.052357,46.058953]]]},"properties":{"feature_id":"july2023-0002","event_id":"july2023","category":"new_low_backscatter_during_july2023","area_ha":1.25,"center_lon":-64.052332,"center_lat":46.057828,"threshold_db":-20.664,"polarization":"VH","interpretation":"candidate only; requires validation"}},{"type":"Feature","id":"july2023-0003","geometry":{"type":"Polygon","coordinates":[[[-64.454924,46.053187],[-64.454912,46.052737],[-64.455558,46.052729],[-64.455546,46.052279],[-64.4549,46.052287],[-64.454888,46.051838],[-64.454242,46.051846],[-64.454254,46.052296],[-64.453608,46.052304],[-64.453632,46.053204],[-64.454924,46.053187]]]},"properties":{"feature_id":"july2023-0003","event_id":"july2023","category":"new_low_backscatter_during_july2023","area_ha":1.5,"center_lon":-64.454583,"center_lat":46.052521,"threshold_db":-20.664,"polarization":"VH","interpretation":"candidate only; requires validation"}},{"type":"Feature","id":"july2023-0004","geometry":{"type":"Polygon","coordinates":[[[-64.089807,46.056802],[-64.089789,46.055902],[-64.089143,46.055909],[-64.089152,46.056359],[-64.088506,46.056365],[-64.088497,46.055915],[-64.08785,46.055921],[-64.087859,46.056371],[-64.088506,46.056365],[-64.088514,46.056815],[-64.089807,46.056802]]]},"properties":{"feature_id":"july2023-0004","event_id":"july2023","category":"new_low_backscatter_during_july2023","area_ha":1.0,"center_lon":-64.088829,"center_lat":46.056359,"threshold_db":-20.664,"polarization":"VH","interpretation":"candidate only; requires validation"}},{"type":"Feature","id":"july2023-0005","geometry":{"type":"Polygon","coordinates":[[[-64.097535,46.055378],[-64.097527,46.054928],[-64.096234,46.054941],[-64.096207,46.053591],[-64.095561,46.053597],[-64.095597,46.055397],[-64.097535,46.055378]]]},"properties":{"feature_id":"july2023-0005","event_id":"july2023","category":"new_low_backscatter_during_july2023","area_ha":1.5,"center_lon":-64.096548,"center_lat":46.054494,"threshold_db":-20.664,"polarization":"VH","interpretation":"candidate only; requires validation"}},{"type":"Feature","id":"july2023-0006","geometry":{"type":"Polygon","coordinates":[[[-64.061328,46.05482],[-64.061311,46.05392],[-64.060018,46.053932],[-64.060027,46.054382],[-64.05938,46.054388],[-64.059389,46.054838],[-64.061328,46.05482]]]},"properties":{"feature_id":"july2023-0006","event_id":"july2023","category":"new_low_backscatter_during_july2023","area_ha":1.25,"center_lon":-64.060354,"center_lat":46.054379,"threshold_db":-20.664,"polarization":"VH","interpretation":"candidate only; requires validation"}},{"type":"Feature","id":"july2023-0007","geometry":{"type":"Polygon","coordinates":[[[-63.979252,46.055553],[-63.979244,46.055103],[-63.978598,46.055109],[-63.97859,46.054659],[-63.977297,46.05467],[-63.977305,46.05512],[-63.977952,46.055114],[-63.97796,46.055564],[-63.979252,46.055553]]]},"properties":{"feature_id":"july2023-0007","event_id":"july2023","category":"new_low_backscatter_during_july2023","area_ha":1.0,"center_lon":-63.978274,"center_lat":46.055111,"threshold_db":-20.664,"polarization":"VH","interpretation":"candidate only; requires validation"}},{"type":"Feature","id":"july2023-0008","geometry":{"type":"Polygon","coordinates":[[[-64.005733,46.054423],[-64.005725,46.053973],[-64.004432,46.053984],[-64.004424,46.053534],[-64.003132,46.053546],[-64.00314,46.053996],[-64.004432,46.053984],[-64.00444,46.054434],[-64.005733,46.054423]]]},"properties":{"feature_id":"july2023-0008","event_id":"july2023","category":"new_low_backscatter_during_july2023","area_ha":1.0,"center_lon":-64.004433,"center_lat":46.053984,"threshold_db":-20.664,"polarization":"VH","interpretation":"candidate only; requires validation"}},{"type":"Feature","id":"july2023-0009","geometry":{"type":"Polygon","coordinates":[[[-64.096207,46.053591],[-64.09619,46.052691],[-64.095543,46.052697],[-64.095534,46.052247],[-64.094888,46.052254],[-64.094915,46.053603],[-64.096207,46.053591]]]},"properties":{"feature_id":"july2023-0009","event_id":"july2023","category":"persistent_low_backscatter","area_ha":1.25,"center_lon":-64.095548,"center_lat":46.052925,"threshold_db":-20.664,"polarization":"VH","interpretation":"candidate only; requires validation"}},{"type":"Feature","id":"july2023-0010","geometry":{"type":"Polygon","coordinates":[[[-63.998608,46.053585],[-63.9986,46.053135],[-63.997307,46.053147],[-63.997299,46.052697],[-63.996653,46.052702],[-63.996669,46.053602],[-63.998608,46.053585]]]},"properties":{"feature_id":"july2023-0010","event_id":"july2023","category":"new_low_backscatter_during_july2023","area_ha":1.0,"center_lon":-63.99763,"center_lat":46.05315,"threshold_db":-20.664,"polarization":"VH","interpretation":"candidate only; requires validation"}},{"type":"Feature","id":"july2023-0011","geometry":{"type":"Polygon","coordinates":[[[-64.076785,46.051976],[-64.076777,46.051526],[-64.07613,46.051532],[-64.076122,46.051082],[-64.074829,46.051094],[-64.074847,46.051994],[-64.076785,46.051976]]]},"properties":{"feature_id":"july2023-0011","event_id":"july2023","category":"new_low_backscatter_during_july2023","area_ha":1.25,"center_lon":-64.075807,"center_lat":46.051538,"threshold_db":-20.664,"polarization":"VH","interpretation":"candidate only; requires validation"}},{"type":"Feature","id":"july2023-0012","geometry":{"type":"Polygon","coordinates":[[[-64.085186,46.051896],[-64.085177,46.051446],[-64.085824,46.05144],[-64.085806,46.05054],[-64.08516,46.050546],[-64.085168,46.050996],[-64.084522,46.051002],[-64.084531,46.051452],[-64.083885,46.051458],[-64.083894,46.051908],[-64.085186,46.051896]]]},"properties":{"feature_id":"july2023-0012","event_id":"july2023","category":"persistent_low_backscatter","area_ha":1.25,"center_lon":-64.084855,"center_lat":46.051224,"threshold_db":-20.664,"polarization":"VH","interpretation":"candidate only; requires validation"}},{"type":"Feature","id":"july2023-0013","geometry":{"type":"Polygon","coordinates":[[[-64.091639,46.051385],[-64.091631,46.050935],[-64.090984,46.050941],[-64.090975,46.050491],[-64.090329,46.050497],[-64.09032,46.050047],[-64.089028,46.050059],[-64.089037,46.050509],[-64.090329,46.050497],[-64.090338,46.050947],[-64.090984,46.050941],[-64.090993,46.051391],[-64.091639,46.051385]]]},"properties":{"feature_id":"july2023-0013","event_id":"july2023","category":"persistent_low_backscatter","area_ha":1.0,"center_lon":-64.090333,"center_lat":46.050719,"threshold_db":-20.664,"polarization":"VH","interpretation":"candidate only; requires validation"}},{"type":"Feature","id":"july2023-0014","geometry":{"type":"Polygon","coordinates":[[[-64.027656,46.051528],[-64.027631,46.050178],[-64.026984,46.050184],[-64.026993,46.050634],[-64.026346,46.05064],[-64.026363,46.051539],[-64.027656,46.051528]]]},"properties":{"feature_id":"july2023-0014","event_id":"july2023","category":"new_low_backscatter_during_july2023","area_ha":1.25,"center_lon":-64.027001,"center_lat":46.050859,"threshold_db":-20.664,"polarization":"VH","interpretation":"candidate only; requires validation"}},{"type":"Feature","id":"july2023-0015","geometry":{"type":"Polygon","coordinates":[[[-64.03087,46.050599],[-64.030862,46.050149],[-64.030215,46.050155],[-64.030207,46.049705],[-64.029561,46.049711],[-64.029569,46.050161],[-64.028277,46.050172],[-64.028285,46.050622],[-64.029578,46.050611],[-64.029569,46.050161],[-64.030215,46.050155],[-64.030224,46.050605],[-64.03087,46.050599]]]},"properties":{"feature_id":"july2023-0015","event_id":"july2023","category":"new_low_backscatter_during_july2023","area_ha":1.0,"center_lon":-64.029573,"center_lat":46.050163,"threshold_db":-20.664,"polarization":"VH","interpretation":"candidate only; requires validation"}},{"type":"Feature","id":"july2023-0016","geometry":{"type":"Polygon","coordinates":[[[-64.081911,46.049677],[-64.081902,46.049227],[-64.078671,46.049258],[-64.07868,46.049708],[-64.081911,46.049677]]]},"properties":{"feature_id":"july2023-0016","event_id":"july2023","category":"persistent_low_backscatter","area_ha":1.25,"center_lon":-64.080291,"center_lat":46.049468,"threshold_db":-20.664,"polarization":"VH","interpretation":"candidate only; requires validation"}},{"type":"Feature","id":"july2023-0017","geometry":{"type":"Polygon","coordinates":[[[-64.300352,46.0492],[-64.300331,46.048301],[-64.300977,46.048293],[-64.300967,46.047843],[-64.300321,46.047851],[-64.3003,46.046951],[-64.300946,46.046943],[-64.300935,46.046494],[-64.299643,46.046508],[-64.299685,46.048308],[-64.299039,46.048315],[-64.299049,46.048765],[-64.298403,46.048772],[-64.298414,46.049222],[-64.300352,46.0492]]]},"properties":{"feature_id":"july2023-0017","event_id":"july2023","category":"new_low_backscatter_during_july2023","area_ha":2.75,"center_lon":-64.29969,"center_lat":46.047858,"threshold_db":-20.664,"polarization":"VH","interpretation":"candidate only; requires validation"}},{"type":"Feature","id":"july2023-0018","geometry":{"type":"Polygon","coordinates":[[[-64.067049,46.049817],[-64.067031,46.048917],[-64.066385,46.048923],[-64.066394,46.049373],[-64.065102,46.049385],[-64.06511,46.049835],[-64.067049,46.049817]]]},"properties":{"feature_id":"july2023-0018","event_id":"july2023","category":"new_low_backscatter_during_july2023","area_ha":1.0,"center_lon":-64.066075,"center_lat":46.049376,"threshold_db":-20.664,"polarization":"VH","interpretation":"candidate only; requires validation"}},{"type":"Feature","id":"july2023-0019","geometry":{"type":"Polygon","coordinates":[[[-64.045724,46.050014],[-64.045716,46.049564],[-64.04507,46.04957],[-64.045061,46.04912],[-64.044415,46.049126],[-64.044406,46.048676],[-64.04376,46.048682],[-64.043777,46.049582],[-64.04507,46.04957],[-64.045078,46.05002],[-64.045724,46.050014]]]},"properties":{"feature_id":"july2023-0019","event_id":"july2023","category":"new_low_backscatter_during_july2023","area_ha":1.0,"center_lon":-64.044742,"center_lat":46.049348,"threshold_db":-20.664,"polarization":"VH","interpretation":"candidate only; requires validation"}},{"type":"Feature","id":"july2023-0020","geometry":{"type":"Polygon","coordinates":[[[-64.070908,46.048881],[-64.070891,46.047981],[-64.071537,46.047975],[-64.071529,46.047525],[-64.072175,46.047519],[-64.072166,46.047069],[-64.07152,46.047075],[-64.071529,46.047525],[-64.070236,46.047537],[-64.070262,46.048887],[-64.070908,46.048881]]]},"properties":{"feature_id":"july2023-0020","event_id":"july2023","category":"new_low_backscatter_during_july2023","area_ha":1.25,"center_lon":-64.071205,"center_lat":46.047978,"threshold_db":-20.664,"polarization":"VH","interpretation":"candidate only; requires validation"}},{"type":"Feature","id":"july2023-0021","geometry":{"type":"Polygon","coordinates":[[[-64.039866,46.047817],[-64.039858,46.047367],[-64.040504,46.047361],[-64.040495,46.046912],[-64.041142,46.046906],[-64.041133,46.046456],[-64.040487,46.046462],[-64.040495,46.046912],[-64.039203,46.046923],[-64.039212,46.047373],[-64.038565,46.047379],[-64.038574,46.047829],[-64.039866,46.047817]]]},"properties":{"feature_id":"july2023-0021","event_id":"july2023","category":"new_low_backscatter_during_july2023","area_ha":1.25,"center_lon":-64.039853,"center_lat":46.047142,"threshold_db":-20.664,"polarization":"VH","interpretation":"candidate only; requires validation"}},{"type":"Feature","id":"july2023-0022","geometry":{"type":"Polygon","coordinates":[[[-64.044381,46.047326],[-64.044372,46.046876],[-64.045019,46.04687],[-64.04501,46.04642],[-64.045656,46.046414],[-64.045648,46.045964],[-64.044356,46.045976],[-64.044372,46.046876],[-64.04308,46.046888],[-64.043089,46.047338],[-64.044381,46.047326]]]},"properties":{"feature_id":"july2023-0022","event_id":"july2023","category":"new_low_backscatter_during_july2023","area_ha":1.25,"center_lon":-64.044368,"center_lat":46.046651,"threshold_db":-20.664,"polarization":"VH","interpretation":"candidate only; requires validation"}},{"type":"Feature","id":"july2023-0023","geometry":{"type":"Polygon","coordinates":[[[-64.052126,46.046805],[-64.052118,46.046355],[-64.051472,46.046361],[-64.051463,46.045911],[-64.050817,46.045917],[-64.050809,46.045467],[-64.049516,46.045479],[-64.049525,46.045929],[-64.050171,46.045923],[-64.050179,46.046373],[-64.049533,46.046379],[-64.049542,46.046829],[-64.052126,46.046805]]]},"properties":{"feature_id":"july2023-0023","event_id":"july2023","category":"new_low_backscatter_during_july2023","area_ha":2.0,"center_lon":-64.050821,"center_lat":46.046148,"threshold_db":-20.664,"polarization":"VH","interpretation":"candidate only; requires validation"}},{"type":"Feature","id":"july2023-0024","geometry":{"type":"Polygon","coordinates":[[[-64.070848,46.045731],[-64.070839,46.045281],[-64.070193,46.045287],[-64.070167,46.043937],[-64.069521,46.043943],[-64.069538,46.044843],[-64.068892,46.044849],[-64.068901,46.045299],[-64.069547,46.045293],[-64.069555,46.045743],[-64.070848,46.045731]]]},"properties":{"feature_id":"july2023-0024","event_id":"july2023","category":"new_low_backscatter_during_july2023","area_ha":1.5,"center_lon":-64.06987,"center_lat":46.04484,"threshold_db":-20.664,"polarization":"VH","interpretation":"candidate only; requires validation"}},{"type":"Feature","id":"july2023-0025","geometry":{"type":"Polygon","coordinates":[[[-64.072062,46.04167],[-64.072044,46.04077],[-64.073336,46.040758],[-64.073328,46.040308],[-64.072035,46.04032],[-64.072044,46.04077],[-64.071398,46.040776],[-64.071415,46.041676],[-64.072062,46.04167]]]},"properties":{"feature_id":"july2023-0025","event_id":"july2023","category":"new_low_backscatter_during_july2023","area_ha":1.0,"center_lon":-64.072367,"center_lat":46.040992,"threshold_db":-20.664,"polarization":"VH","interpretation":"candidate only; requires validation"}},{"type":"Feature","id":"july2023-0026","geometry":{"type":"Polygon","coordinates":[[[-64.291586,46.033549],[-64.291575,46.033099],[-64.292221,46.033092],[-64.292169,46.030842],[-64.291523,46.03085],[-64.291554,46.032199],[-64.290908,46.032207],[-64.290919,46.032657],[-64.291565,46.032649],[-64.291575,46.033099],[-64.290929,46.033107],[-64.29094,46.033556],[-64.291586,46.033549]]]},"properties":{"feature_id":"july2023-0026","event_id":"july2023","category":"new_low_backscatter_during_july2023","area_ha":1.75,"center_lon":-64.291564,"center_lat":46.032199,"threshold_db":-20.664,"polarization":"VH","interpretation":"candidate only; requires validation"}},{"type":"Feature","id":"july2023-0027","geometry":{"type":"Polygon","coordinates":[[[-64.080321,46.034392],[-64.080312,46.033942],[-64.080958,46.033935],[-64.080949,46.033486],[-64.081595,46.033479],[-64.081604,46.033929],[-64.08225,46.033923],[-64.082241,46.033473],[-64.082887,46.033467],[-64.082878,46.033017],[-64.082232,46.033023],[-64.082223,46.032573],[-64.080931,46.032586],[-64.080949,46.033486],[-64.079657,46.033498],[-64.079674,46.034398],[-64.080321,46.034392]]]},"properties":{"feature_id":"july2023-0027","event_id":"july2023","category":"new_low_backscatter_during_july2023","area_ha":2.25,"center_lon":-64.081272,"center_lat":46.033485,"threshold_db":-20.664,"polarization":"VH","interpretation":"candidate only; requires validation"}},{"type":"Feature","id":"july2023-0028","geometry":{"type":"Polygon","coordinates":[[[-64.438105,46.027749],[-64.438093,46.027299],[-64.437447,46.027307],[-64.437424,46.026407],[-64.436132,46.026424],[-64.436156,46.027323],[-64.436801,46.027315],[-64.436813,46.027765],[-64.438105,46.027749]]]},"properties":{"feature_id":"july2023-0028","event_id":"july2023","category":"persistent_low_backscatter","area_ha":1.5,"center_lon":-64.437118,"center_lat":46.027086,"threshold_db":-20.664,"polarization":"VH","interpretation":"candidate only; requires validation"}},{"type":"Feature","id":"july2023-0029","geometry":{"type":"Polygon","coordinates":[[[-64.090515,46.027094],[-64.090506,46.026644],[-64.08986,46.026651],[-64.089851,46.026201],[-64.090497,46.026195],[-64.090489,46.025745],[-64.091134,46.025738],[-64.091117,46.024839],[-64.090471,46.024845],[-64.090489,46.025745],[-64.089843,46.025751],[-64.089851,46.026201],[-64.08856,46.026213],[-64.088568,46.026663],[-64.089214,46.026657],[-64.089223,46.027107],[-64.090515,46.027094]]]},"properties":{"feature_id":"july2023-0029","event_id":"july2023","category":"new_low_backscatter_during_july2023","area_ha":1.75,"center_lon":-64.089847,"center_lat":46.025973,"threshold_db":-20.664,"polarization":"VH","interpretation":"candidate only; requires validation"}},{"type":"Feature","id":"july2023-0030","geometry":{"type":"Polygon","coordinates":[[[-64.095656,46.025695],[-64.09562,46.023895],[-64.094974,46.023902],[-64.09501,46.025701],[-64.095656,46.025695]]]},"properties":{"feature_id":"july2023-0030","event_id":"july2023","category":"new_low_backscatter_during_july2023","area_ha":1.0,"center_lon":-64.095315,"center_lat":46.024798,"threshold_db":-20.664,"polarization":"VH","interpretation":"candidate only; requires validation"}},{"type":"Feature","id":"july2023-0031","geometry":{"type":"Polygon","coordinates":[[[-64.087905,46.025769],[-64.087896,46.025319],[-64.088542,46.025313],[-64.088515,46.023963],[-64.08787,46.02397],[-64.087878,46.024419],[-64.087232,46.024426],[-64.087241,46.024876],[-64.086595,46.024882],[-64.086604,46.025332],[-64.08725,46.025325],[-64.087259,46.025775],[-64.087905,46.025769]]]},"properties":{"feature_id":"july2023-0031","event_id":"july2023","category":"new_low_backscatter_during_july2023","area_ha":1.75,"center_lon":-64.087569,"center_lat":46.024869,"threshold_db":-20.664,"polarization":"VH","interpretation":"candidate only; requires validation"}},{"type":"Feature","id":"july2023-0032","geometry":{"type":"Polygon","coordinates":[[[-64.100823,46.025646],[-64.100805,46.024746],[-64.100159,46.024752],[-64.10015,46.024302],[-64.098859,46.024314],[-64.09885,46.023864],[-64.099496,46.023858],[-64.099478,46.022958],[-64.098832,46.022965],[-64.09885,46.023864],[-64.096912,46.023883],[-64.09693,46.024783],[-64.097576,46.024777],[-64.097567,46.024327],[-64.098859,46.024314],[-64.098867,46.024764],[-64.099513,46.024758],[-64.099531,46.025658],[-64.100823,46.025646]]]},"properties":{"feature_id":"july2023-0032","event_id":"july2023","category":"new_low_backscatter_during_july2023","area_ha":3.0,"center_lon":-64.098868,"center_lat":46.024308,"threshold_db":-20.664,"polarization":"VH","interpretation":"candidate only; requires validation"}},{"type":"Feature","id":"july2023-0033","geometry":{"type":"Polygon","coordinates":[[[-64.099504,46.024308],[-64.099496,46.023858],[-64.09885,46.023864],[-64.098832,46.022965],[-64.09754,46.022977],[-64.097531,46.022527],[-64.096239,46.022539],[-64.096248,46.022989],[-64.09754,46.022977],[-64.097558,46.023877],[-64.09885,46.023864],[-64.098859,46.024314],[-64.099504,46.024308]]]},"properties":{"feature_id":"july2023-0033","event_id":"july2023","category":"persistent_low_backscatter","area_ha":1.75,"center_lon":-64.097871,"center_lat":46.023421,"threshold_db":-20.664,"polarization":"VH","interpretation":"candidate only; requires validation"}},{"type":"Feature","id":"july2023-0034","geometry":{"type":"Polygon","coordinates":[[[-64.322904,46.01924],[-64.322883,46.01834],[-64.321591,46.018355],[-64.321613,46.019255],[-64.322904,46.01924]]]},"properties":{"feature_id":"july2023-0034","event_id":"july2023","category":"persistent_low_backscatter","area_ha":1.0,"center_lon":-64.322248,"center_lat":46.018798,"threshold_db":-20.664,"polarization":"VH","interpretation":"candidate only; requires validation"}},{"type":"Feature","id":"july2023-0035","geometry":{"type":"Polygon","coordinates":[[[-64.088418,46.019014],[-64.088401,46.018114],[-64.087109,46.018127],[-64.087127,46.019026],[-64.088418,46.019014]]]},"properties":{"feature_id":"july2023-0035","event_id":"july2023","category":"new_low_backscatter_during_july2023","area_ha":1.0,"center_lon":-64.087763,"center_lat":46.01857,"threshold_db":-20.664,"polarization":"VH","interpretation":"candidate only; requires validation"}},{"type":"Feature","id":"july2023-0036","geometry":{"type":"Polygon","coordinates":[[[-64.070981,46.019179],[-64.070972,46.018729],[-64.072264,46.018717],[-64.072255,46.018267],[-64.070318,46.018285],[-64.070309,46.017835],[-64.069663,46.017841],[-64.06968,46.018741],[-64.070326,46.018735],[-64.070335,46.019185],[-64.070981,46.019179]]]},"properties":{"feature_id":"july2023-0036","event_id":"july2023","category":"new_low_backscatter_during_july2023","area_ha":1.5,"center_lon":-64.070964,"center_lat":46.01851,"threshold_db":-20.664,"polarization":"VH","interpretation":"candidate only; requires validation"}},{"type":"Feature","id":"july2023-0037","geometry":{"type":"Polygon","coordinates":[[[-64.072718,46.008812],[-64.072701,46.007912],[-64.071409,46.007924],[-64.071427,46.008824],[-64.072718,46.008812]]]},"properties":{"feature_id":"july2023-0037","event_id":"july2023","category":"new_low_backscatter_during_july2023","area_ha":1.0,"center_lon":-64.072063,"center_lat":46.008368,"threshold_db":-20.664,"polarization":"VH","interpretation":"candidate only; requires validation"}},{"type":"Feature","id":"july2023-0038","geometry":{"type":"Polygon","coordinates":[[[-64.063652,46.007547],[-64.063635,46.006647],[-64.061698,46.006665],[-64.061689,46.006215],[-64.060398,46.006227],[-64.060389,46.005777],[-64.059744,46.005783],[-64.05977,46.007133],[-64.062352,46.007109],[-64.062361,46.007559],[-64.063652,46.007547]]]},"properties":{"feature_id":"july2023-0038","event_id":"july2023","category":"new_low_backscatter_during_july2023","area_ha":3.0,"center_lon":-64.061698,"center_lat":46.006668,"threshold_db":-20.664,"polarization":"VH","interpretation":"candidate only; requires validation"}},{"type":"Feature","id":"july2023-0039","geometry":{"type":"Polygon","coordinates":[[[-64.024206,46.004757],[-64.024189,46.003857],[-64.023544,46.003863],[-64.023552,46.004313],[-64.022906,46.004319],[-64.022898,46.003869],[-64.022252,46.003874],[-64.022261,46.004324],[-64.022906,46.004319],[-64.022915,46.004769],[-64.024206,46.004757]]]},"properties":{"feature_id":"july2023-0039","event_id":"july2023","category":"new_low_backscatter_during_july2023","area_ha":1.0,"center_lon":-64.023229,"center_lat":46.004313,"threshold_db":-20.664,"polarization":"VH","interpretation":"candidate only; requires validation"}},{"type":"Feature","id":"july2023-0040","geometry":{"type":"Polygon","coordinates":[[[-64.306399,46.004129],[-64.306389,46.00368],[-64.30768,46.003665],[-64.307669,46.003215],[-64.308315,46.003207],[-64.308304,46.002758],[-64.30895,46.00275],[-64.308939,46.0023],[-64.309585,46.002293],[-64.309595,46.002743],[-64.310887,46.002728],[-64.310876,46.002278],[-64.312167,46.002263],[-64.312146,46.001363],[-64.3115,46.001371],[-64.31149,46.000921],[-64.310199,46.000936],[-64.310188,46.000486],[-64.309542,46.000493],[-64.309553,46.000943],[-64.308907,46.000951],[-64.308918,46.001401],[-64.308273,46.001408],[-64.308283,46.001858],[-64.307638,46.001865],[-64.307648,46.002315],[-64.307003,46.002322],[-64.307013,46.002772],[-64.306368,46.00278],[-64.306378,46.00323],[-64.305733,46.003237],[-64.305754,46.004137],[-64.306399,46.004129]]]},"properties":{"feature_id":"july2023-0040","event_id":"july2023","category":"persistent_low_backscatter","area_ha":7.5,"center_lon":-64.30895,"center_lat":46.002312,"threshold_db":-20.664,"polarization":"VH","interpretation":"candidate only; requires validation"}},{"type":"Feature","id":"july2023-0041","geometry":{"type":"Polygon","coordinates":[[[-64.0339,46.00512],[-64.033891,46.00467],[-64.035182,46.004658],[-64.035174,46.004208],[-64.03582,46.004202],[-64.035803,46.003302],[-64.034512,46.003314],[-64.03452,46.003764],[-64.032583,46.003782],[-64.032575,46.003332],[-64.031283,46.003343],[-64.031292,46.003793],[-64.030646,46.003799],[-64.030663,46.004699],[-64.031954,46.004687],[-64.031946,46.004237],[-64.032591,46.004232],[-64.032608,46.005131],[-64.0339,46.00512]]]},"properties":{"feature_id":"july2023-0041","event_id":"july2023","category":"new_low_backscatter_during_july2023","area_ha":5.0,"center_lon":-64.033233,"center_lat":46.004216,"threshold_db":-20.664,"polarization":"VH","interpretation":"candidate only; requires validation"}},{"type":"Feature","id":"july2023-0042","geometry":{"type":"Polygon","coordinates":[[[-64.038369,46.002379],[-64.03836,46.001929],[-64.037715,46.001935],[-64.037706,46.001485],[-64.036415,46.001497],[-64.036423,46.001947],[-64.037069,46.001941],[-64.037077,46.002391],[-64.038369,46.002379]]]},"properties":{"feature_id":"july2023-0042","event_id":"july2023","category":"new_low_backscatter_during_july2023","area_ha":1.0,"center_lon":-64.037392,"center_lat":46.001938,"threshold_db":-20.664,"polarization":"VH","interpretation":"candidate only; requires validation"}},{"type":"Feature","id":"july2023-0043","geometry":{"type":"Polygon","coordinates":[[[-64.015084,46.000338],[-64.015076,45.999888],[-64.013139,45.999905],[-64.013131,45.999455],[-64.01184,45.999467],[-64.011848,45.999917],[-64.013139,45.999905],[-64.013147,46.000355],[-64.015084,46.000338]]]},"properties":{"feature_id":"july2023-0043","event_id":"july2023","category":"low_backscatter_no_longer_present","area_ha":1.25,"center_lon":-64.013462,"center_lat":45.999905,"threshold_db":-20.664,"polarization":"VH","interpretation":"candidate only; requires validation"}},{"type":"Feature","id":"july2023-0044","geometry":{"type":"Polygon","coordinates":[[[-64.039609,45.999668],[-64.039593,45.998768],[-64.040238,45.998762],[-64.04023,45.998312],[-64.038939,45.998324],[-64.038964,45.999674],[-64.039609,45.999668]]]},"properties":{"feature_id":"july2023-0044","event_id":"july2023","category":"new_low_backscatter_during_july2023","area_ha":1.0,"center_lon":-64.039589,"center_lat":45.998993,"threshold_db":-20.664,"polarization":"VH","interpretation":"candidate only; requires validation"}},{"type":"Feature","id":"july2023-0045","geometry":{"type":"Polygon","coordinates":[[[-63.975015,45.998437],[-63.975007,45.997987],[-63.975653,45.997982],[-63.975645,45.997532],[-63.976291,45.997526],[-63.976283,45.997076],[-63.975637,45.997082],[-63.975645,45.997532],[-63.974354,45.997543],[-63.974362,45.997993],[-63.972425,45.998009],[-63.972433,45.998459],[-63.975015,45.998437]]]},"properties":{"feature_id":"july2023-0045","event_id":"july2023","category":"new_low_backscatter_during_july2023","area_ha":1.75,"center_lon":-63.974358,"center_lat":45.997767,"threshold_db":-20.664,"polarization":"VH","interpretation":"candidate only; requires validation"}},{"type":"Feature","id":"july2023-0046","geometry":{"type":"Polygon","coordinates":[[[-63.968512,45.995792],[-63.968504,45.995342],[-63.967859,45.995348],[-63.967851,45.994898],[-63.967205,45.994903],[-63.967197,45.994453],[-63.965906,45.994464],[-63.965914,45.994914],[-63.967205,45.994903],[-63.967213,45.995353],[-63.967859,45.995348],[-63.967867,45.995798],[-63.968512,45.995792]]]},"properties":{"feature_id":"july2023-0046","event_id":"july2023","category":"low_backscatter_no_longer_present","area_ha":1.0,"center_lon":-63.967209,"center_lat":45.995126,"threshold_db":-20.664,"polarization":"VH","interpretation":"candidate only; requires validation"}},{"type":"Feature","id":"july2023-0047","geometry":{"type":"Polygon","coordinates":[[[-64.324122,45.989075],[-64.3241,45.988175],[-64.32281,45.98819],[-64.322799,45.98774],[-64.322154,45.987747],[-64.322164,45.988197],[-64.32281,45.98819],[-64.322831,45.98909],[-64.324122,45.989075]]]},"properties":{"feature_id":"july2023-0047","event_id":"july2023","category":"low_backscatter_no_longer_present","area_ha":1.25,"center_lon":-64.323138,"center_lat":45.988415,"threshold_db":-20.664,"polarization":"VH","interpretation":"candidate only; requires validation"}},{"type":"Feature","id":"july2023-0048","geometry":{"type":"Polygon","coordinates":[[[-64.052995,46.058497],[-64.052986,46.058048],[-64.053633,46.058042],[-64.053616,46.057142],[-64.054262,46.057136],[-64.054236,46.055786],[-64.055529,46.055774],[-64.055512,46.054874],[-64.056158,46.054868],[-64.056149,46.054418],[-64.056795,46.054412],[-64.056787,46.053962],[-64.056141,46.053968],[-64.056123,46.053068],[-64.058062,46.05305],[-64.058054,46.052601],[-64.059992,46.052583],[-64.060001,46.053032],[-64.06194,46.053014],[-64.061948,46.053464],[-64.063887,46.053446],[-64.06387,46.052547],[-64.064516,46.052541],[-64.064507,46.052091],[-64.065153,46.052085],[-64.065145,46.051635],[-64.066437,46.051623],[-64.066411,46.050273],[-64.067704,46.050261],[-64.067721,46.051161],[-64.067075,46.051167],[-64.067083,46.051617],[-64.068376,46.051604],[-64.068384,46.052054],[-64.069031,46.052048],[-64.069057,46.053398],[-64.070995,46.05338],[-64.070987,46.05293],[-64.072925,46.052912],[-64.072917,46.052462],[-64.073563,46.052456],[-64.073572,46.052906],[-64.074218,46.0529],[-64.074209,46.05245],[-64.074855,46.052444],[-64.074829,46.051094],[-64.076122,46.051082],[-64.07613,46.051532],[-64.081946,46.051477],[-64.081937,46.051027],[-64.081291,46.051033],[-64.081282,46.050583],[-64.073528,46.050656],[-64.073537,46.051106],[-64.072891,46.051112],[-64.072882,46.050662],[-64.072236,46.050668],[-64.07221,46.049318],[-64.072856,46.049312],[-64.072821,46.047513],[-64.074113,46.047501],[-64.074096,46.046601],[-64.072803,46.046613],[-64.07276,46.044363],[-64.072114,46.044369],[-64.072105,46.043919],[-64.070167,46.043937],[-64.070193,46.045287],[-64.070839,46.045281],[-64.070848,46.045731],[-64.069555,46.045743],[-64.069547,46.045293],[-64.068901,46.045299],[-64.068892,46.044849],[-64.069538,46.044843],[-64.069512,46.043494],[-64.068866,46.0435],[-64.068857,46.04305],[-64.069503,46.043044],[-64.069486,46.042144],[-64.070778,46.042132],[-64.070769,46.041682],[-64.071415,46.041676],[-64.071398,46.040776],[-64.072044,46.04077],[-64.072035,46.04032],[-64.073328,46.040308],[-64.073301,46.038958],[-64.073948,46.038952],[-64.073939,46.038502],[-64.075231,46.03849],[-64.075214,46.03759],[-64.07586,46.037584],[-64.075851,46.037134],[-64.076497,46.037128],[-64.076479,46.036228],[-64.077125,46.036222],[-64.077117,46.035772],[-64.079701,46.035747],[-64.079692,46.035298],[-64.080984,46.035285],[-64.080975,46.034835],[-64.082267,46.034823],[-64.082259,46.034373],[-64.082905,46.034367],[-64.082896,46.033917],[-64.084834,46.033899],[-64.084843,46.034349],[-64.086135,46.034336],[-64.086117,46.033437],[-64.086763,46.03343],[-64.086737,46.032081],[-64.086091,46.032087],[-64.086082,46.031637],[-64.086728,46.031631],[-64.086701,46.030281],[-64.087347,46.030275],[-64.087356,46.030725],[-64.088002,46.030719],[-64.087993,46.030269],[-64.089285,46.030256],[-64.089267,46.029356],[-64.089913,46.02935],[-64.089904,46.0289],[-64.091196,46.028888],[-64.091188,46.028438],[-64.090542,46.028444],[-64.090515,46.027094],[-64.089223,46.027107],[-64.089214,46.026657],[-64.088568,46.026663],[-64.08856,46.026213],[-64.089851,46.026201],[-64.08986,46.026651],[-64.090506,46.026644],[-64.090497,46.026195],[-64.089851,46.026201],[-64.089843,46.025751],[-64.089197,46.025757],[-64.089188,46.025307],[-64.087896,46.025319],[-64.087905,46.025769],[-64.087259,46.025775],[-64.08725,46.025325],[-64.086604,46.025332],[-64.086595,46.024882],[-64.087241,46.024876],[-64.087232,46.024426],[-64.087878,46.024419],[-64.08787,46.02397],[-64.089807,46.023951],[-64.089825,46.024851],[-64.092408,46.024826],[-64.0924,46.024376],[-64.093046,46.02437],[-64.093028,46.02347],[-64.093674,46.023464],[-64.093665,46.023014],[-64.094311,46.023008],[-64.094284,46.021658],[-64.095576,46.021646],[-64.095585,46.022096],[-64.096231,46.02209],[-64.096222,46.02164],[-64.095576,46.021646],[-64.095558,46.020746],[-64.094912,46.020752],[-64.094903,46.020302],[-64.094257,46.020308],[-64.094275,46.021208],[-64.093629,46.021214],[-64.093647,46.022114],[-64.093001,46.02212],[-64.09301,46.02257],[-64.093656,46.022564],[-64.093665,46.023014],[-64.093019,46.02302],[-64.093028,46.02347],[-64.092382,46.023476],[-64.092373,46.023027],[-64.091727,46.023033],[-64.091745,46.023933],[-64.091099,46.023939],[-64.09109,46.023489],[-64.089798,46.023501],[-64.08979,46.023051],[-64.089144,46.023057],[-64.089135,46.022607],[-64.086551,46.022632],[-64.086525,46.021282],[-64.087171,46.021276],[-64.087144,46.019926],[-64.086498,46.019932],[-64.086481,46.019033],[-64.085835,46.019039],[-64.08587,46.020838],[-64.086516,46.020832],[-64.086525,46.021282],[-64.085879,46.021288],[-64.085923,46.023538],[-64.085277,46.023544],[-64.085286,46.023994],[-64.08464,46.024],[-64.084649,46.02445],[-64.084003,46.024456],[-64.084012,46.024906],[-64.082074,46.024925],[-64.082083,46.025375],[-64.080791,46.025387],[-64.080774,46.024487],[-64.081419,46.024481],[-64.081402,46.023581],[-64.082694,46.023569],[-64.082676,46.022669],[-64.083322,46.022663],[-64.083304,46.021763],[-64.08395,46.021757],[-64.083941,46.021307],[-64.083296,46.021313],[-64.083287,46.020863],[-64.081995,46.020875],[-64.081986,46.020425],[-64.080695,46.020437],[-64.080686,46.019988],[-64.078103,46.020012],[-64.078094,46.019562],[-64.077448,46.019568],[-64.077457,46.020018],[-64.076811,46.020024],[-64.07682,46.020474],[-64.075528,46.020486],[-64.075519,46.020036],[-64.074873,46.020042],[-64.074865,46.019592],[-64.074219,46.019598],[-64.074227,46.020048],[-64.073582,46.020054],[-64.073573,46.019605],[-64.07099,46.019629],[-64.070981,46.019179],[-64.071627,46.019173],[-64.071618,46.018723],[-64.070972,46.018729],[-64.070981,46.019179],[-64.070335,46.019185],[-64.070326,46.018735],[-64.06968,46.018741],[-64.069654,46.017391],[-64.071592,46.017373],[-64.071601,46.017823],[-64.070955,46.017829],[-64.070963,46.018279],[-64.072255,46.018267],[-64.072229,46.016917],[-64.072875,46.016911],[-64.072866,46.016461],[-64.073512,46.016455],[-64.073521,46.016905],[-64.074166,46.016899],[-64.074158,46.016449],[-64.074804,46.016443],[-64.074743,46.013293],[-64.075388,46.013287],[-64.075353,46.011487],[-64.075999,46.011481],[-64.07599,46.011031],[-64.076636,46.011025],[-64.076619,46.010125],[-64.077264,46.010119],[-64.077247,46.00922],[-64.077893,46.009213],[-64.077884,46.008764],[-64.077238,46.00877],[-64.077221,46.00787],[-64.076575,46.007876],[-64.076558,46.006976],[-64.075912,46.006982],[-64.075894,46.006082],[-64.075249,46.006088],[-64.07524,46.005638],[-64.074594,46.005644],[-64.074629,46.007444],[-64.071401,46.007474],[-64.071392,46.007024],[-64.069455,46.007043],[-64.069446,46.006593],[-64.068801,46.006599],[-64.068783,46.005699],[-64.068138,46.005705],[-64.068146,46.006155],[-64.066855,46.006167],[-64.066864,46.006617],[-64.063635,46.006647],[-64.063652,46.007547],[-64.062361,46.007559],[-64.062352,46.007109],[-64.05977,46.007133],[-64.059744,46.005783],[-64.060389,46.005777],[-64.060398,46.006227],[-64.061689,46.006215],[-64.061698,46.006665],[-64.062989,46.006653],[-64.062981,46.006203],[-64.061689,46.006215],[-64.061672,46.005315],[-64.062964,46.005303],[-64.062955,46.004853],[-64.063601,46.004847],[-64.063592,46.004397],[-64.062946,46.004403],[-64.062929,46.003503],[-64.063575,46.003497],[-64.063583,46.003947],[-64.064229,46.003941],[-64.06422,46.003491],[-64.064866,46.003485],[-64.064857,46.003035],[-64.066149,46.003023],[-64.066105,46.000774],[-64.06546,46.00078],[-64.065443,45.99988],[-64.064797,45.999886],[-64.064806,46.000336],[-64.06416,46.000342],[-64.064169,46.000792],[-64.061586,46.000816],[-64.061577,46.000366],[-64.060932,46.000372],[-64.06094,46.000822],[-64.059004,46.00084],[-64.058995,46.00039],[-64.057058,46.000408],[-64.05705,45.999958],[-64.055758,45.99997],[-64.05575,45.99952],[-64.055104,45.999526],[-64.055079,45.998176],[-64.055724,45.99817],[-64.055707,45.99727],[-64.056353,45.997264],[-64.056318,45.995464],[-64.055027,45.995476],[-64.055019,45.995026],[-64.052436,45.99505],[-64.052428,45.9946],[-64.051137,45.994612],[-64.051128,45.994162],[-64.049837,45.994174],[-64.049829,45.993724],[-64.049183,45.99373],[-64.049192,45.99418],[-64.048546,45.994186],[-64.048555,45.994636],[-64.047909,45.994642],[-64.047918,45.995092],[-64.047272,45.995098],[-64.047263,45.994648],[-64.044036,45.994677],[-64.044044,45.995127],[-64.043399,45.995133],[-64.04339,45.994683],[-64.042745,45.994689],[-64.042728,45.993789],[-64.042082,45.993795],[-64.042074,45.993345],[-64.041428,45.993351],[-64.04142,45.992901],[-64.042711,45.992889],[-64.042702,45.992439],[-64.043993,45.992427],[-64.043985,45.991977],[-64.045276,45.991966],[-64.045268,45.991516],[-64.045913,45.99151],[-64.045905,45.99106],[-64.045259,45.991066],[-64.045242,45.990166],[-64.044597,45.990172],[-64.044588,45.989722],[-64.043943,45.989728],[-64.043968,45.991078],[-64.043322,45.991083],[-64.043331,45.991533],[-64.042685,45.991539],[-64.042694,45.991989],[-64.042048,45.991995],[-64.042057,45.992445],[-64.039475,45.992469],[-64.039508,45.994268],[-64.040154,45.994263],[-64.040162,45.994712],[-64.038871,45.994724],[-64.038863,45.994274],[-64.038217,45.99428],[-64.038251,45.99608],[-64.038897,45.996074],[-64.038905,45.996524],[-64.039551,45.996518],[-64.039559,45.996968],[-64.038913,45.996974],[-64.038939,45.998324],[-64.038293,45.99833],[-64.038301,45.99878],[-64.037656,45.998785],[-64.037664,45.999235],[-64.036373,45.999247],[-64.036381,45.999697],[-64.035736,45.999703],[-64.035744,46.000153],[-64.035099,46.000159],[-64.035107,46.000609],[-64.034461,46.000614],[-64.03447,46.001064],[-64.033178,46.001076],[-64.033187,46.001526],[-64.032541,46.001532],[-64.03255,46.001982],[-64.029967,46.002005],[-64.029975,46.002455],[-64.02933,46.002461],[-64.029338,46.002911],[-64.028692,46.002917],[-64.028701,46.003367],[-64.028055,46.003372],[-64.028063,46.003822],[-64.027418,46.003828],[-64.027426,46.004278],[-64.02678,46.004284],[-64.026797,46.005184],[-64.026151,46.00519],[-64.02616,46.00564],[-64.025514,46.005645],[-64.025531,46.006545],[-64.024885,46.006551],[-64.024877,46.006101],[-64.024231,46.006107],[-64.024214,46.005207],[-64.023569,46.005213],[-64.02356,46.004763],[-64.022915,46.004769],[-64.022906,46.004319],[-64.022261,46.004324],[-64.022252,46.003874],[-64.022898,46.003869],[-64.02289,46.003419],[-64.022244,46.003425],[-64.022219,46.002075],[-64.021574,46.00208],[-64.021565,46.00163],[-64.020274,46.001642],[-64.020266,46.001192],[-64.017038,46.001221],[-64.017046,46.001671],[-64.0164,46.001677],[-64.016392,46.001227],[-64.015746,46.001232],[-64.01573,46.000332],[-64.012502,46.000361],[-64.012493,45.999911],[-64.011848,45.999917],[-64.01184,45.999467],[-64.010548,45.999478],[-64.01054,45.999028],[-64.009895,45.999034],[-64.009886,45.998584],[-64.00795,45.998601],[-64.007958,45.999051],[-64.007312,45.999057],[-64.007304,45.998607],[-64.006658,45.998613],[-64.006634,45.997263],[-64.00728,45.997257],[-64.007271,45.996807],[-64.007917,45.996801],[-64.007909,45.996352],[-64.007263,45.996357],[-64.007255,45.995907],[-64.006609,45.995913],[-64.006601,45.995463],[-64.005956,45.995469],[-64.005948,45.995019],[-64.004011,45.995036],[-64.004003,45.994586],[-64.000775,45.994614],[-64.000783,45.995064],[-63.99691,45.995098],[-63.996902,45.994648],[-63.996256,45.994654],[-63.996248,45.994204],[-63.995602,45.994209],[-63.99561,45.994659],[-63.994965,45.994665],[-63.994973,45.995115],[-63.995618,45.995109],[-63.995627,45.995559],[-63.994335,45.99557],[-63.994343,45.99602],[-63.993698,45.996026],[-63.993706,45.996476],[-63.99306,45.996482],[-63.993068,45.996931],[-63.991777,45.996943],[-63.991785,45.997393],[-63.99114,45.997398],[-63.991148,45.997848],[-63.990502,45.997854],[-63.990486,45.996954],[-63.989195,45.996965],[-63.989211,45.997865],[-63.988565,45.997871],[-63.988557,45.997421],[-63.987912,45.997426],[-63.98792,45.997876],[-63.985983,45.997893],[-63.985975,45.997443],[-63.983392,45.997465],[-63.9834,45.997915],[-63.982109,45.997926],[-63.982101,45.997476],[-63.977582,45.997515],[-63.977574,45.997065],[-63.976283,45.997076],[-63.976291,45.997526],[-63.975645,45.997532],[-63.975653,45.997982],[-63.975007,45.997987],[-63.975015,45.998437],[-63.971787,45.998464],[-63.971779,45.998015],[-63.971134,45.99802],[-63.971126,45.99757],[-63.97048,45.997576],[-63.970473,45.997126],[-63.968536,45.997142],[-63.968512,45.995792],[-63.967867,45.995798],[-63.967859,45.995348],[-63.967213,45.995353],[-63.967205,45.994903],[-63.965914,45.994914],[-63.965899,45.994014],[-63.965253,45.99402],[-63.965237,45.99312],[-63.963946,45.993131],[-63.963938,45.992681],[-63.962647,45.992692],[-63.962632,45.991792],[-63.961341,45.991803],[-63.961333,45.991353],[-63.960687,45.991358],[-63.960679,45.990908],[-63.960034,45.990913],[-63.960026,45.990464],[-63.95809,45.99048],[-63.958082,45.99003],[-63.956145,45.990046],[-63.956153,45.990496],[-63.955508,45.990501],[-63.955515,45.990951],[-63.95487,45.990957],[-63.954877,45.991407],[-63.954232,45.991412],[-63.95424,45.991862],[-63.952949,45.991873],[-63.952956,45.992323],[-63.951665,45.992334],[-63.951673,45.992784],[-63.951027,45.992789],[-63.951035,45.993239],[-63.949744,45.99325],[-63.949736,45.9928],[-63.949091,45.992805],[-63.949083,45.992355],[-63.948437,45.99236],[-63.949546,46.057154],[-63.954717,46.057111],[-63.954709,46.056661],[-63.955355,46.056655],[-63.955363,46.057105],[-63.956009,46.0571],[-63.956001,46.05665],[-63.957294,46.056639],[-63.957302,46.057089],[-63.957948,46.057084],[-63.957933,46.056184],[-63.959225,46.056173],[-63.95921,46.055273],[-63.959856,46.055267],[-63.959848,46.054818],[-63.963079,46.05479],[-63.963072,46.05434],[-63.966303,46.054313],[-63.966311,46.054763],[-63.96825,46.054747],[-63.968242,46.054297],[-63.968888,46.054291],[-63.968896,46.054741],[-63.970188,46.05473],[-63.970181,46.05428],[-63.970827,46.054275],[-63.970835,46.054725],[-63.971481,46.054719],[-63.971473,46.054269],[-63.973412,46.054253],[-63.97342,46.054703],[-63.974712,46.054692],[-63.97472,46.055142],[-63.977305,46.05512],[-63.977297,46.05467],[-63.97859,46.054659],[-63.978598,46.055109],[-63.981183,46.055086],[-63.981175,46.054636],[-63.981821,46.054631],[-63.981813,46.054181],[-63.98246,46.054175],[-63.982467,46.054625],[-63.986345,46.054592],[-63.986337,46.054142],[-63.98763,46.054131],[-63.987622,46.053681],[-63.988914,46.05367],[-63.988906,46.05322],[-63.989552,46.053214],[-63.98956,46.053664],[-63.992145,46.053642],[-63.992137,46.053192],[-63.995369,46.053164],[-63.99536,46.052714],[-63.997299,46.052697],[-63.997307,46.053147],[-63.9986,46.053135],[-63.998608,46.053585],[-64.004424,46.053534],[-64.004432,46.053984],[-64.005725,46.053973],[-64.005733,46.054423],[-64.008318,46.0544],[-64.008326,46.05485],[-64.010265,46.054833],[-64.010273,46.055283],[-64.011566,46.055272],[-64.011574,46.055721],[-64.013513,46.055704],[-64.013521,46.056154],[-64.014814,46.056143],[-64.014805,46.055693],[-64.015452,46.055687],[-64.01546,46.056137],[-64.016106,46.056131],[-64.016098,46.055681],[-64.016744,46.055676],[-64.016719,46.054326],[-64.017366,46.05432],[-64.017357,46.05387],[-64.019942,46.053847],[-64.019934,46.053397],[-64.021227,46.053386],[-64.021218,46.052936],[-64.022511,46.052924],[-64.022502,46.052474],[-64.023795,46.052463],[-64.023778,46.051563],[-64.024424,46.051557],[-64.024416,46.051107],[-64.025062,46.051101],[-64.025054,46.050651],[-64.026993,46.050634],[-64.026984,46.050184],[-64.027631,46.050178],[-64.027647,46.051078],[-64.028293,46.051072],[-64.028277,46.050172],[-64.029569,46.050161],[-64.029561,46.049711],[-64.030207,46.049705],[-64.030215,46.050155],[-64.032154,46.050137],[-64.032129,46.048787],[-64.034067,46.04877],[-64.034059,46.04832],[-64.034705,46.048314],[-64.034697,46.047864],[-64.036635,46.047847],[-64.036627,46.047397],[-64.037273,46.047391],[-64.037282,46.047841],[-64.038574,46.047829],[-64.038565,46.047379],[-64.039212,46.047373],[-64.039203,46.046923],[-64.040495,46.046912],[-64.040487,46.046462],[-64.041133,46.046456],[-64.041142,46.046906],[-64.042434,46.046894],[-64.042426,46.046444],[-64.043072,46.046438],[-64.04308,46.046888],[-64.044372,46.046876],[-64.044381,46.047326],[-64.045027,46.04732],[-64.045036,46.04777],[-64.045682,46.047764],[-64.04569,46.048214],[-64.045044,46.04822],[-64.04507,46.04957],[-64.045716,46.049564],[-64.045724,46.050014],[-64.047017,46.050002],[-64.047,46.049102],[-64.047646,46.049096],[-64.047629,46.048196],[-64.048921,46.048185],[-64.04893,46.048634],[-64.049576,46.048629],[-64.049593,46.049528],[-64.050239,46.049522],[-64.050256,46.050422],[-64.051549,46.05041],[-64.051531,46.049511],[-64.052178,46.049505],[-64.052186,46.049955],[-64.052832,46.049949],[-64.052841,46.050399],[-64.053487,46.050393],[-64.053496,46.050843],[-64.054142,46.050837],[-64.054151,46.051287],[-64.054797,46.051281],[-64.054822,46.05263],[-64.054176,46.052636],[-64.054185,46.053086],[-64.053539,46.053092],[-64.053556,46.053992],[-64.054202,46.053986],[-64.054228,46.055336],[-64.053581,46.055342],[-64.05359,46.055792],[-64.052944,46.055798],[-64.052952,46.056248],[-64.052306,46.056254],[-64.052314,46.056704],[-64.052961,46.056698],[-64.052978,46.057598],[-64.052332,46.057604],[-64.052349,46.058503],[-64.052995,46.058497]],[[-64.067049,46.049817],[-64.06511,46.049835],[-64.065102,46.049385],[-64.066394,46.049373],[-64.066385,46.048923],[-64.067031,46.048917],[-64.067049,46.049817]],[[-64.070908,46.048881],[-64.070262,46.048887],[-64.070236,46.047537],[-64.071529,46.047525],[-64.071537,46.047975],[-64.070891,46.047981],[-64.070908,46.048881]],[[-64.072175,46.047519],[-64.071529,46.047525],[-64.07152,46.047075],[-64.072166,46.047069],[-64.072175,46.047519]],[[-64.036627,46.047397],[-64.035981,46.047403],[-64.035972,46.046953],[-64.036618,46.046947],[-64.036627,46.047397]],[[-64.052126,46.046805],[-64.049542,46.046829],[-64.049533,46.046379],[-64.050179,46.046373],[-64.050171,46.045923],[-64.049525,46.045929],[-64.049516,46.045479],[-64.050809,46.045467],[-64.050817,46.045917],[-64.051463,46.045911],[-64.051472,46.046361],[-64.052118,46.046355],[-64.052126,46.046805]],[[-64.046311,46.046858],[-64.045665,46.046864],[-64.045656,46.046414],[-64.04501,46.04642],[-64.045019,46.04687],[-64.044372,46.046876],[-64.044356,46.045976],[-64.046294,46.045959],[-64.046285,46.045509],[-64.046932,46.045503],[-64.046949,46.046403],[-64.046302,46.046408],[-64.046311,46.046858]],[[-64.080321,46.034392],[-64.079674,46.034398],[-64.079657,46.033498],[-64.080949,46.033486],[-64.080958,46.033935],[-64.080312,46.033942],[-64.080321,46.034392]],[[-64.08225,46.033923],[-64.081604,46.033929],[-64.081595,46.033479],[-64.080949,46.033486],[-64.080931,46.032586],[-64.082223,46.032573],[-64.082232,46.033023],[-64.082878,46.033017],[-64.082887,46.033467],[-64.082241,46.033473],[-64.08225,46.033923]],[[-64.089904,46.0289],[-64.089259,46.028906],[-64.08925,46.028457],[-64.089896,46.02845],[-64.089904,46.0289]],[[-64.086578,46.023982],[-64.085932,46.023988],[-64.085923,46.023538],[-64.086569,46.023532],[-64.086578,46.023982]],[[-64.072718,46.008812],[-64.071427,46.008824],[-64.071409,46.007924],[-64.072701,46.007912],[-64.072718,46.008812]],[[-64.0339,46.00512],[-64.032608,46.005131],[-64.032591,46.004232],[-64.031946,46.004237],[-64.031954,46.004687],[-64.030663,46.004699],[-64.030646,46.003799],[-64.031292,46.003793],[-64.031283,46.003343],[-64.032575,46.003332],[-64.032583,46.003782],[-64.03452,46.003764],[-64.034512,46.003314],[-64.035803,46.003302],[-64.03582,46.004202],[-64.035174,46.004208],[-64.035182,46.004658],[-64.033891,46.00467],[-64.0339,46.00512]],[[-64.038369,46.002379],[-64.037077,46.002391],[-64.037069,46.001941],[-64.036423,46.001947],[-64.036415,46.001497],[-64.037706,46.001485],[-64.037715,46.001935],[-64.03836,46.001929],[-64.038369,46.002379]],[[-64.039609,45.999668],[-64.038964,45.999674],[-64.038939,45.998324],[-64.04023,45.998312],[-64.040238,45.998762],[-64.039593,45.998768],[-64.039609,45.999668]],[[-64.006667,45.999063],[-64.006021,45.999068],[-64.006013,45.998618],[-64.006658,45.998613],[-64.006667,45.999063]]]},"properties":{"feature_id":"july2023-0048","event_id":"july2023","category":"persistent_low_backscatter","area_ha":6097.0,"center_lon":-64.022334,"center_lat":46.024113,"threshold_db":-20.664,"polarization":"VH","interpretation":"candidate only; requires validation"}},{"type":"Feature","id":"july2023-0049","geometry":{"type":"Polygon","coordinates":[[[-64.045905,45.99106],[-64.045888,45.99016],[-64.045242,45.990166],[-64.045225,45.989266],[-64.04458,45.989272],[-64.044554,45.987922],[-64.045845,45.98791],[-64.045837,45.98746],[-64.044546,45.987472],[-64.04452,45.986122],[-64.043875,45.986128],[-64.043866,45.985678],[-64.043221,45.985684],[-64.04323,45.986134],[-64.043875,45.986128],[-64.043892,45.987028],[-64.043246,45.987034],[-64.043255,45.987484],[-64.044546,45.987472],[-64.044554,45.987922],[-64.043909,45.987928],[-64.043926,45.988828],[-64.04328,45.988834],[-64.043289,45.989284],[-64.043934,45.989278],[-64.043943,45.989728],[-64.044588,45.989722],[-64.044597,45.990172],[-64.045242,45.990166],[-64.045259,45.991066],[-64.045905,45.99106]]]},"properties":{"feature_id":"july2023-0049","event_id":"july2023","category":"new_low_backscatter_during_july2023","area_ha":4.0,"center_lon":-64.044563,"center_lat":45.988372,"threshold_db":-20.664,"polarization":"VH","interpretation":"candidate only; requires validation"}},{"type":"Feature","id":"july2023-0050","geometry":{"type":"Polygon","coordinates":[[[-64.043926,45.988828],[-64.043909,45.987928],[-64.044554,45.987922],[-64.044546,45.987472],[-64.047128,45.987449],[-64.047102,45.986099],[-64.045811,45.98611],[-64.04582,45.98656],[-64.045174,45.986566],[-64.045166,45.986116],[-64.04452,45.986122],[-64.044512,45.985672],[-64.043866,45.985678],[-64.043875,45.986128],[-64.04452,45.986122],[-64.044546,45.987472],[-64.043255,45.987484],[-64.04328,45.988834],[-64.043926,45.988828]]]},"properties":{"feature_id":"july2023-0050","event_id":"july2023","category":"persistent_low_backscatter","area_ha":4.0,"center_lon":-64.045192,"center_lat":45.987253,"threshold_db":-20.664,"polarization":"VH","interpretation":"candidate only; requires validation"}},{"type":"Feature","id":"july2023-0051","geometry":{"type":"Polygon","coordinates":[[[-64.047765,45.986993],[-64.047756,45.986543],[-64.048402,45.986537],[-64.048393,45.986087],[-64.047748,45.986093],[-64.047739,45.985643],[-64.047094,45.985649],[-64.047119,45.986999],[-64.047765,45.986993]]]},"properties":{"feature_id":"july2023-0051","event_id":"july2023","category":"new_low_backscatter_during_july2023","area_ha":1.0,"center_lon":-64.047748,"center_lat":45.986321,"threshold_db":-20.664,"polarization":"VH","interpretation":"candidate only; requires validation"}},{"type":"Feature","id":"july2023-0052","geometry":{"type":"Polygon","coordinates":[[[-64.369813,45.983136],[-64.369802,45.982686],[-64.370448,45.982678],[-64.370425,45.981778],[-64.36978,45.981786],[-64.369791,45.982236],[-64.369146,45.982244],[-64.369168,45.983144],[-64.369813,45.983136]]]},"properties":{"feature_id":"july2023-0052","event_id":"july2023","category":"low_backscatter_no_longer_present","area_ha":1.0,"center_lon":-64.369797,"center_lat":45.982461,"threshold_db":-20.664,"polarization":"VH","interpretation":"candidate only; requires validation"}},{"type":"Feature","id":"july2023-0053","geometry":{"type":"Polygon","coordinates":[[[-64.048393,45.986087],[-64.048376,45.985187],[-64.047731,45.985193],[-64.047714,45.984293],[-64.047068,45.984299],[-64.04706,45.983849],[-64.046414,45.983855],[-64.046423,45.984305],[-64.047068,45.984299],[-64.047094,45.985649],[-64.047739,45.985643],[-64.047748,45.986093],[-64.048393,45.986087]]]},"properties":{"feature_id":"july2023-0053","event_id":"july2023","category":"persistent_low_backscatter","area_ha":1.5,"center_lon":-64.047404,"center_lat":45.984971,"threshold_db":-20.664,"polarization":"VH","interpretation":"candidate only; requires validation"}},{"type":"Feature","id":"july2023-0054","geometry":{"type":"Polygon","coordinates":[[[-64.045786,45.984761],[-64.045769,45.983861],[-64.043187,45.983884],[-64.043196,45.984334],[-64.045132,45.984317],[-64.04514,45.984767],[-64.045786,45.984761]]]},"properties":{"feature_id":"july2023-0054","event_id":"july2023","category":"persistent_low_backscatter","area_ha":1.25,"center_lon":-64.044487,"center_lat":45.984314,"threshold_db":-20.664,"polarization":"VH","interpretation":"candidate only; requires validation"}},{"type":"Feature","id":"july2023-0055","geometry":{"type":"Polygon","coordinates":[[[-64.047085,45.985199],[-64.047068,45.984299],[-64.047714,45.984293],[-64.047705,45.983843],[-64.04706,45.983849],[-64.047043,45.982949],[-64.046397,45.982955],[-64.046406,45.983405],[-64.04447,45.983423],[-64.044478,45.983873],[-64.045769,45.983861],[-64.045794,45.985211],[-64.047085,45.985199]],[[-64.047068,45.984299],[-64.046423,45.984305],[-64.046414,45.983855],[-64.04706,45.983849],[-64.047068,45.984299]]]},"properties":{"feature_id":"july2023-0055","event_id":"july2023","category":"new_low_backscatter_during_july2023","area_ha":3.0,"center_lon":-64.046092,"center_lat":45.98408,"threshold_db":-20.664,"polarization":"VH","interpretation":"candidate only; requires validation"}},{"type":"Feature","id":"july2023-0056","geometry":{"type":"Polygon","coordinates":[[[-64.319422,45.981479],[-64.31939,45.980129],[-64.3181,45.980144],[-64.318132,45.981494],[-64.319422,45.981479]]]},"properties":{"feature_id":"july2023-0056","event_id":"july2023","category":"new_low_backscatter_during_july2023","area_ha":1.5,"center_lon":-64.318761,"center_lat":45.980812,"threshold_db":-20.664,"polarization":"VH","interpretation":"candidate only; requires validation"}},{"type":"Feature","id":"july2023-0057","geometry":{"type":"Polygon","coordinates":[[[-64.045735,45.982061],[-64.045718,45.981161],[-64.043137,45.981185],[-64.043153,45.982085],[-64.045735,45.982061]]]},"properties":{"feature_id":"july2023-0057","event_id":"july2023","category":"persistent_low_backscatter","area_ha":2.0,"center_lon":-64.044436,"center_lat":45.981623,"threshold_db":-20.664,"polarization":"VH","interpretation":"candidate only; requires validation"}},{"type":"Feature","id":"july2023-0058","geometry":{"type":"Polygon","coordinates":[[[-64.145715,45.978402],[-64.145706,45.977952],[-64.145061,45.977959],[-64.145051,45.977509],[-64.144406,45.977515],[-64.144415,45.977965],[-64.14377,45.977972],[-64.143779,45.978422],[-64.145715,45.978402]]]},"properties":{"feature_id":"july2023-0058","event_id":"july2023","category":"persistent_low_backscatter","area_ha":1.0,"center_lon":-64.144743,"center_lat":45.977965,"threshold_db":-20.664,"polarization":"VH","interpretation":"candidate only; requires validation"}},{"type":"Feature","id":"july2023-0059","geometry":{"type":"Polygon","coordinates":[[[-64.341868,45.975367],[-64.341824,45.973567],[-64.341179,45.973575],[-64.341222,45.975375],[-64.341868,45.975367]]]},"properties":{"feature_id":"july2023-0059","event_id":"july2023","category":"low_backscatter_no_longer_present","area_ha":1.0,"center_lon":-64.341523,"center_lat":45.974471,"threshold_db":-20.664,"polarization":"VH","interpretation":"candidate only; requires validation"}},{"type":"Feature","id":"july2023-0060","geometry":{"type":"Polygon","coordinates":[[[-64.342491,45.97446],[-64.34248,45.97401],[-64.343125,45.974002],[-64.343115,45.973552],[-64.341824,45.973567],[-64.341813,45.973118],[-64.341168,45.973125],[-64.341179,45.973575],[-64.341824,45.973567],[-64.341846,45.974467],[-64.342491,45.97446]]]},"properties":{"feature_id":"july2023-0060","event_id":"july2023","category":"new_low_backscatter_during_july2023","area_ha":1.0,"center_lon":-64.342146,"center_lat":45.973793,"threshold_db":-20.664,"polarization":"VH","interpretation":"candidate only; requires validation"}},{"type":"Feature","id":"july2023-0061","geometry":{"type":"Polygon","coordinates":[[[-64.345674,45.972622],[-64.345663,45.972172],[-64.345018,45.97218],[-64.344996,45.97128],[-64.344351,45.971288],[-64.344383,45.972637],[-64.345674,45.972622]]]},"properties":{"feature_id":"july2023-0061","event_id":"july2023","category":"new_low_backscatter_during_july2023","area_ha":1.0,"center_lon":-64.345012,"center_lat":45.971958,"threshold_db":-20.664,"polarization":"VH","interpretation":"candidate only; requires validation"}},{"type":"Feature","id":"july2023-0062","geometry":{"type":"Polygon","coordinates":[[[-64.286957,45.973299],[-64.286926,45.971949],[-64.285635,45.971963],[-64.285656,45.972863],[-64.286301,45.972856],[-64.286312,45.973306],[-64.286957,45.973299]]]},"properties":{"feature_id":"july2023-0062","event_id":"july2023","category":"low_backscatter_no_longer_present","area_ha":1.25,"center_lon":-64.286296,"center_lat":45.972628,"threshold_db":-20.664,"polarization":"VH","interpretation":"candidate only; requires validation"}},{"type":"Feature","id":"july2023-0063","geometry":{"type":"Polygon","coordinates":[[[-64.344427,45.974437],[-64.344416,45.973987],[-64.345706,45.973972],[-64.345685,45.973072],[-64.345039,45.97308],[-64.345029,45.97263],[-64.344383,45.972637],[-64.344372,45.972187],[-64.343727,45.972195],[-64.343738,45.972645],[-64.343093,45.972653],[-64.343082,45.972203],[-64.341792,45.972218],[-64.341781,45.971768],[-64.341135,45.971775],[-64.341114,45.970876],[-64.340469,45.970883],[-64.340512,45.972683],[-64.337931,45.972713],[-64.33792,45.972263],[-64.33663,45.972278],[-64.336619,45.971828],[-64.334683,45.971851],[-64.334672,45.971401],[-64.334027,45.971409],[-64.33407,45.973208],[-64.33278,45.973223],[-64.332791,45.973673],[-64.332145,45.973681],[-64.332156,45.974131],[-64.337318,45.97407],[-64.337307,45.97362],[-64.339888,45.97359],[-64.339899,45.97404],[-64.340545,45.974033],[-64.340555,45.974482],[-64.341201,45.974475],[-64.341168,45.973125],[-64.341813,45.973118],[-64.341824,45.973567],[-64.343115,45.973552],[-64.343125,45.974002],[-64.34248,45.97401],[-64.342491,45.97446],[-64.344427,45.974437]]]},"properties":{"feature_id":"july2023-0063","event_id":"july2023","category":"persistent_low_backscatter","area_ha":18.5,"center_lon":-64.338926,"center_lat":45.972679,"threshold_db":-20.664,"polarization":"VH","interpretation":"candidate only; requires validation"}},{"type":"Feature","id":"july2023-0064","geometry":{"type":"Polygon","coordinates":[[[-64.340512,45.972683],[-64.34049,45.971783],[-64.3392,45.971798],[-64.339189,45.971348],[-64.338544,45.971356],[-64.338533,45.970906],[-64.337888,45.970913],[-64.337899,45.971363],[-64.338544,45.971356],[-64.338555,45.971806],[-64.3392,45.971798],[-64.339211,45.972248],[-64.339856,45.972241],[-64.339867,45.97269],[-64.340512,45.972683]]]},"properties":{"feature_id":"july2023-0064","event_id":"july2023","category":"new_low_backscatter_during_july2023","area_ha":1.25,"center_lon":-64.3392,"center_lat":45.971798,"threshold_db":-20.664,"polarization":"VH","interpretation":"candidate only; requires validation"}},{"type":"Feature","id":"july2023-0065","geometry":{"type":"Polygon","coordinates":[[[-64.26044,45.970894],[-64.26043,45.970444],[-64.261075,45.970437],[-64.261065,45.969987],[-64.259774,45.970001],[-64.259764,45.969551],[-64.258474,45.969566],[-64.258484,45.970016],[-64.259774,45.970001],[-64.259795,45.970901],[-64.26044,45.970894]]]},"properties":{"feature_id":"july2023-0065","event_id":"july2023","category":"new_low_backscatter_during_july2023","area_ha":1.25,"center_lon":-64.259775,"center_lat":45.970226,"threshold_db":-20.664,"polarization":"VH","interpretation":"candidate only; requires validation"}},{"type":"Feature","id":"july2023-0066","geometry":{"type":"Polygon","coordinates":[[[-64.144286,45.971666],[-64.144276,45.971216],[-64.144922,45.97121],[-64.144912,45.97076],[-64.142977,45.970779],[-64.142986,45.971229],[-64.142341,45.971236],[-64.14235,45.971686],[-64.144286,45.971666]]]},"properties":{"feature_id":"july2023-0066","event_id":"july2023","category":"persistent_low_backscatter","area_ha":1.5,"center_lon":-64.143631,"center_lat":45.971223,"threshold_db":-20.664,"polarization":"VH","interpretation":"candidate only; requires validation"}},{"type":"Feature","id":"july2023-0067","geometry":{"type":"Polygon","coordinates":[[[-64.304939,45.969494],[-64.304918,45.968595],[-64.303628,45.968609],[-64.303638,45.969059],[-64.302993,45.969067],[-64.303004,45.969517],[-64.303649,45.969509],[-64.303638,45.969059],[-64.304284,45.969052],[-64.304294,45.969502],[-64.304939,45.969494]]]},"properties":{"feature_id":"july2023-0067","event_id":"july2023","category":"low_backscatter_no_longer_present","area_ha":1.0,"center_lon":-64.303966,"center_lat":45.969056,"threshold_db":-20.664,"polarization":"VH","interpretation":"candidate only; requires validation"}},{"type":"Feature","id":"july2023-0068","geometry":{"type":"Polygon","coordinates":[[[-64.283023,45.970643],[-64.283013,45.970193],[-64.283658,45.970186],[-64.283647,45.969736],[-64.284938,45.969721],[-64.284927,45.969271],[-64.285573,45.969264],[-64.285583,45.969714],[-64.286228,45.969707],[-64.286218,45.969257],[-64.285573,45.969264],[-64.285562,45.968814],[-64.283627,45.968836],[-64.283647,45.969736],[-64.283002,45.969743],[-64.283013,45.970193],[-64.282367,45.9702],[-64.282378,45.97065],[-64.283023,45.970643]]]},"properties":{"feature_id":"july2023-0068","event_id":"july2023","category":"low_backscatter_no_longer_present","area_ha":2.0,"center_lon":-64.284297,"center_lat":45.969732,"threshold_db":-20.664,"polarization":"VH","interpretation":"candidate only; requires validation"}},{"type":"Feature","id":"july2023-0069","geometry":{"type":"Polygon","coordinates":[[[-64.303638,45.969059],[-64.303628,45.968609],[-64.304918,45.968595],[-64.304908,45.968145],[-64.304262,45.968152],[-64.304241,45.967252],[-64.303596,45.96726],[-64.303617,45.968159],[-64.302327,45.968174],[-64.302316,45.967724],[-64.301026,45.967739],[-64.301015,45.967289],[-64.299725,45.967304],[-64.299757,45.968653],[-64.300402,45.968646],[-64.300391,45.968196],[-64.301036,45.968189],[-64.301047,45.968639],[-64.301692,45.968631],[-64.301703,45.969081],[-64.303638,45.969059]]]},"properties":{"feature_id":"july2023-0069","event_id":"july2023","category":"persistent_low_backscatter","area_ha":4.5,"center_lon":-64.302322,"center_lat":45.968167,"threshold_db":-20.664,"polarization":"VH","interpretation":"candidate only; requires validation"}},{"type":"Feature","id":"july2023-0070","geometry":{"type":"Polygon","coordinates":[[[-64.301015,45.967289],[-64.301005,45.966839],[-64.30165,45.966832],[-64.301629,45.965932],[-64.300339,45.965947],[-64.30036,45.966847],[-64.299715,45.966854],[-64.299725,45.967304],[-64.301015,45.967289]]]},"properties":{"feature_id":"july2023-0070","event_id":"july2023","category":"new_low_backscatter_during_july2023","area_ha":1.5,"center_lon":-64.300682,"center_lat":45.966618,"threshold_db":-20.664,"polarization":"VH","interpretation":"candidate only; requires validation"}},{"type":"Feature","id":"july2023-0071","geometry":{"type":"Polygon","coordinates":[[[-64.303512,45.96366],[-64.303491,45.962761],[-64.3022,45.962775],[-64.302221,45.963675],[-64.303512,45.96366]]]},"properties":{"feature_id":"july2023-0071","event_id":"july2023","category":"low_backscatter_no_longer_present","area_ha":1.0,"center_lon":-64.302856,"center_lat":45.963218,"threshold_db":-20.664,"polarization":"VH","interpretation":"candidate only; requires validation"}},{"type":"Feature","id":"july2023-0072","geometry":{"type":"Polygon","coordinates":[[[-64.252545,45.96423],[-64.252535,45.963781],[-64.25318,45.963773],[-64.25316,45.962874],[-64.25187,45.962888],[-64.25188,45.963338],[-64.252525,45.963331],[-64.252535,45.963781],[-64.25189,45.963788],[-64.2519,45.964238],[-64.252545,45.96423]]]},"properties":{"feature_id":"july2023-0072","event_id":"july2023","category":"new_low_backscatter_during_july2023","area_ha":1.0,"center_lon":-64.252525,"center_lat":45.963556,"threshold_db":-20.664,"polarization":"VH","interpretation":"candidate only; requires validation"}},{"type":"Feature","id":"july2023-0073","geometry":{"type":"Polygon","coordinates":[[[-64.146082,45.964898],[-64.146073,45.964448],[-64.146718,45.964441],[-64.146709,45.963992],[-64.144773,45.964011],[-64.144782,45.964461],[-64.145428,45.964454],[-64.145437,45.964904],[-64.146082,45.964898]]]},"properties":{"feature_id":"july2023-0073","event_id":"july2023","category":"new_low_backscatter_during_july2023","area_ha":1.0,"center_lon":-64.145746,"center_lat":45.964448,"threshold_db":-20.664,"polarization":"VH","interpretation":"candidate only; requires validation"}},{"type":"Feature","id":"july2023-0074","geometry":{"type":"Polygon","coordinates":[[[-64.268029,45.96406],[-64.268008,45.96316],[-64.268653,45.963153],[-64.268643,45.962703],[-64.267353,45.962717],[-64.267343,45.962267],[-64.266698,45.962274],[-64.266708,45.962724],[-64.267353,45.962717],[-64.267373,45.963617],[-64.266728,45.963624],[-64.266739,45.964074],[-64.268029,45.96406]]]},"properties":{"feature_id":"july2023-0074","event_id":"july2023","category":"new_low_backscatter_during_july2023","area_ha":1.5,"center_lon":-64.267675,"center_lat":45.96317,"threshold_db":-20.664,"polarization":"VH","interpretation":"candidate only; requires validation"}},{"type":"Feature","id":"july2023-0075","geometry":{"type":"Polygon","coordinates":[[[-64.280266,45.963023],[-64.280224,45.961224],[-64.278934,45.961238],[-64.278945,45.961688],[-64.27959,45.961681],[-64.279621,45.96303],[-64.280266,45.963023]]]},"properties":{"feature_id":"july2023-0075","event_id":"july2023","category":"persistent_low_backscatter","area_ha":1.25,"center_lon":-64.2796,"center_lat":45.962127,"threshold_db":-20.664,"polarization":"VH","interpretation":"candidate only; requires validation"}},{"type":"Feature","id":"july2023-0076","geometry":{"type":"Polygon","coordinates":[[[-64.320232,45.961218],[-64.32021,45.960319],[-64.31892,45.960333],[-64.318941,45.961233],[-64.320232,45.961218]]]},"properties":{"feature_id":"july2023-0076","event_id":"july2023","category":"persistent_low_backscatter","area_ha":1.0,"center_lon":-64.319576,"center_lat":45.960776,"threshold_db":-20.664,"polarization":"VH","interpretation":"candidate only; requires validation"}},{"type":"Feature","id":"july2023-0077","geometry":{"type":"Polygon","coordinates":[[[-64.141557,45.964493],[-64.141547,45.964043],[-64.142193,45.964037],[-64.142156,45.962237],[-64.142801,45.962231],[-64.142791,45.961781],[-64.142146,45.961787],[-64.142156,45.962237],[-64.140865,45.96225],[-64.140874,45.9627],[-64.139584,45.962713],[-64.139593,45.963163],[-64.138948,45.963169],[-64.138957,45.963619],[-64.138312,45.963625],[-64.138321,45.964075],[-64.140902,45.96405],[-64.140911,45.9645],[-64.141557,45.964493]]]},"properties":{"feature_id":"july2023-0077","event_id":"july2023","category":"persistent_low_backscatter","area_ha":4.75,"center_lon":-64.140557,"center_lat":45.963141,"threshold_db":-20.664,"polarization":"VH","interpretation":"candidate only; requires validation"}},{"type":"Feature","id":"july2023-0078","geometry":{"type":"Polygon","coordinates":[[[-64.222947,45.968151],[-64.222937,45.967701],[-64.223582,45.967694],[-64.223533,45.965445],[-64.224823,45.965431],[-64.224813,45.964981],[-64.225458,45.964974],[-64.225448,45.964524],[-64.226739,45.96451],[-64.226729,45.964061],[-64.227374,45.964054],[-64.227364,45.963604],[-64.228009,45.963597],[-64.227999,45.963147],[-64.23058,45.963119],[-64.23055,45.961769],[-64.231195,45.961762],[-64.231165,45.960413],[-64.228585,45.96044],[-64.228595,45.96089],[-64.22795,45.960897],[-64.22796,45.961347],[-64.227314,45.961354],[-64.227324,45.961804],[-64.226679,45.961811],[-64.226689,45.962261],[-64.226044,45.962268],[-64.226054,45.962718],[-64.225409,45.962725],[-64.225419,45.963175],[-64.224774,45.963181],[-64.224783,45.963631],[-64.223493,45.963645],[-64.223503,45.964095],[-64.222213,45.964109],[-64.222223,45.964559],[-64.221577,45.964566],[-64.221587,45.965016],[-64.222233,45.965009],[-64.222262,45.966359],[-64.221617,45.966365],[-64.221637,45.967265],[-64.222282,45.967258],[-64.222302,45.968158],[-64.222947,45.968151]]]},"properties":{"feature_id":"july2023-0078","event_id":"july2023","category":"persistent_low_backscatter","area_ha":19.25,"center_lon":-64.226386,"center_lat":45.964286,"threshold_db":-20.664,"polarization":"VH","interpretation":"candidate only; requires validation"}},{"type":"Feature","id":"july2023-0079","geometry":{"type":"Polygon","coordinates":[[[-64.23182,45.960856],[-64.23181,45.960406],[-64.233101,45.960392],[-64.233081,45.959492],[-64.232436,45.959499],[-64.232446,45.959949],[-64.231155,45.959963],[-64.231175,45.960863],[-64.23182,45.960856]]]},"properties":{"feature_id":"july2023-0079","event_id":"july2023","category":"new_low_backscatter_during_july2023","area_ha":1.25,"center_lon":-64.232128,"center_lat":45.960178,"threshold_db":-20.664,"polarization":"VH","interpretation":"candidate only; requires validation"}},{"type":"Feature","id":"july2023-0080","geometry":{"type":"Polygon","coordinates":[[[-64.262725,45.957818],[-64.262714,45.957368],[-64.264004,45.957354],[-64.263984,45.956454],[-64.263339,45.956461],[-64.263349,45.956911],[-64.262704,45.956918],[-64.262714,45.957368],[-64.262069,45.957375],[-64.262079,45.957825],[-64.262725,45.957818]]]},"properties":{"feature_id":"july2023-0080","event_id":"july2023","category":"low_backscatter_no_longer_present","area_ha":1.0,"center_lon":-64.263036,"center_lat":45.957139,"threshold_db":-20.664,"polarization":"VH","interpretation":"candidate only; requires validation"}},{"type":"Feature","id":"july2023-0081","geometry":{"type":"Polygon","coordinates":[[[-64.240187,45.959865],[-64.240167,45.958965],[-64.240812,45.958958],[-64.240802,45.958508],[-64.241447,45.958501],[-64.241427,45.957601],[-64.242072,45.957594],[-64.242062,45.957145],[-64.242707,45.957138],[-64.242677,45.955788],[-64.242032,45.955795],[-64.242052,45.956695],[-64.239471,45.956723],[-64.239482,45.957173],[-64.238836,45.95718],[-64.238826,45.95673],[-64.238181,45.956737],[-64.238171,45.956287],[-64.237526,45.956294],[-64.237536,45.956744],[-64.236891,45.956751],[-64.236901,45.957201],[-64.236256,45.957207],[-64.236266,45.957657],[-64.234976,45.957671],[-64.234986,45.958121],[-64.234341,45.958128],[-64.234351,45.958578],[-64.233706,45.958585],[-64.233716,45.959035],[-64.235006,45.959021],[-64.235016,45.959471],[-64.238241,45.959436],[-64.238251,45.959886],[-64.240187,45.959865]]]},"properties":{"feature_id":"july2023-0081","event_id":"july2023","category":"persistent_low_backscatter","area_ha":15.75,"center_lon":-64.238206,"center_lat":45.957837,"threshold_db":-20.664,"polarization":"VH","interpretation":"candidate only; requires validation"}},{"type":"Feature","id":"july2023-0082","geometry":{"type":"Polygon","coordinates":[[[-64.245076,45.976463],[-64.245065,45.976013],[-64.247647,45.975985],[-64.247637,45.975535],[-64.248282,45.975528],[-64.248272,45.975078],[-64.248917,45.975071],[-64.248897,45.974171],[-64.249542,45.974164],[-64.249532,45.973714],[-64.250177,45.973707],[-64.250167,45.973257],[-64.250812,45.97325],[-64.250792,45.97235],[-64.251437,45.972343],[-64.251427,45.971893],[-64.252072,45.971886],[-64.252062,45.971436],[-64.253353,45.971422],[-64.253343,45.970972],[-64.253988,45.970965],[-64.253968,45.970065],[-64.254613,45.970058],[-64.254592,45.969158],[-64.255238,45.969151],[-64.255227,45.968701],[-64.255873,45.968694],[-64.255862,45.968244],[-64.257153,45.96823],[-64.257143,45.96778],[-64.259078,45.967759],[-64.259048,45.966409],[-64.259693,45.966402],[-64.259683,45.965952],[-64.260328,45.965945],[-64.260318,45.965495],[-64.260963,45.965488],[-64.260973,45.965938],[-64.261618,45.965931],[-64.261608,45.965481],[-64.262898,45.965467],[-64.262919,45.966366],[-64.263564,45.966359],[-64.263554,45.965909],[-64.264199,45.965902],[-64.264189,45.965452],[-64.265479,45.965438],[-64.265469,45.964988],[-64.267404,45.964967],[-64.267384,45.964067],[-64.266093,45.964081],[-64.266104,45.964531],[-64.263523,45.96456],[-64.263533,45.96501],[-64.260953,45.965038],[-64.260932,45.964138],[-64.260287,45.964145],[-64.260256,45.962796],[-64.259611,45.962803],[-64.259571,45.961003],[-64.25828,45.961017],[-64.25827,45.960567],[-64.257625,45.960574],[-64.257615,45.960125],[-64.256325,45.960139],[-64.256314,45.959689],[-64.255669,45.959696],[-64.255659,45.959246],[-64.255014,45.959253],[-64.255004,45.958803],[-64.254359,45.95881],[-64.254349,45.95836],[-64.253704,45.958367],[-64.253693,45.957918],[-64.254339,45.95791],[-64.254318,45.957011],[-64.254963,45.957004],[-64.254953,45.956554],[-64.253663,45.956568],[-64.253653,45.956118],[-64.252363,45.956132],[-64.252353,45.955682],[-64.251708,45.955689],[-64.251697,45.955239],[-64.251052,45.955246],[-64.251042,45.954796],[-64.250397,45.954803],[-64.250407,45.955253],[-64.249762,45.95526],[-64.249752,45.954811],[-64.247817,45.954832],[-64.247827,45.955282],[-64.247182,45.955289],[-64.247232,45.957538],[-64.249168,45.957517],[-64.249158,45.957067],[-64.249803,45.95706],[-64.249793,45.95661],[-64.251083,45.956596],[-64.251103,45.957496],[-64.251748,45.957489],[-64.251758,45.957939],[-64.251113,45.957946],[-64.251154,45.959745],[-64.250509,45.959753],[-64.250519,45.960202],[-64.249874,45.96021],[-64.249904,45.961559],[-64.250549,45.961552],[-64.250559,45.962002],[-64.251204,45.961995],[-64.251235,45.963345],[-64.25188,45.963338],[-64.25187,45.962888],[-64.25316,45.962874],[-64.25318,45.963773],[-64.253825,45.963766],[-64.253836,45.964216],[-64.254481,45.964209],[-64.254542,45.966909],[-64.253251,45.966923],[-64.253282,45.968273],[-64.251991,45.968287],[-64.252012,45.969187],[-64.251366,45.969194],[-64.251387,45.970093],[-64.250741,45.970101],[-64.250752,45.97055],[-64.250106,45.970558],[-64.250116,45.971007],[-64.249471,45.971014],[-64.249491,45.971914],[-64.248846,45.971921],[-64.248856,45.972371],[-64.248211,45.972378],[-64.248221,45.972828],[-64.247576,45.972835],[-64.247586,45.973285],[-64.246941,45.973292],[-64.246961,45.974192],[-64.246316,45.974199],[-64.246326,45.974649],[-64.245035,45.974663],[-64.245045,45.975113],[-64.2444,45.97512],[-64.24441,45.97557],[-64.243765,45.975577],[-64.243775,45.976027],[-64.24442,45.97602],[-64.24443,45.97647],[-64.245076,45.976463]],[[-64.260318,45.965495],[-64.259672,45.965502],[-64.259662,45.965052],[-64.260307,45.965045],[-64.260318,45.965495]]]},"properties":{"feature_id":"july2023-0082","event_id":"july2023","category":"persistent_low_backscatter","area_ha":94.75,"center_lon":-64.255584,"center_lat":45.965633,"threshold_db":-20.664,"polarization":"VH","interpretation":"candidate only; requires validation"}},{"type":"Feature","id":"july2023-0083","geometry":{"type":"Polygon","coordinates":[[[-64.272922,45.952305],[-64.272891,45.950955],[-64.271601,45.950969],[-64.271612,45.951419],[-64.270967,45.951426],[-64.270987,45.952326],[-64.272922,45.952305]]]},"properties":{"feature_id":"july2023-0083","event_id":"july2023","category":"persistent_low_backscatter","area_ha":2.0,"center_lon":-64.271944,"center_lat":45.95164,"threshold_db":-20.664,"polarization":"VH","interpretation":"candidate only; requires validation"}},{"type":"Feature","id":"july2023-0084","geometry":{"type":"Polygon","coordinates":[[[-64.243927,45.953974],[-64.243916,45.953524],[-64.244562,45.953517],[-64.244551,45.953067],[-64.245196,45.95306],[-64.245186,45.95261],[-64.245831,45.952603],[-64.245821,45.952153],[-64.246466,45.952146],[-64.246456,45.951696],[-64.247101,45.951689],[-64.247071,45.95034],[-64.246426,45.950347],[-64.246416,45.949897],[-64.245126,45.949911],[-64.245136,45.950361],[-64.244491,45.950368],[-64.244511,45.951268],[-64.243866,45.951275],[-64.243916,45.953524],[-64.243271,45.953531],[-64.243282,45.953981],[-64.243927,45.953974]]]},"properties":{"feature_id":"july2023-0084","event_id":"july2023","category":"persistent_low_backscatter","area_ha":6.5,"center_lon":-64.245186,"center_lat":45.951939,"threshold_db":-20.664,"polarization":"VH","interpretation":"candidate only; requires validation"}},{"type":"Feature","id":"july2023-0085","geometry":{"type":"Polygon","coordinates":[[[-64.142616,45.953232],[-64.142579,45.951432],[-64.140644,45.951452],[-64.140653,45.951901],[-64.139363,45.951914],[-64.139372,45.952364],[-64.137437,45.952384],[-64.137428,45.951934],[-64.136783,45.95194],[-64.136764,45.95104],[-64.136119,45.951047],[-64.136138,45.951946],[-64.136783,45.95194],[-64.13681,45.95329],[-64.1381,45.953277],[-64.138091,45.952827],[-64.138736,45.952821],[-64.138745,45.953271],[-64.142616,45.953232]]]},"properties":{"feature_id":"july2023-0085","event_id":"july2023","category":"persistent_low_backscatter","area_ha":7.0,"center_lon":-64.139367,"center_lat":45.952165,"threshold_db":-20.664,"polarization":"VH","interpretation":"candidate only; requires validation"}},{"type":"Feature","id":"july2023-0086","geometry":{"type":"Polygon","coordinates":[[[-64.048427,45.953685],[-64.048393,45.951885],[-64.047748,45.951891],[-64.047782,45.953691],[-64.048427,45.953685]]]},"properties":{"feature_id":"july2023-0086","event_id":"july2023","category":"new_low_backscatter_during_july2023","area_ha":1.0,"center_lon":-64.048088,"center_lat":45.952788,"threshold_db":-20.664,"polarization":"VH","interpretation":"candidate only; requires validation"}},{"type":"Feature","id":"july2023-0087","geometry":{"type":"Polygon","coordinates":[[[-64.236781,45.951802],[-64.236771,45.951352],[-64.238706,45.951331],[-64.238696,45.950881],[-64.237406,45.950895],[-64.237396,45.950445],[-64.238041,45.950438],[-64.238031,45.949988],[-64.236741,45.950002],[-64.236751,45.950452],[-64.235461,45.950466],[-64.235481,45.951366],[-64.236126,45.951359],[-64.236136,45.951808],[-64.236781,45.951802]]]},"properties":{"feature_id":"july2023-0087","event_id":"july2023","category":"new_low_backscatter_during_july2023","area_ha":2.75,"center_lon":-64.237083,"center_lat":45.950898,"threshold_db":-20.664,"polarization":"VH","interpretation":"candidate only; requires validation"}},{"type":"Feature","id":"july2023-0088","geometry":{"type":"Polygon","coordinates":[[[-64.179981,45.950602],[-64.179942,45.948802],[-64.179297,45.948809],[-64.179288,45.948359],[-64.178643,45.948366],[-64.178633,45.947916],[-64.177343,45.947929],[-64.177353,45.948379],[-64.177998,45.948372],[-64.178027,45.949722],[-64.178672,45.949716],[-64.178681,45.950165],[-64.179326,45.950159],[-64.179336,45.950609],[-64.179981,45.950602]]]},"properties":{"feature_id":"july2023-0088","event_id":"july2023","category":"persistent_low_backscatter","area_ha":3.25,"center_lon":-64.178662,"center_lat":45.949263,"threshold_db":-20.664,"polarization":"VH","interpretation":"candidate only; requires validation"}},{"type":"Feature","id":"july2023-0089","geometry":{"type":"Polygon","coordinates":[[[-64.268325,45.948756],[-64.268294,45.947406],[-64.268939,45.947399],[-64.268919,45.946499],[-64.268274,45.946506],[-64.268294,45.947406],[-64.267649,45.947413],[-64.26768,45.948763],[-64.268325,45.948756]]]},"properties":{"feature_id":"july2023-0089","event_id":"july2023","category":"persistent_low_backscatter","area_ha":1.25,"center_lon":-64.268294,"center_lat":45.947631,"threshold_db":-20.664,"polarization":"VH","interpretation":"candidate only; requires validation"}},{"type":"Feature","id":"july2023-0090","geometry":{"type":"Polygon","coordinates":[[[-64.277968,45.947298],[-64.277937,45.945948],[-64.277292,45.945956],[-64.277282,45.945506],[-64.276637,45.945513],[-64.276648,45.945963],[-64.277292,45.945956],[-64.277323,45.947305],[-64.277968,45.947298]]]},"properties":{"feature_id":"july2023-0090","event_id":"july2023","category":"new_low_backscatter_during_july2023","area_ha":1.0,"center_lon":-64.277302,"center_lat":45.946405,"threshold_db":-20.664,"polarization":"VH","interpretation":"candidate only; requires validation"}},{"type":"Feature","id":"july2023-0091","geometry":{"type":"Polygon","coordinates":[[[-64.277323,45.947305],[-64.277292,45.945956],[-64.276648,45.945963],[-64.276637,45.945513],[-64.275347,45.945527],[-64.275378,45.946877],[-64.274733,45.946884],[-64.274744,45.947334],[-64.275389,45.947327],[-64.275378,45.946877],[-64.276668,45.946863],[-64.276679,45.947312],[-64.277323,45.947305]]]},"properties":{"feature_id":"july2023-0091","event_id":"july2023","category":"persistent_low_backscatter","area_ha":2.5,"center_lon":-64.276028,"center_lat":45.946423,"threshold_db":-20.664,"polarization":"VH","interpretation":"candidate only; requires validation"}},{"type":"Feature","id":"july2023-0092","geometry":{"type":"Polygon","coordinates":[[[-64.275378,45.946877],[-64.275347,45.945527],[-64.274057,45.945542],[-64.274068,45.945992],[-64.274713,45.945984],[-64.274733,45.946884],[-64.275378,45.946877]]]},"properties":{"feature_id":"july2023-0092","event_id":"july2023","category":"new_low_backscatter_during_july2023","area_ha":1.0,"center_lon":-64.274718,"center_lat":45.946205,"threshold_db":-20.664,"polarization":"VH","interpretation":"candidate only; requires validation"}},{"type":"Feature","id":"july2023-0093","geometry":{"type":"Polygon","coordinates":[[[-64.266349,45.946977],[-64.266318,45.945628],[-64.266963,45.945621],[-64.266953,45.945171],[-64.265663,45.945185],[-64.265704,45.946985],[-64.266349,45.946977]]]},"properties":{"feature_id":"july2023-0093","event_id":"july2023","category":"persistent_low_backscatter","area_ha":1.25,"center_lon":-64.266313,"center_lat":45.946078,"threshold_db":-20.664,"polarization":"VH","interpretation":"candidate only; requires validation"}},{"type":"Feature","id":"july2023-0094","geometry":{"type":"Polygon","coordinates":[[[-64.17023,45.947102],[-64.17022,45.946652],[-64.170865,45.946646],[-64.170856,45.946196],[-64.171501,45.946189],[-64.171491,45.945739],[-64.172136,45.945733],[-64.172127,45.945283],[-64.170837,45.945296],[-64.170856,45.946196],[-64.169566,45.946209],[-64.169585,45.947109],[-64.17023,45.947102]]]},"properties":{"feature_id":"july2023-0094","event_id":"july2023","category":"persistent_low_backscatter","area_ha":1.5,"center_lon":-64.170851,"center_lat":45.946196,"threshold_db":-20.664,"polarization":"VH","interpretation":"candidate only; requires validation"}},{"type":"Feature","id":"july2023-0095","geometry":{"type":"Polygon","coordinates":[[[-64.183726,45.944713],[-64.183707,45.943813],[-64.182417,45.943827],[-64.182436,45.944726],[-64.183726,45.944713]]]},"properties":{"feature_id":"july2023-0095","event_id":"july2023","category":"persistent_low_backscatter","area_ha":1.0,"center_lon":-64.183071,"center_lat":45.94427,"threshold_db":-20.664,"polarization":"VH","interpretation":"candidate only; requires validation"}},{"type":"Feature","id":"july2023-0096","geometry":{"type":"Polygon","coordinates":[[[-64.250789,45.943549],[-64.250759,45.942199],[-64.249469,45.942213],[-64.249479,45.942663],[-64.248189,45.942677],[-64.248199,45.943127],[-64.249489,45.943113],[-64.249479,45.942663],[-64.250124,45.942656],[-64.250144,45.943556],[-64.250789,45.943549]]]},"properties":{"feature_id":"july2023-0096","event_id":"july2023","category":"new_low_backscatter_during_july2023","area_ha":1.5,"center_lon":-64.249489,"center_lat":45.942878,"threshold_db":-20.664,"polarization":"VH","interpretation":"candidate only; requires validation"}},{"type":"Feature","id":"july2023-0097","geometry":{"type":"Polygon","coordinates":[[[-64.157919,45.944527],[-64.15791,45.944078],[-64.15662,45.944091],[-64.156601,45.943191],[-64.155311,45.943204],[-64.15532,45.943654],[-64.154675,45.94366],[-64.154694,45.94456],[-64.155339,45.944554],[-64.15532,45.943654],[-64.155965,45.943647],[-64.155984,45.944547],[-64.157919,45.944527]]]},"properties":{"feature_id":"july2023-0097","event_id":"july2023","category":"new_low_backscatter_during_july2023","area_ha":2.0,"center_lon":-64.156297,"center_lat":45.943876,"threshold_db":-20.664,"polarization":"VH","interpretation":"candidate only; requires validation"}},{"type":"Feature","id":"july2023-0098","geometry":{"type":"Polygon","coordinates":[[[-64.292042,45.94219],[-64.292001,45.94039],[-64.291356,45.940397],[-64.291366,45.940847],[-64.290721,45.940854],[-64.290732,45.941304],[-64.291377,45.941297],[-64.291397,45.942197],[-64.292042,45.94219]]]},"properties":{"feature_id":"july2023-0098","event_id":"july2023","category":"new_low_backscatter_during_july2023","area_ha":1.25,"center_lon":-64.291381,"center_lat":45.941294,"threshold_db":-20.664,"polarization":"VH","interpretation":"candidate only; requires validation"}},{"type":"Feature","id":"july2023-0099","geometry":{"type":"Polygon","coordinates":[[[-64.237466,45.953594],[-64.237456,45.953144],[-64.238746,45.95313],[-64.238736,45.95268],[-64.239381,45.952673],[-64.239361,45.951774],[-64.240006,45.951767],[-64.239966,45.949967],[-64.240611,45.94996],[-64.240571,45.94816],[-64.241216,45.948153],[-64.241206,45.947703],[-64.242496,45.947689],[-64.242486,45.947239],[-64.243776,45.947225],[-64.243755,45.946326],[-64.245045,45.946311],[-64.245035,45.945862],[-64.24568,45.945855],[-64.24567,45.945405],[-64.246315,45.945398],[-64.246305,45.944948],[-64.24695,45.944941],[-64.24694,45.944491],[-64.24823,45.944477],[-64.24822,45.944027],[-64.250154,45.944006],[-64.250124,45.942656],[-64.249479,45.942663],[-64.249469,45.942213],[-64.250759,45.942199],[-64.250749,45.941749],[-64.250104,45.941756],[-64.250094,45.941306],[-64.250739,45.941299],[-64.250728,45.940849],[-64.251373,45.940842],[-64.251353,45.939942],[-64.250708,45.939949],[-64.250698,45.939499],[-64.250053,45.939506],[-64.250063,45.939956],[-64.248774,45.93997],[-64.248763,45.939521],[-64.247474,45.939535],[-64.247514,45.941334],[-64.246869,45.941341],[-64.246889,45.942241],[-64.247534,45.942234],[-64.247554,45.943134],[-64.246265,45.943148],[-64.246285,45.944048],[-64.24564,45.944055],[-64.24565,45.944505],[-64.245005,45.944512],[-64.245015,45.944962],[-64.24437,45.944969],[-64.24439,45.945869],[-64.243745,45.945876],[-64.243755,45.946326],[-64.242466,45.94634],[-64.242476,45.946789],[-64.240541,45.94681],[-64.240551,45.94726],[-64.239906,45.947267],[-64.239926,45.948167],[-64.238636,45.948181],[-64.238666,45.949531],[-64.238021,45.949538],[-64.238041,45.950438],[-64.237396,45.950445],[-64.237406,45.950895],[-64.238696,45.950881],[-64.238706,45.951331],[-64.236771,45.951352],[-64.236781,45.951802],[-64.236136,45.951808],[-64.236126,45.951359],[-64.235481,45.951366],[-64.235461,45.950466],[-64.236751,45.950452],[-64.236721,45.949102],[-64.237366,45.949095],[-64.237356,45.948645],[-64.236711,45.948652],[-64.236681,45.947302],[-64.236036,45.947309],[-64.236026,45.946859],[-64.235381,45.946866],[-64.235421,45.948666],[-64.234131,45.94868],[-64.234141,45.94913],[-64.233496,45.949137],[-64.233506,45.949587],[-64.234151,45.94958],[-64.234181,45.95093],[-64.231601,45.950957],[-64.231631,45.952307],[-64.232276,45.9523],[-64.232286,45.95275],[-64.234221,45.952729],[-64.234231,45.953179],[-64.235521,45.953165],[-64.235531,45.953615],[-64.237466,45.953594]],[[-64.249489,45.943113],[-64.248199,45.943127],[-64.248189,45.942677],[-64.249479,45.942663],[-64.249489,45.943113]]]},"properties":{"feature_id":"july2023-0099","event_id":"july2023","category":"persistent_low_backscatter","area_ha":44.25,"center_lon":-64.241487,"center_lat":45.946557,"threshold_db":-20.664,"polarization":"VH","interpretation":"candidate only; requires validation"}},{"type":"Feature","id":"july2023-0100","geometry":{"type":"Polygon","coordinates":[[[-64.291969,45.93904],[-64.291948,45.93814],[-64.290659,45.938155],[-64.290669,45.938605],[-64.290024,45.938612],[-64.290035,45.939062],[-64.290679,45.939055],[-64.290669,45.938605],[-64.291314,45.938598],[-64.291324,45.939047],[-64.291969,45.93904]]]},"properties":{"feature_id":"july2023-0100","event_id":"july2023","category":"new_low_backscatter_during_july2023","area_ha":1.0,"center_lon":-64.290997,"center_lat":45.938601,"threshold_db":-20.664,"polarization":"VH","interpretation":"candidate only; requires validation"}},{"type":"Feature","id":"july2023-0101","geometry":{"type":"Polygon","coordinates":[[[-64.167546,45.942179],[-64.167536,45.941729],[-64.168181,45.941723],[-64.168162,45.940823],[-64.168807,45.940816],[-64.168788,45.939917],[-64.171368,45.93989],[-64.171359,45.93944],[-64.170714,45.939447],[-64.170704,45.938997],[-64.166835,45.939036],[-64.166844,45.939486],[-64.165555,45.9395],[-64.165564,45.939949],[-64.164919,45.939956],[-64.16491,45.939506],[-64.164265,45.939513],[-64.164274,45.939963],[-64.163629,45.939969],[-64.163648,45.940869],[-64.165583,45.940849],[-64.165592,45.941299],[-64.166237,45.941293],[-64.166256,45.942193],[-64.167546,45.942179]]]},"properties":{"feature_id":"july2023-0101","event_id":"july2023","category":"persistent_low_backscatter","area_ha":10.25,"center_lon":-64.167498,"center_lat":45.940595,"threshold_db":-20.664,"polarization":"VH","interpretation":"candidate only; requires validation"}},{"type":"Feature","id":"july2023-0102","geometry":{"type":"Polygon","coordinates":[[[-64.190031,45.937897],[-64.190012,45.936997],[-64.188722,45.937011],[-64.188742,45.937911],[-64.190031,45.937897]]]},"properties":{"feature_id":"july2023-0102","event_id":"july2023","category":"low_backscatter_no_longer_present","area_ha":1.0,"center_lon":-64.189377,"center_lat":45.937454,"threshold_db":-20.664,"polarization":"VH","interpretation":"candidate only; requires validation"}},{"type":"Feature","id":"july2023-0103","geometry":{"type":"Polygon","coordinates":[[[-64.177845,45.941174],[-64.177836,45.940724],[-64.177191,45.94073],[-64.177172,45.93983],[-64.177817,45.939824],[-64.177807,45.939374],[-64.178452,45.939367],[-64.178443,45.938917],[-64.179088,45.938911],[-64.179059,45.937561],[-64.179704,45.937554],[-64.179694,45.937104],[-64.17776,45.937124],[-64.17775,45.936674],[-64.177105,45.936681],[-64.177124,45.937581],[-64.17648,45.937587],[-64.176489,45.938037],[-64.175844,45.938044],[-64.175863,45.938944],[-64.176508,45.938937],[-64.176527,45.939837],[-64.175882,45.939844],[-64.175892,45.940294],[-64.176537,45.940287],[-64.176556,45.941187],[-64.177845,45.941174]]]},"properties":{"feature_id":"july2023-0103","event_id":"july2023","category":"persistent_low_backscatter","area_ha":7.25,"center_lon":-64.177774,"center_lat":45.93893,"threshold_db":-20.664,"polarization":"VH","interpretation":"candidate only; requires validation"}},{"type":"Feature","id":"july2023-0104","geometry":{"type":"Polygon","coordinates":[[[-64.220965,45.936671],[-64.220955,45.936221],[-64.22031,45.936228],[-64.2203,45.935778],[-64.21901,45.935792],[-64.21902,45.936242],[-64.219665,45.936235],[-64.219675,45.936685],[-64.220965,45.936671]]]},"properties":{"feature_id":"july2023-0104","event_id":"july2023","category":"low_backscatter_no_longer_present","area_ha":1.0,"center_lon":-64.219988,"center_lat":45.936231,"threshold_db":-20.664,"polarization":"VH","interpretation":"candidate only; requires validation"}},{"type":"Feature","id":"july2023-0105","geometry":{"type":"Polygon","coordinates":[[[-64.404079,45.934117],[-64.404056,45.933218],[-64.402122,45.933241],[-64.402133,45.933691],[-64.402778,45.933683],[-64.402789,45.934133],[-64.404079,45.934117]]]},"properties":{"feature_id":"july2023-0105","event_id":"july2023","category":"new_low_backscatter_during_july2023","area_ha":1.25,"center_lon":-64.4031,"center_lat":45.933675,"threshold_db":-20.664,"polarization":"VH","interpretation":"candidate only; requires validation"}},{"type":"Feature","id":"july2023-0106","geometry":{"type":"Polygon","coordinates":[[[-64.40021,45.934165],[-64.400199,45.933715],[-64.400844,45.933707],[-64.400821,45.932807],[-64.400176,45.932815],[-64.400188,45.933265],[-64.399543,45.933273],[-64.399566,45.934173],[-64.40021,45.934165]]]},"properties":{"feature_id":"july2023-0106","event_id":"july2023","category":"low_backscatter_no_longer_present","area_ha":1.0,"center_lon":-64.400194,"center_lat":45.93349,"threshold_db":-20.664,"polarization":"VH","interpretation":"candidate only; requires validation"}},{"type":"Feature","id":"july2023-0107","geometry":{"type":"Polygon","coordinates":[[[-64.260239,45.933544],[-64.260208,45.932194],[-64.260853,45.932187],[-64.260832,45.931288],[-64.260188,45.931295],[-64.260208,45.932194],[-64.258918,45.932209],[-64.258939,45.933109],[-64.259584,45.933101],[-64.259594,45.933551],[-64.260239,45.933544]]]},"properties":{"feature_id":"july2023-0107","event_id":"july2023","category":"persistent_low_backscatter","area_ha":1.75,"center_lon":-64.259885,"center_lat":45.93242,"threshold_db":-20.664,"polarization":"VH","interpretation":"candidate only; requires validation"}},{"type":"Feature","id":"july2023-0108","geometry":{"type":"Polygon","coordinates":[[[-64.19186,45.932928],[-64.19185,45.932478],[-64.19314,45.932464],[-64.19313,45.932015],[-64.191196,45.932035],[-64.191215,45.932935],[-64.19186,45.932928]]]},"properties":{"feature_id":"july2023-0108","event_id":"july2023","category":"new_low_backscatter_during_july2023","area_ha":1.0,"center_lon":-64.192168,"center_lat":45.932475,"threshold_db":-20.664,"polarization":"VH","interpretation":"candidate only; requires validation"}},{"type":"Feature","id":"july2023-0109","geometry":{"type":"Polygon","coordinates":[[[-64.186673,45.931632],[-64.186653,45.930732],[-64.185364,45.930745],[-64.185383,45.931645],[-64.186673,45.931632]]]},"properties":{"feature_id":"july2023-0109","event_id":"july2023","category":"persistent_low_backscatter","area_ha":1.0,"center_lon":-64.186019,"center_lat":45.931189,"threshold_db":-20.664,"polarization":"VH","interpretation":"candidate only; requires validation"}},{"type":"Feature","id":"july2023-0110","geometry":{"type":"Polygon","coordinates":[[[-64.451029,45.92903],[-64.451017,45.928581],[-64.452306,45.928564],[-64.452295,45.928114],[-64.45165,45.928122],[-64.451638,45.927673],[-64.450994,45.927681],[-64.450982,45.927231],[-64.451626,45.927223],[-64.451615,45.926773],[-64.45097,45.926781],[-64.450982,45.927231],[-64.449692,45.927247],[-64.449681,45.926797],[-64.449036,45.926806],[-64.449048,45.927255],[-64.448403,45.927264],[-64.448415,45.927713],[-64.450994,45.927681],[-64.451017,45.928581],[-64.450372,45.928589],[-64.450384,45.929039],[-64.451029,45.92903]]]},"properties":{"feature_id":"july2023-0110","event_id":"july2023","category":"new_low_backscatter_during_july2023","area_ha":2.5,"center_lon":-64.450355,"center_lat":45.927906,"threshold_db":-20.664,"polarization":"VH","interpretation":"candidate only; requires validation"}},{"type":"Feature","id":"july2023-0111","geometry":{"type":"Polygon","coordinates":[[[-64.355273,45.942807],[-64.355251,45.941907],[-64.355896,45.9419],[-64.355885,45.94145],[-64.35653,45.941442],[-64.356508,45.940542],[-64.357798,45.940527],[-64.357787,45.940077],[-64.358432,45.940069],[-64.35841,45.93917],[-64.357765,45.939177],[-64.357754,45.938727],[-64.358399,45.93872],[-64.358388,45.93827],[-64.360322,45.938247],[-64.360311,45.937797],[-64.362246,45.937774],[-64.362268,45.938674],[-64.361623,45.938681],[-64.361634,45.939131],[-64.362924,45.939116],[-64.36289,45.937766],[-64.363535,45.937759],[-64.363513,45.936859],[-64.364158,45.936851],[-64.364147,45.936401],[-64.363502,45.936409],[-64.363513,45.936859],[-64.360934,45.936889],[-64.360923,45.93644],[-64.361568,45.936432],[-64.361502,45.933733],[-64.362146,45.933725],[-64.362135,45.933275],[-64.36407,45.933252],[-64.364059,45.932802],[-64.364704,45.932794],[-64.364692,45.932344],[-64.365337,45.932337],[-64.365348,45.932787],[-64.368572,45.932748],[-64.368605,45.934098],[-64.36925,45.93409],[-64.369294,45.93589],[-64.369939,45.935882],[-64.36995,45.936332],[-64.370595,45.936324],[-64.370617,45.937224],[-64.371262,45.937216],[-64.371273,45.937666],[-64.371918,45.937658],[-64.371929,45.938108],[-64.372574,45.9381],[-64.372629,45.94035],[-64.371984,45.940358],[-64.371996,45.940807],[-64.371351,45.940815],[-64.371373,45.941715],[-64.372018,45.941707],[-64.372007,45.941257],[-64.372652,45.94125],[-64.372663,45.941699],[-64.373308,45.941692],[-64.373319,45.942142],[-64.373963,45.942134],[-64.373941,45.941234],[-64.373296,45.941242],[-64.373285,45.940792],[-64.37393,45.940784],[-64.373908,45.939884],[-64.373263,45.939892],[-64.373208,45.937643],[-64.373852,45.937635],[-64.373841,45.937185],[-64.373196,45.937193],[-64.373185,45.936743],[-64.371896,45.936758],[-64.371874,45.935859],[-64.371229,45.935866],[-64.371218,45.935416],[-64.370573,45.935424],[-64.370562,45.934974],[-64.369917,45.934982],[-64.369851,45.932283],[-64.369206,45.93229],[-64.369184,45.931391],[-64.369828,45.931383],[-64.369817,45.930933],[-64.370462,45.930925],[-64.370451,45.930475],[-64.371096,45.930468],[-64.371085,45.930018],[-64.372374,45.930002],[-64.372352,45.929102],[-64.372997,45.929095],[-64.372974,45.928195],[-64.373619,45.928187],[-64.373608,45.927737],[-64.374253,45.92773],[-64.374242,45.92728],[-64.374886,45.927272],[-64.374875,45.926822],[-64.37423,45.92683],[-64.374242,45.92728],[-64.373597,45.927287],[-64.373608,45.927737],[-64.372963,45.927745],[-64.372974,45.928195],[-64.37233,45.928203],[-64.372341,45.928653],[-64.371696,45.92866],[-64.371707,45.92911],[-64.371062,45.929118],[-64.371073,45.929568],[-64.370429,45.929576],[-64.37044,45.930025],[-64.368506,45.930049],[-64.368517,45.930499],[-64.367872,45.930506],[-64.367828,45.928707],[-64.365894,45.92873],[-64.365905,45.92918],[-64.36397,45.929203],[-64.364015,45.931002],[-64.36337,45.93101],[-64.363381,45.93146],[-64.362091,45.931475],[-64.362102,45.931925],[-64.360813,45.931941],[-64.36078,45.930591],[-64.361425,45.930583],[-64.361403,45.929683],[-64.360758,45.929691],[-64.360747,45.929241],[-64.361392,45.929234],[-64.36137,45.928334],[-64.362014,45.928326],[-64.362003,45.927876],[-64.356846,45.927938],[-64.356835,45.927488],[-64.355545,45.927503],[-64.355655,45.932002],[-64.35501,45.93201],[-64.355065,45.934259],[-64.35442,45.934267],[-64.354497,45.937416],[-64.353852,45.937424],[-64.353896,45.939223],[-64.354541,45.939216],[-64.354584,45.941015],[-64.355229,45.941008],[-64.355251,45.941907],[-64.354606,45.941915],[-64.354628,45.942815],[-64.355273,45.942807]]]},"properties":{"feature_id":"july2023-0111","event_id":"july2023","category":"persistent_low_backscatter","area_ha":104.25,"center_lon":-64.364369,"center_lat":45.934819,"threshold_db":-20.664,"polarization":"VH","interpretation":"candidate only; requires validation"}},{"type":"Feature","id":"july2023-0112","geometry":{"type":"Polygon","coordinates":[[[-64.174364,45.929059],[-64.174345,45.928159],[-64.172411,45.928179],[-64.172421,45.928629],[-64.173065,45.928622],[-64.173075,45.929072],[-64.174364,45.929059]]]},"properties":{"feature_id":"july2023-0112","event_id":"july2023","category":"persistent_low_backscatter","area_ha":1.25,"center_lon":-64.173387,"center_lat":45.928615,"threshold_db":-20.664,"polarization":"VH","interpretation":"candidate only; requires validation"}},{"type":"Feature","id":"july2023-0113","geometry":{"type":"Polygon","coordinates":[[[-64.085986,45.927683],[-64.085977,45.927233],[-64.086622,45.927227],[-64.086613,45.926777],[-64.087258,45.926771],[-64.08724,45.925871],[-64.086595,45.925877],[-64.086586,45.925427],[-64.085942,45.925433],[-64.085959,45.926333],[-64.086604,45.926327],[-64.086613,45.926777],[-64.085968,45.926783],[-64.085977,45.927233],[-64.085332,45.927239],[-64.085341,45.927689],[-64.085986,45.927683]]]},"properties":{"feature_id":"july2023-0113","event_id":"july2023","category":"persistent_low_backscatter","area_ha":1.5,"center_lon":-64.086295,"center_lat":45.926558,"threshold_db":-20.664,"polarization":"VH","interpretation":"candidate only; requires validation"}},{"type":"Feature","id":"july2023-0114","geometry":{"type":"Polygon","coordinates":[[[-64.168467,45.924619],[-64.168429,45.922819],[-64.167785,45.922826],[-64.167822,45.924626],[-64.168467,45.924619]]]},"properties":{"feature_id":"july2023-0114","event_id":"july2023","category":"low_backscatter_no_longer_present","area_ha":1.0,"center_lon":-64.168126,"center_lat":45.923722,"threshold_db":-20.664,"polarization":"VH","interpretation":"candidate only; requires validation"}},{"type":"Feature","id":"july2023-0115","geometry":{"type":"Polygon","coordinates":[[[-64.128485,45.924571],[-64.128476,45.924121],[-64.129121,45.924114],[-64.129102,45.923215],[-64.128458,45.923221],[-64.128449,45.922771],[-64.127804,45.922777],[-64.12784,45.924577],[-64.128485,45.924571]]]},"properties":{"feature_id":"july2023-0115","event_id":"july2023","category":"persistent_low_backscatter","area_ha":1.5,"center_lon":-64.128462,"center_lat":45.923674,"threshold_db":-20.664,"polarization":"VH","interpretation":"candidate only; requires validation"}},{"type":"Feature","id":"july2023-0116","geometry":{"type":"Polygon","coordinates":[[[-64.146686,45.93159],[-64.146676,45.93114],[-64.147966,45.931127],[-64.147957,45.930677],[-64.148602,45.930671],[-64.148592,45.930221],[-64.149882,45.930208],[-64.149863,45.929308],[-64.150508,45.929301],[-64.150489,45.928402],[-64.151134,45.928395],[-64.151125,45.927945],[-64.15177,45.927939],[-64.15176,45.927489],[-64.152405,45.927482],[-64.152396,45.927032],[-64.15304,45.927026],[-64.153022,45.926126],[-64.153667,45.926119],[-64.153657,45.925669],[-64.154302,45.925663],[-64.154293,45.925213],[-64.154937,45.925207],[-64.154919,45.924307],[-64.154274,45.924313],[-64.154246,45.922963],[-64.154891,45.922957],[-64.154863,45.921607],[-64.152929,45.921627],[-64.152938,45.922077],[-64.151649,45.92209],[-64.151639,45.92164],[-64.150995,45.921646],[-64.151004,45.922096],[-64.149714,45.922109],[-64.149724,45.922559],[-64.147145,45.922585],[-64.147154,45.923035],[-64.143931,45.923067],[-64.14394,45.923517],[-64.142651,45.92353],[-64.14266,45.92398],[-64.142015,45.923986],[-64.142024,45.924436],[-64.140735,45.924449],[-64.140753,45.925349],[-64.141398,45.925343],[-64.141389,45.924893],[-64.142678,45.92488],[-64.142688,45.92533],[-64.143332,45.925323],[-64.143351,45.926223],[-64.143995,45.926217],[-64.144042,45.928466],[-64.143397,45.928473],[-64.143452,45.931172],[-64.144097,45.931166],[-64.144106,45.931616],[-64.146686,45.93159]]]},"properties":{"feature_id":"july2023-0116","event_id":"july2023","category":"persistent_low_backscatter","area_ha":69.25,"center_lon":-64.147836,"center_lat":45.926611,"threshold_db":-20.664,"polarization":"VH","interpretation":"candidate only; requires validation"}},{"type":"Feature","id":"july2023-0117","geometry":{"type":"Polygon","coordinates":[[[-64.359871,45.919801],[-64.35986,45.919351],[-64.360505,45.919344],[-64.360494,45.918894],[-64.361138,45.918886],[-64.361116,45.917986],[-64.359827,45.918002],[-64.359849,45.918901],[-64.359205,45.918909],[-64.359216,45.919359],[-64.358571,45.919367],[-64.358582,45.919816],[-64.359871,45.919801]]]},"properties":{"feature_id":"july2023-0117","event_id":"july2023","category":"persistent_low_backscatter","area_ha":2.0,"center_lon":-64.359854,"center_lat":45.918901,"threshold_db":-20.664,"polarization":"VH","interpretation":"candidate only; requires validation"}},{"type":"Feature","id":"july2023-0118","geometry":{"type":"Polygon","coordinates":[[[-64.131,45.921396],[-64.130982,45.920496],[-64.129692,45.920509],[-64.129711,45.921409],[-64.131,45.921396]]]},"properties":{"feature_id":"july2023-0118","event_id":"july2023","category":"low_backscatter_no_longer_present","area_ha":1.0,"center_lon":-64.130346,"center_lat":45.920952,"threshold_db":-20.664,"polarization":"VH","interpretation":"candidate only; requires validation"}},{"type":"Feature","id":"july2023-0119","geometry":{"type":"Polygon","coordinates":[[[-64.132952,45.922276],[-64.132943,45.921827],[-64.133588,45.92182],[-64.13357,45.92092],[-64.134214,45.920914],[-64.134205,45.920464],[-64.132916,45.920477],[-64.132907,45.920027],[-64.132262,45.920033],[-64.132271,45.920483],[-64.130982,45.920496],[-64.131,45.921396],[-64.129711,45.921409],[-64.129702,45.920959],[-64.129057,45.920965],[-64.129075,45.921865],[-64.131009,45.921846],[-64.131018,45.922296],[-64.131663,45.922289],[-64.131654,45.921839],[-64.132299,45.921833],[-64.132308,45.922283],[-64.132952,45.922276]]]},"properties":{"feature_id":"july2023-0119","event_id":"july2023","category":"persistent_low_backscatter","area_ha":5.0,"center_lon":-64.131636,"center_lat":45.921161,"threshold_db":-20.664,"polarization":"VH","interpretation":"candidate only; requires validation"}},{"type":"Feature","id":"july2023-0120","geometry":{"type":"Polygon","coordinates":[[[-64.087849,45.924065],[-64.087841,45.923615],[-64.088485,45.923609],[-64.088459,45.922259],[-64.087814,45.922265],[-64.08777,45.920015],[-64.087126,45.920021],[-64.087134,45.920471],[-64.08649,45.920478],[-64.086499,45.920928],[-64.087143,45.920921],[-64.087178,45.922721],[-64.085244,45.92274],[-64.085235,45.92229],[-64.083946,45.922302],[-64.083955,45.922752],[-64.08331,45.922758],[-64.083301,45.922308],[-64.082657,45.922314],[-64.082648,45.921864],[-64.083293,45.921858],[-64.083284,45.921408],[-64.081994,45.92142],[-64.082003,45.92187],[-64.081358,45.921876],[-64.081367,45.922326],[-64.080723,45.922332],[-64.080749,45.923682],[-64.082683,45.923664],[-64.082692,45.924114],[-64.083336,45.924108],[-64.083328,45.923658],[-64.083972,45.923652],[-64.083964,45.923202],[-64.086542,45.923177],[-64.086551,45.923627],[-64.087196,45.923621],[-64.087205,45.924071],[-64.087849,45.924065]]]},"properties":{"feature_id":"july2023-0120","event_id":"july2023","category":"persistent_low_backscatter","area_ha":10.0,"center_lon":-64.084604,"center_lat":45.922065,"threshold_db":-20.664,"polarization":"VH","interpretation":"candidate only; requires validation"}},{"type":"Feature","id":"july2023-0121","geometry":{"type":"Polygon","coordinates":[[[-64.188367,45.920363],[-64.188357,45.919914],[-64.189002,45.919907],[-64.188983,45.919007],[-64.187693,45.91902],[-64.187722,45.92037],[-64.188367,45.920363]]]},"properties":{"feature_id":"july2023-0121","event_id":"july2023","category":"persistent_low_backscatter","area_ha":1.25,"center_lon":-64.188347,"center_lat":45.919688,"threshold_db":-20.664,"polarization":"VH","interpretation":"candidate only; requires validation"}},{"type":"Feature","id":"july2023-0122","geometry":{"type":"Polygon","coordinates":[[[-64.283026,45.91484],[-64.283015,45.91439],[-64.282371,45.914397],[-64.28236,45.913947],[-64.281071,45.913961],[-64.281061,45.913511],[-64.280416,45.913519],[-64.280427,45.913969],[-64.279138,45.913983],[-64.279148,45.914433],[-64.279793,45.914426],[-64.279803,45.914876],[-64.280447,45.914868],[-64.280437,45.914419],[-64.282371,45.914397],[-64.282381,45.914847],[-64.283026,45.91484]]]},"properties":{"feature_id":"july2023-0122","event_id":"july2023","category":"new_low_backscatter_during_july2023","area_ha":2.0,"center_lon":-64.281082,"center_lat":45.914193,"threshold_db":-20.664,"polarization":"VH","interpretation":"candidate only; requires validation"}},{"type":"Feature","id":"july2023-0123","geometry":{"type":"Polygon","coordinates":[[[-64.29075,45.914302],[-64.290719,45.912953],[-64.28943,45.912967],[-64.28944,45.913417],[-64.290085,45.91341],[-64.290106,45.91431],[-64.29075,45.914302]]]},"properties":{"feature_id":"july2023-0123","event_id":"july2023","category":"low_backscatter_no_longer_present","area_ha":1.0,"center_lon":-64.29009,"center_lat":45.913632,"threshold_db":-20.664,"polarization":"VH","interpretation":"candidate only; requires validation"}},{"type":"Feature","id":"july2023-0124","geometry":{"type":"Polygon","coordinates":[[[-64.286872,45.913896],[-64.286841,45.912546],[-64.286197,45.912554],[-64.286217,45.913454],[-64.285573,45.913461],[-64.285583,45.913911],[-64.286872,45.913896]]]},"properties":{"feature_id":"july2023-0124","event_id":"july2023","category":"low_backscatter_no_longer_present","area_ha":1.0,"center_lon":-64.286223,"center_lat":45.913229,"threshold_db":-20.664,"polarization":"VH","interpretation":"candidate only; requires validation"}},{"type":"Feature","id":"july2023-0125","geometry":{"type":"Polygon","coordinates":[[[-64.284918,45.913018],[-64.284908,45.912568],[-64.284263,45.912575],[-64.284253,45.912126],[-64.282964,45.91214],[-64.282974,45.91259],[-64.282329,45.912597],[-64.28234,45.913047],[-64.283629,45.913033],[-64.283618,45.912583],[-64.284263,45.912575],[-64.284273,45.913025],[-64.284918,45.913018]]]},"properties":{"feature_id":"july2023-0125","event_id":"july2023","category":"low_backscatter_no_longer_present","area_ha":1.25,"center_lon":-64.283624,"center_lat":45.912587,"threshold_db":-20.664,"polarization":"VH","interpretation":"candidate only; requires validation"}},{"type":"Feature","id":"july2023-0126","geometry":{"type":"Polygon","coordinates":[[[-64.28944,45.913417],[-64.289409,45.912067],[-64.288764,45.912075],[-64.288754,45.911625],[-64.288109,45.911632],[-64.28812,45.912082],[-64.288764,45.912075],[-64.288796,45.913424],[-64.28944,45.913417]]]},"properties":{"feature_id":"july2023-0126","event_id":"july2023","category":"new_low_backscatter_during_july2023","area_ha":1.0,"center_lon":-64.288775,"center_lat":45.912525,"threshold_db":-20.664,"polarization":"VH","interpretation":"candidate only; requires validation"}},{"type":"Feature","id":"july2023-0127","geometry":{"type":"Polygon","coordinates":[[[-64.206281,45.913875],[-64.206261,45.912976],[-64.205617,45.912982],[-64.205607,45.912532],[-64.204962,45.912539],[-64.204982,45.913439],[-64.204337,45.913446],[-64.204347,45.913896],[-64.206281,45.913875]]]},"properties":{"feature_id":"july2023-0127","event_id":"july2023","category":"persistent_low_backscatter","area_ha":1.5,"center_lon":-64.205309,"center_lat":45.913214,"threshold_db":-20.664,"polarization":"VH","interpretation":"candidate only; requires validation"}},{"type":"Feature","id":"july2023-0128","geometry":{"type":"Polygon","coordinates":[[[-64.283608,45.912133],[-64.283587,45.911233],[-64.284232,45.911226],[-64.284221,45.910776],[-64.283577,45.910783],[-64.283587,45.911233],[-64.282298,45.911247],[-64.282309,45.911697],[-64.282953,45.91169],[-64.282964,45.91214],[-64.283608,45.912133]]]},"properties":{"feature_id":"july2023-0128","event_id":"july2023","category":"new_low_backscatter_during_july2023","area_ha":1.0,"center_lon":-64.283265,"center_lat":45.911458,"threshold_db":-20.664,"polarization":"VH","interpretation":"candidate only; requires validation"}},{"type":"Feature","id":"july2023-0129","geometry":{"type":"Polygon","coordinates":[[[-64.311291,45.910468],[-64.31126,45.909119],[-64.310615,45.909126],[-64.310626,45.909576],[-64.309981,45.909583],[-64.309992,45.910033],[-64.310636,45.910026],[-64.310647,45.910476],[-64.311291,45.910468]]]},"properties":{"feature_id":"july2023-0129","event_id":"july2023","category":"new_low_backscatter_during_july2023","area_ha":1.0,"center_lon":-64.310636,"center_lat":45.909797,"threshold_db":-20.664,"polarization":"VH","interpretation":"candidate only; requires validation"}},{"type":"Feature","id":"july2023-0130","geometry":{"type":"Polygon","coordinates":[[[-64.284866,45.910769],[-64.284856,45.910319],[-64.2855,45.910311],[-64.285479,45.909412],[-64.284835,45.909419],[-64.284845,45.909869],[-64.284201,45.909876],[-64.284221,45.910776],[-64.284866,45.910769]]]},"properties":{"feature_id":"july2023-0130","event_id":"july2023","category":"low_backscatter_no_longer_present","area_ha":1.0,"center_lon":-64.284851,"center_lat":45.910094,"threshold_db":-20.664,"polarization":"VH","interpretation":"candidate only; requires validation"}},{"type":"Feature","id":"july2023-0131","geometry":{"type":"Polygon","coordinates":[[[-64.366085,45.910276],[-64.366074,45.909826],[-64.366719,45.909819],[-64.366708,45.909369],[-64.366063,45.909377],[-64.366041,45.908477],[-64.365397,45.908484],[-64.365386,45.908035],[-64.364097,45.90805],[-64.364119,45.90895],[-64.363474,45.908957],[-64.363485,45.909407],[-64.36413,45.9094],[-64.364141,45.90985],[-64.36543,45.909834],[-64.365441,45.910284],[-64.366085,45.910276]]]},"properties":{"feature_id":"july2023-0131","event_id":"july2023","category":"persistent_low_backscatter","area_ha":3.5,"center_lon":-64.365096,"center_lat":45.90916,"threshold_db":-20.664,"polarization":"VH","interpretation":"candidate only; requires validation"}},{"type":"Feature","id":"july2023-0132","geometry":{"type":"Polygon","coordinates":[[[-64.300335,45.910594],[-64.300324,45.910144],[-64.302258,45.910122],[-64.302247,45.909672],[-64.302892,45.909664],[-64.302902,45.910114],[-64.303547,45.910107],[-64.303536,45.909657],[-64.304181,45.90965],[-64.304149,45.9083],[-64.302216,45.908322],[-64.302226,45.908772],[-64.300937,45.908787],[-64.300927,45.908337],[-64.300282,45.908344],[-64.300303,45.909244],[-64.299659,45.909251],[-64.29969,45.910601],[-64.300335,45.910594]]]},"properties":{"feature_id":"july2023-0132","event_id":"july2023","category":"persistent_low_backscatter","area_ha":5.75,"center_lon":-64.30192,"center_lat":45.90945,"threshold_db":-20.664,"polarization":"VH","interpretation":"candidate only; requires validation"}},{"type":"Feature","id":"july2023-0133","geometry":{"type":"Polygon","coordinates":[[[-64.36993,45.90933],[-64.369919,45.90888],[-64.369275,45.908888],[-64.369242,45.907538],[-64.368597,45.907546],[-64.368586,45.907096],[-64.367942,45.907104],[-64.367953,45.907554],[-64.368597,45.907546],[-64.36863,45.908896],[-64.369275,45.908888],[-64.369286,45.909338],[-64.36993,45.90933]]]},"properties":{"feature_id":"july2023-0133","event_id":"july2023","category":"new_low_backscatter_during_july2023","area_ha":1.25,"center_lon":-64.368936,"center_lat":45.908217,"threshold_db":-20.664,"polarization":"VH","interpretation":"candidate only; requires validation"}},{"type":"Feature","id":"july2023-0134","geometry":{"type":"Polygon","coordinates":[[[-64.170753,45.910645],[-64.170743,45.910195],[-64.170099,45.910201],[-64.17008,45.909302],[-64.169435,45.909308],[-64.169463,45.910658],[-64.170753,45.910645]]]},"properties":{"feature_id":"july2023-0134","event_id":"july2023","category":"new_low_backscatter_during_july2023","area_ha":1.0,"center_lon":-64.170094,"center_lat":45.90998,"threshold_db":-20.664,"polarization":"VH","interpretation":"candidate only; requires validation"}},{"type":"Feature","id":"july2023-0135","geometry":{"type":"Polygon","coordinates":[[[-64.298359,45.908816],[-64.298338,45.907916],[-64.297049,45.907931],[-64.29707,45.908831],[-64.298359,45.908816]]]},"properties":{"feature_id":"july2023-0135","event_id":"july2023","category":"new_low_backscatter_during_july2023","area_ha":1.0,"center_lon":-64.297704,"center_lat":45.908373,"threshold_db":-20.664,"polarization":"VH","interpretation":"candidate only; requires validation"}},{"type":"Feature","id":"july2023-0136","geometry":{"type":"Polygon","coordinates":[[[-64.281581,45.908105],[-64.281571,45.907655],[-64.283504,45.907634],[-64.283494,45.907184],[-64.281561,45.907205],[-64.281571,45.907655],[-64.280926,45.907663],[-64.280937,45.908113],[-64.281581,45.908105]]]},"properties":{"feature_id":"july2023-0136","event_id":"july2023","category":"new_low_backscatter_during_july2023","area_ha":1.0,"center_lon":-64.282215,"center_lat":45.907649,"threshold_db":-20.664,"polarization":"VH","interpretation":"candidate only; requires validation"}},{"type":"Feature","id":"july2023-0137","geometry":{"type":"Polygon","coordinates":[[[-64.31445,45.907732],[-64.31444,45.907282],[-64.315084,45.907275],[-64.315063,45.906375],[-64.314418,45.906382],[-64.314408,45.905932],[-64.313763,45.90594],[-64.313753,45.90549],[-64.313108,45.905497],[-64.313119,45.905947],[-64.313763,45.90594],[-64.313774,45.90639],[-64.314418,45.906382],[-64.31444,45.907282],[-64.313795,45.907289],[-64.313806,45.907739],[-64.31445,45.907732]]]},"properties":{"feature_id":"july2023-0137","event_id":"july2023","category":"low_backscatter_no_longer_present","area_ha":1.25,"center_lon":-64.314096,"center_lat":45.906615,"threshold_db":-20.664,"polarization":"VH","interpretation":"candidate only; requires validation"}},{"type":"Feature","id":"july2023-0138","geometry":{"type":"Polygon","coordinates":[[[-64.214533,45.907938],[-64.214503,45.906588],[-64.213859,45.906595],[-64.213868,45.907045],[-64.213224,45.907051],[-64.213234,45.907501],[-64.213878,45.907495],[-64.213888,45.907944],[-64.214533,45.907938]]]},"properties":{"feature_id":"july2023-0138","event_id":"july2023","category":"new_low_backscatter_during_july2023","area_ha":1.0,"center_lon":-64.213878,"center_lat":45.907266,"threshold_db":-20.664,"polarization":"VH","interpretation":"candidate only; requires validation"}},{"type":"Feature","id":"july2023-0139","geometry":{"type":"Polygon","coordinates":[[[-64.350508,45.905961],[-64.350497,45.905511],[-64.349853,45.905519],[-64.349842,45.905069],[-64.348553,45.905084],[-64.348575,45.905984],[-64.350508,45.905961]]]},"properties":{"feature_id":"july2023-0139","event_id":"july2023","category":"new_low_backscatter_during_july2023","area_ha":1.25,"center_lon":-64.349531,"center_lat":45.905526,"threshold_db":-20.664,"polarization":"VH","interpretation":"candidate only; requires validation"}},{"type":"Feature","id":"july2023-0140","geometry":{"type":"Polygon","coordinates":[[[-64.367931,45.906654],[-64.367875,45.904405],[-64.366586,45.90442],[-64.366575,45.90397],[-64.365931,45.903978],[-64.365964,45.905328],[-64.36532,45.905335],[-64.365353,45.906685],[-64.367931,45.906654]]]},"properties":{"feature_id":"july2023-0140","event_id":"july2023","category":"persistent_low_backscatter","area_ha":4.75,"center_lon":-64.366625,"center_lat":45.905327,"threshold_db":-20.664,"polarization":"VH","interpretation":"candidate only; requires validation"}},{"type":"Feature","id":"july2023-0141","geometry":{"type":"Polygon","coordinates":[[[-64.287974,45.905783],[-64.287964,45.905333],[-64.287319,45.905341],[-64.287298,45.904441],[-64.286654,45.904448],[-64.286664,45.904898],[-64.28602,45.904905],[-64.28603,45.905355],[-64.286675,45.905348],[-64.286685,45.905798],[-64.287974,45.905783]]]},"properties":{"feature_id":"july2023-0141","event_id":"july2023","category":"low_backscatter_no_longer_present","area_ha":1.25,"center_lon":-64.286997,"center_lat":45.905119,"threshold_db":-20.664,"polarization":"VH","interpretation":"candidate only; requires validation"}},{"type":"Feature","id":"july2023-0142","geometry":{"type":"Polygon","coordinates":[[[-64.209406,45.909342],[-64.209386,45.908442],[-64.210031,45.908435],[-64.210041,45.908885],[-64.210685,45.908879],[-64.210675,45.908429],[-64.21132,45.908422],[-64.21131,45.907972],[-64.210021,45.907985],[-64.210001,45.907086],[-64.208712,45.907099],[-64.208722,45.907549],[-64.207433,45.907563],[-64.207423,45.907113],[-64.206779,45.90712],[-64.20675,45.90577],[-64.207394,45.905763],[-64.207375,45.904863],[-64.20673,45.90487],[-64.20672,45.90442],[-64.206076,45.904427],[-64.206066,45.903977],[-64.205422,45.903984],[-64.20547,45.906233],[-64.206115,45.906227],[-64.206134,45.907127],[-64.20549,45.907133],[-64.205509,45.908033],[-64.207443,45.908013],[-64.207462,45.908913],[-64.208751,45.908899],[-64.208761,45.909349],[-64.209406,45.909342]]]},"properties":{"feature_id":"july2023-0142","event_id":"july2023","category":"persistent_low_backscatter","area_ha":9.0,"center_lon":-64.208371,"center_lat":45.906663,"threshold_db":-20.664,"polarization":"VH","interpretation":"candidate only; requires validation"}},{"type":"Feature","id":"july2023-0143","geometry":{"type":"Polygon","coordinates":[[[-64.234443,45.904574],[-64.234433,45.904124],[-64.233788,45.904131],[-64.233778,45.903681],[-64.234423,45.903674],[-64.234413,45.903224],[-64.233768,45.903231],[-64.233758,45.902781],[-64.233114,45.902788],[-64.233124,45.903238],[-64.232479,45.903245],[-64.232489,45.903695],[-64.233134,45.903688],[-64.233144,45.904138],[-64.233788,45.904131],[-64.233798,45.904581],[-64.234443,45.904574]]]},"properties":{"feature_id":"july2023-0143","event_id":"july2023","category":"low_backscatter_no_longer_present","area_ha":1.5,"center_lon":-64.233461,"center_lat":45.903681,"threshold_db":-20.664,"polarization":"VH","interpretation":"candidate only; requires validation"}},{"type":"Feature","id":"july2023-0144","geometry":{"type":"Polygon","coordinates":[[[-64.322013,45.900444],[-64.322002,45.899994],[-64.322647,45.899987],[-64.322626,45.899087],[-64.32327,45.89908],[-64.323259,45.89863],[-64.323904,45.898622],[-64.323893,45.898172],[-64.322604,45.898187],[-64.322626,45.899087],[-64.321981,45.899094],[-64.322002,45.899994],[-64.320069,45.900017],[-64.32008,45.900467],[-64.322013,45.900444]]]},"properties":{"feature_id":"july2023-0144","event_id":"july2023","category":"persistent_low_backscatter","area_ha":2.0,"center_lon":-64.321987,"center_lat":45.89932,"threshold_db":-20.664,"polarization":"VH","interpretation":"candidate only; requires validation"}},{"type":"Feature","id":"july2023-0145","geometry":{"type":"Polygon","coordinates":[[[-64.32777,45.898577],[-64.327759,45.898127],[-64.32647,45.898142],[-64.32646,45.897692],[-64.325171,45.897707],[-64.325182,45.898157],[-64.32647,45.898142],[-64.326481,45.898592],[-64.32777,45.898577]]]},"properties":{"feature_id":"july2023-0145","event_id":"july2023","category":"persistent_low_backscatter","area_ha":1.0,"center_lon":-64.32647,"center_lat":45.898142,"threshold_db":-20.664,"polarization":"VH","interpretation":"candidate only; requires validation"}},{"type":"Feature","id":"july2023-0146","geometry":{"type":"Polygon","coordinates":[[[-64.335524,45.899387],[-64.335481,45.897587],[-64.334836,45.897595],[-64.334826,45.897145],[-64.333537,45.89716],[-64.333548,45.89761],[-64.334836,45.897595],[-64.33488,45.899395],[-64.335524,45.899387]]]},"properties":{"feature_id":"july2023-0146","event_id":"july2023","category":"new_low_backscatter_during_july2023","area_ha":1.5,"center_lon":-64.33453,"center_lat":45.89827,"threshold_db":-20.664,"polarization":"VH","interpretation":"candidate only; requires validation"}},{"type":"Feature","id":"july2023-0147","geometry":{"type":"Polygon","coordinates":[[[-64.289741,45.898563],[-64.28972,45.897663],[-64.287787,45.897685],[-64.287797,45.898135],[-64.289086,45.89812],[-64.289096,45.89857],[-64.289741,45.898563]]]},"properties":{"feature_id":"july2023-0147","event_id":"july2023","category":"new_low_backscatter_during_july2023","area_ha":1.0,"center_lon":-64.288764,"center_lat":45.898117,"threshold_db":-20.664,"polarization":"VH","interpretation":"candidate only; requires validation"}},{"type":"Feature","id":"july2023-0148","geometry":{"type":"Polygon","coordinates":[[[-64.329059,45.898562],[-64.329048,45.898112],[-64.329692,45.898105],[-64.329681,45.897655],[-64.330326,45.897648],[-64.330315,45.897198],[-64.331604,45.897183],[-64.331593,45.896733],[-64.330304,45.896748],[-64.330315,45.897198],[-64.329671,45.897205],[-64.329681,45.897655],[-64.329037,45.897663],[-64.329048,45.898112],[-64.328403,45.89812],[-64.328414,45.89857],[-64.329059,45.898562]]]},"properties":{"feature_id":"july2023-0148","event_id":"july2023","category":"persistent_low_backscatter","area_ha":1.25,"center_lon":-64.330004,"center_lat":45.897651,"threshold_db":-20.664,"polarization":"VH","interpretation":"candidate only; requires validation"}},{"type":"Feature","id":"july2023-0149","geometry":{"type":"Polygon","coordinates":[[[-64.145624,45.911349],[-64.145615,45.9109],[-64.147548,45.91088],[-64.147539,45.91043],[-64.148184,45.910424],[-64.148165,45.909524],[-64.14881,45.909517],[-64.148791,45.908618],[-64.15008,45.908605],[-64.150071,45.908155],[-64.150715,45.908148],[-64.150706,45.907698],[-64.151351,45.907692],[-64.151341,45.907242],[-64.15263,45.907229],[-64.152621,45.906779],[-64.157133,45.906733],[-64.157123,45.906283],[-64.156479,45.90629],[-64.15646,45.90539],[-64.157105,45.905383],[-64.157077,45.904034],[-64.157721,45.904027],[-64.157693,45.902677],[-64.158337,45.902671],[-64.158328,45.902221],[-64.158973,45.902214],[-64.158963,45.901764],[-64.158319,45.901771],[-64.158281,45.899971],[-64.158926,45.899965],[-64.158916,45.899515],[-64.159561,45.899508],[-64.159551,45.899058],[-64.160196,45.899052],[-64.160177,45.898152],[-64.154377,45.898211],[-64.154387,45.898661],[-64.153742,45.898667],[-64.153752,45.899117],[-64.153107,45.899123],[-64.153117,45.899573],[-64.152472,45.89958],[-64.152584,45.904979],[-64.150006,45.905005],[-64.149997,45.904555],[-64.148708,45.904568],[-64.148717,45.905018],[-64.147428,45.905031],[-64.147437,45.905481],[-64.146148,45.905494],[-64.146157,45.905944],[-64.145513,45.90595],[-64.145522,45.9064],[-64.144233,45.906413],[-64.144242,45.906863],[-64.142953,45.906876],[-64.142963,45.907326],[-64.142318,45.907332],[-64.142327,45.907782],[-64.140394,45.907802],[-64.140403,45.908252],[-64.139758,45.908258],[-64.139768,45.908708],[-64.139123,45.908714],[-64.139142,45.909614],[-64.141075,45.909595],[-64.141084,45.910045],[-64.142374,45.910032],[-64.142383,45.910482],[-64.143027,45.910475],[-64.143037,45.910925],[-64.144326,45.910912],[-64.144335,45.911362],[-64.145624,45.911349]]]},"properties":{"feature_id":"july2023-0149","event_id":"july2023","category":"persistent_low_backscatter","area_ha":80.5,"center_lon":-64.149659,"center_lat":45.904757,"threshold_db":-20.664,"polarization":"VH","interpretation":"candidate only; requires validation"}},{"type":"Feature","id":"july2023-0150","geometry":{"type":"Polygon","coordinates":[[[-64.292308,45.898084],[-64.292298,45.897634],[-64.291653,45.897641],[-64.291622,45.896291],[-64.290977,45.896299],[-64.291009,45.897649],[-64.291653,45.897641],[-64.291664,45.898091],[-64.292308,45.898084]]]},"properties":{"feature_id":"july2023-0150","event_id":"july2023","category":"low_backscatter_no_longer_present","area_ha":1.0,"center_lon":-64.291642,"center_lat":45.897191,"threshold_db":-20.664,"polarization":"VH","interpretation":"candidate only; requires validation"}},{"type":"Feature","id":"july2023-0151","geometry":{"type":"Polygon","coordinates":[[[-64.338242,45.905206],[-64.338231,45.904756],[-64.340809,45.904725],[-64.340798,45.904276],[-64.342087,45.90426],[-64.342076,45.903811],[-64.343365,45.903795],[-64.343354,45.903345],[-64.343999,45.903338],[-64.343988,45.902888],[-64.344632,45.90288],[-64.34461,45.901981],[-64.345255,45.901973],[-64.3452,45.899723],[-64.344556,45.899731],[-64.344513,45.897931],[-64.343868,45.897939],[-64.343857,45.897489],[-64.343213,45.897497],[-64.343159,45.895247],[-64.342514,45.895255],[-64.342536,45.896155],[-64.341892,45.896162],[-64.341903,45.896612],[-64.341258,45.89662],[-64.34128,45.897519],[-64.341924,45.897512],[-64.341935,45.897962],[-64.34258,45.897954],[-64.34259,45.898404],[-64.343235,45.898397],[-64.343246,45.898846],[-64.34389,45.898839],[-64.343912,45.899739],[-64.344556,45.899731],[-64.344589,45.901081],[-64.343944,45.901088],[-64.343977,45.902438],[-64.343332,45.902446],[-64.343354,45.903345],[-64.342065,45.903361],[-64.342076,45.903811],[-64.340143,45.903833],[-64.340154,45.904283],[-64.335643,45.904336],[-64.335632,45.903886],[-64.334987,45.903894],[-64.334966,45.902994],[-64.334321,45.903001],[-64.334311,45.902551],[-64.333666,45.902559],[-64.333655,45.902109],[-64.3343,45.902101],[-64.334278,45.901202],[-64.334923,45.901194],[-64.334912,45.900744],[-64.335556,45.900737],[-64.335535,45.899837],[-64.336179,45.899829],[-64.336136,45.89803],[-64.335492,45.898037],[-64.335524,45.899387],[-64.33488,45.899395],[-64.33489,45.899844],[-64.334246,45.899852],[-64.334267,45.900752],[-64.333623,45.900759],[-64.333634,45.901209],[-64.332989,45.901217],[-64.333022,45.902566],[-64.333666,45.902559],[-64.333688,45.903459],[-64.334332,45.903451],[-64.334343,45.903901],[-64.334987,45.903894],[-64.334998,45.904343],[-64.335643,45.904336],[-64.335653,45.904786],[-64.336942,45.904771],[-64.336953,45.905221],[-64.338242,45.905206]]]},"properties":{"feature_id":"july2023-0151","event_id":"july2023","category":"persistent_low_backscatter","area_ha":16.75,"center_lon":-64.339122,"center_lat":45.900234,"threshold_db":-20.664,"polarization":"VH","interpretation":"candidate only; requires validation"}},{"type":"Feature","id":"july2023-0152","geometry":{"type":"Polygon","coordinates":[[[-64.338047,45.897107],[-64.338037,45.896657],[-64.337392,45.896665],[-64.337381,45.896215],[-64.336737,45.896223],[-64.336705,45.894873],[-64.33606,45.89488],[-64.336093,45.89623],[-64.336737,45.896223],[-64.336748,45.896673],[-64.337392,45.896665],[-64.337403,45.897115],[-64.338047,45.897107]]]},"properties":{"feature_id":"july2023-0152","event_id":"july2023","category":"low_backscatter_no_longer_present","area_ha":1.25,"center_lon":-64.337053,"center_lat":45.895994,"threshold_db":-20.664,"polarization":"VH","interpretation":"candidate only; requires validation"}},{"type":"Feature","id":"july2023-0153","geometry":{"type":"Polygon","coordinates":[[[-64.140127,45.894753],[-64.140117,45.894304],[-64.139473,45.89431],[-64.139464,45.89386],[-64.138175,45.893873],[-64.138184,45.894323],[-64.138829,45.894316],[-64.138838,45.894766],[-64.140127,45.894753]]]},"properties":{"feature_id":"july2023-0153","event_id":"july2023","category":"low_backscatter_no_longer_present","area_ha":1.0,"center_lon":-64.139151,"center_lat":45.894313,"threshold_db":-20.664,"polarization":"VH","interpretation":"candidate only; requires validation"}},{"type":"Feature","id":"july2023-0154","geometry":{"type":"Polygon","coordinates":[[[-64.264497,45.893895],[-64.264487,45.893445],[-64.265131,45.893438],[-64.265121,45.892988],[-64.265766,45.892981],[-64.265755,45.892531],[-64.2664,45.892524],[-64.266379,45.891624],[-64.267023,45.891617],[-64.267013,45.891167],[-64.267658,45.89116],[-64.267647,45.89071],[-64.268292,45.890702],[-64.268281,45.890253],[-64.267637,45.89026],[-64.267647,45.89071],[-64.267003,45.890717],[-64.267013,45.891167],[-64.266369,45.891174],[-64.266379,45.891624],[-64.265735,45.891631],[-64.265755,45.892531],[-64.264467,45.892545],[-64.264477,45.892995],[-64.263833,45.893002],[-64.263853,45.893902],[-64.264497,45.893895]]]},"properties":{"feature_id":"july2023-0154","event_id":"july2023","category":"persistent_low_backscatter","area_ha":2.5,"center_lon":-64.266063,"center_lat":45.892077,"threshold_db":-20.664,"polarization":"VH","interpretation":"candidate only; requires validation"}},{"type":"Feature","id":"july2023-0155","geometry":{"type":"Polygon","coordinates":[[[-64.350137,45.890665],[-64.350127,45.890215],[-64.351415,45.8902],[-64.351404,45.88975],[-64.350116,45.889765],[-64.350105,45.889315],[-64.352038,45.889292],[-64.352027,45.888842],[-64.351382,45.88885],[-64.351371,45.8884],[-64.350727,45.888408],[-64.350716,45.887958],[-64.349428,45.887973],[-64.349471,45.889772],[-64.348827,45.88978],[-64.348838,45.89023],[-64.349482,45.890222],[-64.349493,45.890672],[-64.350137,45.890665]]]},"properties":{"feature_id":"july2023-0155","event_id":"july2023","category":"persistent_low_backscatter","area_ha":3.75,"center_lon":-64.350432,"center_lat":45.889315,"threshold_db":-20.664,"polarization":"VH","interpretation":"candidate only; requires validation"}},{"type":"Feature","id":"july2023-0156","geometry":{"type":"Polygon","coordinates":[[[-64.33592,45.889032],[-64.335909,45.888582],[-64.333332,45.888612],[-64.333322,45.888162],[-64.332677,45.888169],[-64.332688,45.888619],[-64.333332,45.888612],[-64.333343,45.889062],[-64.33592,45.889032]]]},"properties":{"feature_id":"july2023-0156","event_id":"july2023","category":"low_backscatter_no_longer_present","area_ha":1.25,"center_lon":-64.334299,"center_lat":45.888612,"threshold_db":-20.664,"polarization":"VH","interpretation":"candidate only; requires validation"}},{"type":"Feature","id":"july2023-0157","geometry":{"type":"Polygon","coordinates":[[[-64.346272,45.89071],[-64.346196,45.887561],[-64.345551,45.887569],[-64.345627,45.890718],[-64.346272,45.89071]]]},"properties":{"feature_id":"july2023-0157","event_id":"july2023","category":"persistent_low_backscatter","area_ha":1.75,"center_lon":-64.345911,"center_lat":45.889139,"threshold_db":-20.664,"polarization":"VH","interpretation":"candidate only; requires validation"}},{"type":"Feature","id":"july2023-0158","geometry":{"type":"Polygon","coordinates":[[[-64.285033,45.890065],[-64.284991,45.888266],[-64.284347,45.888273],[-64.284358,45.888723],[-64.283713,45.88873],[-64.283744,45.89008],[-64.285033,45.890065]]]},"properties":{"feature_id":"july2023-0158","event_id":"july2023","category":"new_low_backscatter_during_july2023","area_ha":1.75,"center_lon":-64.284373,"center_lat":45.889173,"threshold_db":-20.664,"polarization":"VH","interpretation":"candidate only; requires validation"}},{"type":"Feature","id":"july2023-0159","geometry":{"type":"Polygon","coordinates":[[[-64.294105,45.892213],[-64.294095,45.891763],[-64.294739,45.891756],[-64.294687,45.889506],[-64.295331,45.889499],[-64.2953,45.888149],[-64.295944,45.888142],[-64.295933,45.887692],[-64.295289,45.887699],[-64.2953,45.888149],[-64.294655,45.888157],[-64.294687,45.889506],[-64.294042,45.889514],[-64.294084,45.891313],[-64.29344,45.891321],[-64.293461,45.89222],[-64.294105,45.892213]]]},"properties":{"feature_id":"july2023-0159","event_id":"july2023","category":"persistent_low_backscatter","area_ha":2.75,"center_lon":-64.294692,"center_lat":45.889956,"threshold_db":-20.664,"polarization":"VH","interpretation":"candidate only; requires validation"}},{"type":"Feature","id":"july2023-0160","geometry":{"type":"Polygon","coordinates":[[[-64.155489,45.889649],[-64.155461,45.888299],[-64.154817,45.888306],[-64.154807,45.887856],[-64.154163,45.887862],[-64.1542,45.889662],[-64.155489,45.889649]]]},"properties":{"feature_id":"july2023-0160","event_id":"july2023","category":"persistent_low_backscatter","area_ha":1.75,"center_lon":-64.154826,"center_lat":45.888759,"threshold_db":-20.664,"polarization":"VH","interpretation":"candidate only; requires validation"}},{"type":"Feature","id":"july2023-0161","geometry":{"type":"Polygon","coordinates":[[[-64.297212,45.887228],[-64.297191,45.886328],[-64.297835,45.88632],[-64.297814,45.885421],[-64.29717,45.885428],[-64.297191,45.886328],[-64.296546,45.886335],[-64.296557,45.886785],[-64.295913,45.886792],[-64.295923,45.887242],[-64.297212,45.887228]]]},"properties":{"feature_id":"july2023-0161","event_id":"july2023","category":"persistent_low_backscatter","area_ha":1.25,"center_lon":-64.296874,"center_lat":45.886331,"threshold_db":-20.664,"polarization":"VH","interpretation":"candidate only; requires validation"}},{"type":"Feature","id":"july2023-0162","geometry":{"type":"Polygon","coordinates":[[[-64.174108,45.886309],[-64.174098,45.885859],[-64.174742,45.885852],[-64.174733,45.885402],[-64.175377,45.885396],[-64.175358,45.884496],[-64.174714,45.884502],[-64.174723,45.884952],[-64.174079,45.884959],[-64.174089,45.885409],[-64.173444,45.885416],[-64.173463,45.886315],[-64.174108,45.886309]]]},"properties":{"feature_id":"july2023-0162","event_id":"july2023","category":"new_low_backscatter_during_july2023","area_ha":1.5,"center_lon":-64.17441,"center_lat":45.885406,"threshold_db":-20.664,"polarization":"VH","interpretation":"candidate only; requires validation"}},{"type":"Feature","id":"july2023-0163","geometry":{"type":"Polygon","coordinates":[[[-64.331389,45.888185],[-64.331378,45.887735],[-64.330734,45.887742],[-64.330723,45.887292],[-64.330079,45.8873],[-64.330047,45.88595],[-64.329402,45.885958],[-64.329381,45.885058],[-64.328737,45.885065],[-64.328672,45.882366],[-64.329316,45.882358],[-64.329306,45.881908],[-64.328017,45.881923],[-64.328103,45.885523],[-64.328747,45.885515],[-64.32878,45.886865],[-64.329424,45.886857],[-64.329435,45.887307],[-64.330079,45.8873],[-64.33009,45.88775],[-64.330734,45.887742],[-64.330745,45.888192],[-64.331389,45.888185]]]},"properties":{"feature_id":"july2023-0163","event_id":"july2023","category":"persistent_low_backscatter","area_ha":4.5,"center_lon":-64.329703,"center_lat":45.88505,"threshold_db":-20.664,"polarization":"VH","interpretation":"candidate only; requires validation"}},{"type":"Feature","id":"july2023-0164","geometry":{"type":"Polygon","coordinates":[[[-64.317109,45.88385],[-64.317087,45.88295],[-64.317732,45.882942],[-64.317721,45.882493],[-64.317077,45.8825],[-64.317066,45.88205],[-64.315778,45.882065],[-64.31582,45.883865],[-64.317109,45.88385]]]},"properties":{"feature_id":"july2023-0164","event_id":"july2023","category":"persistent_low_backscatter","area_ha":2.25,"center_lon":-64.316755,"center_lat":45.882958,"threshold_db":-20.664,"polarization":"VH","interpretation":"candidate only; requires validation"}},{"type":"Feature","id":"july2023-0165","geometry":{"type":"Polygon","coordinates":[[[-64.343489,45.882192],[-64.343478,45.881743],[-64.340901,45.881773],[-64.340912,45.882223],[-64.343489,45.882192]]]},"properties":{"feature_id":"july2023-0165","event_id":"july2023","category":"new_low_backscatter_during_july2023","area_ha":1.0,"center_lon":-64.342195,"center_lat":45.881983,"threshold_db":-20.664,"polarization":"VH","interpretation":"candidate only; requires validation"}},{"type":"Feature","id":"july2023-0166","geometry":{"type":"Polygon","coordinates":[[[-64.329306,45.881908],[-64.329295,45.881458],[-64.330583,45.881443],[-64.330562,45.880544],[-64.329918,45.880551],[-64.329928,45.881001],[-64.329284,45.881009],[-64.329295,45.881458],[-64.328651,45.881466],[-64.328662,45.881916],[-64.329306,45.881908]]]},"properties":{"feature_id":"july2023-0166","event_id":"july2023","category":"low_backscatter_no_longer_present","area_ha":1.0,"center_lon":-64.329617,"center_lat":45.88123,"threshold_db":-20.664,"polarization":"VH","interpretation":"candidate only; requires validation"}},{"type":"Feature","id":"july2023-0167","geometry":{"type":"Polygon","coordinates":[[[-64.190147,45.882993],[-64.190137,45.882543],[-64.190782,45.882536],[-64.190772,45.882086],[-64.190128,45.882093],[-64.190118,45.881643],[-64.185609,45.88169],[-64.185628,45.88259],[-64.188849,45.882556],[-64.188859,45.883006],[-64.190147,45.882993]]]},"properties":{"feature_id":"july2023-0167","event_id":"july2023","category":"persistent_low_backscatter","area_ha":4.25,"center_lon":-64.188196,"center_lat":45.882324,"threshold_db":-20.664,"polarization":"VH","interpretation":"candidate only; requires validation"}},{"type":"Feature","id":"july2023-0168","geometry":{"type":"Polygon","coordinates":[[[-64.338324,45.881803],[-64.338303,45.880903],[-64.337658,45.880911],[-64.337637,45.880011],[-64.336993,45.880019],[-64.336982,45.879569],[-64.335694,45.879584],[-64.335715,45.880484],[-64.337004,45.880468],[-64.337025,45.881368],[-64.337669,45.881361],[-64.33768,45.881811],[-64.338324,45.881803]]]},"properties":{"feature_id":"july2023-0168","event_id":"july2023","category":"persistent_low_backscatter","area_ha":2.25,"center_lon":-64.337009,"center_lat":45.88069,"threshold_db":-20.664,"polarization":"VH","interpretation":"candidate only; requires validation"}},{"type":"Feature","id":"july2023-0169","geometry":{"type":"Polygon","coordinates":[[[-64.354996,45.878456],[-64.354974,45.877557],[-64.353686,45.877572],[-64.353708,45.878472],[-64.354996,45.878456]]]},"properties":{"feature_id":"july2023-0169","event_id":"july2023","category":"new_low_backscatter_during_july2023","area_ha":1.0,"center_lon":-64.354341,"center_lat":45.878015,"threshold_db":-20.664,"polarization":"VH","interpretation":"candidate only; requires validation"}},{"type":"Feature","id":"july2023-0170","geometry":{"type":"Polygon","coordinates":[[[-64.347277,45.878998],[-64.347267,45.878548],[-64.347911,45.87854],[-64.3479,45.87809],[-64.348544,45.878083],[-64.348522,45.877183],[-64.347234,45.877198],[-64.347245,45.877648],[-64.347889,45.87764],[-64.3479,45.87809],[-64.346612,45.878105],[-64.346633,45.879005],[-64.347277,45.878998]]]},"properties":{"feature_id":"july2023-0170","event_id":"july2023","category":"new_low_backscatter_during_july2023","area_ha":1.5,"center_lon":-64.347578,"center_lat":45.878094,"threshold_db":-20.664,"polarization":"VH","interpretation":"candidate only; requires validation"}},{"type":"Feature","id":"july2023-0171","geometry":{"type":"Polygon","coordinates":[[[-64.3479,45.87809],[-64.347889,45.87764],[-64.347245,45.877648],[-64.347234,45.877198],[-64.34659,45.877206],[-64.346568,45.876306],[-64.345924,45.876313],[-64.345946,45.877213],[-64.34659,45.877206],[-64.346612,45.878105],[-64.3479,45.87809]]]},"properties":{"feature_id":"july2023-0171","event_id":"july2023","category":"persistent_low_backscatter","area_ha":1.25,"center_lon":-64.346912,"center_lat":45.877206,"threshold_db":-20.664,"polarization":"VH","interpretation":"candidate only; requires validation"}},{"type":"Feature","id":"july2023-0172","geometry":{"type":"Polygon","coordinates":[[[-64.188166,45.880763],[-64.188157,45.880313],[-64.188801,45.880306],[-64.188791,45.879857],[-64.19008,45.879843],[-64.190041,45.878043],[-64.187465,45.87807],[-64.187474,45.87852],[-64.18683,45.878527],[-64.186849,45.879427],[-64.186205,45.879433],[-64.186224,45.880333],[-64.187513,45.88032],[-64.187522,45.88077],[-64.188166,45.880763]]]},"properties":{"feature_id":"july2023-0172","event_id":"july2023","category":"persistent_low_backscatter","area_ha":6.25,"center_lon":-64.188142,"center_lat":45.879407,"threshold_db":-20.664,"polarization":"VH","interpretation":"candidate only; requires validation"}},{"type":"Feature","id":"july2023-0173","geometry":{"type":"Polygon","coordinates":[[[-64.152044,45.878883],[-64.152035,45.878433],[-64.151391,45.878439],[-64.151372,45.87754],[-64.150728,45.877546],[-64.150737,45.877996],[-64.150093,45.878002],[-64.150102,45.878452],[-64.150746,45.878446],[-64.150756,45.878896],[-64.152044,45.878883]]]},"properties":{"feature_id":"july2023-0173","event_id":"july2023","category":"persistent_low_backscatter","area_ha":1.25,"center_lon":-64.151069,"center_lat":45.878218,"threshold_db":-20.664,"polarization":"VH","interpretation":"candidate only; requires validation"}},{"type":"Feature","id":"july2023-0174","geometry":{"type":"Polygon","coordinates":[[[-64.347212,45.876298],[-64.347201,45.875848],[-64.347845,45.875841],[-64.347835,45.875391],[-64.348479,45.875383],[-64.348457,45.874483],[-64.347813,45.874491],[-64.347835,45.875391],[-64.34719,45.875398],[-64.347201,45.875848],[-64.346557,45.875856],[-64.346568,45.876306],[-64.347212,45.876298]]]},"properties":{"feature_id":"july2023-0174","event_id":"july2023","category":"new_low_backscatter_during_july2023","area_ha":1.0,"center_lon":-64.347518,"center_lat":45.875394,"threshold_db":-20.664,"polarization":"VH","interpretation":"candidate only; requires validation"}},{"type":"Feature","id":"july2023-0175","geometry":{"type":"Polygon","coordinates":[[[-64.32981,45.876052],[-64.3298,45.875602],[-64.328511,45.875617],[-64.328501,45.875167],[-64.327857,45.875175],[-64.327846,45.874725],[-64.327202,45.874732],[-64.327191,45.874282],[-64.326547,45.87429],[-64.326536,45.87384],[-64.325892,45.873847],[-64.325903,45.874297],[-64.326547,45.87429],[-64.326558,45.87474],[-64.327202,45.874732],[-64.327212,45.875182],[-64.327857,45.875175],[-64.327867,45.875625],[-64.328511,45.875617],[-64.328522,45.876067],[-64.32981,45.876052]]]},"properties":{"feature_id":"july2023-0175","event_id":"july2023","category":"new_low_backscatter_during_july2023","area_ha":1.5,"center_lon":-64.327851,"center_lat":45.874954,"threshold_db":-20.664,"polarization":"VH","interpretation":"candidate only; requires validation"}},{"type":"Feature","id":"july2023-0176","geometry":{"type":"Polygon","coordinates":[[[-64.363271,45.874308],[-64.363249,45.873408],[-64.362605,45.873416],[-64.362583,45.872516],[-64.361939,45.872523],[-64.361961,45.873423],[-64.362605,45.873416],[-64.362627,45.874315],[-64.363271,45.874308]]]},"properties":{"feature_id":"july2023-0176","event_id":"july2023","category":"low_backscatter_no_longer_present","area_ha":1.0,"center_lon":-64.362605,"center_lat":45.873416,"threshold_db":-20.664,"polarization":"VH","interpretation":"candidate only; requires validation"}},{"type":"Feature","id":"july2023-0177","geometry":{"type":"Polygon","coordinates":[[[-64.31754,45.874844],[-64.317508,45.873494],[-64.318797,45.87348],[-64.318786,45.87303],[-64.317498,45.873045],[-64.317508,45.873494],[-64.316864,45.873502],[-64.316896,45.874852],[-64.31754,45.874844]]]},"properties":{"feature_id":"july2023-0177","event_id":"july2023","category":"new_low_backscatter_during_july2023","area_ha":1.25,"center_lon":-64.31783,"center_lat":45.873941,"threshold_db":-20.664,"polarization":"VH","interpretation":"candidate only; requires validation"}},{"type":"Feature","id":"july2023-0178","geometry":{"type":"Polygon","coordinates":[[[-64.19257,45.875767],[-64.192541,45.874417],[-64.190609,45.874437],[-64.190599,45.873987],[-64.189955,45.873994],[-64.189936,45.873094],[-64.189292,45.873101],[-64.18932,45.874451],[-64.188676,45.874457],[-64.188695,45.875357],[-64.18934,45.875351],[-64.18933,45.874901],[-64.189974,45.874894],[-64.189984,45.875344],[-64.191272,45.87533],[-64.191282,45.87578],[-64.19257,45.875767]]]},"properties":{"feature_id":"july2023-0178","event_id":"july2023","category":"persistent_low_backscatter","area_ha":4.25,"center_lon":-64.190623,"center_lat":45.874437,"threshold_db":-20.664,"polarization":"VH","interpretation":"candidate only; requires validation"}},{"type":"Feature","id":"july2023-0179","geometry":{"type":"Polygon","coordinates":[[[-64.324593,45.873413],[-64.324583,45.872963],[-64.323939,45.87297],[-64.323928,45.87252],[-64.323284,45.872528],[-64.323273,45.872078],[-64.322629,45.872085],[-64.322618,45.871635],[-64.321974,45.871643],[-64.321964,45.871193],[-64.32132,45.8712],[-64.321298,45.8703],[-64.320654,45.870308],[-64.320686,45.871658],[-64.320042,45.871665],[-64.320053,45.872115],[-64.320697,45.872108],[-64.320686,45.871658],[-64.321974,45.871643],[-64.321985,45.872093],[-64.322629,45.872085],[-64.32264,45.872535],[-64.323284,45.872528],[-64.323294,45.872978],[-64.323939,45.87297],[-64.323949,45.87342],[-64.324593,45.873413]]]},"properties":{"feature_id":"july2023-0179","event_id":"july2023","category":"new_low_backscatter_during_july2023","area_ha":2.25,"center_lon":-64.322317,"center_lat":45.87186,"threshold_db":-20.664,"polarization":"VH","interpretation":"candidate only; requires validation"}},{"type":"Feature","id":"july2023-0180","geometry":{"type":"Polygon","coordinates":[[[-64.231743,45.869951],[-64.231723,45.869051],[-64.230435,45.869065],[-64.230455,45.869965],[-64.231743,45.869951]]]},"properties":{"feature_id":"july2023-0180","event_id":"july2023","category":"new_low_backscatter_during_july2023","area_ha":1.0,"center_lon":-64.231089,"center_lat":45.869508,"threshold_db":-20.664,"polarization":"VH","interpretation":"candidate only; requires validation"}},{"type":"Feature","id":"july2023-0181","geometry":{"type":"Polygon","coordinates":[[[-64.287091,45.867541],[-64.28707,45.866641],[-64.285782,45.866655],[-64.285792,45.867105],[-64.285148,45.867113],[-64.285158,45.867562],[-64.287091,45.867541]]]},"properties":{"feature_id":"july2023-0181","event_id":"july2023","category":"low_backscatter_no_longer_present","area_ha":1.25,"center_lon":-64.28612,"center_lat":45.867102,"threshold_db":-20.664,"polarization":"VH","interpretation":"candidate only; requires validation"}},{"type":"Feature","id":"july2023-0182","geometry":{"type":"Polygon","coordinates":[[[-64.287755,45.868433],[-64.287745,45.867983],[-64.288389,45.867976],[-64.288368,45.867076],[-64.287724,45.867084],[-64.287714,45.866634],[-64.289002,45.866619],[-64.288991,45.866169],[-64.287703,45.866184],[-64.287714,45.866634],[-64.28707,45.866641],[-64.28708,45.867091],[-64.287724,45.867084],[-64.287745,45.867983],[-64.287101,45.867991],[-64.287111,45.868441],[-64.287755,45.868433]]]},"properties":{"feature_id":"july2023-0182","event_id":"july2023","category":"new_low_backscatter_during_july2023","area_ha":1.5,"center_lon":-64.288036,"center_lat":45.867305,"threshold_db":-20.664,"polarization":"VH","interpretation":"candidate only; requires validation"}},{"type":"Feature","id":"july2023-0183","geometry":{"type":"Polygon","coordinates":[[[-64.324347,45.863065],[-64.324337,45.862615],[-64.321761,45.862645],[-64.321772,45.863094],[-64.324347,45.863065]]]},"properties":{"feature_id":"july2023-0183","event_id":"july2023","category":"new_low_backscatter_during_july2023","area_ha":1.0,"center_lon":-64.323054,"center_lat":45.862854,"threshold_db":-20.664,"polarization":"VH","interpretation":"candidate only; requires validation"}},{"type":"Feature","id":"july2023-0184","geometry":{"type":"Polygon","coordinates":[[[-64.346231,45.862359],[-64.34622,45.861909],[-64.346864,45.861901],[-64.346854,45.861451],[-64.344922,45.861474],[-64.344943,45.862374],[-64.346231,45.862359]]]},"properties":{"feature_id":"july2023-0184","event_id":"july2023","category":"low_backscatter_no_longer_present","area_ha":1.25,"center_lon":-64.345893,"center_lat":45.861913,"threshold_db":-20.664,"polarization":"VH","interpretation":"candidate only; requires validation"}},{"type":"Feature","id":"july2023-0185","geometry":{"type":"Polygon","coordinates":[[[-64.332064,45.862525],[-64.332054,45.862075],[-64.330766,45.86209],[-64.330755,45.86164],[-64.329467,45.861655],[-64.329478,45.862105],[-64.330122,45.862098],[-64.330132,45.862547],[-64.332064,45.862525]]]},"properties":{"feature_id":"july2023-0185","event_id":"july2023","category":"new_low_backscatter_during_july2023","area_ha":1.25,"center_lon":-64.330765,"center_lat":45.862094,"threshold_db":-20.664,"polarization":"VH","interpretation":"candidate only; requires validation"}},{"type":"Feature","id":"july2023-0186","geometry":{"type":"Polygon","coordinates":[[[-64.352005,45.861391],[-64.351994,45.860941],[-64.353282,45.860925],[-64.353271,45.860476],[-64.351339,45.860498],[-64.351328,45.860049],[-64.350684,45.860056],[-64.350695,45.860506],[-64.351339,45.860498],[-64.351361,45.861398],[-64.352005,45.861391]]]},"properties":{"feature_id":"july2023-0186","event_id":"july2023","category":"new_low_backscatter_during_july2023","area_ha":1.25,"center_lon":-64.351983,"center_lat":45.860723,"threshold_db":-20.664,"polarization":"VH","interpretation":"candidate only; requires validation"}},{"type":"Feature","id":"july2023-0187","geometry":{"type":"Polygon","coordinates":[[[-64.326237,45.861243],[-64.326204,45.859893],[-64.325561,45.8599],[-64.325571,45.86035],[-64.324927,45.860358],[-64.324949,45.861258],[-64.326237,45.861243]]]},"properties":{"feature_id":"july2023-0187","event_id":"july2023","category":"new_low_backscatter_during_july2023","area_ha":1.25,"center_lon":-64.325582,"center_lat":45.860575,"threshold_db":-20.664,"polarization":"VH","interpretation":"candidate only; requires validation"}},{"type":"Feature","id":"july2023-0188","geometry":{"type":"Polygon","coordinates":[[[-64.195492,45.861785],[-64.195482,45.861335],[-64.196126,45.861329],[-64.196116,45.860879],[-64.195472,45.860886],[-64.195463,45.860436],[-64.194819,45.860442],[-64.194828,45.860892],[-64.194184,45.860899],[-64.194194,45.861349],[-64.194838,45.861342],[-64.194848,45.861792],[-64.195492,45.861785]]]},"properties":{"feature_id":"july2023-0188","event_id":"july2023","category":"persistent_low_backscatter","area_ha":1.25,"center_lon":-64.195155,"center_lat":45.861114,"threshold_db":-20.664,"polarization":"VH","interpretation":"candidate only; requires validation"}},{"type":"Feature","id":"july2023-0189","geometry":{"type":"Polygon","coordinates":[[[-64.34681,45.859652],[-64.346788,45.858752],[-64.345501,45.858767],[-64.345511,45.859217],[-64.344867,45.859225],[-64.344878,45.859675],[-64.34681,45.859652]]]},"properties":{"feature_id":"july2023-0189","event_id":"july2023","category":"new_low_backscatter_during_july2023","area_ha":1.25,"center_lon":-64.345838,"center_lat":45.859214,"threshold_db":-20.664,"polarization":"VH","interpretation":"candidate only; requires validation"}},{"type":"Feature","id":"july2023-0190","geometry":{"type":"Polygon","coordinates":[[[-64.192916,45.861812],[-64.192877,45.860013],[-64.191589,45.860026],[-64.191599,45.860476],[-64.192243,45.860469],[-64.192272,45.861819],[-64.192916,45.861812]]]},"properties":{"feature_id":"july2023-0190","event_id":"july2023","category":"persistent_low_backscatter","area_ha":1.25,"center_lon":-64.192252,"center_lat":45.860916,"threshold_db":-20.664,"polarization":"VH","interpretation":"candidate only; requires validation"}},{"type":"Feature","id":"july2023-0191","geometry":{"type":"Polygon","coordinates":[[[-64.329392,45.858506],[-64.329371,45.857606],[-64.326795,45.857636],[-64.326784,45.857186],[-64.32614,45.857193],[-64.326162,45.858093],[-64.328737,45.858063],[-64.328748,45.858513],[-64.329392,45.858506]]]},"properties":{"feature_id":"july2023-0191","event_id":"july2023","category":"new_low_backscatter_during_july2023","area_ha":1.75,"center_lon":-64.327766,"center_lat":45.85785,"threshold_db":-20.664,"polarization":"VH","interpretation":"candidate only; requires validation"}},{"type":"Feature","id":"july2023-0192","geometry":{"type":"Polygon","coordinates":[[[-64.04798,45.861434],[-64.047971,45.860984],[-64.047327,45.860989],[-64.047311,45.86009],[-64.046667,45.860095],[-64.046692,45.861445],[-64.04798,45.861434]]]},"properties":{"feature_id":"july2023-0192","event_id":"july2023","category":"low_backscatter_no_longer_present","area_ha":1.0,"center_lon":-64.047324,"center_lat":45.860768,"threshold_db":-20.664,"polarization":"VH","interpretation":"candidate only; requires validation"}},{"type":"Feature","id":"july2023-0193","geometry":{"type":"Polygon","coordinates":[[[-64.319723,45.858168],[-64.319712,45.857718],[-64.319068,45.857725],[-64.319047,45.856826],[-64.317759,45.85684],[-64.31777,45.85729],[-64.318414,45.857283],[-64.318435,45.858183],[-64.319723,45.858168]]]},"properties":{"feature_id":"july2023-0193","event_id":"july2023","category":"new_low_backscatter_during_july2023","area_ha":1.25,"center_lon":-64.318741,"center_lat":45.857504,"threshold_db":-20.664,"polarization":"VH","interpretation":"candidate only; requires validation"}},{"type":"Feature","id":"july2023-0194","geometry":{"type":"Polygon","coordinates":[[[-64.325507,45.857651],[-64.325496,45.857201],[-64.324209,45.857216],[-64.324187,45.856316],[-64.323543,45.856323],[-64.323565,45.857223],[-64.324209,45.857216],[-64.324219,45.857666],[-64.325507,45.857651]]]},"properties":{"feature_id":"july2023-0194","event_id":"july2023","category":"low_backscatter_no_longer_present","area_ha":1.0,"center_lon":-64.324525,"center_lat":45.856991,"threshold_db":-20.664,"polarization":"VH","interpretation":"candidate only; requires validation"}},{"type":"Feature","id":"july2023-0195","geometry":{"type":"Polygon","coordinates":[[[-64.323629,45.859923],[-64.323618,45.859473],[-64.324262,45.859465],[-64.324251,45.859015],[-64.323607,45.859023],[-64.323586,45.858123],[-64.322942,45.858131],[-64.32291,45.856781],[-64.322266,45.856788],[-64.322245,45.855888],[-64.321601,45.855896],[-64.321612,45.856346],[-64.31968,45.856368],[-64.319691,45.856818],[-64.320978,45.856803],[-64.320989,45.857253],[-64.322277,45.857238],[-64.322298,45.858138],[-64.321654,45.858145],[-64.321665,45.858595],[-64.322953,45.85858],[-64.322985,45.85993],[-64.323629,45.859923]]]},"properties":{"feature_id":"july2023-0195","event_id":"july2023","category":"low_backscatter_no_longer_present","area_ha":4.25,"center_lon":-64.321971,"center_lat":45.857909,"threshold_db":-20.664,"polarization":"VH","interpretation":"candidate only; requires validation"}},{"type":"Feature","id":"july2023-0196","geometry":{"type":"Polygon","coordinates":[[[-64.319036,45.856376],[-64.319004,45.855026],[-64.31836,45.855033],[-64.318371,45.855483],[-64.317083,45.855498],[-64.317104,45.856398],[-64.319036,45.856376]]]},"properties":{"feature_id":"july2023-0196","event_id":"july2023","category":"low_backscatter_no_longer_present","area_ha":1.75,"center_lon":-64.31806,"center_lat":45.855712,"threshold_db":-20.664,"polarization":"VH","interpretation":"candidate only; requires validation"}},{"type":"Feature","id":"july2023-0197","geometry":{"type":"Polygon","coordinates":[[[-64.310644,45.855572],[-64.310613,45.854222],[-64.309325,45.854237],[-64.309346,45.855137],[-64.30999,45.85513],[-64.310001,45.85558],[-64.310644,45.855572]]]},"properties":{"feature_id":"july2023-0197","event_id":"july2023","category":"low_backscatter_no_longer_present","area_ha":1.25,"center_lon":-64.309984,"center_lat":45.854901,"threshold_db":-20.664,"polarization":"VH","interpretation":"candidate only; requires validation"}},{"type":"Feature","id":"july2023-0198","geometry":{"type":"Polygon","coordinates":[[[-64.345403,45.854718],[-64.345392,45.854268],[-64.346036,45.854261],[-64.346025,45.853811],[-64.344737,45.853826],[-64.344748,45.854276],[-64.344104,45.854283],[-64.344115,45.854733],[-64.345403,45.854718]]]},"properties":{"feature_id":"july2023-0198","event_id":"july2023","category":"new_low_backscatter_during_july2023","area_ha":1.0,"center_lon":-64.34507,"center_lat":45.854272,"threshold_db":-20.664,"polarization":"VH","interpretation":"candidate only; requires validation"}},{"type":"Feature","id":"july2023-0199","geometry":{"type":"Polygon","coordinates":[[[-64.362165,45.855419],[-64.362154,45.85497],[-64.362798,45.854962],[-64.362776,45.854062],[-64.362132,45.85407],[-64.36211,45.85317],[-64.361466,45.853178],[-64.361488,45.854077],[-64.362132,45.85407],[-64.362154,45.85497],[-64.36151,45.854977],[-64.361521,45.855427],[-64.362165,45.855419]]]},"properties":{"feature_id":"july2023-0199","event_id":"july2023","category":"low_backscatter_no_longer_present","area_ha":1.25,"center_lon":-64.362132,"center_lat":45.854298,"threshold_db":-20.664,"polarization":"VH","interpretation":"candidate only; requires validation"}},{"type":"Feature","id":"july2023-0200","geometry":{"type":"Polygon","coordinates":[[[-64.329317,45.855356],[-64.329306,45.854906],[-64.32995,45.854899],[-64.329939,45.854449],[-64.32672,45.854487],[-64.326709,45.854037],[-64.324778,45.854059],[-64.324767,45.853609],[-64.322835,45.853631],[-64.322846,45.854081],[-64.324134,45.854066],[-64.324145,45.854516],[-64.324788,45.854509],[-64.324799,45.854959],[-64.328662,45.854914],[-64.328673,45.855364],[-64.329317,45.855356]]]},"properties":{"feature_id":"july2023-0200","event_id":"july2023","category":"new_low_backscatter_during_july2023","area_ha":4.0,"center_lon":-64.326392,"center_lat":45.854487,"threshold_db":-20.664,"polarization":"VH","interpretation":"candidate only; requires validation"}},{"type":"Feature","id":"july2023-0201","geometry":{"type":"Polygon","coordinates":[[[-64.338943,45.853894],[-64.338932,45.853444],[-64.339576,45.853436],[-64.339565,45.852987],[-64.338277,45.853002],[-64.338288,45.853452],[-64.336356,45.853474],[-64.336367,45.853924],[-64.338943,45.853894]]]},"properties":{"feature_id":"july2023-0201","event_id":"july2023","category":"new_low_backscatter_during_july2023","area_ha":1.5,"center_lon":-64.337966,"center_lat":45.853455,"threshold_db":-20.664,"polarization":"VH","interpretation":"candidate only; requires validation"}},{"type":"Feature","id":"july2023-0202","geometry":{"type":"Polygon","coordinates":[[[-64.309325,45.854237],[-64.309314,45.853787],[-64.308671,45.853795],[-64.30866,45.853345],[-64.308016,45.853352],[-64.308006,45.852902],[-64.307362,45.85291],[-64.307372,45.853359],[-64.306728,45.853367],[-64.306739,45.853817],[-64.307383,45.853809],[-64.307372,45.853359],[-64.308016,45.853352],[-64.308037,45.854252],[-64.309325,45.854237]]]},"properties":{"feature_id":"july2023-0202","event_id":"july2023","category":"new_low_backscatter_during_july2023","area_ha":1.25,"center_lon":-64.308027,"center_lat":45.853577,"threshold_db":-20.664,"polarization":"VH","interpretation":"candidate only; requires validation"}},{"type":"Feature","id":"july2023-0203","geometry":{"type":"Polygon","coordinates":[[[-64.359557,45.8541],[-64.359546,45.853651],[-64.36019,45.853643],[-64.360179,45.853193],[-64.361466,45.853178],[-64.361455,45.852728],[-64.360812,45.852735],[-64.360801,45.852286],[-64.360157,45.852293],[-64.360179,45.853193],[-64.359535,45.853201],[-64.359546,45.853651],[-64.358902,45.853658],[-64.358913,45.854108],[-64.359557,45.8541]]]},"properties":{"feature_id":"july2023-0203","event_id":"july2023","category":"new_low_backscatter_during_july2023","area_ha":1.25,"center_lon":-64.360184,"center_lat":45.853197,"threshold_db":-20.664,"polarization":"VH","interpretation":"candidate only; requires validation"}},{"type":"Feature","id":"july2023-0204","geometry":{"type":"Polygon","coordinates":[[[-64.32026,45.853661],[-64.320249,45.853211],[-64.318962,45.853226],[-64.318951,45.852776],[-64.318307,45.852784],[-64.318297,45.852334],[-64.317009,45.852349],[-64.317019,45.852799],[-64.317663,45.852791],[-64.317674,45.853241],[-64.318318,45.853234],[-64.318328,45.853684],[-64.32026,45.853661]]]},"properties":{"feature_id":"july2023-0204","event_id":"july2023","category":"new_low_backscatter_during_july2023","area_ha":1.75,"center_lon":-64.318635,"center_lat":45.853009,"threshold_db":-20.664,"polarization":"VH","interpretation":"candidate only; requires validation"}},{"type":"Feature","id":"july2023-0205","geometry":{"type":"Polygon","coordinates":[[[-64.306739,45.853817],[-64.306728,45.853367],[-64.306085,45.853374],[-64.306074,45.852924],[-64.30543,45.852932],[-64.30542,45.852482],[-64.302844,45.852511],[-64.302865,45.853411],[-64.304797,45.853389],[-64.304807,45.853839],[-64.305451,45.853831],[-64.305441,45.853382],[-64.306085,45.853374],[-64.306095,45.853824],[-64.306739,45.853817]]]},"properties":{"feature_id":"july2023-0205","event_id":"july2023","category":"low_backscatter_no_longer_present","area_ha":2.75,"center_lon":-64.304791,"center_lat":45.853161,"threshold_db":-20.664,"polarization":"VH","interpretation":"candidate only; requires validation"}},{"type":"Feature","id":"july2023-0206","geometry":{"type":"Polygon","coordinates":[[[-64.416158,45.851163],[-64.416146,45.850713],[-64.41679,45.850705],[-64.416779,45.850255],[-64.416135,45.850263],[-64.416124,45.849813],[-64.41548,45.849821],[-64.415514,45.851171],[-64.416158,45.851163]]]},"properties":{"feature_id":"july2023-0206","event_id":"july2023","category":"new_low_backscatter_during_july2023","area_ha":1.0,"center_lon":-64.416135,"center_lat":45.850492,"threshold_db":-20.664,"polarization":"VH","interpretation":"candidate only; requires validation"}},{"type":"Feature","id":"july2023-0207","geometry":{"type":"Polygon","coordinates":[[[-64.315742,45.853263],[-64.315732,45.852813],[-64.315088,45.852821],[-64.315077,45.852371],[-64.316365,45.852356],[-64.316354,45.851906],[-64.313779,45.851936],[-64.313768,45.851486],[-64.312481,45.851501],[-64.31247,45.851051],[-64.311183,45.851066],[-64.311193,45.851516],[-64.310549,45.851523],[-64.310539,45.851073],[-64.309251,45.851088],[-64.30924,45.850638],[-64.308597,45.850645],[-64.308607,45.851095],[-64.309251,45.851088],[-64.309262,45.851538],[-64.310549,45.851523],[-64.31056,45.851973],[-64.312491,45.851951],[-64.312502,45.852401],[-64.314433,45.852378],[-64.314444,45.852828],[-64.315088,45.852821],[-64.315099,45.853271],[-64.315742,45.853263]]]},"properties":{"feature_id":"july2023-0207","event_id":"july2023","category":"new_low_backscatter_during_july2023","area_ha":4.5,"center_lon":-64.312481,"center_lat":45.851954,"threshold_db":-20.664,"polarization":"VH","interpretation":"candidate only; requires validation"}},{"type":"Feature","id":"july2023-0208","geometry":{"type":"Polygon","coordinates":[[[-64.349823,45.851066],[-64.349812,45.850616],[-64.350456,45.850608],[-64.350445,45.850158],[-64.351089,45.850151],[-64.351078,45.849701],[-64.351722,45.849693],[-64.351711,45.849243],[-64.352354,45.849236],[-64.352344,45.848786],[-64.351056,45.848801],[-64.351078,45.849701],[-64.350434,45.849708],[-64.350445,45.850158],[-64.34787,45.850189],[-64.34788,45.850639],[-64.347237,45.850646],[-64.347248,45.851096],[-64.349823,45.851066]]]},"properties":{"feature_id":"july2023-0208","event_id":"july2023","category":"new_low_backscatter_during_july2023","area_ha":3.0,"center_lon":-64.349795,"center_lat":45.849941,"threshold_db":-20.664,"polarization":"VH","interpretation":"candidate only; requires validation"}},{"type":"Feature","id":"july2023-0209","geometry":{"type":"Polygon","coordinates":[[[-64.278357,45.851888],[-64.278337,45.850988],[-64.27898,45.850981],[-64.27897,45.850531],[-64.279614,45.850524],[-64.279593,45.849624],[-64.278306,45.849638],[-64.278316,45.850088],[-64.27896,45.850081],[-64.27897,45.850531],[-64.277682,45.850545],[-64.277693,45.850995],[-64.276405,45.851009],[-64.276415,45.851459],[-64.277059,45.851452],[-64.277069,45.851902],[-64.278357,45.851888]]]},"properties":{"feature_id":"july2023-0209","event_id":"july2023","category":"persistent_low_backscatter","area_ha":2.5,"center_lon":-64.278009,"center_lat":45.850763,"threshold_db":-20.664,"polarization":"VH","interpretation":"candidate only; requires validation"}},{"type":"Feature","id":"july2023-0210","geometry":{"type":"Polygon","coordinates":[[[-64.307953,45.850653],[-64.307921,45.849303],[-64.306634,45.849318],[-64.306665,45.850667],[-64.307953,45.850653]]]},"properties":{"feature_id":"july2023-0210","event_id":"july2023","category":"new_low_backscatter_during_july2023","area_ha":1.5,"center_lon":-64.307294,"center_lat":45.849985,"threshold_db":-20.664,"polarization":"VH","interpretation":"candidate only; requires validation"}},{"type":"Feature","id":"july2023-0211","geometry":{"type":"Polygon","coordinates":[[[-64.250641,45.850844],[-64.250621,45.849944],[-64.249333,45.849959],[-64.249343,45.850408],[-64.248056,45.850423],[-64.248066,45.850872],[-64.250641,45.850844]]]},"properties":{"feature_id":"july2023-0211","event_id":"july2023","category":"new_low_backscatter_during_july2023","area_ha":1.5,"center_lon":-64.249348,"center_lat":45.850408,"threshold_db":-20.664,"polarization":"VH","interpretation":"candidate only; requires validation"}},{"type":"Feature","id":"july2023-0212","geometry":{"type":"Polygon","coordinates":[[[-64.354908,45.848305],[-64.354897,45.847855],[-64.356184,45.84784],[-64.356152,45.84649],[-64.355508,45.846498],[-64.35553,45.847398],[-64.354242,45.847413],[-64.354264,45.848313],[-64.354908,45.848305]]]},"properties":{"feature_id":"july2023-0212","event_id":"july2023","category":"new_low_backscatter_during_july2023","area_ha":1.5,"center_lon":-64.355213,"center_lat":45.847402,"threshold_db":-20.664,"polarization":"VH","interpretation":"candidate only; requires validation"}},{"type":"Feature","id":"july2023-0213","geometry":{"type":"Polygon","coordinates":[[[-64.304048,45.848897],[-64.304037,45.848447],[-64.304681,45.84844],[-64.304671,45.84799],[-64.304027,45.847997],[-64.304016,45.847547],[-64.303372,45.847555],[-64.303362,45.847105],[-64.302718,45.847112],[-64.302708,45.846662],[-64.302064,45.84667],[-64.302053,45.84622],[-64.30141,45.846227],[-64.30142,45.846677],[-64.302064,45.84667],[-64.302074,45.84712],[-64.302718,45.847112],[-64.302729,45.847562],[-64.303372,45.847555],[-64.303383,45.848005],[-64.304027,45.847997],[-64.304037,45.848447],[-64.30275,45.848462],[-64.302739,45.848012],[-64.302095,45.848019],[-64.302116,45.848919],[-64.304048,45.848897]]]},"properties":{"feature_id":"july2023-0213","event_id":"july2023","category":"new_low_backscatter_during_july2023","area_ha":2.25,"center_lon":-64.303045,"center_lat":45.84757,"threshold_db":-20.664,"polarization":"VH","interpretation":"candidate only; requires validation"}},{"type":"Feature","id":"july2023-0214","geometry":{"type":"Polygon","coordinates":[[[-64.300797,45.847584],[-64.300755,45.845784],[-64.300112,45.845792],[-64.300153,45.847591],[-64.300797,45.847584]]]},"properties":{"feature_id":"july2023-0214","event_id":"july2023","category":"new_low_backscatter_during_july2023","area_ha":1.0,"center_lon":-64.300455,"center_lat":45.846688,"threshold_db":-20.664,"polarization":"VH","interpretation":"candidate only; requires validation"}},{"type":"Feature","id":"july2023-0215","geometry":{"type":"Polygon","coordinates":[[[-64.295003,45.84765],[-64.294982,45.84675],[-64.295626,45.846743],[-64.295605,45.845843],[-64.294961,45.84585],[-64.294982,45.84675],[-64.294338,45.846757],[-64.294349,45.847207],[-64.293705,45.847215],[-64.293716,45.847664],[-64.295003,45.84765]]]},"properties":{"feature_id":"july2023-0215","event_id":"july2023","category":"new_low_backscatter_during_july2023","area_ha":1.25,"center_lon":-64.294666,"center_lat":45.846754,"threshold_db":-20.664,"polarization":"VH","interpretation":"candidate only; requires validation"}},{"type":"Feature","id":"july2023-0216","geometry":{"type":"Polygon","coordinates":[[[-64.369638,45.844979],[-64.369615,45.84408],[-64.370259,45.844072],[-64.370248,45.843622],[-64.368961,45.843637],[-64.36895,45.843188],[-64.368306,45.843195],[-64.368317,45.843645],[-64.368961,45.843637],[-64.368994,45.844987],[-64.369638,45.844979]]]},"properties":{"feature_id":"july2023-0216","event_id":"july2023","category":"new_low_backscatter_during_july2023","area_ha":1.25,"center_lon":-64.369282,"center_lat":45.844088,"threshold_db":-20.664,"polarization":"VH","interpretation":"candidate only; requires validation"}},{"type":"Feature","id":"july2023-0217","geometry":{"type":"Polygon","coordinates":[[[-64.299457,45.845349],[-64.299447,45.844899],[-64.298803,45.844907],[-64.298793,45.844457],[-64.297505,45.844471],[-64.297495,45.844021],[-64.296851,45.844029],[-64.29684,45.843579],[-64.295553,45.843593],[-64.295542,45.843143],[-64.294255,45.843158],[-64.294234,45.842258],[-64.292303,45.84228],[-64.292282,45.84138],[-64.291638,45.841388],[-64.291628,45.840938],[-64.290984,45.840945],[-64.291015,45.842295],[-64.292303,45.84228],[-64.292313,45.84273],[-64.292957,45.842723],[-64.292988,45.844072],[-64.291701,45.844087],[-64.291722,45.844987],[-64.292365,45.84498],[-64.292355,45.84453],[-64.292999,45.844522],[-64.292988,45.844072],[-64.295563,45.844043],[-64.295574,45.844493],[-64.296218,45.844486],[-64.296228,45.844936],[-64.297516,45.844921],[-64.297526,45.845371],[-64.299457,45.845349]]]},"properties":{"feature_id":"july2023-0217","event_id":"july2023","category":"new_low_backscatter_during_july2023","area_ha":8.25,"center_lon":-64.29522,"center_lat":45.843154,"threshold_db":-20.664,"polarization":"VH","interpretation":"candidate only; requires validation"}},{"type":"Feature","id":"july2023-0218","geometry":{"type":"Polygon","coordinates":[[[-64.274309,45.843832],[-64.274268,45.842033],[-64.273624,45.84204],[-64.273604,45.84114],[-64.27296,45.841147],[-64.272981,45.842047],[-64.273624,45.84204],[-64.273665,45.843839],[-64.274309,45.843832]]]},"properties":{"feature_id":"july2023-0218","event_id":"july2023","category":"persistent_low_backscatter","area_ha":1.5,"center_lon":-64.273635,"center_lat":45.842489,"threshold_db":-20.664,"polarization":"VH","interpretation":"candidate only; requires validation"}},{"type":"Feature","id":"july2023-0219","geometry":{"type":"Polygon","coordinates":[[[-64.287755,45.840531],[-64.287734,45.839631],[-64.287091,45.839639],[-64.28708,45.839189],[-64.286437,45.839196],[-64.286457,45.840096],[-64.287101,45.840089],[-64.287112,45.840539],[-64.287755,45.840531]]]},"properties":{"feature_id":"july2023-0219","event_id":"july2023","category":"new_low_backscatter_during_july2023","area_ha":1.0,"center_lon":-64.287096,"center_lat":45.839864,"threshold_db":-20.664,"polarization":"VH","interpretation":"candidate only; requires validation"}},{"type":"Feature","id":"july2023-0220","geometry":{"type":"Polygon","coordinates":[[[-64.345291,45.876771],[-64.34528,45.876321],[-64.344636,45.876329],[-64.344625,45.875879],[-64.343981,45.875886],[-64.34397,45.875436],[-64.338817,45.875497],[-64.338828,45.875947],[-64.332387,45.876022],[-64.332376,45.875572],[-64.331732,45.87558],[-64.331721,45.87513],[-64.329789,45.875152],[-64.329778,45.874702],[-64.32849,45.874717],[-64.328479,45.874267],[-64.327835,45.874275],[-64.327824,45.873825],[-64.32718,45.873833],[-64.32717,45.873383],[-64.326526,45.87339],[-64.326515,45.87294],[-64.325227,45.872955],[-64.325216,45.872505],[-64.324572,45.872513],[-64.324561,45.872063],[-64.323917,45.87207],[-64.323885,45.870721],[-64.324529,45.870713],[-64.324518,45.870263],[-64.325163,45.870256],[-64.32512,45.868456],[-64.325764,45.868449],[-64.325732,45.867099],[-64.326376,45.867091],[-64.326365,45.866641],[-64.327009,45.866634],[-64.326988,45.865734],[-64.327632,45.865727],[-64.327621,45.865277],[-64.328265,45.865269],[-64.328254,45.864819],[-64.328898,45.864812],[-64.328887,45.864362],[-64.329531,45.864355],[-64.329521,45.863905],[-64.33596,45.86383],[-64.335939,45.86293],[-64.336583,45.862922],[-64.336594,45.863372],[-64.338525,45.863349],[-64.338515,45.8629],[-64.337871,45.862907],[-64.33786,45.862457],[-64.339792,45.862435],[-64.339803,45.862884],[-64.339159,45.862892],[-64.339169,45.863342],[-64.339813,45.863334],[-64.339803,45.862884],[-64.341091,45.862869],[-64.341101,45.863319],[-64.341745,45.863312],[-64.341734,45.862862],[-64.342378,45.862854],[-64.342389,45.863304],[-64.343677,45.863289],[-64.343666,45.862839],[-64.345598,45.862816],[-64.345587,45.862366],[-64.344943,45.862374],[-64.344922,45.861474],[-64.346854,45.861451],[-64.346864,45.861901],[-64.34622,45.861909],[-64.346231,45.862359],[-64.348163,45.862336],[-64.348152,45.861886],[-64.350084,45.861863],[-64.350073,45.861413],[-64.351361,45.861398],[-64.351339,45.860498],[-64.353915,45.860468],[-64.353904,45.860018],[-64.355192,45.860003],[-64.35517,45.859103],[-64.355814,45.859095],[-64.355803,45.858645],[-64.356447,45.858638],[-64.356425,45.857738],[-64.357069,45.85773],[-64.35708,45.85818],[-64.357724,45.858173],[-64.357713,45.857723],[-64.358357,45.857715],[-64.358346,45.857265],[-64.357702,45.857273],[-64.357669,45.855923],[-64.358313,45.855915],[-64.358324,45.856365],[-64.358968,45.856358],[-64.35899,45.857257],[-64.359634,45.85725],[-64.359623,45.8568],[-64.360267,45.856792],[-64.360256,45.856342],[-64.360899,45.856335],[-64.360888,45.855885],[-64.361532,45.855877],[-64.36151,45.854977],[-64.362154,45.85497],[-64.362132,45.85407],[-64.362776,45.854062],[-64.362765,45.853612],[-64.363409,45.853605],[-64.363398,45.853155],[-64.364042,45.853147],[-64.36402,45.852247],[-64.364664,45.852239],[-64.364642,45.85134],[-64.365285,45.851332],[-64.365252,45.849982],[-64.365896,45.849975],[-64.365852,45.848175],[-64.366496,45.848167],[-64.366463,45.846818],[-64.367107,45.84681],[-64.367085,45.84591],[-64.368372,45.845895],[-64.368361,45.845445],[-64.369005,45.845437],[-64.368961,45.843637],[-64.369604,45.84363],[-64.369582,45.84273],[-64.370226,45.842722],[-64.370215,45.842272],[-64.371502,45.842257],[-64.37148,45.841357],[-64.372124,45.841349],[-64.372113,45.840899],[-64.372757,45.840892],[-64.372746,45.840442],[-64.373389,45.840434],[-64.373378,45.839984],[-64.374022,45.839976],[-64.374,45.839077],[-64.374643,45.839069],[-64.374621,45.838169],[-64.375909,45.838154],[-64.375897,45.837704],[-64.376541,45.837696],[-64.37653,45.837246],[-64.377174,45.837238],[-64.377163,45.836788],[-64.377806,45.836781],[-64.377795,45.836331],[-64.378439,45.836323],[-64.378428,45.835873],[-64.379071,45.835865],[-64.37906,45.835415],[-64.280581,45.836562],[-64.280602,45.837461],[-64.281889,45.837447],[-64.28192,45.838797],[-64.282564,45.83879],[-64.282575,45.839239],[-64.283218,45.839232],[-64.283229,45.839682],[-64.283872,45.839675],[-64.283893,45.840575],[-64.284537,45.840568],[-64.284547,45.841017],[-64.285191,45.84101],[-64.285211,45.84191],[-64.285855,45.841903],[-64.285876,45.842803],[-64.28652,45.842795],[-64.28654,45.843695],[-64.287184,45.843688],[-64.287205,45.844588],[-64.287849,45.844581],[-64.287859,45.84503],[-64.288503,45.845023],[-64.288513,45.845473],[-64.289157,45.845466],[-64.289188,45.846816],[-64.289832,45.846808],[-64.289842,45.847258],[-64.290486,45.847251],[-64.290497,45.847701],[-64.29114,45.847694],[-64.291161,45.848593],[-64.291805,45.848586],[-64.291815,45.849036],[-64.292459,45.849029],[-64.29247,45.849479],[-64.293113,45.849471],[-64.293124,45.849921],[-64.293768,45.849914],[-64.293789,45.850814],[-64.294432,45.850807],[-64.294453,45.851706],[-64.295097,45.851699],[-64.295108,45.852149],[-64.295751,45.852142],[-64.295783,45.853491],[-64.296427,45.853484],[-64.296437,45.853934],[-64.298369,45.853912],[-64.298379,45.854362],[-64.299023,45.854355],[-64.299034,45.854805],[-64.299677,45.854797],[-64.299688,45.855247],[-64.300976,45.855233],[-64.300986,45.855683],[-64.302274,45.855668],[-64.302284,45.856118],[-64.302928,45.85611],[-64.302939,45.85656],[-64.303583,45.856553],[-64.303593,45.857003],[-64.304237,45.856996],[-64.304258,45.857895],[-64.305546,45.857881],[-64.305567,45.85878],[-64.306855,45.858766],[-64.306865,45.859216],[-64.308797,45.859194],[-64.308808,45.859643],[-64.309452,45.859636],[-64.309462,45.860086],[-64.311394,45.860064],[-64.311415,45.860964],[-64.312703,45.860949],[-64.312714,45.861399],[-64.313358,45.861391],[-64.313368,45.861841],[-64.314012,45.861834],[-64.314002,45.861384],[-64.314646,45.861377],[-64.314656,45.861826],[-64.316588,45.861804],[-64.316599,45.862254],[-64.317887,45.862239],[-64.317897,45.862689],[-64.319829,45.862667],[-64.31984,45.863117],[-64.321128,45.863102],[-64.321138,45.863552],[-64.322426,45.863537],[-64.322437,45.863987],[-64.323081,45.863979],[-64.323134,45.866229],[-64.32249,45.866236],[-64.322512,45.867136],[-64.321868,45.867144],[-64.321921,45.869393],[-64.321277,45.869401],[-64.32132,45.8712],[-64.321964,45.871193],[-64.321974,45.871643],[-64.322618,45.871635],[-64.322629,45.872085],[-64.323273,45.872078],[-64.323284,45.872528],[-64.323928,45.87252],[-64.323939,45.87297],[-64.324583,45.872963],[-64.324593,45.873413],[-64.325237,45.873405],[-64.325248,45.873855],[-64.326536,45.87384],[-64.326547,45.87429],[-64.327191,45.874282],[-64.327202,45.874732],[-64.327846,45.874725],[-64.327857,45.875175],[-64.328501,45.875167],[-64.328511,45.875617],[-64.3298,45.875602],[-64.32981,45.876052],[-64.331743,45.87603],[-64.331753,45.876479],[-64.334974,45.876442],[-64.334985,45.876892],[-64.336917,45.876869],[-64.336906,45.876419],[-64.339483,45.876389],[-64.339472,45.875939],[-64.341404,45.875917],[-64.341415,45.876366],[-64.344636,45.876329],[-64.344647,45.876779],[-64.345291,45.876771]],[[-64.343022,45.862847],[-64.342378,45.862854],[-64.342368,45.862404],[-64.343012,45.862397],[-64.343022,45.862847]],[[-64.335939,45.86293],[-64.335295,45.862937],[-64.335284,45.862487],[-64.335928,45.86248],[-64.335939,45.86293]],[[-64.324347,45.863065],[-64.321772,45.863094],[-64.321761,45.862645],[-64.324337,45.862615],[-64.324347,45.863065]],[[-64.343655,45.862389],[-64.343012,45.862397],[-64.343001,45.861947],[-64.343645,45.861939],[-64.343655,45.862389]],[[-64.332064,45.862525],[-64.330132,45.862547],[-64.330122,45.862098],[-64.329478,45.862105],[-64.329467,45.861655],[-64.330755,45.86164],[-64.330766,45.86209],[-64.332054,45.862075],[-64.332064,45.862525]],[[-64.326237,45.861243],[-64.324949,45.861258],[-64.324927,45.860358],[-64.325571,45.86035],[-64.325561,45.8599],[-64.326204,45.859893],[-64.326237,45.861243]],[[-64.351339,45.860498],[-64.350695,45.860506],[-64.350684,45.860056],[-64.351328,45.860049],[-64.351339,45.860498]],[[-64.34681,45.859652],[-64.344878,45.859675],[-64.344867,45.859225],[-64.345511,45.859217],[-64.345501,45.858767],[-64.346788,45.858752],[-64.34681,45.859652]],[[-64.323629,45.859923],[-64.322985,45.85993],[-64.322953,45.85858],[-64.321665,45.858595],[-64.321654,45.858145],[-64.322298,45.858138],[-64.322277,45.857238],[-64.320989,45.857253],[-64.320978,45.856803],[-64.319691,45.856818],[-64.31968,45.856368],[-64.317104,45.856398],[-64.317083,45.855498],[-64.318371,45.855483],[-64.31836,45.855033],[-64.319004,45.855026],[-64.319015,45.855476],[-64.319659,45.855468],[-64.319669,45.855918],[-64.320957,45.855903],[-64.320968,45.856353],[-64.321612,45.856346],[-64.321601,45.855896],[-64.320957,45.855903],[-64.320936,45.855004],[-64.32158,45.854996],[-64.32159,45.855446],[-64.322234,45.855439],[-64.322266,45.856788],[-64.32291,45.856781],[-64.322942,45.858131],[-64.323586,45.858123],[-64.323607,45.859023],[-64.324251,45.859015],[-64.324262,45.859465],[-64.323618,45.859473],[-64.323629,45.859923]],[[-64.329392,45.858506],[-64.328748,45.858513],[-64.328737,45.858063],[-64.326162,45.858093],[-64.32614,45.857193],[-64.326784,45.857186],[-64.326795,45.857636],[-64.329371,45.857606],[-64.329392,45.858506]],[[-64.319723,45.858168],[-64.318435,45.858183],[-64.318414,45.857283],[-64.31777,45.85729],[-64.317759,45.85684],[-64.319047,45.856826],[-64.319068,45.857725],[-64.319712,45.857718],[-64.319723,45.858168]],[[-64.325507,45.857651],[-64.324219,45.857666],[-64.324209,45.857216],[-64.325496,45.857201],[-64.325507,45.857651]],[[-64.324209,45.857216],[-64.323565,45.857223],[-64.323543,45.856323],[-64.324187,45.856316],[-64.324209,45.857216]],[[-64.329317,45.855356],[-64.328673,45.855364],[-64.328662,45.854914],[-64.324799,45.854959],[-64.324788,45.854509],[-64.323501,45.854524],[-64.323511,45.854974],[-64.322867,45.854981],[-64.322846,45.854081],[-64.320915,45.854104],[-64.320893,45.853204],[-64.322181,45.853189],[-64.322192,45.853639],[-64.324767,45.853609],[-64.324778,45.854059],[-64.326709,45.854037],[-64.32672,45.854487],[-64.329939,45.854449],[-64.32995,45.854899],[-64.329306,45.854906],[-64.329317,45.855356]],[[-64.315795,45.855513],[-64.313864,45.855535],[-64.313853,45.855085],[-64.313209,45.855093],[-64.313199,45.854643],[-64.313843,45.854635],[-64.313832,45.854185],[-64.314476,45.854178],[-64.314465,45.853728],[-64.315109,45.853721],[-64.31513,45.854621],[-64.315774,45.854613],[-64.315795,45.855513]],[[-64.310644,45.855572],[-64.310001,45.85558],[-64.30999,45.85513],[-64.309346,45.855137],[-64.309336,45.854687],[-64.308048,45.854702],[-64.308016,45.853352],[-64.30866,45.853345],[-64.308671,45.853795],[-64.309314,45.853787],[-64.309325,45.854237],[-64.310613,45.854222],[-64.310644,45.855572]],[[-64.345403,45.854718],[-64.344115,45.854733],[-64.344104,45.854283],[-64.344748,45.854276],[-64.344737,45.853826],[-64.346025,45.853811],[-64.346036,45.854261],[-64.345392,45.854268],[-64.345403,45.854718]],[[-64.362132,45.85407],[-64.361488,45.854077],[-64.361477,45.853628],[-64.360834,45.853635],[-64.360823,45.853185],[-64.360179,45.853193],[-64.360157,45.852293],[-64.360801,45.852286],[-64.360812,45.852735],[-64.361455,45.852728],[-64.361466,45.853178],[-64.36211,45.85317],[-64.362132,45.85407]],[[-64.359557,45.8541],[-64.358913,45.854108],[-64.358902,45.853658],[-64.359546,45.853651],[-64.359557,45.8541]],[[-64.36019,45.853643],[-64.359546,45.853651],[-64.359535,45.853201],[-64.360179,45.853193],[-64.36019,45.853643]],[[-64.338943,45.853894],[-64.336367,45.853924],[-64.336356,45.853474],[-64.338288,45.853452],[-64.338277,45.853002],[-64.339565,45.852987],[-64.339576,45.853436],[-64.338932,45.853444],[-64.338943,45.853894]],[[-64.32026,45.853661],[-64.318328,45.853684],[-64.318318,45.853234],[-64.316386,45.853256],[-64.316376,45.852806],[-64.315732,45.852813],[-64.315742,45.853263],[-64.315099,45.853271],[-64.315088,45.852821],[-64.314444,45.852828],[-64.314433,45.852378],[-64.312502,45.852401],[-64.312491,45.851951],[-64.31056,45.851973],[-64.310549,45.851523],[-64.309262,45.851538],[-64.309251,45.851088],[-64.308607,45.851095],[-64.308597,45.850645],[-64.307953,45.850653],[-64.307963,45.851103],[-64.30732,45.85111],[-64.307309,45.85066],[-64.306665,45.850667],[-64.306644,45.849768],[-64.304713,45.84979],[-64.304702,45.84934],[-64.304058,45.849347],[-64.304048,45.848897],[-64.301473,45.848926],[-64.301431,45.847127],[-64.300787,45.847134],[-64.300797,45.847584],[-64.29951,45.847599],[-64.29952,45.848049],[-64.298876,45.848056],[-64.298855,45.847156],[-64.299499,45.847149],[-64.299478,45.846249],[-64.297547,45.846271],[-64.297536,45.845821],[-64.29818,45.845814],[-64.29817,45.845364],[-64.297526,45.845371],[-64.297516,45.844921],[-64.296228,45.844936],[-64.296218,45.844486],[-64.295574,45.844493],[-64.295563,45.844043],[-64.292988,45.844072],[-64.292957,45.842723],[-64.292313,45.84273],[-64.292303,45.84228],[-64.294234,45.842258],[-64.294255,45.843158],[-64.295542,45.843143],[-64.295553,45.843593],[-64.29684,45.843579],[-64.296851,45.844029],[-64.297495,45.844021],[-64.297505,45.844471],[-64.298793,45.844457],[-64.298803,45.844907],[-64.299447,45.844899],[-64.299457,45.845349],[-64.300101,45.845342],[-64.300112,45.845792],[-64.300755,45.845784],[-64.300766,45.846234],[-64.302053,45.84622],[-64.302064,45.84667],[-64.302708,45.846662],[-64.302718,45.847112],[-64.303362,45.847105],[-64.303372,45.847555],[-64.304016,45.847547],[-64.304027,45.847997],[-64.304671,45.84799],[-64.304681,45.84844],[-64.305325,45.848433],[-64.305335,45.848882],[-64.306623,45.848868],[-64.306634,45.849318],[-64.307921,45.849303],[-64.307932,45.849753],[-64.309219,45.849738],[-64.30923,45.850188],[-64.310518,45.850173],[-64.310528,45.850623],[-64.311172,45.850616],[-64.311183,45.851066],[-64.31247,45.851051],[-64.312481,45.851501],[-64.313768,45.851486],[-64.313779,45.851936],[-64.316354,45.851906],[-64.316365,45.852356],[-64.318297,45.852334],[-64.318307,45.852784],[-64.318951,45.852776],[-64.318962,45.853226],[-64.320249,45.853211],[-64.32026,45.853661]],[[-64.307383,45.853809],[-64.306095,45.853824],[-64.306085,45.853374],[-64.307372,45.853359],[-64.307383,45.853809]],[[-64.305451,45.853831],[-64.304807,45.853839],[-64.304797,45.853389],[-64.302865,45.853411],[-64.302844,45.852511],[-64.30542,45.852482],[-64.30543,45.852932],[-64.306074,45.852924],[-64.306085,45.853374],[-64.305441,45.853382],[-64.305451,45.853831]],[[-64.308016,45.853352],[-64.307372,45.853359],[-64.307362,45.85291],[-64.308006,45.852902],[-64.308016,45.853352]],[[-64.349823,45.851066],[-64.347248,45.851096],[-64.347237,45.850646],[-64.34788,45.850639],[-64.34787,45.850189],[-64.350445,45.850158],[-64.350456,45.850608],[-64.349812,45.850616],[-64.349823,45.851066]],[[-64.351089,45.850151],[-64.350445,45.850158],[-64.350434,45.849708],[-64.351078,45.849701],[-64.351089,45.850151]],[[-64.351722,45.849693],[-64.351078,45.849701],[-64.351056,45.848801],[-64.352344,45.848786],[-64.352354,45.849236],[-64.351711,45.849243],[-64.351722,45.849693]],[[-64.354908,45.848305],[-64.354264,45.848313],[-64.354242,45.847413],[-64.35553,45.847398],[-64.355508,45.846498],[-64.356152,45.84649],[-64.356184,45.84784],[-64.354897,45.847855],[-64.354908,45.848305]],[[-64.295003,45.84765],[-64.293716,45.847664],[-64.293705,45.847215],[-64.294349,45.847207],[-64.294338,45.846757],[-64.294982,45.84675],[-64.295003,45.84765]],[[-64.295626,45.846743],[-64.294982,45.84675],[-64.294961,45.84585],[-64.295605,45.845843],[-64.295626,45.846743]],[[-64.292365,45.84498],[-64.291722,45.844987],[-64.291701,45.844087],[-64.292988,45.844072],[-64.292999,45.844522],[-64.292355,45.84453],[-64.292365,45.84498]],[[-64.368961,45.843637],[-64.368317,45.843645],[-64.368306,45.843195],[-64.36895,45.843188],[-64.368961,45.843637]],[[-64.292303,45.84228],[-64.291015,45.842295],[-64.290984,45.840945],[-64.291628,45.840938],[-64.291638,45.841388],[-64.292282,45.84138],[-64.292303,45.84228]],[[-64.372746,45.840442],[-64.372102,45.84045],[-64.372091,45.84],[-64.372735,45.839992],[-64.372746,45.840442]],[[-64.28842,45.841424],[-64.286489,45.841446],[-64.286478,45.840996],[-64.287766,45.840981],[-64.287755,45.840531],[-64.288399,45.840524],[-64.288389,45.840074],[-64.289032,45.840067],[-64.289043,45.840517],[-64.289686,45.84051],[-64.289697,45.840959],[-64.288409,45.840974],[-64.28842,45.841424]],[[-64.287755,45.840531],[-64.287112,45.840539],[-64.287101,45.840089],[-64.286457,45.840096],[-64.286437,45.839196],[-64.28708,45.839189],[-64.287091,45.839639],[-64.287734,45.839631],[-64.287755,45.840531]]]},"properties":{"feature_id":"july2023-0220","event_id":"july2023","category":"persistent_low_backscatter","area_ha":1685.25,"center_lon":-64.329826,"center_lat":45.856153,"threshold_db":-20.664,"polarization":"VH","interpretation":"candidate only; requires validation"}},{"type":"Feature","id":"july2023-0221","geometry":{"type":"Polygon","coordinates":[[[-64.242645,45.838781],[-64.242634,45.838331],[-64.241991,45.838338],[-64.241971,45.837438],[-64.241327,45.837445],[-64.241317,45.836995],[-64.240673,45.837002],[-64.240683,45.837452],[-64.241327,45.837445],[-64.241347,45.838345],[-64.241991,45.838338],[-64.242001,45.838788],[-64.242645,45.838781]]]},"properties":{"feature_id":"july2023-0221","event_id":"july2023","category":"new_low_backscatter_during_july2023","area_ha":1.0,"center_lon":-64.241659,"center_lat":45.837891,"threshold_db":-20.664,"polarization":"VH","interpretation":"candidate only; requires validation"}},{"type":"Feature","id":"july2023-0222","geometry":{"type":"Polygon","coordinates":[[[-64.243278,45.838324],[-64.243268,45.837874],[-64.242624,45.837881],[-64.242614,45.837431],[-64.241971,45.837438],[-64.241961,45.836988],[-64.241317,45.836995],[-64.241327,45.837445],[-64.241971,45.837438],[-64.241991,45.838338],[-64.243278,45.838324]]]},"properties":{"feature_id":"july2023-0222","event_id":"july2023","category":"persistent_low_backscatter","area_ha":1.0,"center_lon":-64.242298,"center_lat":45.837663,"threshold_db":-20.664,"polarization":"VH","interpretation":"candidate only; requires validation"}}]}