{"type":"FeatureCollection","name":"Hurricane Lee Sentinel-1 low-backscatter change candidates","features":[{"type":"Feature","id":"lee-s1-0001","geometry":{"type":"Polygon","coordinates":[[[-64.020141,46.064646],[-64.020133,46.064196],[-64.01884,46.064207],[-64.018824,46.063307],[-64.018177,46.063313],[-64.018194,46.064213],[-64.017547,46.064219],[-64.017556,46.064669],[-64.020141,46.064646]]]},"properties":{"feature_id":"lee-s1-0001","event_id":"lee","category":"low_backscatter_no_longer_present","area_ha":1.5,"center_lon":-64.018844,"center_lat":46.063988,"threshold_db":-17.695,"sensor":"Sentinel-1","polarization":"HV","interpretation":"candidate only; requires validation"}},{"type":"Feature","id":"lee-s1-0002","geometry":{"type":"Polygon","coordinates":[[[-64.012385,46.064715],[-64.012368,46.063815],[-64.011722,46.06382],[-64.011714,46.06337],[-64.01236,46.063365],[-64.012335,46.062015],[-64.011689,46.062021],[-64.011714,46.06337],[-64.011067,46.063376],[-64.011076,46.063826],[-64.011722,46.06382],[-64.011738,46.06472],[-64.012385,46.064715]]]},"properties":{"feature_id":"lee-s1-0002","event_id":"lee","category":"low_backscatter_no_longer_present","area_ha":1.5,"center_lon":-64.011726,"center_lat":46.063367,"threshold_db":-17.695,"sensor":"Sentinel-1","polarization":"HV","interpretation":"candidate only; requires validation"}},{"type":"Feature","id":"lee-s1-0003","geometry":{"type":"Polygon","coordinates":[[[-64.055028,46.063429],[-64.05502,46.062979],[-64.055666,46.062973],[-64.055657,46.062523],[-64.055011,46.062529],[-64.05502,46.062979],[-64.054373,46.062985],[-64.054356,46.062085],[-64.05371,46.062091],[-64.053701,46.061641],[-64.053055,46.061647],[-64.053072,46.062547],[-64.053718,46.062541],[-64.053727,46.062991],[-64.054373,46.062985],[-64.054382,46.063435],[-64.055028,46.063429]]]},"properties":{"feature_id":"lee-s1-0003","event_id":"lee","category":"low_backscatter_no_longer_present","area_ha":1.5,"center_lon":-64.054361,"center_lat":46.062538,"threshold_db":-17.695,"sensor":"Sentinel-1","polarization":"HV","interpretation":"candidate only; requires validation"}},{"type":"Feature","id":"lee-s1-0004","geometry":{"type":"Polygon","coordinates":[[[-64.131278,46.061799],[-64.131269,46.06135],[-64.131915,46.061343],[-64.131906,46.060893],[-64.132552,46.060887],[-64.132534,46.059987],[-64.131888,46.059993],[-64.131878,46.059543],[-64.131232,46.05955],[-64.131223,46.0591],[-64.130577,46.059106],[-64.130586,46.059556],[-64.129293,46.059569],[-64.129302,46.060019],[-64.130595,46.060006],[-64.130586,46.059556],[-64.131232,46.05955],[-64.131241,46.06],[-64.131888,46.059993],[-64.131897,46.060443],[-64.131251,46.06045],[-64.131269,46.06135],[-64.12933,46.061369],[-64.129339,46.061819],[-64.131278,46.061799]]]},"properties":{"feature_id":"lee-s1-0004","event_id":"lee","category":"low_backscatter_no_longer_present","area_ha":2.75,"center_lon":-64.130922,"center_lat":46.06046,"threshold_db":-17.695,"sensor":"Sentinel-1","polarization":"HV","interpretation":"candidate only; requires validation"}},{"type":"Feature","id":"lee-s1-0005","geometry":{"type":"Polygon","coordinates":[[[-64.014266,46.061548],[-64.014258,46.061098],[-64.014904,46.061092],[-64.014896,46.060642],[-64.013603,46.060654],[-64.013595,46.060204],[-64.014241,46.060198],[-64.014233,46.059748],[-64.013587,46.059754],[-64.013595,46.060204],[-64.012949,46.060209],[-64.012957,46.060659],[-64.012311,46.060665],[-64.012319,46.061115],[-64.011673,46.061121],[-64.011681,46.061571],[-64.012973,46.061559],[-64.012957,46.060659],[-64.013603,46.060654],[-64.01362,46.061554],[-64.014266,46.061548]]]},"properties":{"feature_id":"lee-s1-0005","event_id":"lee","category":"low_backscatter_no_longer_present","area_ha":2.0,"center_lon":-64.013289,"center_lat":46.060659,"threshold_db":-17.695,"sensor":"Sentinel-1","polarization":"HV","interpretation":"candidate only; requires validation"}},{"type":"Feature","id":"lee-s1-0006","geometry":{"type":"Polygon","coordinates":[[[-64.08276,46.060019],[-64.082751,46.059569],[-64.084043,46.059557],[-64.084035,46.059107],[-64.082096,46.059126],[-64.082104,46.059576],[-64.081458,46.059582],[-64.081467,46.060032],[-64.08276,46.060019]]]},"properties":{"feature_id":"lee-s1-0006","event_id":"lee","category":"low_backscatter_no_longer_present","area_ha":1.25,"center_lon":-64.082751,"center_lat":46.059569,"threshold_db":-17.695,"sensor":"Sentinel-1","polarization":"HV","interpretation":"candidate only; requires validation"}},{"type":"Feature","id":"lee-s1-0007","geometry":{"type":"Polygon","coordinates":[[[-64.217833,46.05866],[-64.217804,46.05731],[-64.216511,46.057324],[-64.216531,46.058224],[-64.217177,46.058217],[-64.217187,46.058667],[-64.217833,46.05866]]]},"properties":{"feature_id":"lee-s1-0007","event_id":"lee","category":"low_backscatter_no_longer_present","area_ha":1.25,"center_lon":-64.217172,"center_lat":46.057989,"threshold_db":-17.695,"sensor":"Sentinel-1","polarization":"HV","interpretation":"candidate only; requires validation"}},{"type":"Feature","id":"lee-s1-0008","geometry":{"type":"Polygon","coordinates":[[[-64.022644,46.060123],[-64.022635,46.059673],[-64.021989,46.059679],[-64.021981,46.059229],[-64.021334,46.059235],[-64.021326,46.058785],[-64.02068,46.058791],[-64.020688,46.059241],[-64.021334,46.059235],[-64.021351,46.060135],[-64.022644,46.060123]]]},"properties":{"feature_id":"lee-s1-0008","event_id":"lee","category":"low_backscatter_no_longer_present","area_ha":1.0,"center_lon":-64.021662,"center_lat":46.05946,"threshold_db":-17.695,"sensor":"Sentinel-1","polarization":"HV","interpretation":"candidate only; requires validation"}},{"type":"Feature","id":"lee-s1-0009","geometry":{"type":"Polygon","coordinates":[[[-64.107373,46.062484],[-64.107364,46.062034],[-64.106718,46.06204],[-64.106682,46.06024],[-64.106036,46.060247],[-64.106027,46.059797],[-64.10538,46.059803],[-64.105371,46.059353],[-64.104725,46.059359],[-64.10468,46.05711],[-64.104034,46.057116],[-64.104079,46.059365],[-64.104725,46.059359],[-64.104734,46.059809],[-64.10538,46.059803],[-64.105389,46.060253],[-64.106036,46.060247],[-64.106071,46.062046],[-64.106718,46.06204],[-64.106727,46.06249],[-64.107373,46.062484]]]},"properties":{"feature_id":"lee-s1-0009","event_id":"lee","category":"persistent_low_backscatter","area_ha":3.0,"center_lon":-64.105704,"center_lat":46.0598,"threshold_db":-17.695,"sensor":"Sentinel-1","polarization":"HV","interpretation":"candidate only; requires validation"}},{"type":"Feature","id":"lee-s1-0010","geometry":{"type":"Polygon","coordinates":[[[-64.453632,46.053204],[-64.453608,46.052304],[-64.452962,46.052312],[-64.45295,46.051862],[-64.451658,46.051879],[-64.451693,46.053228],[-64.453632,46.053204]]]},"properties":{"feature_id":"lee-s1-0010","event_id":"lee","category":"persistent_low_backscatter","area_ha":2.0,"center_lon":-64.452645,"center_lat":46.052545,"threshold_db":-17.695,"sensor":"Sentinel-1","polarization":"HV","interpretation":"candidate only; requires validation"}},{"type":"Feature","id":"lee-s1-0011","geometry":{"type":"Polygon","coordinates":[[[-64.090462,46.057246],[-64.090453,46.056796],[-64.0911,46.05679],[-64.091091,46.05634],[-64.090444,46.056346],[-64.090436,46.055896],[-64.089789,46.055902],[-64.089816,46.057252],[-64.090462,46.057246]]]},"properties":{"feature_id":"lee-s1-0011","event_id":"lee","category":"low_backscatter_no_longer_present","area_ha":1.0,"center_lon":-64.090444,"center_lat":46.056574,"threshold_db":-17.695,"sensor":"Sentinel-1","polarization":"HV","interpretation":"candidate only; requires validation"}},{"type":"Feature","id":"lee-s1-0012","geometry":{"type":"Polygon","coordinates":[[[-64.073641,46.056505],[-64.073633,46.056055],[-64.076218,46.056031],[-64.076209,46.055581],[-64.073624,46.055605],[-64.073633,46.056055],[-64.072986,46.056061],[-64.072978,46.055611],[-64.072331,46.055618],[-64.07234,46.056067],[-64.072986,46.056061],[-64.072995,46.056511],[-64.073641,46.056505]]]},"properties":{"feature_id":"lee-s1-0012","event_id":"lee","category":"low_backscatter_no_longer_present","area_ha":1.5,"center_lon":-64.074275,"center_lat":46.056046,"threshold_db":-17.695,"sensor":"Sentinel-1","polarization":"HV","interpretation":"candidate only; requires validation"}},{"type":"Feature","id":"lee-s1-0013","geometry":{"type":"Polygon","coordinates":[[[-64.062646,46.056158],[-64.062638,46.055708],[-64.061345,46.05572],[-64.061336,46.05527],[-64.060044,46.055282],[-64.060053,46.055732],[-64.061345,46.05572],[-64.061354,46.05617],[-64.062646,46.056158]]]},"properties":{"feature_id":"lee-s1-0013","event_id":"lee","category":"low_backscatter_no_longer_present","area_ha":1.0,"center_lon":-64.061345,"center_lat":46.05572,"threshold_db":-17.695,"sensor":"Sentinel-1","polarization":"HV","interpretation":"candidate only; requires validation"}},{"type":"Feature","id":"lee-s1-0014","geometry":{"type":"Polygon","coordinates":[[[-64.073633,46.056055],[-64.073624,46.055605],[-64.072978,46.055611],[-64.072952,46.054262],[-64.072305,46.054268],[-64.072331,46.055618],[-64.071685,46.055624],[-64.071694,46.056074],[-64.07234,46.056067],[-64.072331,46.055618],[-64.072978,46.055611],[-64.072986,46.056061],[-64.073633,46.056055]]]},"properties":{"feature_id":"lee-s1-0014","event_id":"lee","category":"persistent_low_backscatter","area_ha":1.25,"center_lon":-64.072659,"center_lat":46.055168,"threshold_db":-17.695,"sensor":"Sentinel-1","polarization":"HV","interpretation":"candidate only; requires validation"}},{"type":"Feature","id":"lee-s1-0015","geometry":{"type":"Polygon","coordinates":[[[-64.071694,46.056074],[-64.071677,46.055174],[-64.07103,46.05518],[-64.071022,46.05473],[-64.070375,46.054736],[-64.070367,46.054286],[-64.06972,46.054292],[-64.069729,46.054742],[-64.070375,46.054736],[-64.070393,46.055636],[-64.071039,46.05563],[-64.071048,46.05608],[-64.071694,46.056074]]]},"properties":{"feature_id":"lee-s1-0015","event_id":"lee","category":"low_backscatter_no_longer_present","area_ha":1.25,"center_lon":-64.070707,"center_lat":46.055183,"threshold_db":-17.695,"sensor":"Sentinel-1","polarization":"HV","interpretation":"candidate only; requires validation"}},{"type":"Feature","id":"lee-s1-0016","geometry":{"type":"Polygon","coordinates":[[[-64.293329,46.05288],[-64.293308,46.05198],[-64.291369,46.052002],[-64.29138,46.052452],[-64.292672,46.052438],[-64.292683,46.052887],[-64.293329,46.05288]]]},"properties":{"feature_id":"lee-s1-0016","event_id":"lee","category":"low_backscatter_no_longer_present","area_ha":1.0,"center_lon":-64.292349,"center_lat":46.052433,"threshold_db":-17.695,"sensor":"Sentinel-1","polarization":"HV","interpretation":"candidate only; requires validation"}},{"type":"Feature","id":"lee-s1-0017","geometry":{"type":"Polygon","coordinates":[[[-64.061328,46.05482],[-64.061319,46.05437],[-64.058734,46.054394],[-64.058743,46.054844],[-64.061328,46.05482]]]},"properties":{"feature_id":"lee-s1-0017","event_id":"lee","category":"low_backscatter_no_longer_present","area_ha":1.0,"center_lon":-64.060031,"center_lat":46.054607,"threshold_db":-17.695,"sensor":"Sentinel-1","polarization":"HV","interpretation":"candidate only; requires validation"}},{"type":"Feature","id":"lee-s1-0018","geometry":{"type":"Polygon","coordinates":[[[-64.062638,46.055708],[-64.062612,46.054358],[-64.063258,46.054352],[-64.063249,46.053902],[-64.061311,46.05392],[-64.061328,46.05482],[-64.061974,46.054814],[-64.061991,46.055714],[-64.062638,46.055708]]]},"properties":{"feature_id":"lee-s1-0018","event_id":"lee","category":"persistent_low_backscatter","area_ha":1.75,"center_lon":-64.062285,"center_lat":46.054808,"threshold_db":-17.695,"sensor":"Sentinel-1","polarization":"HV","interpretation":"candidate only; requires validation"}},{"type":"Feature","id":"lee-s1-0019","geometry":{"type":"Polygon","coordinates":[[[-64.024491,46.055156],[-64.024483,46.054706],[-64.026422,46.054689],[-64.026413,46.054239],[-64.024474,46.054257],[-64.024483,46.054706],[-64.023836,46.054712],[-64.023828,46.054262],[-64.023182,46.054268],[-64.023199,46.055168],[-64.024491,46.055156]]]},"properties":{"feature_id":"lee-s1-0019","event_id":"lee","category":"low_backscatter_no_longer_present","area_ha":1.5,"center_lon":-64.024802,"center_lat":46.054704,"threshold_db":-17.695,"sensor":"Sentinel-1","polarization":"HV","interpretation":"candidate only; requires validation"}},{"type":"Feature","id":"lee-s1-0020","geometry":{"type":"Polygon","coordinates":[[[-64.096898,46.055834],[-64.096889,46.055384],[-64.096243,46.055391],[-64.096234,46.054941],[-64.09688,46.054935],[-64.096871,46.054485],[-64.097518,46.054478],[-64.097509,46.054028],[-64.096862,46.054035],[-64.096854,46.053585],[-64.096207,46.053591],[-64.096216,46.054041],[-64.096862,46.054035],[-64.096871,46.054485],[-64.096225,46.054491],[-64.096234,46.054941],[-64.095588,46.054947],[-64.095579,46.054497],[-64.094933,46.054503],[-64.094915,46.053603],[-64.094269,46.05361],[-64.09426,46.05316],[-64.092967,46.053172],[-64.092976,46.053622],[-64.093622,46.053616],[-64.093631,46.054066],[-64.094278,46.054059],[-64.094286,46.054509],[-64.094933,46.054503],[-64.094942,46.054953],[-64.095588,46.054947],[-64.095597,46.055397],[-64.096243,46.055391],[-64.096252,46.055841],[-64.096898,46.055834]]]},"properties":{"feature_id":"lee-s1-0020","event_id":"lee","category":"low_backscatter_no_longer_present","area_ha":2.75,"center_lon":-64.095242,"center_lat":46.054501,"threshold_db":-17.695,"sensor":"Sentinel-1","polarization":"HV","interpretation":"candidate only; requires validation"}},{"type":"Feature","id":"lee-s1-0021","geometry":{"type":"Polygon","coordinates":[[[-64.099474,46.05536],[-64.099465,46.05491],[-64.100758,46.054897],[-64.100749,46.054447],[-64.102041,46.054435],[-64.102032,46.053985],[-64.102679,46.053979],[-64.10267,46.053529],[-64.103316,46.053523],[-64.103307,46.053073],[-64.102661,46.053079],[-64.10267,46.053529],[-64.102023,46.053535],[-64.102032,46.053985],[-64.10074,46.053997],[-64.100749,46.054447],[-64.09881,46.054466],[-64.098819,46.054916],[-64.097527,46.054928],[-64.097535,46.055378],[-64.099474,46.05536]]]},"properties":{"feature_id":"lee-s1-0021","event_id":"lee","category":"persistent_low_backscatter","area_ha":2.5,"center_lon":-64.100422,"center_lat":46.054226,"threshold_db":-17.695,"sensor":"Sentinel-1","polarization":"HV","interpretation":"candidate only; requires validation"}},{"type":"Feature","id":"lee-s1-0022","geometry":{"type":"Polygon","coordinates":[[[-64.096871,46.054485],[-64.096862,46.054035],[-64.097509,46.054028],[-64.097482,46.052679],[-64.096836,46.052685],[-64.096862,46.054035],[-64.096216,46.054041],[-64.096225,46.054491],[-64.096871,46.054485]]]},"properties":{"feature_id":"lee-s1-0022","event_id":"lee","category":"persistent_low_backscatter","area_ha":1.0,"center_lon":-64.096863,"center_lat":46.053585,"threshold_db":-17.695,"sensor":"Sentinel-1","polarization":"HV","interpretation":"candidate only; requires validation"}},{"type":"Feature","id":"lee-s1-0023","geometry":{"type":"Polygon","coordinates":[[[-64.072314,46.054718],[-64.072305,46.054268],[-64.072952,46.054262],[-64.072943,46.053812],[-64.073589,46.053806],[-64.073572,46.052906],[-64.072925,46.052912],[-64.072943,46.053812],[-64.07165,46.053824],[-64.071633,46.052924],[-64.070987,46.05293],[-64.070978,46.05248],[-64.070332,46.052486],[-64.070341,46.052936],[-64.070987,46.05293],[-64.071004,46.05383],[-64.07165,46.053824],[-64.071668,46.054724],[-64.072314,46.054718]]]},"properties":{"feature_id":"lee-s1-0023","event_id":"lee","category":"low_backscatter_no_longer_present","area_ha":2.0,"center_lon":-64.07196,"center_lat":46.053602,"threshold_db":-17.695,"sensor":"Sentinel-1","polarization":"HV","interpretation":"candidate only; requires validation"}},{"type":"Feature","id":"lee-s1-0024","geometry":{"type":"Polygon","coordinates":[[[-64.084549,46.052352],[-64.084531,46.051452],[-64.085824,46.05144],[-64.085815,46.05099],[-64.086461,46.050984],[-64.086452,46.050534],[-64.085806,46.05054],[-64.085815,46.05099],[-64.084522,46.051002],[-64.084513,46.050552],[-64.083867,46.050559],[-64.083876,46.051008],[-64.084522,46.051002],[-64.084531,46.051452],[-64.083885,46.051458],[-64.083894,46.051908],[-64.082601,46.051921],[-64.08261,46.052371],[-64.084549,46.052352]]]},"properties":{"feature_id":"lee-s1-0024","event_id":"lee","category":"low_backscatter_no_longer_present","area_ha":2.0,"center_lon":-64.084531,"center_lat":46.051452,"threshold_db":-17.695,"sensor":"Sentinel-1","polarization":"HV","interpretation":"candidate only; requires validation"}},{"type":"Feature","id":"lee-s1-0025","geometry":{"type":"Polygon","coordinates":[[[-64.095534,46.052247],[-64.095526,46.051797],[-64.094879,46.051804],[-64.09487,46.051354],[-64.093578,46.051366],[-64.093569,46.050916],[-64.092923,46.050922],[-64.092914,46.050472],[-64.092268,46.050479],[-64.092259,46.050029],[-64.09032,46.050047],[-64.090312,46.049597],[-64.088373,46.049616],[-64.088382,46.050066],[-64.089674,46.050053],[-64.089683,46.050503],[-64.092268,46.050479],[-64.092277,46.050929],[-64.092923,46.050922],[-64.092932,46.051372],[-64.093578,46.051366],[-64.093587,46.051816],[-64.094879,46.051804],[-64.094888,46.052254],[-64.095534,46.052247]]]},"properties":{"feature_id":"lee-s1-0025","event_id":"lee","category":"persistent_low_backscatter","area_ha":3.0,"center_lon":-64.091954,"center_lat":46.050925,"threshold_db":-17.695,"sensor":"Sentinel-1","polarization":"HV","interpretation":"candidate only; requires validation"}},{"type":"Feature","id":"lee-s1-0026","geometry":{"type":"Polygon","coordinates":[[[-64.032171,46.051037],[-64.032162,46.050587],[-64.032809,46.050581],[-64.0328,46.050131],[-64.031508,46.050143],[-64.031516,46.050593],[-64.03087,46.050599],[-64.030878,46.051049],[-64.032171,46.051037]]]},"properties":{"feature_id":"lee-s1-0026","event_id":"lee","category":"low_backscatter_no_longer_present","area_ha":1.0,"center_lon":-64.031839,"center_lat":46.05059,"threshold_db":-17.695,"sensor":"Sentinel-1","polarization":"HV","interpretation":"candidate only; requires validation"}},{"type":"Feature","id":"lee-s1-0027","geometry":{"type":"Polygon","coordinates":[[[-64.083203,46.049665],[-64.083195,46.049215],[-64.083841,46.049209],[-64.083832,46.048759],[-64.08254,46.048771],[-64.082549,46.049221],[-64.08061,46.049239],[-64.080619,46.049689],[-64.083203,46.049665]]]},"properties":{"feature_id":"lee-s1-0027","event_id":"lee","category":"persistent_low_backscatter","area_ha":1.5,"center_lon":-64.082225,"center_lat":46.049224,"threshold_db":-17.695,"sensor":"Sentinel-1","polarization":"HV","interpretation":"candidate only; requires validation"}},{"type":"Feature","id":"lee-s1-0028","geometry":{"type":"Polygon","coordinates":[[[-64.300363,46.04965],[-64.300342,46.04875],[-64.300988,46.048743],[-64.300967,46.047843],[-64.301613,46.047836],[-64.301592,46.046936],[-64.300946,46.046943],[-64.300935,46.046494],[-64.300289,46.046501],[-64.300278,46.046051],[-64.299632,46.046058],[-64.299675,46.047858],[-64.299028,46.047865],[-64.299049,46.048765],[-64.299696,46.048758],[-64.299706,46.049208],[-64.29906,46.049215],[-64.299071,46.049665],[-64.300363,46.04965]]]},"properties":{"feature_id":"lee-s1-0028","event_id":"lee","category":"persistent_low_backscatter","area_ha":4.5,"center_lon":-64.30032,"center_lat":46.047858,"threshold_db":-17.695,"sensor":"Sentinel-1","polarization":"HV","interpretation":"candidate only; requires validation"}},{"type":"Feature","id":"lee-s1-0029","geometry":{"type":"Polygon","coordinates":[[[-64.282875,46.048048],[-64.282865,46.047598],[-64.283511,46.047591],[-64.283501,46.047141],[-64.284147,46.047134],[-64.284136,46.046684],[-64.28349,46.046691],[-64.28348,46.046241],[-64.282188,46.046255],[-64.282198,46.046705],[-64.282844,46.046698],[-64.282855,46.047148],[-64.282208,46.047155],[-64.282229,46.048055],[-64.282875,46.048048]]]},"properties":{"feature_id":"lee-s1-0029","event_id":"lee","category":"low_backscatter_no_longer_present","area_ha":1.75,"center_lon":-64.283168,"center_lat":46.047148,"threshold_db":-17.695,"sensor":"Sentinel-1","polarization":"HV","interpretation":"candidate only; requires validation"}},{"type":"Feature","id":"lee-s1-0030","geometry":{"type":"Polygon","coordinates":[[[-64.049618,46.050878],[-64.04961,46.050428],[-64.050902,46.050416],[-64.050894,46.049966],[-64.05154,46.049961],[-64.051531,46.049511],[-64.050885,46.049517],[-64.050868,46.048617],[-64.050222,46.048623],[-64.050214,46.048173],[-64.049567,46.048179],[-64.049584,46.049078],[-64.048938,46.049084],[-64.048955,46.049984],[-64.047663,46.049996],[-64.047671,46.050446],[-64.048318,46.05044],[-64.048326,46.05089],[-64.049618,46.050878]]]},"properties":{"feature_id":"lee-s1-0030","event_id":"lee","category":"low_backscatter_no_longer_present","area_ha":4.25,"center_lon":-64.049601,"center_lat":46.049532,"threshold_db":-17.695,"sensor":"Sentinel-1","polarization":"HV","interpretation":"candidate only; requires validation"}},{"type":"Feature","id":"lee-s1-0031","geometry":{"type":"Polygon","coordinates":[[[-64.288023,46.04709],[-64.288013,46.04664],[-64.289305,46.046625],[-64.289295,46.046176],[-64.288003,46.04619],[-64.287992,46.04574],[-64.2867,46.045755],[-64.28671,46.046205],[-64.286064,46.046212],[-64.286075,46.046662],[-64.287367,46.046647],[-64.287377,46.047097],[-64.288023,46.04709]]]},"properties":{"feature_id":"lee-s1-0031","event_id":"lee","category":"low_backscatter_no_longer_present","area_ha":2.0,"center_lon":-64.287684,"center_lat":46.046419,"threshold_db":-17.695,"sensor":"Sentinel-1","polarization":"HV","interpretation":"candidate only; requires validation"}},{"type":"Feature","id":"lee-s1-0032","geometry":{"type":"Polygon","coordinates":[[[-64.045061,46.04912],[-64.045044,46.04822],[-64.046336,46.048208],[-64.046345,46.048658],[-64.046991,46.048652],[-64.046983,46.048202],[-64.046336,46.048208],[-64.046328,46.047758],[-64.045682,46.047764],[-64.045673,46.047314],[-64.045027,46.04732],[-64.045044,46.04822],[-64.043752,46.048232],[-64.043769,46.049132],[-64.045061,46.04912]]]},"properties":{"feature_id":"lee-s1-0032","event_id":"lee","category":"low_backscatter_no_longer_present","area_ha":2.0,"center_lon":-64.045372,"center_lat":46.048223,"threshold_db":-17.695,"sensor":"Sentinel-1","polarization":"HV","interpretation":"candidate only; requires validation"}},{"type":"Feature","id":"lee-s1-0033","geometry":{"type":"Polygon","coordinates":[[[-64.092861,46.047773],[-64.092852,46.047323],[-64.092206,46.047329],[-64.092197,46.046879],[-64.091551,46.046885],[-64.09156,46.047335],[-64.090913,46.047341],[-64.090922,46.047791],[-64.092861,46.047773]]]},"properties":{"feature_id":"lee-s1-0033","event_id":"lee","category":"new_low_backscatter_after_lee","area_ha":1.0,"center_lon":-64.091887,"center_lat":46.047335,"threshold_db":-17.695,"sensor":"Sentinel-1","polarization":"HV","interpretation":"candidate only; requires validation"}},{"type":"Feature","id":"lee-s1-0034","geometry":{"type":"Polygon","coordinates":[[[-64.286689,46.045305],[-64.286679,46.044855],[-64.287325,46.044848],[-64.287315,46.044398],[-64.286669,46.044405],[-64.286658,46.043955],[-64.286012,46.043962],[-64.286022,46.044412],[-64.284084,46.044434],[-64.284095,46.044884],[-64.283449,46.044891],[-64.283459,46.045341],[-64.284751,46.045327],[-64.284741,46.044877],[-64.286033,46.044862],[-64.286043,46.045312],[-64.286689,46.045305]],[[-64.286679,46.044855],[-64.286033,46.044862],[-64.286022,46.044412],[-64.286669,46.044405],[-64.286679,46.044855]]]},"properties":{"feature_id":"lee-s1-0034","event_id":"lee","category":"low_backscatter_no_longer_present","area_ha":2.0,"center_lon":-64.285387,"center_lat":46.044648,"threshold_db":-17.695,"sensor":"Sentinel-1","polarization":"HV","interpretation":"candidate only; requires validation"}},{"type":"Feature","id":"lee-s1-0035","geometry":{"type":"Polygon","coordinates":[[[-64.052781,46.047249],[-64.052773,46.046799],[-64.052126,46.046805],[-64.052118,46.046355],[-64.050826,46.046367],[-64.050834,46.046817],[-64.05148,46.046811],[-64.051489,46.047261],[-64.052781,46.047249]]]},"properties":{"feature_id":"lee-s1-0035","event_id":"lee","category":"low_backscatter_no_longer_present","area_ha":1.0,"center_lon":-64.051804,"center_lat":46.046808,"threshold_db":-17.695,"sensor":"Sentinel-1","polarization":"HV","interpretation":"candidate only; requires validation"}},{"type":"Feature","id":"lee-s1-0036","geometry":{"type":"Polygon","coordinates":[[[-64.449461,46.042006],[-64.449449,46.041556],[-64.448157,46.041573],[-64.448145,46.041123],[-64.447499,46.041131],[-64.447487,46.040681],[-64.446841,46.040689],[-64.446877,46.042039],[-64.449461,46.042006]]]},"properties":{"feature_id":"lee-s1-0036","event_id":"lee","category":"low_backscatter_no_longer_present","area_ha":1.75,"center_lon":-64.448151,"center_lat":46.04136,"threshold_db":-17.695,"sensor":"Sentinel-1","polarization":"HV","interpretation":"candidate only; requires validation"}},{"type":"Feature","id":"lee-s1-0037","geometry":{"type":"Polygon","coordinates":[[[-64.0941,46.045061],[-64.094082,46.044161],[-64.095374,46.044149],[-64.095365,46.043699],[-64.096012,46.043692],[-64.096003,46.043243],[-64.095357,46.043249],[-64.095365,46.043699],[-64.094073,46.043711],[-64.094082,46.044161],[-64.093436,46.044167],[-64.093454,46.045067],[-64.0941,46.045061]]]},"properties":{"feature_id":"lee-s1-0037","event_id":"lee","category":"low_backscatter_no_longer_present","area_ha":1.25,"center_lon":-64.094724,"center_lat":46.044155,"threshold_db":-17.695,"sensor":"Sentinel-1","polarization":"HV","interpretation":"candidate only; requires validation"}},{"type":"Feature","id":"lee-s1-0038","geometry":{"type":"Polygon","coordinates":[[[-64.284043,46.042634],[-64.284032,46.042185],[-64.283386,46.042192],[-64.283365,46.041292],[-64.282073,46.041307],[-64.282063,46.040857],[-64.281417,46.040864],[-64.281406,46.040414],[-64.282698,46.0404],[-64.282688,46.03995],[-64.282042,46.039957],[-64.282032,46.039507],[-64.280739,46.039521],[-64.28075,46.039971],[-64.281396,46.039964],[-64.281406,46.040414],[-64.28076,46.040421],[-64.280781,46.041321],[-64.281427,46.041314],[-64.281438,46.041764],[-64.282084,46.041756],[-64.282094,46.042206],[-64.283386,46.042192],[-64.283396,46.042642],[-64.284043,46.042634]]]},"properties":{"feature_id":"lee-s1-0038","event_id":"lee","category":"low_backscatter_no_longer_present","area_ha":3.25,"center_lon":-64.282391,"center_lat":46.041075,"threshold_db":-17.695,"sensor":"Sentinel-1","polarization":"HV","interpretation":"candidate only; requires validation"}},{"type":"Feature","id":"lee-s1-0039","geometry":{"type":"Polygon","coordinates":[[[-64.279458,46.039986],[-64.279447,46.039536],[-64.278801,46.039543],[-64.278791,46.039093],[-64.280083,46.039079],[-64.280073,46.038629],[-64.278781,46.038643],[-64.278791,46.039093],[-64.278145,46.0391],[-64.278155,46.03955],[-64.278801,46.039543],[-64.278812,46.039993],[-64.279458,46.039986]]]},"properties":{"feature_id":"lee-s1-0039","event_id":"lee","category":"low_backscatter_no_longer_present","area_ha":1.0,"center_lon":-64.279114,"center_lat":46.039311,"threshold_db":-17.695,"sensor":"Sentinel-1","polarization":"HV","interpretation":"candidate only; requires validation"}},{"type":"Feature","id":"lee-s1-0040","geometry":{"type":"Polygon","coordinates":[[[-64.278791,46.039093],[-64.27876,46.037744],[-64.277468,46.037758],[-64.277478,46.038208],[-64.278124,46.038201],[-64.278145,46.0391],[-64.278791,46.039093]]]},"properties":{"feature_id":"lee-s1-0040","event_id":"lee","category":"new_low_backscatter_after_lee","area_ha":1.0,"center_lon":-64.27813,"center_lat":46.038422,"threshold_db":-17.695,"sensor":"Sentinel-1","polarization":"HV","interpretation":"candidate only; requires validation"}},{"type":"Feature","id":"lee-s1-0041","geometry":{"type":"Polygon","coordinates":[[[-64.106924,46.039987],[-64.106897,46.038637],[-64.106251,46.038644],[-64.106269,46.039544],[-64.104976,46.039556],[-64.104985,46.040006],[-64.106924,46.039987]]]},"properties":{"feature_id":"lee-s1-0041","event_id":"lee","category":"low_backscatter_no_longer_present","area_ha":1.25,"center_lon":-64.10595,"center_lat":46.039321,"threshold_db":-17.695,"sensor":"Sentinel-1","polarization":"HV","interpretation":"candidate only; requires validation"}},{"type":"Feature","id":"lee-s1-0042","geometry":{"type":"Polygon","coordinates":[[[-64.284553,46.036779],[-64.284543,46.036329],[-64.283897,46.036336],[-64.283886,46.035886],[-64.282594,46.0359],[-64.282573,46.035001],[-64.281927,46.035008],[-64.281948,46.035908],[-64.282594,46.0359],[-64.282605,46.03635],[-64.281959,46.036358],[-64.281969,46.036808],[-64.282615,46.0368],[-64.282605,46.03635],[-64.283897,46.036336],[-64.283907,46.036786],[-64.284553,46.036779]]]},"properties":{"feature_id":"lee-s1-0042","event_id":"lee","category":"low_backscatter_no_longer_present","area_ha":1.5,"center_lon":-64.28324,"center_lat":46.035905,"threshold_db":-17.695,"sensor":"Sentinel-1","polarization":"HV","interpretation":"candidate only; requires validation"}},{"type":"Feature","id":"lee-s1-0043","geometry":{"type":"Polygon","coordinates":[[[-64.095268,46.038749],[-64.095259,46.038299],[-64.095905,46.038293],[-64.095896,46.037843],[-64.09525,46.03785],[-64.095232,46.03695],[-64.094586,46.036956],[-64.094604,46.037856],[-64.093958,46.037862],[-64.093967,46.038312],[-64.094613,46.038306],[-64.094622,46.038756],[-64.095268,46.038749]]]},"properties":{"feature_id":"lee-s1-0043","event_id":"lee","category":"low_backscatter_no_longer_present","area_ha":1.5,"center_lon":-64.094932,"center_lat":46.037853,"threshold_db":-17.695,"sensor":"Sentinel-1","polarization":"HV","interpretation":"candidate only; requires validation"}},{"type":"Feature","id":"lee-s1-0044","geometry":{"type":"Polygon","coordinates":[[[-64.293576,46.035777],[-64.293565,46.035327],[-64.294211,46.035319],[-64.29418,46.03397],[-64.293534,46.033977],[-64.293555,46.034877],[-64.292263,46.034892],[-64.292252,46.034442],[-64.291607,46.034449],[-64.291617,46.034899],[-64.290971,46.034906],[-64.290982,46.035356],[-64.292273,46.035341],[-64.292284,46.035791],[-64.293576,46.035777]]]},"properties":{"feature_id":"lee-s1-0044","event_id":"lee","category":"low_backscatter_no_longer_present","area_ha":2.5,"center_lon":-64.292591,"center_lat":46.03488,"threshold_db":-17.695,"sensor":"Sentinel-1","polarization":"HV","interpretation":"candidate only; requires validation"}},{"type":"Feature","id":"lee-s1-0045","geometry":{"type":"Polygon","coordinates":[[[-64.291596,46.033999],[-64.291575,46.033099],[-64.292221,46.033092],[-64.292211,46.032642],[-64.292856,46.032635],[-64.292835,46.031735],[-64.29219,46.031742],[-64.292211,46.032642],[-64.291565,46.032649],[-64.291575,46.033099],[-64.290283,46.033114],[-64.290294,46.033564],[-64.29094,46.033556],[-64.29095,46.034006],[-64.291596,46.033999]]]},"properties":{"feature_id":"lee-s1-0045","event_id":"lee","category":"low_backscatter_no_longer_present","area_ha":1.5,"center_lon":-64.29157,"center_lat":46.032871,"threshold_db":-17.695,"sensor":"Sentinel-1","polarization":"HV","interpretation":"candidate only; requires validation"}},{"type":"Feature","id":"lee-s1-0046","geometry":{"type":"Polygon","coordinates":[[[-64.280542,46.030973],[-64.280511,46.029624],[-64.279865,46.029631],[-64.279875,46.030081],[-64.279229,46.030088],[-64.27924,46.030538],[-64.279886,46.030531],[-64.279896,46.030981],[-64.280542,46.030973]]]},"properties":{"feature_id":"lee-s1-0046","event_id":"lee","category":"new_low_backscatter_after_lee","area_ha":1.0,"center_lon":-64.279886,"center_lat":46.030302,"threshold_db":-17.695,"sensor":"Sentinel-1","polarization":"HV","interpretation":"candidate only; requires validation"}},{"type":"Feature","id":"lee-s1-0047","geometry":{"type":"Polygon","coordinates":[[[-64.091931,46.033381],[-64.091922,46.032931],[-64.092568,46.032925],[-64.092559,46.032475],[-64.093205,46.032469],[-64.093196,46.032019],[-64.093842,46.032013],[-64.093825,46.031113],[-64.094471,46.031107],[-64.094453,46.030207],[-64.092515,46.030225],[-64.092524,46.030675],[-64.090586,46.030694],[-64.090595,46.031144],[-64.089949,46.03115],[-64.089958,46.0316],[-64.092541,46.031575],[-64.092524,46.030675],[-64.09317,46.030669],[-64.093196,46.032019],[-64.089966,46.03205],[-64.089975,46.0325],[-64.090621,46.032494],[-64.09063,46.032944],[-64.089984,46.03295],[-64.089993,46.0334],[-64.090639,46.033393],[-64.09063,46.032944],[-64.091276,46.032937],[-64.091285,46.033387],[-64.091931,46.033381]],[[-64.091922,46.032931],[-64.091276,46.032937],[-64.091267,46.032487],[-64.091913,46.032481],[-64.091922,46.032931]]]},"properties":{"feature_id":"lee-s1-0047","event_id":"lee","category":"low_backscatter_no_longer_present","area_ha":5.75,"center_lon":-64.09221,"center_lat":46.031803,"threshold_db":-17.695,"sensor":"Sentinel-1","polarization":"HV","interpretation":"candidate only; requires validation"}},{"type":"Feature","id":"lee-s1-0048","geometry":{"type":"Polygon","coordinates":[[[-64.436167,46.027773],[-64.436156,46.027323],[-64.43551,46.027332],[-64.435498,46.026882],[-64.434852,46.02689],[-64.434841,46.02644],[-64.432903,46.026464],[-64.432926,46.027364],[-64.433572,46.027356],[-64.433584,46.027806],[-64.436167,46.027773]]]},"properties":{"feature_id":"lee-s1-0048","event_id":"lee","category":"persistent_low_backscatter","area_ha":2.75,"center_lon":-64.434535,"center_lat":46.027123,"threshold_db":-17.695,"sensor":"Sentinel-1","polarization":"HV","interpretation":"candidate only; requires validation"}},{"type":"Feature","id":"lee-s1-0049","geometry":{"type":"Polygon","coordinates":[[[-64.097683,46.030176],[-64.097665,46.029276],[-64.097019,46.029282],[-64.096992,46.027932],[-64.096346,46.027939],[-64.096355,46.028389],[-64.095709,46.028395],[-64.095718,46.028845],[-64.096364,46.028839],[-64.096373,46.029288],[-64.097019,46.029282],[-64.097037,46.030182],[-64.097683,46.030176]]]},"properties":{"feature_id":"lee-s1-0049","event_id":"lee","category":"low_backscatter_no_longer_present","area_ha":1.5,"center_lon":-64.096696,"center_lat":46.029057,"threshold_db":-17.695,"sensor":"Sentinel-1","polarization":"HV","interpretation":"candidate only; requires validation"}},{"type":"Feature","id":"lee-s1-0050","geometry":{"type":"Polygon","coordinates":[[[-64.107363,46.029633],[-64.107345,46.028733],[-64.107991,46.028726],[-64.107982,46.028276],[-64.107336,46.028283],[-64.107327,46.027833],[-64.106681,46.027839],[-64.10669,46.028289],[-64.106044,46.028295],[-64.106053,46.028745],[-64.106699,46.028739],[-64.106717,46.029639],[-64.107363,46.029633]]]},"properties":{"feature_id":"lee-s1-0050","event_id":"lee","category":"low_backscatter_no_longer_present","area_ha":1.5,"center_lon":-64.107017,"center_lat":46.028736,"threshold_db":-17.695,"sensor":"Sentinel-1","polarization":"HV","interpretation":"candidate only; requires validation"}},{"type":"Feature","id":"lee-s1-0051","geometry":{"type":"Polygon","coordinates":[[[-64.323065,46.025989],[-64.323044,46.025089],[-64.321752,46.025104],[-64.321741,46.024654],[-64.321095,46.024661],[-64.321106,46.025111],[-64.321752,46.025104],[-64.321763,46.025554],[-64.322408,46.025546],[-64.322419,46.025996],[-64.323065,46.025989]]]},"properties":{"feature_id":"lee-s1-0051","event_id":"lee","category":"new_low_backscatter_after_lee","area_ha":1.0,"center_lon":-64.32208,"center_lat":46.025325,"threshold_db":-17.695,"sensor":"Sentinel-1","polarization":"HV","interpretation":"candidate only; requires validation"}},{"type":"Feature","id":"lee-s1-0052","geometry":{"type":"Polygon","coordinates":[[[-64.103451,46.02787],[-64.103442,46.02742],[-64.102797,46.027427],[-64.102788,46.026977],[-64.102142,46.026983],[-64.102097,46.024733],[-64.101451,46.024739],[-64.10146,46.025189],[-64.100168,46.025202],[-64.100177,46.025652],[-64.099531,46.025658],[-64.09954,46.026108],[-64.100186,46.026102],[-64.100177,46.025652],[-64.100823,46.025646],[-64.100841,46.026545],[-64.100195,46.026552],[-64.100204,46.027002],[-64.101496,46.026989],[-64.101505,46.027439],[-64.100859,46.027445],[-64.100868,46.027895],[-64.10216,46.027883],[-64.102151,46.027433],[-64.102797,46.027427],[-64.102805,46.027877],[-64.103451,46.02787]]]},"properties":{"feature_id":"lee-s1-0052","event_id":"lee","category":"low_backscatter_no_longer_present","area_ha":4.25,"center_lon":-64.101491,"center_lat":46.026314,"threshold_db":-17.695,"sensor":"Sentinel-1","polarization":"HV","interpretation":"candidate only; requires validation"}},{"type":"Feature","id":"lee-s1-0053","geometry":{"type":"Polygon","coordinates":[[[-64.184789,46.024806],[-64.184779,46.024356],[-64.184133,46.024363],[-64.184114,46.023463],[-64.183468,46.023469],[-64.183478,46.023919],[-64.182832,46.023926],[-64.182851,46.024826],[-64.184789,46.024806]]]},"properties":{"feature_id":"lee-s1-0053","event_id":"lee","category":"persistent_low_backscatter","area_ha":1.5,"center_lon":-64.18381,"center_lat":46.024144,"threshold_db":-17.695,"sensor":"Sentinel-1","polarization":"HV","interpretation":"candidate only; requires validation"}},{"type":"Feature","id":"lee-s1-0054","geometry":{"type":"Polygon","coordinates":[[[-64.13118,46.025349],[-64.131171,46.024899],[-64.129879,46.024912],[-64.129861,46.024012],[-64.129215,46.024018],[-64.129224,46.024468],[-64.128578,46.024475],[-64.128569,46.024025],[-64.127923,46.024031],[-64.127932,46.024481],[-64.127287,46.024488],[-64.127296,46.024937],[-64.129233,46.024918],[-64.129243,46.025368],[-64.13118,46.025349]]]},"properties":{"feature_id":"lee-s1-0054","event_id":"lee","category":"low_backscatter_no_longer_present","area_ha":2.25,"center_lon":-64.129233,"center_lat":46.02469,"threshold_db":-17.695,"sensor":"Sentinel-1","polarization":"HV","interpretation":"candidate only; requires validation"}},{"type":"Feature","id":"lee-s1-0055","geometry":{"type":"Polygon","coordinates":[[[-64.182841,46.024376],[-64.182832,46.023926],[-64.183478,46.023919],[-64.183468,46.023469],[-64.184114,46.023463],[-64.184124,46.023913],[-64.184769,46.023906],[-64.18476,46.023456],[-64.184114,46.023463],[-64.184104,46.023013],[-64.183459,46.02302],[-64.183468,46.023469],[-64.182822,46.023476],[-64.182832,46.023926],[-64.182186,46.023933],[-64.182196,46.024383],[-64.182841,46.024376]]]},"properties":{"feature_id":"lee-s1-0055","event_id":"lee","category":"low_backscatter_no_longer_present","area_ha":1.0,"center_lon":-64.183478,"center_lat":46.023698,"threshold_db":-17.695,"sensor":"Sentinel-1","polarization":"HV","interpretation":"candidate only; requires validation"}},{"type":"Feature","id":"lee-s1-0056","geometry":{"type":"Polygon","coordinates":[[[-64.0957,46.027945],[-64.095691,46.027495],[-64.096983,46.027483],[-64.096974,46.027033],[-64.09762,46.027026],[-64.097611,46.026576],[-64.098257,46.02657],[-64.098266,46.02702],[-64.098912,46.027014],[-64.098903,46.026564],[-64.098257,46.02657],[-64.098239,46.02567],[-64.097593,46.025677],[-64.097567,46.024327],[-64.098213,46.024321],[-64.098222,46.024771],[-64.098867,46.024764],[-64.098859,46.024314],[-64.099504,46.024308],[-64.099487,46.023408],[-64.098841,46.023415],[-64.098859,46.024314],[-64.098213,46.024321],[-64.098204,46.023871],[-64.097558,46.023877],[-64.097567,46.024327],[-64.096921,46.024333],[-64.096912,46.023883],[-64.094974,46.023902],[-64.094992,46.024802],[-64.094346,46.024808],[-64.094355,46.025258],[-64.093709,46.025264],[-64.0937,46.024814],[-64.093054,46.02482],[-64.093063,46.02527],[-64.093709,46.025264],[-64.093727,46.026164],[-64.094373,46.026158],[-64.094355,46.025258],[-64.095001,46.025251],[-64.094992,46.024802],[-64.095638,46.024795],[-64.095656,46.025695],[-64.096302,46.025689],[-64.096311,46.026139],[-64.097602,46.026127],[-64.097611,46.026576],[-64.096965,46.026583],[-64.096974,46.027033],[-64.095682,46.027045],[-64.095691,46.027495],[-64.095045,46.027501],[-64.095054,46.027951],[-64.0957,46.027945]],[[-64.096948,46.025683],[-64.096302,46.025689],[-64.096293,46.025239],[-64.096939,46.025233],[-64.096948,46.025683]],[[-64.09693,46.024783],[-64.096284,46.024789],[-64.096275,46.024339],[-64.096921,46.024333],[-64.09693,46.024783]]]},"properties":{"feature_id":"lee-s1-0056","event_id":"lee","category":"low_backscatter_no_longer_present","area_ha":7.0,"center_lon":-64.096279,"center_lat":46.02568,"threshold_db":-17.695,"sensor":"Sentinel-1","polarization":"HV","interpretation":"candidate only; requires validation"}},{"type":"Feature","id":"lee-s1-0057","geometry":{"type":"Polygon","coordinates":[[[-64.102088,46.024283],[-64.102079,46.023833],[-64.101433,46.02384],[-64.101424,46.02339],[-64.100778,46.023396],[-64.100769,46.022946],[-64.100124,46.022952],[-64.100132,46.023402],[-64.100778,46.023396],[-64.100787,46.023846],[-64.100141,46.023852],[-64.10015,46.024302],[-64.100796,46.024296],[-64.100787,46.023846],[-64.101433,46.02384],[-64.101442,46.02429],[-64.102088,46.024283]]]},"properties":{"feature_id":"lee-s1-0057","event_id":"lee","category":"low_backscatter_no_longer_present","area_ha":1.0,"center_lon":-64.101106,"center_lat":46.023624,"threshold_db":-17.695,"sensor":"Sentinel-1","polarization":"HV","interpretation":"candidate only; requires validation"}},{"type":"Feature","id":"lee-s1-0058","geometry":{"type":"Polygon","coordinates":[[[-64.414648,46.019941],[-64.414636,46.019492],[-64.41399,46.0195],[-64.413979,46.01905],[-64.412687,46.019066],[-64.412699,46.019515],[-64.413345,46.019508],[-64.413356,46.019957],[-64.414648,46.019941]]]},"properties":{"feature_id":"lee-s1-0058","event_id":"lee","category":"low_backscatter_no_longer_present","area_ha":1.0,"center_lon":-64.413668,"center_lat":46.019503,"threshold_db":-17.695,"sensor":"Sentinel-1","polarization":"HV","interpretation":"candidate only; requires validation"}},{"type":"Feature","id":"lee-s1-0059","geometry":{"type":"Polygon","coordinates":[[[-64.093028,46.02347],[-64.093019,46.02302],[-64.094311,46.023008],[-64.094302,46.022558],[-64.093656,46.022564],[-64.093647,46.022114],[-64.091709,46.022133],[-64.091718,46.022583],[-64.090427,46.022595],[-64.090435,46.023045],[-64.091727,46.023033],[-64.091736,46.023483],[-64.093028,46.02347]],[[-64.093019,46.02302],[-64.091727,46.023033],[-64.091718,46.022583],[-64.09301,46.02257],[-64.093019,46.02302]]]},"properties":{"feature_id":"lee-s1-0059","event_id":"lee","category":"low_backscatter_no_longer_present","area_ha":2.25,"center_lon":-64.092369,"center_lat":46.022799,"threshold_db":-17.695,"sensor":"Sentinel-1","polarization":"HV","interpretation":"candidate only; requires validation"}},{"type":"Feature","id":"lee-s1-0060","geometry":{"type":"Polygon","coordinates":[[[-64.098195,46.023421],[-64.098186,46.022971],[-64.09754,46.022977],[-64.097522,46.022077],[-64.096876,46.022083],[-64.096867,46.021633],[-64.096222,46.02164],[-64.096248,46.022989],[-64.095602,46.022996],[-64.095611,46.023446],[-64.098195,46.023421]]]},"properties":{"feature_id":"lee-s1-0060","event_id":"lee","category":"low_backscatter_no_longer_present","area_ha":2.25,"center_lon":-64.096899,"center_lat":46.02254,"threshold_db":-17.695,"sensor":"Sentinel-1","polarization":"HV","interpretation":"candidate only; requires validation"}},{"type":"Feature","id":"lee-s1-0061","geometry":{"type":"Polygon","coordinates":[[[-64.106573,46.02244],[-64.106564,46.02199],[-64.10721,46.021984],[-64.107201,46.021534],[-64.107847,46.021528],[-64.107838,46.021078],[-64.108484,46.021071],[-64.108475,46.020621],[-64.107829,46.020628],[-64.107838,46.021078],[-64.106546,46.02109],[-64.106564,46.02199],[-64.105918,46.021996],[-64.105927,46.022446],[-64.106573,46.02244]]]},"properties":{"feature_id":"lee-s1-0061","event_id":"lee","category":"low_backscatter_no_longer_present","area_ha":1.25,"center_lon":-64.107201,"center_lat":46.021534,"threshold_db":-17.695,"sensor":"Sentinel-1","polarization":"HV","interpretation":"candidate only; requires validation"}},{"type":"Feature","id":"lee-s1-0062","geometry":{"type":"Polygon","coordinates":[[[-64.315801,46.019322],[-64.315779,46.018422],[-64.316425,46.018415],[-64.316414,46.017965],[-64.315769,46.017973],[-64.315779,46.018422],[-64.315133,46.01843],[-64.315144,46.01888],[-64.314498,46.018887],[-64.314509,46.019337],[-64.315801,46.019322]]]},"properties":{"feature_id":"lee-s1-0062","event_id":"lee","category":"low_backscatter_no_longer_present","area_ha":1.0,"center_lon":-64.315461,"center_lat":46.018651,"threshold_db":-17.695,"sensor":"Sentinel-1","polarization":"HV","interpretation":"candidate only; requires validation"}},{"type":"Feature","id":"lee-s1-0063","geometry":{"type":"Polygon","coordinates":[[[-64.087843,46.02262],[-64.087817,46.02127],[-64.087171,46.021276],[-64.087162,46.020826],[-64.087808,46.02082],[-64.087781,46.01947],[-64.08649,46.019482],[-64.086507,46.020382],[-64.085861,46.020388],[-64.085853,46.019939],[-64.083269,46.019963],[-64.08326,46.019513],[-64.082615,46.019519],[-64.082632,46.020419],[-64.085216,46.020395],[-64.085224,46.020845],[-64.086516,46.020832],[-64.086525,46.021282],[-64.087171,46.021276],[-64.087197,46.022626],[-64.087843,46.02262]]]},"properties":{"feature_id":"lee-s1-0063","event_id":"lee","category":"low_backscatter_no_longer_present","area_ha":4.5,"center_lon":-64.085229,"center_lat":46.021048,"threshold_db":-17.695,"sensor":"Sentinel-1","polarization":"HV","interpretation":"candidate only; requires validation"}},{"type":"Feature","id":"lee-s1-0064","geometry":{"type":"Polygon","coordinates":[[[-64.324206,46.019675],[-64.324153,46.017426],[-64.324798,46.017418],[-64.324788,46.016968],[-64.323496,46.016983],[-64.323518,46.017883],[-64.322872,46.017891],[-64.322904,46.01924],[-64.32355,46.019233],[-64.323561,46.019683],[-64.324206,46.019675]]]},"properties":{"feature_id":"lee-s1-0064","event_id":"lee","category":"persistent_low_backscatter","area_ha":2.5,"center_lon":-64.323835,"center_lat":46.018326,"threshold_db":-17.695,"sensor":"Sentinel-1","polarization":"HV","interpretation":"candidate only; requires validation"}},{"type":"Feature","id":"lee-s1-0065","geometry":{"type":"Polygon","coordinates":[[[-64.089754,46.021251],[-64.089736,46.020352],[-64.090382,46.020345],[-64.090365,46.019446],[-64.09101,46.019439],[-64.091002,46.018989],[-64.08971,46.019002],[-64.089719,46.019452],[-64.089073,46.019458],[-64.089055,46.018558],[-64.086472,46.018583],[-64.086481,46.019033],[-64.088418,46.019014],[-64.088427,46.019464],[-64.089073,46.019458],[-64.089082,46.019908],[-64.088436,46.019914],[-64.088454,46.020814],[-64.089099,46.020808],[-64.089108,46.021258],[-64.089754,46.021251]],[[-64.089736,46.020352],[-64.089091,46.020358],[-64.089082,46.019908],[-64.089728,46.019902],[-64.089736,46.020352]]]},"properties":{"feature_id":"lee-s1-0065","event_id":"lee","category":"low_backscatter_no_longer_present","area_ha":3.5,"center_lon":-64.088741,"center_lat":46.019908,"threshold_db":-17.695,"sensor":"Sentinel-1","polarization":"HV","interpretation":"candidate only; requires validation"}},{"type":"Feature","id":"lee-s1-0066","geometry":{"type":"Polygon","coordinates":[[[-64.098141,46.020721],[-64.098115,46.019371],[-64.09876,46.019365],[-64.098769,46.019815],[-64.100061,46.019803],[-64.100052,46.019353],[-64.099406,46.019359],[-64.099397,46.018909],[-64.098752,46.018915],[-64.098743,46.018465],[-64.096805,46.018484],[-64.096823,46.019384],[-64.097469,46.019378],[-64.097478,46.019827],[-64.096832,46.019834],[-64.096841,46.020284],[-64.097487,46.020277],[-64.097496,46.020727],[-64.098141,46.020721]]]},"properties":{"feature_id":"lee-s1-0066","event_id":"lee","category":"low_backscatter_no_longer_present","area_ha":3.25,"center_lon":-64.098433,"center_lat":46.019596,"threshold_db":-17.695,"sensor":"Sentinel-1","polarization":"HV","interpretation":"candidate only; requires validation"}},{"type":"Feature","id":"lee-s1-0067","geometry":{"type":"Polygon","coordinates":[[[-64.321591,46.018355],[-64.321559,46.017006],[-64.322205,46.016998],[-64.322194,46.016548],[-64.32284,46.016541],[-64.322829,46.016091],[-64.322183,46.016098],[-64.322173,46.015649],[-64.321527,46.015656],[-64.321537,46.016106],[-64.3196,46.016128],[-64.31959,46.015678],[-64.318944,46.015686],[-64.318965,46.016586],[-64.319611,46.016578],[-64.319654,46.018378],[-64.321591,46.018355]]]},"properties":{"feature_id":"lee-s1-0067","event_id":"lee","category":"new_low_backscatter_after_lee","area_ha":5.25,"center_lon":-64.320892,"center_lat":46.017014,"threshold_db":-17.695,"sensor":"Sentinel-1","polarization":"HV","interpretation":"candidate only; requires validation"}},{"type":"Feature","id":"lee-s1-0068","geometry":{"type":"Polygon","coordinates":[[[-64.079394,46.02],[-64.079385,46.01955],[-64.080677,46.019538],[-64.080668,46.019088],[-64.081314,46.019082],[-64.081305,46.018632],[-64.08066,46.018638],[-64.080651,46.018188],[-64.078713,46.018206],[-64.078722,46.018656],[-64.079368,46.01865],[-64.079385,46.01955],[-64.07874,46.019556],[-64.078731,46.019106],[-64.078085,46.019112],[-64.078103,46.020012],[-64.079394,46.02]],[[-64.080668,46.019088],[-64.080023,46.019094],[-64.080014,46.018644],[-64.08066,46.018638],[-64.080668,46.019088]]]},"properties":{"feature_id":"lee-s1-0068","event_id":"lee","category":"low_backscatter_no_longer_present","area_ha":2.5,"center_lon":-64.0797,"center_lat":46.0191,"threshold_db":-17.695,"sensor":"Sentinel-1","polarization":"HV","interpretation":"candidate only; requires validation"}},{"type":"Feature","id":"lee-s1-0069","geometry":{"type":"Polygon","coordinates":[[[-64.076165,46.02003],[-64.076156,46.01958],[-64.07551,46.019586],[-64.075502,46.019136],[-64.07421,46.019149],[-64.074201,46.018699],[-64.074847,46.018693],[-64.07483,46.017793],[-64.074184,46.017799],[-64.074193,46.018249],[-64.073547,46.018255],[-64.073538,46.017805],[-64.072892,46.017811],[-64.072884,46.017361],[-64.071592,46.017373],[-64.071601,46.017823],[-64.072246,46.017817],[-64.072264,46.018717],[-64.07291,46.018711],[-64.072927,46.019611],[-64.074219,46.019598],[-64.074227,46.020048],[-64.076165,46.02003]]]},"properties":{"feature_id":"lee-s1-0069","event_id":"lee","category":"low_backscatter_no_longer_present","area_ha":4.5,"center_lon":-64.073879,"center_lat":46.018704,"threshold_db":-17.695,"sensor":"Sentinel-1","polarization":"HV","interpretation":"candidate only; requires validation"}},{"type":"Feature","id":"lee-s1-0070","geometry":{"type":"Polygon","coordinates":[[[-64.08518,46.018595],[-64.085154,46.017245],[-64.084508,46.017251],[-64.084517,46.017701],[-64.083871,46.017707],[-64.08388,46.018157],[-64.084526,46.018151],[-64.084535,46.018601],[-64.08518,46.018595]]]},"properties":{"feature_id":"lee-s1-0070","event_id":"lee","category":"low_backscatter_no_longer_present","area_ha":1.0,"center_lon":-64.084525,"center_lat":46.017923,"threshold_db":-17.695,"sensor":"Sentinel-1","polarization":"HV","interpretation":"candidate only; requires validation"}},{"type":"Feature","id":"lee-s1-0071","geometry":{"type":"Polygon","coordinates":[[[-64.090338,46.018096],[-64.090329,46.017646],[-64.089683,46.017652],[-64.089675,46.017202],[-64.089029,46.017208],[-64.089038,46.017658],[-64.088392,46.017664],[-64.088383,46.017214],[-64.087737,46.01722],[-64.087746,46.01767],[-64.088392,46.017664],[-64.088401,46.018114],[-64.089046,46.018108],[-64.089038,46.017658],[-64.089683,46.017652],[-64.089692,46.018102],[-64.090338,46.018096]]]},"properties":{"feature_id":"lee-s1-0071","event_id":"lee","category":"low_backscatter_no_longer_present","area_ha":1.0,"center_lon":-64.089038,"center_lat":46.017658,"threshold_db":-17.695,"sensor":"Sentinel-1","polarization":"HV","interpretation":"candidate only; requires validation"}},{"type":"Feature","id":"lee-s1-0072","geometry":{"type":"Polygon","coordinates":[[[-64.329954,46.016908],[-64.329943,46.016458],[-64.330589,46.016451],[-64.330545,46.014651],[-64.329254,46.014666],[-64.329232,46.013767],[-64.328587,46.013774],[-64.328608,46.014674],[-64.327963,46.014681],[-64.327973,46.015131],[-64.328619,46.015124],[-64.328608,46.014674],[-64.329254,46.014666],[-64.329265,46.015116],[-64.329911,46.015109],[-64.329932,46.016009],[-64.329286,46.016016],[-64.329297,46.016466],[-64.328651,46.016473],[-64.328662,46.016923],[-64.329954,46.016908]]]},"properties":{"feature_id":"lee-s1-0072","event_id":"lee","category":"low_backscatter_no_longer_present","area_ha":2.75,"center_lon":-64.329276,"center_lat":46.015345,"threshold_db":-17.695,"sensor":"Sentinel-1","polarization":"HV","interpretation":"candidate only; requires validation"}},{"type":"Feature","id":"lee-s1-0073","geometry":{"type":"Polygon","coordinates":[[[-64.10582,46.017047],[-64.105802,46.016147],[-64.103864,46.016166],[-64.103873,46.016616],[-64.104519,46.01661],[-64.104528,46.017059],[-64.10582,46.017047]]]},"properties":{"feature_id":"lee-s1-0073","event_id":"lee","category":"persistent_low_backscatter","area_ha":1.25,"center_lon":-64.104842,"center_lat":46.016603,"threshold_db":-17.695,"sensor":"Sentinel-1","polarization":"HV","interpretation":"candidate only; requires validation"}},{"type":"Feature","id":"lee-s1-0074","geometry":{"type":"Polygon","coordinates":[[[-64.078696,46.017306],[-64.078678,46.016406],[-64.077387,46.016419],[-64.077404,46.017318],[-64.078696,46.017306]]]},"properties":{"feature_id":"lee-s1-0074","event_id":"lee","category":"low_backscatter_no_longer_present","area_ha":1.0,"center_lon":-64.078041,"center_lat":46.016862,"threshold_db":-17.695,"sensor":"Sentinel-1","polarization":"HV","interpretation":"candidate only; requires validation"}},{"type":"Feature","id":"lee-s1-0075","geometry":{"type":"Polygon","coordinates":[[[-64.075467,46.017337],[-64.075458,46.016887],[-64.076104,46.016881],[-64.076095,46.016431],[-64.076741,46.016425],[-64.076723,46.015525],[-64.076078,46.015531],[-64.076095,46.016431],[-64.075449,46.016437],[-64.075458,46.016887],[-64.074166,46.016899],[-64.074175,46.017349],[-64.075467,46.017337]]]},"properties":{"feature_id":"lee-s1-0075","event_id":"lee","category":"low_backscatter_no_longer_present","area_ha":1.25,"center_lon":-64.075454,"center_lat":46.016437,"threshold_db":-17.695,"sensor":"Sentinel-1","polarization":"HV","interpretation":"candidate only; requires validation"}},{"type":"Feature","id":"lee-s1-0076","geometry":{"type":"Polygon","coordinates":[[[-64.115453,46.014253],[-64.115434,46.013353],[-64.11608,46.013347],[-64.116089,46.013797],[-64.116735,46.013791],[-64.116717,46.012891],[-64.115425,46.012903],[-64.115416,46.012453],[-64.114125,46.012466],[-64.114143,46.013366],[-64.112851,46.013379],[-64.11286,46.013828],[-64.113506,46.013822],[-64.113515,46.014272],[-64.115453,46.014253]]]},"properties":{"feature_id":"lee-s1-0076","event_id":"lee","category":"low_backscatter_no_longer_present","area_ha":3.5,"center_lon":-64.114793,"center_lat":46.013362,"threshold_db":-17.695,"sensor":"Sentinel-1","polarization":"HV","interpretation":"candidate only; requires validation"}},{"type":"Feature","id":"lee-s1-0077","geometry":{"type":"Polygon","coordinates":[[[-64.094124,46.013559],[-64.094115,46.013109],[-64.09347,46.013116],[-64.093452,46.012216],[-64.092806,46.012222],[-64.092815,46.012672],[-64.092169,46.012678],[-64.09216,46.012228],[-64.091515,46.012234],[-64.091524,46.012684],[-64.092169,46.012678],[-64.092187,46.013578],[-64.094124,46.013559]]]},"properties":{"feature_id":"lee-s1-0077","event_id":"lee","category":"persistent_low_backscatter","area_ha":1.75,"center_lon":-64.092819,"center_lat":46.012897,"threshold_db":-17.695,"sensor":"Sentinel-1","polarization":"HV","interpretation":"candidate only; requires validation"}},{"type":"Feature","id":"lee-s1-0078","geometry":{"type":"Polygon","coordinates":[[[-64.077989,46.014163],[-64.07798,46.013713],[-64.077334,46.013719],[-64.077299,46.011919],[-64.076008,46.011931],[-64.076017,46.012381],[-64.076662,46.012375],[-64.076689,46.013725],[-64.076043,46.013731],[-64.076051,46.014181],[-64.076697,46.014175],[-64.076689,46.013725],[-64.077334,46.013719],[-64.077343,46.014169],[-64.077989,46.014163]]]},"properties":{"feature_id":"lee-s1-0078","event_id":"lee","category":"low_backscatter_no_longer_present","area_ha":1.75,"center_lon":-64.076999,"center_lat":46.01305,"threshold_db":-17.695,"sensor":"Sentinel-1","polarization":"HV","interpretation":"candidate only; requires validation"}},{"type":"Feature","id":"lee-s1-0079","geometry":{"type":"Polygon","coordinates":[[[-64.116672,46.010641],[-64.116653,46.009741],[-64.114071,46.009767],[-64.114062,46.009317],[-64.113416,46.009323],[-64.113425,46.009773],[-64.114071,46.009767],[-64.114089,46.010666],[-64.114734,46.01066],[-64.114725,46.01021],[-64.116017,46.010198],[-64.116026,46.010647],[-64.116672,46.010641]]]},"properties":{"feature_id":"lee-s1-0079","event_id":"lee","category":"low_backscatter_no_longer_present","area_ha":1.75,"center_lon":-64.115044,"center_lat":46.009991,"threshold_db":-17.695,"sensor":"Sentinel-1","polarization":"HV","interpretation":"candidate only; requires validation"}},{"type":"Feature","id":"lee-s1-0080","geometry":{"type":"Polygon","coordinates":[[[-64.099246,46.01126],[-64.099237,46.01081],[-64.098591,46.010816],[-64.098582,46.010366],[-64.099228,46.01036],[-64.09921,46.00946],[-64.098564,46.009467],[-64.098556,46.009017],[-64.09791,46.009023],[-64.097928,46.009923],[-64.098573,46.009917],[-64.098582,46.010366],[-64.097937,46.010373],[-64.097945,46.010823],[-64.098591,46.010816],[-64.0986,46.011266],[-64.099246,46.01126]]]},"properties":{"feature_id":"lee-s1-0080","event_id":"lee","category":"low_backscatter_no_longer_present","area_ha":1.5,"center_lon":-64.098578,"center_lat":46.010142,"threshold_db":-17.695,"sensor":"Sentinel-1","polarization":"HV","interpretation":"candidate only; requires validation"}},{"type":"Feature","id":"lee-s1-0081","geometry":{"type":"Polygon","coordinates":[[[-64.117245,46.007035],[-64.117218,46.005686],[-64.115926,46.005698],[-64.115935,46.006148],[-64.116581,46.006142],[-64.116599,46.007042],[-64.117245,46.007035]]]},"properties":{"feature_id":"lee-s1-0081","event_id":"lee","category":"low_backscatter_no_longer_present","area_ha":1.0,"center_lon":-64.116585,"center_lat":46.006364,"threshold_db":-17.695,"sensor":"Sentinel-1","polarization":"HV","interpretation":"candidate only; requires validation"}},{"type":"Feature","id":"lee-s1-0082","geometry":{"type":"Polygon","coordinates":[[[-64.082404,46.008721],[-64.082395,46.008271],[-64.083041,46.008265],[-64.083032,46.007815],[-64.083678,46.007809],[-64.083669,46.007359],[-64.084315,46.007353],[-64.084279,46.005553],[-64.082342,46.005571],[-64.082334,46.005121],[-64.081688,46.005127],[-64.081697,46.005577],[-64.081051,46.005583],[-64.081042,46.005134],[-64.080397,46.00514],[-64.080405,46.00559],[-64.07976,46.005596],[-64.079769,46.006046],[-64.079123,46.006052],[-64.079114,46.005602],[-64.078468,46.005608],[-64.078486,46.006508],[-64.080423,46.006489],[-64.080432,46.006939],[-64.078495,46.006958],[-64.078503,46.007408],[-64.079795,46.007395],[-64.079804,46.007845],[-64.080449,46.007839],[-64.080432,46.006939],[-64.081077,46.006933],[-64.081086,46.007383],[-64.081732,46.007377],[-64.081741,46.007827],[-64.082386,46.007821],[-64.082395,46.008271],[-64.081104,46.008283],[-64.081112,46.008733],[-64.082404,46.008721]],[[-64.083023,46.007365],[-64.081732,46.007377],[-64.081723,46.006927],[-64.083014,46.006915],[-64.083023,46.007365]],[[-64.08366,46.006909],[-64.083014,46.006915],[-64.083006,46.006465],[-64.083651,46.006459],[-64.08366,46.006909]],[[-64.081723,46.006927],[-64.081077,46.006933],[-64.081069,46.006483],[-64.080423,46.006489],[-64.080405,46.00559],[-64.081051,46.005583],[-64.08106,46.006033],[-64.081706,46.006027],[-64.081723,46.006927]],[[-64.083006,46.006465],[-64.08236,46.006471],[-64.082351,46.006021],[-64.082997,46.006015],[-64.083006,46.006465]]]},"properties":{"feature_id":"lee-s1-0082","event_id":"lee","category":"low_backscatter_no_longer_present","area_ha":8.0,"center_lon":-64.081391,"center_lat":46.006927,"threshold_db":-17.695,"sensor":"Sentinel-1","polarization":"HV","interpretation":"candidate only; requires validation"}},{"type":"Feature","id":"lee-s1-0083","geometry":{"type":"Polygon","coordinates":[[[-64.112725,46.00708],[-64.112707,46.00618],[-64.113353,46.006173],[-64.113344,46.005723],[-64.113989,46.005717],[-64.113998,46.006167],[-64.11529,46.006154],[-64.115281,46.005705],[-64.114635,46.005711],[-64.114617,46.004811],[-64.113971,46.004817],[-64.11398,46.005267],[-64.113335,46.005273],[-64.113344,46.005723],[-64.112698,46.00573],[-64.112707,46.00618],[-64.11077,46.006198],[-64.110788,46.007098],[-64.111434,46.007092],[-64.111425,46.006642],[-64.11207,46.006636],[-64.112079,46.007086],[-64.112725,46.00708]]]},"properties":{"feature_id":"lee-s1-0083","event_id":"lee","category":"low_backscatter_no_longer_present","area_ha":2.75,"center_lon":-64.11303,"center_lat":46.005955,"threshold_db":-17.695,"sensor":"Sentinel-1","polarization":"HV","interpretation":"candidate only; requires validation"}},{"type":"Feature","id":"lee-s1-0084","geometry":{"type":"Polygon","coordinates":[[[-64.097202,46.00588],[-64.097193,46.00543],[-64.097839,46.005423],[-64.09783,46.004973],[-64.097184,46.00498],[-64.097175,46.00453],[-64.096529,46.004536],[-64.096556,46.005886],[-64.097202,46.00588]]]},"properties":{"feature_id":"lee-s1-0084","event_id":"lee","category":"low_backscatter_no_longer_present","area_ha":1.0,"center_lon":-64.097184,"center_lat":46.005208,"threshold_db":-17.695,"sensor":"Sentinel-1","polarization":"HV","interpretation":"candidate only; requires validation"}},{"type":"Feature","id":"lee-s1-0085","geometry":{"type":"Polygon","coordinates":[[[-64.068164,46.007055],[-64.068155,46.006605],[-64.068801,46.006599],[-64.068792,46.006149],[-64.069438,46.006143],[-64.069429,46.005693],[-64.072012,46.005669],[-64.07202,46.006119],[-64.072666,46.006112],[-64.072657,46.005663],[-64.072012,46.005669],[-64.072003,46.005219],[-64.072649,46.005213],[-64.07264,46.004763],[-64.073931,46.004751],[-64.073923,46.004301],[-64.071986,46.004319],[-64.071994,46.004769],[-64.070703,46.004781],[-64.070712,46.005231],[-64.06942,46.005243],[-64.069429,46.005693],[-64.068783,46.005699],[-64.068792,46.006149],[-64.066209,46.006173],[-64.066218,46.006623],[-64.066864,46.006617],[-64.066872,46.007067],[-64.068164,46.007055]]]},"properties":{"feature_id":"lee-s1-0085","event_id":"lee","category":"low_backscatter_no_longer_present","area_ha":4.5,"center_lon":-64.07007,"center_lat":46.005684,"threshold_db":-17.695,"sensor":"Sentinel-1","polarization":"HV","interpretation":"candidate only; requires validation"}},{"type":"Feature","id":"lee-s1-0086","geometry":{"type":"Polygon","coordinates":[[[-64.307056,46.004572],[-64.307045,46.004122],[-64.307691,46.004115],[-64.30768,46.003665],[-64.308971,46.00365],[-64.308961,46.0032],[-64.310252,46.003185],[-64.310241,46.002735],[-64.310887,46.002728],[-64.310897,46.003178],[-64.311543,46.00317],[-64.311532,46.002721],[-64.312178,46.002713],[-64.312167,46.002263],[-64.313458,46.002248],[-64.313426,46.000899],[-64.312135,46.000914],[-64.312125,46.000464],[-64.310188,46.000486],[-64.310199,46.000936],[-64.309553,46.000943],[-64.309564,46.001393],[-64.308918,46.001401],[-64.308929,46.00185],[-64.308283,46.001858],[-64.308294,46.002308],[-64.307648,46.002315],[-64.307659,46.002765],[-64.307013,46.002772],[-64.307034,46.003672],[-64.306389,46.00368],[-64.30641,46.004579],[-64.307056,46.004572]]]},"properties":{"feature_id":"lee-s1-0086","event_id":"lee","category":"persistent_low_backscatter","area_ha":10.75,"center_lon":-64.309923,"center_lat":46.002522,"threshold_db":-17.695,"sensor":"Sentinel-1","polarization":"HV","interpretation":"candidate only; requires validation"}},{"type":"Feature","id":"lee-s1-0087","geometry":{"type":"Polygon","coordinates":[[[-64.077142,46.00382],[-64.077133,46.00337],[-64.076488,46.003376],[-64.076479,46.002926],[-64.074542,46.002945],[-64.07456,46.003845],[-64.075205,46.003839],[-64.075196,46.003389],[-64.076488,46.003376],[-64.076496,46.003826],[-64.077142,46.00382]]]},"properties":{"feature_id":"lee-s1-0087","event_id":"lee","category":"low_backscatter_no_longer_present","area_ha":1.25,"center_lon":-64.075842,"center_lat":46.003386,"threshold_db":-17.695,"sensor":"Sentinel-1","polarization":"HV","interpretation":"candidate only; requires validation"}},{"type":"Feature","id":"lee-s1-0088","geometry":{"type":"Polygon","coordinates":[[[-64.072623,46.003863],[-64.072614,46.003413],[-64.071968,46.003419],[-64.07196,46.002969],[-64.072605,46.002963],[-64.072596,46.002513],[-64.071951,46.002519],[-64.07196,46.002969],[-64.071314,46.002975],[-64.071323,46.003425],[-64.070677,46.003431],[-64.070686,46.003881],[-64.071331,46.003875],[-64.071323,46.003425],[-64.071968,46.003419],[-64.071977,46.003869],[-64.072623,46.003863]]]},"properties":{"feature_id":"lee-s1-0088","event_id":"lee","category":"low_backscatter_no_longer_present","area_ha":1.0,"center_lon":-64.07165,"center_lat":46.003197,"threshold_db":-17.695,"sensor":"Sentinel-1","polarization":"HV","interpretation":"candidate only; requires validation"}},{"type":"Feature","id":"lee-s1-0089","geometry":{"type":"Polygon","coordinates":[[[-64.316009,46.000869],[-64.315987,45.999969],[-64.314696,45.999984],[-64.314718,46.000884],[-64.316009,46.000869]]]},"properties":{"feature_id":"lee-s1-0089","event_id":"lee","category":"low_backscatter_no_longer_present","area_ha":1.0,"center_lon":-64.315352,"center_lat":46.000427,"threshold_db":-17.695,"sensor":"Sentinel-1","polarization":"HV","interpretation":"candidate only; requires validation"}},{"type":"Feature","id":"lee-s1-0090","geometry":{"type":"Polygon","coordinates":[[[-64.031912,46.002438],[-64.031904,46.001988],[-64.03255,46.001982],[-64.032541,46.001532],[-64.031896,46.001538],[-64.031887,46.001088],[-64.030596,46.001099],[-64.030604,46.001549],[-64.031896,46.001538],[-64.031904,46.001988],[-64.031258,46.001993],[-64.031267,46.002443],[-64.031912,46.002438]]]},"properties":{"feature_id":"lee-s1-0090","event_id":"lee","category":"low_backscatter_no_longer_present","area_ha":1.0,"center_lon":-64.031573,"center_lat":46.001766,"threshold_db":-17.695,"sensor":"Sentinel-1","polarization":"HV","interpretation":"candidate only; requires validation"}},{"type":"Feature","id":"lee-s1-0091","geometry":{"type":"Polygon","coordinates":[[[-64.024802,46.002052],[-64.024794,46.001602],[-64.026085,46.00159],[-64.026076,46.00114],[-64.026722,46.001134],[-64.026714,46.000684],[-64.026068,46.00069],[-64.026076,46.00114],[-64.02414,46.001157],[-64.024148,46.001607],[-64.023502,46.001613],[-64.023494,46.001163],[-64.022848,46.001169],[-64.022865,46.002069],[-64.024802,46.002052]]]},"properties":{"feature_id":"lee-s1-0091","event_id":"lee","category":"low_backscatter_no_longer_present","area_ha":2.0,"center_lon":-64.024785,"center_lat":46.001376,"threshold_db":-17.695,"sensor":"Sentinel-1","polarization":"HV","interpretation":"candidate only; requires validation"}},{"type":"Feature","id":"lee-s1-0092","geometry":{"type":"Polygon","coordinates":[[[-64.157754,45.998532],[-64.157735,45.997632],[-64.156444,45.997645],[-64.156453,45.998095],[-64.154516,45.998115],[-64.154526,45.998564],[-64.157754,45.998532]]]},"properties":{"feature_id":"lee-s1-0092","event_id":"lee","category":"low_backscatter_no_longer_present","area_ha":1.75,"center_lon":-64.156135,"center_lat":45.998098,"threshold_db":-17.695,"sensor":"Sentinel-1","polarization":"HV","interpretation":"candidate only; requires validation"}},{"type":"Feature","id":"lee-s1-0093","geometry":{"type":"Polygon","coordinates":[[[-64.12742,45.999285],[-64.127411,45.998835],[-64.126766,45.998842],[-64.126756,45.998392],[-64.127402,45.998385],[-64.127393,45.997935],[-64.126747,45.997942],[-64.126756,45.998392],[-64.126111,45.998398],[-64.126093,45.997498],[-64.127384,45.997485],[-64.127375,45.997035],[-64.126084,45.997048],[-64.126093,45.997498],[-64.125447,45.997504],[-64.125438,45.997055],[-64.124792,45.997061],[-64.124802,45.997511],[-64.12351,45.997524],[-64.123519,45.997973],[-64.124811,45.997961],[-64.12482,45.998411],[-64.126111,45.998398],[-64.12612,45.998848],[-64.125474,45.998854],[-64.125484,45.999304],[-64.12742,45.999285]],[[-64.125456,45.997954],[-64.124811,45.997961],[-64.124802,45.997511],[-64.125447,45.997504],[-64.125456,45.997954]]]},"properties":{"feature_id":"lee-s1-0093","event_id":"lee","category":"low_backscatter_no_longer_present","area_ha":3.25,"center_lon":-64.125465,"center_lat":45.99817,"threshold_db":-17.695,"sensor":"Sentinel-1","polarization":"HV","interpretation":"candidate only; requires validation"}},{"type":"Feature","id":"lee-s1-0094","geometry":{"type":"Polygon","coordinates":[[[-64.009249,45.99904],[-64.009241,45.99859],[-64.009886,45.998584],[-64.00987,45.997684],[-64.009224,45.99769],[-64.009241,45.99859],[-64.008595,45.998596],[-64.008579,45.997696],[-64.007933,45.997701],[-64.007941,45.998151],[-64.007296,45.998157],[-64.007304,45.998607],[-64.00795,45.998601],[-64.007958,45.999051],[-64.009249,45.99904]]]},"properties":{"feature_id":"lee-s1-0094","event_id":"lee","category":"low_backscatter_no_longer_present","area_ha":1.75,"center_lon":-64.008591,"center_lat":45.998368,"threshold_db":-17.695,"sensor":"Sentinel-1","polarization":"HV","interpretation":"candidate only; requires validation"}},{"type":"Feature","id":"lee-s1-0095","geometry":{"type":"Polygon","coordinates":[[[-64.071864,45.99802],[-64.071855,45.99757],[-64.069918,45.997588],[-64.06991,45.997138],[-64.069264,45.997144],[-64.069273,45.997594],[-64.069918,45.997588],[-64.069927,45.998038],[-64.071864,45.99802]]]},"properties":{"feature_id":"lee-s1-0095","event_id":"lee","category":"low_backscatter_no_longer_present","area_ha":1.0,"center_lon":-64.070564,"center_lat":45.997588,"threshold_db":-17.695,"sensor":"Sentinel-1","polarization":"HV","interpretation":"candidate only; requires validation"}},{"type":"Feature","id":"lee-s1-0096","geometry":{"type":"Polygon","coordinates":[[[-64.153861,45.997671],[-64.153852,45.997221],[-64.153206,45.997228],[-64.153188,45.996328],[-64.152542,45.996334],[-64.152533,45.995884],[-64.153178,45.995878],[-64.153169,45.995428],[-64.152524,45.995435],[-64.152533,45.995884],[-64.151887,45.995891],[-64.151915,45.997241],[-64.152561,45.997234],[-64.15257,45.997684],[-64.153861,45.997671]]]},"properties":{"feature_id":"lee-s1-0096","event_id":"lee","category":"persistent_low_backscatter","area_ha":2.0,"center_lon":-64.152874,"center_lat":45.996556,"threshold_db":-17.695,"sensor":"Sentinel-1","polarization":"HV","interpretation":"candidate only; requires validation"}},{"type":"Feature","id":"lee-s1-0097","geometry":{"type":"Polygon","coordinates":[[[-64.141605,45.998244],[-64.141596,45.997794],[-64.142241,45.997788],[-64.142232,45.997338],[-64.141586,45.997344],[-64.141568,45.996445],[-64.140922,45.996451],[-64.140913,45.996001],[-64.142204,45.995988],[-64.142195,45.995538],[-64.140904,45.995551],[-64.140913,45.996001],[-64.140267,45.996008],[-64.140277,45.996457],[-64.140922,45.996451],[-64.140931,45.996901],[-64.140286,45.996907],[-64.140295,45.997357],[-64.140941,45.997351],[-64.140959,45.998251],[-64.141605,45.998244]]]},"properties":{"feature_id":"lee-s1-0097","event_id":"lee","category":"low_backscatter_no_longer_present","area_ha":2.25,"center_lon":-64.141254,"center_lat":45.996895,"threshold_db":-17.695,"sensor":"Sentinel-1","polarization":"HV","interpretation":"candidate only; requires validation"}},{"type":"Feature","id":"lee-s1-0098","geometry":{"type":"Polygon","coordinates":[[[-64.322325,45.994946],[-64.322314,45.994496],[-64.323605,45.994481],[-64.323595,45.994031],[-64.321658,45.994054],[-64.321647,45.993604],[-64.322293,45.993596],[-64.322271,45.992696],[-64.321626,45.992704],[-64.321637,45.993154],[-64.320346,45.993169],[-64.320356,45.993619],[-64.321002,45.993611],[-64.321013,45.994061],[-64.320367,45.994068],[-64.320378,45.994518],[-64.321669,45.994503],[-64.321679,45.994953],[-64.322325,45.994946]]]},"properties":{"feature_id":"lee-s1-0098","event_id":"lee","category":"low_backscatter_no_longer_present","area_ha":2.75,"center_lon":-64.321976,"center_lat":45.993825,"threshold_db":-17.695,"sensor":"Sentinel-1","polarization":"HV","interpretation":"candidate only; requires validation"}},{"type":"Feature","id":"lee-s1-0099","geometry":{"type":"Polygon","coordinates":[[[-64.153188,45.996328],[-64.153178,45.995878],[-64.152533,45.995884],[-64.152514,45.994985],[-64.151869,45.994991],[-64.151859,45.994541],[-64.151214,45.994548],[-64.151223,45.994998],[-64.150578,45.995004],[-64.150587,45.995454],[-64.151232,45.995448],[-64.151242,45.995897],[-64.152533,45.995884],[-64.152542,45.996334],[-64.153188,45.996328]]]},"properties":{"feature_id":"lee-s1-0099","event_id":"lee","category":"low_backscatter_no_longer_present","area_ha":1.75,"center_lon":-64.151883,"center_lat":45.995437,"threshold_db":-17.695,"sensor":"Sentinel-1","polarization":"HV","interpretation":"candidate only; requires validation"}},{"type":"Feature","id":"lee-s1-0100","geometry":{"type":"Polygon","coordinates":[[[-64.135739,45.995603],[-64.13573,45.995153],[-64.136376,45.995146],[-64.136367,45.994696],[-64.13443,45.994716],[-64.134439,45.995165],[-64.135085,45.995159],[-64.135094,45.995609],[-64.135739,45.995603]]]},"properties":{"feature_id":"lee-s1-0100","event_id":"lee","category":"low_backscatter_no_longer_present","area_ha":1.0,"center_lon":-64.135403,"center_lat":45.995153,"threshold_db":-17.695,"sensor":"Sentinel-1","polarization":"HV","interpretation":"candidate only; requires validation"}},{"type":"Feature","id":"lee-s1-0101","geometry":{"type":"Polygon","coordinates":[[[-63.993076,45.997381],[-63.993068,45.996931],[-63.99436,45.99692],[-63.994351,45.99647],[-63.994997,45.996465],[-63.994989,45.996015],[-63.994343,45.99602],[-63.994351,45.99647],[-63.99306,45.996482],[-63.993068,45.996931],[-63.991777,45.996943],[-63.991785,45.997393],[-63.993076,45.997381]]]},"properties":{"feature_id":"lee-s1-0101","event_id":"lee","category":"low_backscatter_no_longer_present","area_ha":1.25,"center_lon":-63.993387,"center_lat":45.996704,"threshold_db":-17.695,"sensor":"Sentinel-1","polarization":"HV","interpretation":"candidate only; requires validation"}},{"type":"Feature","id":"lee-s1-0102","geometry":{"type":"Polygon","coordinates":[[[-64.108626,45.995869],[-64.108599,45.994519],[-64.107954,45.994525],[-64.107972,45.995425],[-64.107326,45.995431],[-64.107335,45.995881],[-64.108626,45.995869]]]},"properties":{"feature_id":"lee-s1-0102","event_id":"lee","category":"low_backscatter_no_longer_present","area_ha":1.0,"center_lon":-64.107976,"center_lat":45.9952,"threshold_db":-17.695,"sensor":"Sentinel-1","polarization":"HV","interpretation":"candidate only; requires validation"}},{"type":"Feature","id":"lee-s1-0103","geometry":{"type":"Polygon","coordinates":[[[-64.106681,45.995438],[-64.106672,45.994988],[-64.107317,45.994981],[-64.107299,45.994082],[-64.106008,45.994094],[-64.106017,45.994544],[-64.106663,45.994538],[-64.106672,45.994988],[-64.106026,45.994994],[-64.106035,45.995444],[-64.106681,45.995438]]]},"properties":{"feature_id":"lee-s1-0103","event_id":"lee","category":"low_backscatter_no_longer_present","area_ha":1.0,"center_lon":-64.106662,"center_lat":45.994763,"threshold_db":-17.695,"sensor":"Sentinel-1","polarization":"HV","interpretation":"candidate only; requires validation"}},{"type":"Feature","id":"lee-s1-0104","geometry":{"type":"Polygon","coordinates":[[[-64.138303,45.994677],[-64.138294,45.994227],[-64.137648,45.994234],[-64.137639,45.993784],[-64.136994,45.99379],[-64.137003,45.99424],[-64.136357,45.994246],[-64.136367,45.994696],[-64.138303,45.994677]]]},"properties":{"feature_id":"lee-s1-0104","event_id":"lee","category":"new_low_backscatter_after_lee","area_ha":1.0,"center_lon":-64.13733,"center_lat":45.99424,"threshold_db":-17.695,"sensor":"Sentinel-1","polarization":"HV","interpretation":"candidate only; requires validation"}},{"type":"Feature","id":"lee-s1-0105","geometry":{"type":"Polygon","coordinates":[[[-64.31387,45.992343],[-64.313838,45.990994],[-64.313192,45.991001],[-64.313203,45.991451],[-64.312557,45.991458],[-64.312579,45.992358],[-64.31387,45.992343]]]},"properties":{"feature_id":"lee-s1-0105","event_id":"lee","category":"low_backscatter_no_longer_present","area_ha":1.25,"center_lon":-64.313213,"center_lat":45.991676,"threshold_db":-17.695,"sensor":"Sentinel-1","polarization":"HV","interpretation":"candidate only; requires validation"}},{"type":"Feature","id":"lee-s1-0106","geometry":{"type":"Polygon","coordinates":[[[-64.248031,45.993081],[-64.248011,45.992181],[-64.24672,45.992196],[-64.24671,45.991746],[-64.245419,45.99176],[-64.245439,45.99266],[-64.246084,45.992653],[-64.246094,45.993102],[-64.248031,45.993081]]]},"properties":{"feature_id":"lee-s1-0106","event_id":"lee","category":"low_backscatter_no_longer_present","area_ha":2.25,"center_lon":-64.246725,"center_lat":45.992424,"threshold_db":-17.695,"sensor":"Sentinel-1","polarization":"HV","interpretation":"candidate only; requires validation"}},{"type":"Feature","id":"lee-s1-0107","geometry":{"type":"Polygon","coordinates":[[[-64.105318,45.991851],[-64.1053,45.990951],[-64.104654,45.990957],[-64.104645,45.990507],[-64.104,45.990513],[-64.104009,45.990963],[-64.103363,45.99097],[-64.103372,45.991419],[-64.104018,45.991413],[-64.104009,45.990963],[-64.104654,45.990957],[-64.104672,45.991857],[-64.105318,45.991851]]]},"properties":{"feature_id":"lee-s1-0107","event_id":"lee","category":"low_backscatter_no_longer_present","area_ha":1.0,"center_lon":-64.104341,"center_lat":45.991182,"threshold_db":-17.695,"sensor":"Sentinel-1","polarization":"HV","interpretation":"candidate only; requires validation"}},{"type":"Feature","id":"lee-s1-0108","geometry":{"type":"Polygon","coordinates":[[[-64.14012,45.988809],[-64.140101,45.987909],[-64.140747,45.987902],[-64.140737,45.987452],[-64.139446,45.987465],[-64.139474,45.988815],[-64.14012,45.988809]]]},"properties":{"feature_id":"lee-s1-0108","event_id":"lee","category":"low_backscatter_no_longer_present","area_ha":1.0,"center_lon":-64.140096,"center_lat":45.988134,"threshold_db":-17.695,"sensor":"Sentinel-1","polarization":"HV","interpretation":"candidate only; requires validation"}},{"type":"Feature","id":"lee-s1-0109","geometry":{"type":"Polygon","coordinates":[[[-64.056853,45.989609],[-64.056827,45.988259],[-64.055536,45.988271],[-64.055544,45.988721],[-64.05619,45.988715],[-64.056207,45.989615],[-64.056853,45.989609]]]},"properties":{"feature_id":"lee-s1-0109","event_id":"lee","category":"low_backscatter_no_longer_present","area_ha":1.0,"center_lon":-64.056195,"center_lat":45.988937,"threshold_db":-17.695,"sensor":"Sentinel-1","polarization":"HV","interpretation":"candidate only; requires validation"}},{"type":"Feature","id":"lee-s1-0110","geometry":{"type":"Polygon","coordinates":[[[-64.147865,45.988731],[-64.147847,45.987831],[-64.146556,45.987844],[-64.146546,45.987394],[-64.145901,45.987401],[-64.145892,45.986951],[-64.145246,45.986957],[-64.145265,45.987857],[-64.14591,45.987851],[-64.14592,45.988301],[-64.14721,45.988288],[-64.14722,45.988738],[-64.147865,45.988731]]]},"properties":{"feature_id":"lee-s1-0110","event_id":"lee","category":"low_backscatter_no_longer_present","area_ha":1.75,"center_lon":-64.146556,"center_lat":45.987844,"threshold_db":-17.695,"sensor":"Sentinel-1","polarization":"HV","interpretation":"candidate only; requires validation"}},{"type":"Feature","id":"lee-s1-0111","geometry":{"type":"Polygon","coordinates":[[[-64.136846,45.986591],[-64.136828,45.985691],[-64.136182,45.985698],[-64.136192,45.986148],[-64.135546,45.986154],[-64.135537,45.985704],[-64.134891,45.985711],[-64.134882,45.985261],[-64.134237,45.985267],[-64.134228,45.984817],[-64.132291,45.984836],[-64.13231,45.985736],[-64.132955,45.98573],[-64.132946,45.98528],[-64.134237,45.985267],[-64.134246,45.985717],[-64.133601,45.985723],[-64.13361,45.986173],[-64.134255,45.986167],[-64.134246,45.985717],[-64.134891,45.985711],[-64.134901,45.98616],[-64.135546,45.986154],[-64.135555,45.986604],[-64.136846,45.986591]]]},"properties":{"feature_id":"lee-s1-0111","event_id":"lee","category":"low_backscatter_no_longer_present","area_ha":2.5,"center_lon":-64.134569,"center_lat":45.98571,"threshold_db":-17.695,"sensor":"Sentinel-1","polarization":"HV","interpretation":"candidate only; requires validation"}},{"type":"Feature","id":"lee-s1-0112","geometry":{"type":"Polygon","coordinates":[[[-64.369168,45.983144],[-64.369157,45.982694],[-64.368512,45.982701],[-64.3685,45.982252],[-64.369146,45.982244],[-64.369124,45.981344],[-64.368478,45.981352],[-64.368489,45.981802],[-64.367844,45.981809],[-64.367866,45.982709],[-64.368512,45.982701],[-64.368523,45.983151],[-64.369168,45.983144]]]},"properties":{"feature_id":"lee-s1-0112","event_id":"lee","category":"low_backscatter_no_longer_present","area_ha":1.25,"center_lon":-64.368506,"center_lat":45.982247,"threshold_db":-17.695,"sensor":"Sentinel-1","polarization":"HV","interpretation":"candidate only; requires validation"}},{"type":"Feature","id":"lee-s1-0113","geometry":{"type":"Polygon","coordinates":[[[-64.049676,45.985625],[-64.049667,45.985175],[-64.047731,45.985193],[-64.047722,45.984743],[-64.047077,45.984749],[-64.047085,45.985199],[-64.047731,45.985193],[-64.047739,45.985643],[-64.049676,45.985625]]]},"properties":{"feature_id":"lee-s1-0113","event_id":"lee","category":"low_backscatter_no_longer_present","area_ha":1.0,"center_lon":-64.048377,"center_lat":45.985193,"threshold_db":-17.695,"sensor":"Sentinel-1","polarization":"HV","interpretation":"candidate only; requires validation"}},{"type":"Feature","id":"lee-s1-0114","geometry":{"type":"Polygon","coordinates":[[[-64.283293,45.98234],[-64.283283,45.98189],[-64.282638,45.981898],[-64.282617,45.980998],[-64.281971,45.981005],[-64.282003,45.982355],[-64.283293,45.98234]]]},"properties":{"feature_id":"lee-s1-0114","event_id":"lee","category":"low_backscatter_no_longer_present","area_ha":1.0,"center_lon":-64.282632,"center_lat":45.981676,"threshold_db":-17.695,"sensor":"Sentinel-1","polarization":"HV","interpretation":"candidate only; requires validation"}},{"type":"Feature","id":"lee-s1-0115","geometry":{"type":"Polygon","coordinates":[[[-64.320713,45.981464],[-64.320692,45.980564],[-64.321337,45.980557],[-64.321326,45.980107],[-64.320035,45.980122],[-64.320068,45.981471],[-64.320713,45.981464]]]},"properties":{"feature_id":"lee-s1-0115","event_id":"lee","category":"persistent_low_backscatter","area_ha":1.0,"center_lon":-64.320686,"center_lat":45.980789,"threshold_db":-17.695,"sensor":"Sentinel-1","polarization":"HV","interpretation":"candidate only; requires validation"}},{"type":"Feature","id":"lee-s1-0116","geometry":{"type":"Polygon","coordinates":[[[-64.054339,46.061185],[-64.05433,46.060735],[-64.053684,46.060741],[-64.053675,46.060291],[-64.053029,46.060297],[-64.053003,46.058947],[-64.05365,46.058941],[-64.053641,46.058491],[-64.054288,46.058486],[-64.054279,46.058036],[-64.054925,46.05803],[-64.054917,46.05758],[-64.055563,46.057574],[-64.055537,46.056224],[-64.056183,46.056218],[-64.056175,46.055768],[-64.056821,46.055762],[-64.056813,46.055312],[-64.057459,46.055306],[-64.057442,46.054406],[-64.058734,46.054394],[-64.058717,46.053494],[-64.058071,46.0535],[-64.058062,46.05305],[-64.060001,46.053032],[-64.059992,46.052583],[-64.060638,46.052577],[-64.060647,46.053026],[-64.063232,46.053002],[-64.063241,46.053452],[-64.065179,46.053434],[-64.065171,46.052984],[-64.065817,46.052978],[-64.0658,46.052079],[-64.067738,46.05206],[-64.06773,46.05161],[-64.069668,46.051592],[-64.069686,46.052492],[-64.070978,46.05248],[-64.070987,46.05293],[-64.070341,46.052936],[-64.070349,46.053386],[-64.069703,46.053392],[-64.069712,46.053842],[-64.070358,46.053836],[-64.070349,46.053386],[-64.070995,46.05338],[-64.070987,46.05293],[-64.071633,46.052924],[-64.071642,46.053374],[-64.072934,46.053362],[-64.072925,46.052912],[-64.076157,46.052881],[-64.076139,46.051982],[-64.078724,46.051957],[-64.078715,46.051507],[-64.082592,46.051471],[-64.082601,46.051921],[-64.083894,46.051908],[-64.083885,46.051458],[-64.084531,46.051452],[-64.08454,46.051902],[-64.086479,46.051884],[-64.08647,46.051434],[-64.087116,46.051428],[-64.087107,46.050978],[-64.087753,46.050972],[-64.087718,46.049172],[-64.089657,46.049153],[-64.089648,46.048704],[-64.089001,46.04871],[-64.088993,46.04826],[-64.0877,46.048272],[-64.087718,46.049172],[-64.087072,46.049178],[-64.087098,46.050528],[-64.086452,46.050534],[-64.086461,46.050984],[-64.085815,46.05099],[-64.085824,46.05144],[-64.084531,46.051452],[-64.084522,46.051002],[-64.083876,46.051008],[-64.083867,46.050559],[-64.082575,46.050571],[-64.082566,46.050121],[-64.08192,46.050127],[-64.081929,46.050577],[-64.080636,46.050589],[-64.080628,46.050139],[-64.078689,46.050158],[-64.078698,46.050607],[-64.074174,46.05065],[-64.074166,46.0502],[-64.073519,46.050206],[-64.073511,46.049756],[-64.074157,46.04975],[-64.074139,46.04885],[-64.074786,46.048844],[-64.074751,46.047045],[-64.075397,46.047038],[-64.075388,46.046589],[-64.074742,46.046595],[-64.074698,46.044345],[-64.074052,46.044351],[-64.074043,46.043901],[-64.072105,46.043919],[-64.072096,46.043469],[-64.070804,46.043481],[-64.070795,46.043031],[-64.071442,46.043025],[-64.071424,46.042126],[-64.07207,46.04212],[-64.072062,46.04167],[-64.073354,46.041657],[-64.073345,46.041208],[-64.073991,46.041201],[-64.073982,46.040752],[-64.074629,46.040745],[-64.07462,46.040296],[-64.075266,46.040289],[-64.075248,46.03939],[-64.076541,46.039377],[-64.076514,46.038028],[-64.07716,46.038021],[-64.077152,46.037572],[-64.077798,46.037565],[-64.077789,46.037116],[-64.078435,46.037109],[-64.078417,46.03621],[-64.080356,46.036191],[-64.080347,46.035741],[-64.081639,46.035729],[-64.08163,46.035279],[-64.082276,46.035273],[-64.082267,46.034823],[-64.084205,46.034805],[-64.084197,46.034355],[-64.085489,46.034343],[-64.08548,46.033893],[-64.086772,46.03388],[-64.086781,46.03433],[-64.088073,46.034318],[-64.088064,46.033868],[-64.087418,46.033874],[-64.087409,46.033424],[-64.088055,46.033418],[-64.088028,46.032068],[-64.088674,46.032062],[-64.088648,46.030712],[-64.089294,46.030706],[-64.089285,46.030256],[-64.091223,46.030238],[-64.091205,46.029338],[-64.091851,46.029332],[-64.091842,46.028882],[-64.092488,46.028876],[-64.092426,46.025726],[-64.09178,46.025732],[-64.091771,46.025282],[-64.091126,46.025289],[-64.091117,46.024839],[-64.089825,46.024851],[-64.089807,46.023951],[-64.091099,46.023939],[-64.091108,46.024389],[-64.091754,46.024382],[-64.091763,46.024832],[-64.0937,46.024814],[-64.093709,46.025264],[-64.094355,46.025258],[-64.094337,46.024358],[-64.094983,46.024352],[-64.094974,46.023902],[-64.09562,46.023895],[-64.095602,46.022996],[-64.096248,46.022989],[-64.096222,46.02164],[-64.096867,46.021633],[-64.096876,46.022083],[-64.097522,46.022077],[-64.09754,46.022977],[-64.098832,46.022965],[-64.098841,46.023415],[-64.099487,46.023408],[-64.099496,46.023858],[-64.100787,46.023846],[-64.100805,46.024746],[-64.102097,46.024733],[-64.102115,46.025633],[-64.102761,46.025627],[-64.102743,46.024727],[-64.102097,46.024733],[-64.102088,46.024283],[-64.101442,46.02429],[-64.101433,46.02384],[-64.100787,46.023846],[-64.100778,46.023396],[-64.100132,46.023402],[-64.100115,46.022502],[-64.098823,46.022515],[-64.098814,46.022065],[-64.098168,46.022071],[-64.098159,46.021621],[-64.097513,46.021627],[-64.097487,46.020277],[-64.095549,46.020296],[-64.095567,46.021196],[-64.094275,46.021208],[-64.094284,46.021658],[-64.09493,46.021652],[-64.094939,46.022102],[-64.094293,46.022108],[-64.094311,46.023008],[-64.093665,46.023014],[-64.093674,46.023464],[-64.091736,46.023483],[-64.091727,46.023033],[-64.090435,46.023045],[-64.090427,46.022595],[-64.089781,46.022601],[-64.089772,46.022151],[-64.08848,46.022164],[-64.088471,46.021714],[-64.089117,46.021708],[-64.089099,46.020808],[-64.088454,46.020814],[-64.088436,46.019914],[-64.089082,46.019908],[-64.089073,46.019458],[-64.089719,46.019452],[-64.089701,46.018552],[-64.089055,46.018558],[-64.089073,46.019458],[-64.088427,46.019464],[-64.088418,46.019014],[-64.087772,46.01902],[-64.087808,46.02082],[-64.087162,46.020826],[-64.087171,46.021276],[-64.087817,46.02127],[-64.087852,46.02307],[-64.087206,46.023076],[-64.087215,46.023526],[-64.086569,46.023532],[-64.086578,46.023982],[-64.085932,46.023988],[-64.085941,46.024438],[-64.085295,46.024444],[-64.085304,46.024894],[-64.08272,46.024918],[-64.082702,46.024019],[-64.083348,46.024012],[-64.08334,46.023563],[-64.083985,46.023556],[-64.083977,46.023106],[-64.084623,46.0231],[-64.084614,46.02265],[-64.08526,46.022644],[-64.085251,46.022194],[-64.084605,46.0222],[-64.084596,46.021751],[-64.085242,46.021744],[-64.085216,46.020395],[-64.082632,46.020419],[-64.082623,46.019969],[-64.081332,46.019981],[-64.081323,46.019531],[-64.079385,46.01955],[-64.079377,46.0191],[-64.078731,46.019106],[-64.07874,46.019556],[-64.079385,46.01955],[-64.079394,46.02],[-64.076811,46.020024],[-64.076802,46.019574],[-64.076156,46.01958],[-64.076165,46.02003],[-64.074227,46.020048],[-64.074219,46.019598],[-64.072927,46.019611],[-64.07291,46.018711],[-64.072264,46.018717],[-64.072246,46.017817],[-64.071601,46.017823],[-64.071592,46.017373],[-64.074175,46.017349],[-64.074166,46.016899],[-64.075458,46.016887],[-64.075449,46.016437],[-64.076095,46.016431],[-64.076104,46.016881],[-64.07675,46.016875],[-64.076741,46.016425],[-64.076095,46.016431],[-64.076078,46.015531],[-64.076723,46.015525],[-64.076715,46.015075],[-64.078006,46.015063],[-64.077998,46.014613],[-64.076706,46.014625],[-64.076697,46.014175],[-64.077343,46.014169],[-64.077334,46.013719],[-64.076689,46.013725],[-64.076662,46.012375],[-64.076017,46.012381],[-64.076008,46.011931],[-64.077299,46.011919],[-64.077282,46.011019],[-64.077928,46.011013],[-64.077919,46.010563],[-64.078565,46.010557],[-64.078547,46.009657],[-64.079193,46.009651],[-64.079175,46.008751],[-64.07853,46.008757],[-64.078521,46.008307],[-64.079167,46.008301],[-64.079149,46.007402],[-64.078503,46.007408],[-64.078468,46.005608],[-64.07524,46.005638],[-64.075249,46.006088],[-64.075894,46.006082],[-64.075903,46.006532],[-64.075257,46.006538],[-64.075266,46.006988],[-64.075912,46.006982],[-64.075921,46.007432],[-64.073984,46.00745],[-64.073975,46.007],[-64.072683,46.007012],[-64.072675,46.006562],[-64.070738,46.006581],[-64.070729,46.006131],[-64.071375,46.006125],[-64.071366,46.005675],[-64.069429,46.005693],[-64.069438,46.006143],[-64.068792,46.006149],[-64.068783,46.005699],[-64.068138,46.005705],[-64.068146,46.006155],[-64.068792,46.006149],[-64.068801,46.006599],[-64.068155,46.006605],[-64.068164,46.007055],[-64.066872,46.007067],[-64.066864,46.006617],[-64.066218,46.006623],[-64.066209,46.006173],[-64.065564,46.006179],[-64.065581,46.007079],[-64.064289,46.007091],[-64.064281,46.006641],[-64.064926,46.006635],[-64.064918,46.006185],[-64.064272,46.006191],[-64.064264,46.005741],[-64.063618,46.005747],[-64.063609,46.005297],[-64.064901,46.005285],[-64.064892,46.004835],[-64.065538,46.004829],[-64.06552,46.003929],[-64.066166,46.003923],[-64.066157,46.003473],[-64.066803,46.003467],[-64.066794,46.003017],[-64.06744,46.003011],[-64.067431,46.002561],[-64.068077,46.002555],[-64.068068,46.002105],[-64.068714,46.002099],[-64.068705,46.001649],[-64.06806,46.001655],[-64.068042,46.000756],[-64.067397,46.000762],[-64.067388,46.000312],[-64.068034,46.000306],[-64.068025,45.999856],[-64.069316,45.999844],[-64.06929,45.998494],[-64.068645,45.9985],[-64.068662,45.9994],[-64.066725,45.999418],[-64.066734,45.999868],[-64.066088,45.999874],[-64.066097,46.000324],[-64.065451,46.00033],[-64.06546,46.00078],[-64.064814,46.000786],[-64.064806,46.000336],[-64.061577,46.000366],[-64.061586,46.000816],[-64.06094,46.000822],[-64.060932,46.000372],[-64.058349,46.000396],[-64.058332,45.999496],[-64.057687,45.999502],[-64.057678,45.999052],[-64.056387,45.999064],[-64.056378,45.998614],[-64.057024,45.998608],[-64.057015,45.998158],[-64.057661,45.998152],[-64.057644,45.997252],[-64.058289,45.997246],[-64.058281,45.996796],[-64.057635,45.996802],[-64.057627,45.996352],[-64.058272,45.996346],[-64.058255,45.995446],[-64.056964,45.995458],[-64.056955,45.995008],[-64.05631,45.995014],[-64.056301,45.994564],[-64.055656,45.99457],[-64.055664,45.99502],[-64.055019,45.995026],[-64.05501,45.994576],[-64.053719,45.994588],[-64.05371,45.994138],[-64.052419,45.99415],[-64.052411,45.9937],[-64.049829,45.993724],[-64.049846,45.994624],[-64.048555,45.994636],[-64.048546,45.994186],[-64.047255,45.994198],[-64.047263,45.994648],[-64.044681,45.994671],[-64.044673,45.994221],[-64.044027,45.994227],[-64.044002,45.992877],[-64.044647,45.992871],[-64.044639,45.992422],[-64.045284,45.992416],[-64.045276,45.991966],[-64.047213,45.991948],[-64.047204,45.991498],[-64.04785,45.991492],[-64.047841,45.991042],[-64.047196,45.991048],[-64.047179,45.990148],[-64.046533,45.990154],[-64.046508,45.988804],[-64.045862,45.98881],[-64.045845,45.98791],[-64.046491,45.987904],[-64.046482,45.987454],[-64.048419,45.987437],[-64.04841,45.986987],[-64.049701,45.986975],[-64.049676,45.985625],[-64.050321,45.985619],[-64.050304,45.984719],[-64.049659,45.984725],[-64.04965,45.984275],[-64.049005,45.984281],[-64.048988,45.983381],[-64.047697,45.983393],[-64.047688,45.982943],[-64.047043,45.982949],[-64.047051,45.983399],[-64.04447,45.983423],[-64.044453,45.982523],[-64.045098,45.982517],[-64.04509,45.982067],[-64.048317,45.982037],[-64.048308,45.981587],[-64.05089,45.981564],[-64.050881,45.981114],[-64.047009,45.981149],[-64.046992,45.980249],[-64.046347,45.980255],[-64.046364,45.981155],[-64.045073,45.981167],[-64.045081,45.981617],[-64.044436,45.981623],[-64.044444,45.982073],[-64.043799,45.982079],[-64.043816,45.982979],[-64.04317,45.982984],[-64.043179,45.983434],[-64.04447,45.983423],[-64.044487,45.984323],[-64.045777,45.984311],[-64.045786,45.984761],[-64.047722,45.984743],[-64.047731,45.985193],[-64.049667,45.985175],[-64.049676,45.985625],[-64.047094,45.985649],[-64.047102,45.986099],[-64.046457,45.986105],[-64.046448,45.985655],[-64.045157,45.985666],[-64.045166,45.986116],[-64.045811,45.98611],[-64.04582,45.98656],[-64.045174,45.986566],[-64.045191,45.987466],[-64.044546,45.987472],[-64.04458,45.989272],[-64.045225,45.989266],[-64.045259,45.991066],[-64.044614,45.991072],[-64.044622,45.991522],[-64.043976,45.991528],[-64.043985,45.991977],[-64.041403,45.992001],[-64.04142,45.992901],[-64.040774,45.992907],[-64.040783,45.993357],[-64.040137,45.993363],[-64.040154,45.994263],[-64.039508,45.994268],[-64.039517,45.994718],[-64.040162,45.994712],[-64.040213,45.997412],[-64.040859,45.997406],[-64.040875,45.998306],[-64.039584,45.998318],[-64.039601,45.999218],[-64.037019,45.999241],[-64.037035,46.000141],[-64.03639,46.000147],[-64.036407,46.001047],[-64.03447,46.001064],[-64.034478,46.001514],[-64.033832,46.00152],[-64.033841,46.00197],[-64.031904,46.001988],[-64.031912,46.002438],[-64.030621,46.002449],[-64.030629,46.002899],[-64.029984,46.002905],[-64.029992,46.003355],[-64.029346,46.003361],[-64.029363,46.004261],[-64.028717,46.004266],[-64.028726,46.004716],[-64.02808,46.004722],[-64.028088,46.005172],[-64.026797,46.005184],[-64.026805,46.005634],[-64.02616,46.00564],[-64.026151,46.00519],[-64.025506,46.005195],[-64.025481,46.003846],[-64.024835,46.003851],[-64.024827,46.003401],[-64.024181,46.003407],[-64.024156,46.002057],[-64.022865,46.002069],[-64.022848,46.001169],[-64.018329,46.001209],[-64.018321,46.000759],[-64.017675,46.000765],[-64.017667,46.000315],[-64.017021,46.000321],[-64.017013,45.999871],[-64.01443,45.999894],[-64.014422,45.999444],[-64.013777,45.99945],[-64.013768,45.999],[-64.012477,45.999011],[-64.012469,45.998561],[-64.011178,45.998573],[-64.011169,45.998123],[-64.010524,45.998129],[-64.010532,45.998578],[-64.009241,45.99859],[-64.009233,45.99814],[-64.008587,45.998146],[-64.008595,45.998596],[-64.009241,45.99859],[-64.009249,45.99904],[-64.007958,45.999051],[-64.00795,45.998601],[-64.007304,45.998607],[-64.007296,45.998157],[-64.007941,45.998151],[-64.007933,45.997701],[-64.008579,45.997696],[-64.008571,45.997246],[-64.009216,45.99724],[-64.0092,45.99634],[-64.008554,45.996346],[-64.008546,45.995896],[-64.007901,45.995902],[-64.007884,45.995002],[-64.005948,45.995019],[-64.005939,45.994569],[-64.003357,45.994592],[-64.003349,45.994142],[-64.002703,45.994147],[-64.002712,45.994597],[-64.00142,45.994608],[-64.001429,45.995058],[-63.999492,45.995075],[-63.999484,45.994625],[-63.998838,45.994631],[-63.998846,45.995081],[-63.998201,45.995087],[-63.998193,45.994637],[-63.997547,45.994642],[-63.997555,45.995092],[-63.995618,45.995109],[-63.995635,45.996009],[-63.994989,45.996015],[-63.994997,45.996465],[-63.994351,45.99647],[-63.99436,45.99692],[-63.993068,45.996931],[-63.993076,45.997381],[-63.991785,45.997393],[-63.991777,45.996943],[-63.991132,45.996948],[-63.99114,45.997398],[-63.990494,45.997404],[-63.990534,45.999654],[-63.989889,45.999659],[-63.989921,46.001459],[-63.989275,46.001465],[-63.989315,46.003714],[-63.988669,46.00372],[-63.988709,46.00597],[-63.988064,46.005975],[-63.988104,46.008225],[-63.987458,46.008231],[-63.98749,46.01003],[-63.986844,46.010036],[-63.986884,46.012286],[-63.986239,46.012291],[-63.986279,46.014541],[-63.985633,46.014547],[-63.985673,46.016796],[-63.985027,46.016802],[-63.985059,46.018602],[-63.984413,46.018607],[-63.984453,46.020857],[-63.983807,46.020863],[-63.983847,46.023112],[-63.983201,46.023118],[-63.983233,46.024918],[-63.982587,46.024923],[-63.982627,46.027173],[-63.981981,46.027179],[-63.982021,46.029428],[-63.981375,46.029434],[-63.981415,46.031684],[-63.980769,46.031689],[-63.980801,46.033489],[-63.980155,46.033494],[-63.980194,46.035744],[-63.979548,46.03575],[-63.979588,46.037999],[-63.978942,46.038005],[-63.978982,46.040255],[-63.978336,46.04026],[-63.978367,46.04206],[-63.977721,46.042066],[-63.977761,46.044315],[-63.977115,46.044321],[-63.977155,46.046571],[-63.976508,46.046576],[-63.97654,46.048376],[-63.975894,46.048381],[-63.975933,46.050631],[-63.975287,46.050637],[-63.975327,46.052886],[-63.974681,46.052892],[-63.974712,46.054692],[-63.976005,46.054681],[-63.976013,46.055131],[-63.980537,46.055092],[-63.980545,46.055542],[-63.981191,46.055536],[-63.981183,46.055086],[-63.983122,46.05507],[-63.983114,46.05462],[-63.984406,46.054609],[-63.984414,46.055059],[-63.985707,46.055047],[-63.985699,46.054598],[-63.988284,46.054575],[-63.988276,46.054125],[-63.992153,46.054092],[-63.992145,46.053642],[-63.99473,46.053619],[-63.994722,46.053169],[-63.999246,46.05313],[-63.999254,46.05358],[-64.001193,46.053563],[-64.001201,46.054013],[-64.007017,46.053962],[-64.007025,46.054412],[-64.008964,46.054394],[-64.008972,46.054844],[-64.011558,46.054822],[-64.011566,46.055272],[-64.012858,46.05526],[-64.012866,46.05571],[-64.013513,46.055704],[-64.013521,46.056154],[-64.016752,46.056126],[-64.016744,46.055676],[-64.018037,46.055664],[-64.018028,46.055214],[-64.018675,46.055208],[-64.018666,46.054758],[-64.019313,46.054753],[-64.019304,46.054303],[-64.019951,46.054297],[-64.019942,46.053847],[-64.021881,46.05383],[-64.021873,46.05338],[-64.023165,46.053368],[-64.023157,46.052918],[-64.024449,46.052907],[-64.024441,46.052457],[-64.025087,46.052451],[-64.025079,46.052001],[-64.025725,46.051995],[-64.025709,46.051095],[-64.026355,46.05109],[-64.026363,46.051539],[-64.028302,46.051522],[-64.028293,46.051072],[-64.02894,46.051066],[-64.028948,46.051516],[-64.029594,46.05151],[-64.029586,46.05106],[-64.030878,46.051049],[-64.03087,46.050599],[-64.031516,46.050593],[-64.031508,46.050143],[-64.034093,46.05012],[-64.034084,46.04967],[-64.03473,46.049664],[-64.034722,46.049214],[-64.035368,46.049208],[-64.03536,46.048758],[-64.036006,46.048752],[-64.035998,46.048302],[-64.037936,46.048285],[-64.037928,46.047835],[-64.041159,46.047806],[-64.04115,46.047356],[-64.042442,46.047344],[-64.042434,46.046894],[-64.04308,46.046888],[-64.043089,46.047338],[-64.043735,46.047332],[-64.043726,46.046882],[-64.045019,46.04687],[-64.045027,46.04732],[-64.044381,46.047326],[-64.044389,46.047776],[-64.043743,46.047782],[-64.043752,46.048232],[-64.044398,46.048226],[-64.044389,46.047776],[-64.045036,46.04777],[-64.045027,46.04732],[-64.046319,46.047308],[-64.046328,46.047758],[-64.046974,46.047752],[-64.046991,46.048652],[-64.046345,46.048658],[-64.046353,46.049108],[-64.045061,46.04912],[-64.04507,46.04957],[-64.047008,46.049552],[-64.047017,46.050002],[-64.048955,46.049984],[-64.048938,46.049084],[-64.049584,46.049078],[-64.049567,46.048179],[-64.050214,46.048173],[-64.050222,46.048623],[-64.050868,46.048617],[-64.050885,46.049517],[-64.051531,46.049511],[-64.051549,46.05041],[-64.052841,46.050399],[-64.052832,46.049949],[-64.054771,46.049931],[-64.05478,46.050381],[-64.055426,46.050375],[-64.055443,46.051275],[-64.056089,46.051269],[-64.056115,46.052618],[-64.055469,46.052624],[-64.055494,46.053974],[-64.056141,46.053968],[-64.056166,46.055318],[-64.054874,46.05533],[-64.054882,46.05578],[-64.054236,46.055786],[-64.05427,46.057586],[-64.053624,46.057592],[-64.053633,46.058042],[-64.052986,46.058048],[-64.052995,46.058497],[-64.051702,46.058509],[-64.051728,46.059859],[-64.052374,46.059853],[-64.052383,46.060303],[-64.053029,46.060297],[-64.053038,46.060747],[-64.053684,46.060741],[-64.053693,46.061191],[-64.054339,46.061185]],[[-64.052781,46.047249],[-64.051489,46.047261],[-64.05148,46.046811],[-64.050834,46.046817],[-64.050826,46.046367],[-64.052118,46.046355],[-64.052126,46.046805],[-64.052773,46.046799],[-64.052781,46.047249]],[[-64.076715,46.015075],[-64.076069,46.015081],[-64.07606,46.014631],[-64.076706,46.014625],[-64.076715,46.015075]],[[-64.076697,46.014175],[-64.076051,46.014181],[-64.076043,46.013731],[-64.076689,46.013725],[-64.076697,46.014175]]]},"properties":{"feature_id":"lee-s1-0116","event_id":"lee","category":"persistent_low_backscatter","area_ha":4524.5,"center_lon":-64.038721,"center_lat":46.02072,"threshold_db":-17.695,"sensor":"Sentinel-1","polarization":"HV","interpretation":"candidate only; requires validation"}},{"type":"Feature","id":"lee-s1-0117","geometry":{"type":"Polygon","coordinates":[[[-64.289018,45.978676],[-64.289008,45.978226],[-64.289653,45.978218],[-64.289642,45.977769],[-64.290288,45.977761],[-64.290277,45.977311],[-64.289632,45.977319],[-64.289642,45.977769],[-64.288352,45.977783],[-64.288373,45.978683],[-64.289018,45.978676]]]},"properties":{"feature_id":"lee-s1-0117","event_id":"lee","category":"new_low_backscatter_after_lee","area_ha":1.0,"center_lon":-64.28932,"center_lat":45.977997,"threshold_db":-17.695,"sensor":"Sentinel-1","polarization":"HV","interpretation":"candidate only; requires validation"}},{"type":"Feature","id":"lee-s1-0118","geometry":{"type":"Polygon","coordinates":[[[-64.328382,45.978225],[-64.32836,45.977325],[-64.327715,45.977332],[-64.327704,45.976883],[-64.328349,45.976875],[-64.328339,45.976425],[-64.325757,45.976455],[-64.325768,45.976905],[-64.327059,45.97689],[-64.327091,45.97824],[-64.328382,45.978225]]]},"properties":{"feature_id":"lee-s1-0118","event_id":"lee","category":"low_backscatter_no_longer_present","area_ha":2.25,"center_lon":-64.327069,"center_lat":45.977333,"threshold_db":-17.695,"sensor":"Sentinel-1","polarization":"HV","interpretation":"candidate only; requires validation"}},{"type":"Feature","id":"lee-s1-0119","geometry":{"type":"Polygon","coordinates":[[[-64.14637,45.978846],[-64.146361,45.978396],[-64.147006,45.978389],[-64.146987,45.977489],[-64.144406,45.977515],[-64.144425,45.978415],[-64.145715,45.978402],[-64.145725,45.978852],[-64.14637,45.978846]]]},"properties":{"feature_id":"lee-s1-0119","event_id":"lee","category":"persistent_low_backscatter","area_ha":2.25,"center_lon":-64.145706,"center_lat":45.978171,"threshold_db":-17.695,"sensor":"Sentinel-1","polarization":"HV","interpretation":"candidate only; requires validation"}},{"type":"Feature","id":"lee-s1-0120","geometry":{"type":"Polygon","coordinates":[[[-64.327683,45.975983],[-64.327672,45.975533],[-64.328317,45.975525],[-64.328296,45.974626],[-64.32765,45.974633],[-64.327672,45.975533],[-64.326381,45.975548],[-64.326392,45.975998],[-64.327683,45.975983]]]},"properties":{"feature_id":"lee-s1-0120","event_id":"lee","category":"low_backscatter_no_longer_present","area_ha":1.0,"center_lon":-64.327349,"center_lat":45.975312,"threshold_db":-17.695,"sensor":"Sentinel-1","polarization":"HV","interpretation":"candidate only; requires validation"}},{"type":"Feature","id":"lee-s1-0121","geometry":{"type":"Polygon","coordinates":[[[-64.294128,45.976368],[-64.294118,45.975918],[-64.294763,45.975911],[-64.294752,45.975461],[-64.295398,45.975453],[-64.295387,45.975003],[-64.294097,45.975018],[-64.294118,45.975918],[-64.293472,45.975925],[-64.293483,45.976375],[-64.294128,45.976368]]]},"properties":{"feature_id":"lee-s1-0121","event_id":"lee","category":"low_backscatter_no_longer_present","area_ha":1.0,"center_lon":-64.294435,"center_lat":45.975689,"threshold_db":-17.695,"sensor":"Sentinel-1","polarization":"HV","interpretation":"candidate only; requires validation"}},{"type":"Feature","id":"lee-s1-0122","geometry":{"type":"Polygon","coordinates":[[[-64.154731,45.977411],[-64.154713,45.976512],[-64.154067,45.976518],[-64.154077,45.976968],[-64.152786,45.976981],[-64.152795,45.977431],[-64.154731,45.977411]]]},"properties":{"feature_id":"lee-s1-0122","event_id":"lee","category":"persistent_low_backscatter","area_ha":1.0,"center_lon":-64.153759,"center_lat":45.976972,"threshold_db":-17.695,"sensor":"Sentinel-1","polarization":"HV","interpretation":"candidate only; requires validation"}},{"type":"Feature","id":"lee-s1-0123","geometry":{"type":"Polygon","coordinates":[[[-64.24314,45.976484],[-64.24313,45.976034],[-64.243775,45.976027],[-64.243765,45.975577],[-64.24441,45.97557],[-64.2444,45.97512],[-64.243755,45.975127],[-64.243765,45.975577],[-64.242474,45.975591],[-64.242494,45.976491],[-64.24314,45.976484]]]},"properties":{"feature_id":"lee-s1-0123","event_id":"lee","category":"low_backscatter_no_longer_present","area_ha":1.0,"center_lon":-64.243442,"center_lat":45.975805,"threshold_db":-17.695,"sensor":"Sentinel-1","polarization":"HV","interpretation":"candidate only; requires validation"}},{"type":"Feature","id":"lee-s1-0124","geometry":{"type":"Polygon","coordinates":[[[-64.046941,45.97755],[-64.046933,45.9771],[-64.044351,45.977123],[-64.04436,45.977573],[-64.046941,45.97755]]]},"properties":{"feature_id":"lee-s1-0124","event_id":"lee","category":"persistent_low_backscatter","area_ha":1.0,"center_lon":-64.045646,"center_lat":45.977336,"threshold_db":-17.695,"sensor":"Sentinel-1","polarization":"HV","interpretation":"candidate only; requires validation"}},{"type":"Feature","id":"lee-s1-0125","geometry":{"type":"Polygon","coordinates":[[[-64.308917,45.973949],[-64.308906,45.973499],[-64.306325,45.973529],[-64.306336,45.973979],[-64.308917,45.973949]]]},"properties":{"feature_id":"lee-s1-0125","event_id":"lee","category":"low_backscatter_no_longer_present","area_ha":1.0,"center_lon":-64.307621,"center_lat":45.973739,"threshold_db":-17.695,"sensor":"Sentinel-1","polarization":"HV","interpretation":"candidate only; requires validation"}},{"type":"Feature","id":"lee-s1-0126","geometry":{"type":"Polygon","coordinates":[[[-64.292806,45.975033],[-64.292796,45.974583],[-64.293441,45.974575],[-64.29343,45.974126],[-64.294721,45.974111],[-64.29471,45.973661],[-64.292775,45.973683],[-64.292796,45.974583],[-64.29215,45.97459],[-64.292161,45.97504],[-64.292806,45.975033]]]},"properties":{"feature_id":"lee-s1-0126","event_id":"lee","category":"persistent_low_backscatter","area_ha":1.25,"center_lon":-64.293436,"center_lat":45.97435,"threshold_db":-17.695,"sensor":"Sentinel-1","polarization":"HV","interpretation":"candidate only; requires validation"}},{"type":"Feature","id":"lee-s1-0127","geometry":{"type":"Polygon","coordinates":[[[-64.286322,45.973756],[-64.286312,45.973306],[-64.288247,45.973284],[-64.288237,45.972834],[-64.286946,45.972849],[-64.286926,45.971949],[-64.285635,45.971963],[-64.285656,45.972863],[-64.286301,45.972856],[-64.286312,45.973306],[-64.285666,45.973313],[-64.285677,45.973763],[-64.286322,45.973756]]]},"properties":{"feature_id":"lee-s1-0127","event_id":"lee","category":"low_backscatter_no_longer_present","area_ha":2.0,"center_lon":-64.286941,"center_lat":45.972856,"threshold_db":-17.695,"sensor":"Sentinel-1","polarization":"HV","interpretation":"candidate only; requires validation"}},{"type":"Feature","id":"lee-s1-0128","geometry":{"type":"Polygon","coordinates":[[[-64.161128,45.974646],[-64.161119,45.974197],[-64.161764,45.97419],[-64.161745,45.97329],[-64.1611,45.973297],[-64.161109,45.973747],[-64.160464,45.973753],[-64.160483,45.974653],[-64.161128,45.974646]]]},"properties":{"feature_id":"lee-s1-0128","event_id":"lee","category":"persistent_low_backscatter","area_ha":1.0,"center_lon":-64.161114,"center_lat":45.973972,"threshold_db":-17.695,"sensor":"Sentinel-1","polarization":"HV","interpretation":"candidate only; requires validation"}},{"type":"Feature","id":"lee-s1-0129","geometry":{"type":"Polygon","coordinates":[[[-64.247576,45.972835],[-64.247566,45.972385],[-64.248211,45.972378],[-64.248201,45.971928],[-64.24691,45.971942],[-64.246921,45.972392],[-64.246275,45.972399],[-64.246285,45.972849],[-64.247576,45.972835]]]},"properties":{"feature_id":"lee-s1-0129","event_id":"lee","category":"low_backscatter_no_longer_present","area_ha":1.0,"center_lon":-64.247243,"center_lat":45.972388,"threshold_db":-17.695,"sensor":"Sentinel-1","polarization":"HV","interpretation":"candidate only; requires validation"}},{"type":"Feature","id":"lee-s1-0130","geometry":{"type":"Polygon","coordinates":[[[-64.343158,45.975352],[-64.343136,45.974452],[-64.343782,45.974445],[-64.343793,45.974894],[-64.345728,45.974872],[-64.345717,45.974422],[-64.346363,45.974414],[-64.346352,45.973964],[-64.347642,45.973949],[-64.34762,45.973049],[-64.346975,45.973057],[-64.34691,45.970357],[-64.344974,45.97038],[-64.344996,45.97128],[-64.344351,45.971288],[-64.344362,45.971738],[-64.343071,45.971753],[-64.34306,45.971303],[-64.342415,45.97131],[-64.342404,45.970861],[-64.341759,45.970868],[-64.341748,45.970418],[-64.340458,45.970433],[-64.340469,45.970883],[-64.339178,45.970898],[-64.3392,45.971798],[-64.337909,45.971813],[-64.337899,45.971363],[-64.335963,45.971386],[-64.335952,45.970936],[-64.335307,45.970944],[-64.335318,45.971394],[-64.334672,45.971401],[-64.334694,45.972301],[-64.334049,45.972308],[-64.33407,45.973208],[-64.333425,45.973216],[-64.333436,45.973666],[-64.332791,45.973673],[-64.332802,45.974123],[-64.332156,45.974131],[-64.332167,45.974581],[-64.334103,45.974558],[-64.334092,45.974108],[-64.338609,45.974055],[-64.338598,45.973605],[-64.341179,45.973575],[-64.341201,45.974475],[-64.342491,45.97446],[-64.342513,45.975359],[-64.343158,45.975352]],[[-64.345663,45.972172],[-64.344372,45.972187],[-64.344362,45.971738],[-64.345007,45.97173],[-64.344996,45.97128],[-64.345641,45.971272],[-64.345663,45.972172]],[[-64.34177,45.971318],[-64.340479,45.971333],[-64.340469,45.970883],[-64.341759,45.970868],[-64.34177,45.971318]]]},"properties":{"feature_id":"lee-s1-0130","event_id":"lee","category":"persistent_low_backscatter","area_ha":35.0,"center_lon":-64.339899,"center_lat":45.972858,"threshold_db":-17.695,"sensor":"Sentinel-1","polarization":"HV","interpretation":"candidate only; requires validation"}},{"type":"Feature","id":"lee-s1-0131","geometry":{"type":"Polygon","coordinates":[[[-64.344362,45.971738],[-64.344351,45.971288],[-64.34306,45.971303],[-64.343049,45.970853],[-64.342404,45.970861],[-64.342393,45.970411],[-64.341748,45.970418],[-64.341759,45.970868],[-64.342404,45.970861],[-64.342415,45.97131],[-64.34306,45.971303],[-64.343071,45.971753],[-64.344362,45.971738]]]},"properties":{"feature_id":"lee-s1-0131","event_id":"lee","category":"low_backscatter_no_longer_present","area_ha":1.0,"center_lon":-64.343055,"center_lat":45.971082,"threshold_db":-17.695,"sensor":"Sentinel-1","polarization":"HV","interpretation":"candidate only; requires validation"}},{"type":"Feature","id":"lee-s1-0132","geometry":{"type":"Polygon","coordinates":[[[-64.040437,45.974909],[-64.040429,45.974459],[-64.039783,45.974465],[-64.039775,45.974015],[-64.039129,45.974021],[-64.039121,45.973571],[-64.038476,45.973577],[-64.038484,45.974027],[-64.039129,45.974021],[-64.039146,45.974921],[-64.040437,45.974909]]]},"properties":{"feature_id":"lee-s1-0132","event_id":"lee","category":"low_backscatter_no_longer_present","area_ha":1.0,"center_lon":-64.039457,"center_lat":45.974246,"threshold_db":-17.695,"sensor":"Sentinel-1","polarization":"HV","interpretation":"candidate only; requires validation"}},{"type":"Feature","id":"lee-s1-0133","geometry":{"type":"Polygon","coordinates":[[[-64.262437,45.973572],[-64.262427,45.973122],[-64.263072,45.973115],[-64.263062,45.972665],[-64.264352,45.972651],[-64.264342,45.972201],[-64.264987,45.972194],[-64.264977,45.971744],[-64.265622,45.971737],[-64.265602,45.970837],[-64.264957,45.970844],[-64.264967,45.971294],[-64.264322,45.971301],[-64.264332,45.971751],[-64.263687,45.971758],[-64.263697,45.972208],[-64.262406,45.972222],[-64.262427,45.973122],[-64.261782,45.973129],[-64.261792,45.973579],[-64.262437,45.973572]]]},"properties":{"feature_id":"lee-s1-0133","event_id":"lee","category":"persistent_low_backscatter","area_ha":2.5,"center_lon":-64.263702,"center_lat":45.972208,"threshold_db":-17.695,"sensor":"Sentinel-1","polarization":"HV","interpretation":"candidate only; requires validation"}},{"type":"Feature","id":"lee-s1-0134","geometry":{"type":"Polygon","coordinates":[[[-64.294013,45.971419],[-64.294002,45.970969],[-64.294647,45.970962],[-64.294637,45.970512],[-64.293347,45.970526],[-64.293357,45.970976],[-64.292712,45.970983],[-64.292722,45.971433],[-64.294013,45.971419]]]},"properties":{"feature_id":"lee-s1-0134","event_id":"lee","category":"low_backscatter_no_longer_present","area_ha":1.0,"center_lon":-64.293679,"center_lat":45.970973,"threshold_db":-17.695,"sensor":"Sentinel-1","polarization":"HV","interpretation":"candidate only; requires validation"}},{"type":"Feature","id":"lee-s1-0135","geometry":{"type":"Polygon","coordinates":[[[-64.260471,45.972244],[-64.26045,45.971344],[-64.261096,45.971337],[-64.261075,45.970437],[-64.26043,45.970444],[-64.26045,45.971344],[-64.25916,45.971358],[-64.25918,45.972258],[-64.260471,45.972244]]]},"properties":{"feature_id":"lee-s1-0135","event_id":"lee","category":"new_low_backscatter_after_lee","area_ha":1.5,"center_lon":-64.260128,"center_lat":45.971347,"threshold_db":-17.695,"sensor":"Sentinel-1","polarization":"HV","interpretation":"candidate only; requires validation"}},{"type":"Feature","id":"lee-s1-0136","geometry":{"type":"Polygon","coordinates":[[[-64.344963,45.96993],[-64.344952,45.96948],[-64.345598,45.969473],[-64.345587,45.969023],[-64.344941,45.969031],[-64.344931,45.968581],[-64.344285,45.968588],[-64.344318,45.969938],[-64.344963,45.96993]]]},"properties":{"feature_id":"lee-s1-0136","event_id":"lee","category":"low_backscatter_no_longer_present","area_ha":1.0,"center_lon":-64.344942,"center_lat":45.969259,"threshold_db":-17.695,"sensor":"Sentinel-1","polarization":"HV","interpretation":"candidate only; requires validation"}},{"type":"Feature","id":"lee-s1-0137","geometry":{"type":"Polygon","coordinates":[[[-64.3011,45.970888],[-64.301058,45.969089],[-64.301703,45.969081],[-64.301692,45.968631],[-64.301047,45.968639],[-64.301058,45.969089],[-64.300412,45.969096],[-64.300423,45.969546],[-64.299778,45.969553],[-64.299788,45.970003],[-64.300433,45.969996],[-64.300454,45.970896],[-64.3011,45.970888]]]},"properties":{"feature_id":"lee-s1-0137","event_id":"lee","category":"new_low_backscatter_after_lee","area_ha":1.5,"center_lon":-64.300741,"center_lat":45.969763,"threshold_db":-17.695,"sensor":"Sentinel-1","polarization":"HV","interpretation":"candidate only; requires validation"}},{"type":"Feature","id":"lee-s1-0138","geometry":{"type":"Polygon","coordinates":[[[-64.339802,45.969991],[-64.33978,45.969091],[-64.340425,45.969084],[-64.340403,45.968184],[-64.339758,45.968191],[-64.33978,45.969091],[-64.339135,45.969099],[-64.339156,45.969999],[-64.339802,45.969991]]]},"properties":{"feature_id":"lee-s1-0138","event_id":"lee","category":"low_backscatter_no_longer_present","area_ha":1.0,"center_lon":-64.33978,"center_lat":45.969092,"threshold_db":-17.695,"sensor":"Sentinel-1","polarization":"HV","interpretation":"candidate only; requires validation"}},{"type":"Feature","id":"lee-s1-0139","geometry":{"type":"Polygon","coordinates":[[[-64.145576,45.971653],[-64.145567,45.971203],[-64.146212,45.971197],[-64.146203,45.970747],[-64.145558,45.970753],[-64.145548,45.970303],[-64.144258,45.970316],[-64.144267,45.970766],[-64.142977,45.970779],[-64.142986,45.971229],[-64.142341,45.971236],[-64.14235,45.971686],[-64.145576,45.971653]]]},"properties":{"feature_id":"lee-s1-0139","event_id":"lee","category":"persistent_low_backscatter","area_ha":3.0,"center_lon":-64.144277,"center_lat":45.970995,"threshold_db":-17.695,"sensor":"Sentinel-1","polarization":"HV","interpretation":"candidate only; requires validation"}},{"type":"Feature","id":"lee-s1-0140","geometry":{"type":"Polygon","coordinates":[[[-64.300423,45.969546],[-64.300391,45.968196],[-64.299746,45.968204],[-64.299757,45.968653],[-64.299111,45.968661],[-64.299122,45.969111],[-64.299767,45.969103],[-64.299778,45.969553],[-64.300423,45.969546]]]},"properties":{"feature_id":"lee-s1-0140","event_id":"lee","category":"low_backscatter_no_longer_present","area_ha":1.0,"center_lon":-64.299767,"center_lat":45.968874,"threshold_db":-17.695,"sensor":"Sentinel-1","polarization":"HV","interpretation":"candidate only; requires validation"}},{"type":"Feature","id":"lee-s1-0141","geometry":{"type":"Polygon","coordinates":[[[-64.25917,45.971808],[-64.25916,45.971358],[-64.259805,45.971351],[-64.259785,45.970451],[-64.261075,45.970437],[-64.261065,45.969987],[-64.262355,45.969973],[-64.262345,45.969523],[-64.261055,45.969537],[-64.261045,45.969087],[-64.26169,45.96908],[-64.26168,45.96863],[-64.261034,45.968637],[-64.261045,45.969087],[-64.260399,45.969094],[-64.26041,45.969544],[-64.259764,45.969551],[-64.259785,45.970451],[-64.258494,45.970465],[-64.258525,45.971815],[-64.25917,45.971808]]]},"properties":{"feature_id":"lee-s1-0141","event_id":"lee","category":"persistent_low_backscatter","area_ha":3.25,"center_lon":-64.260424,"center_lat":45.970222,"threshold_db":-17.695,"sensor":"Sentinel-1","polarization":"HV","interpretation":"candidate only; requires validation"}},{"type":"Feature","id":"lee-s1-0142","geometry":{"type":"Polygon","coordinates":[[[-64.292046,45.970091],[-64.292035,45.969641],[-64.29139,45.969648],[-64.29138,45.969198],[-64.29267,45.969184],[-64.292659,45.968734],[-64.292014,45.968741],[-64.292004,45.968291],[-64.291359,45.968299],[-64.29138,45.969198],[-64.290734,45.969206],[-64.290745,45.969656],[-64.29139,45.969648],[-64.2914,45.970098],[-64.292046,45.970091]]]},"properties":{"feature_id":"lee-s1-0142","event_id":"lee","category":"low_backscatter_no_longer_present","area_ha":1.25,"center_lon":-64.291702,"center_lat":45.969195,"threshold_db":-17.695,"sensor":"Sentinel-1","polarization":"HV","interpretation":"candidate only; requires validation"}},{"type":"Feature","id":"lee-s1-0143","geometry":{"type":"Polygon","coordinates":[[[-64.266862,45.969473],[-64.266851,45.969023],[-64.266206,45.96903],[-64.266196,45.96858],[-64.266841,45.968573],[-64.266831,45.968123],[-64.26554,45.968137],[-64.265561,45.969037],[-64.264916,45.969044],[-64.264926,45.969494],[-64.266862,45.969473]]]},"properties":{"feature_id":"lee-s1-0143","event_id":"lee","category":"persistent_low_backscatter","area_ha":1.5,"center_lon":-64.265889,"center_lat":45.968808,"threshold_db":-17.695,"sensor":"Sentinel-1","polarization":"HV","interpretation":"candidate only; requires validation"}},{"type":"Feature","id":"lee-s1-0144","geometry":{"type":"Polygon","coordinates":[[[-64.307499,45.968565],[-64.307488,45.968115],[-64.308134,45.968108],[-64.308123,45.967658],[-64.307478,45.967665],[-64.307488,45.968115],[-64.306843,45.968123],[-64.306833,45.967673],[-64.306187,45.96768],[-64.306209,45.96858],[-64.307499,45.968565]]]},"properties":{"feature_id":"lee-s1-0144","event_id":"lee","category":"low_backscatter_no_longer_present","area_ha":1.0,"center_lon":-64.30716,"center_lat":45.968119,"threshold_db":-17.695,"sensor":"Sentinel-1","polarization":"HV","interpretation":"candidate only; requires validation"}},{"type":"Feature","id":"lee-s1-0145","geometry":{"type":"Polygon","coordinates":[[[-64.30367,45.970409],[-64.303659,45.969959],[-64.304305,45.969952],[-64.304284,45.969052],[-64.303638,45.969059],[-64.303617,45.968159],[-64.302327,45.968174],[-64.302316,45.967724],[-64.301671,45.967732],[-64.301661,45.967282],[-64.301015,45.967289],[-64.301036,45.968189],[-64.301682,45.968182],[-64.301692,45.968631],[-64.302983,45.968617],[-64.303014,45.969966],[-64.302369,45.969974],[-64.302359,45.969524],[-64.301713,45.969531],[-64.301734,45.970431],[-64.30367,45.970409]]]},"properties":{"feature_id":"lee-s1-0145","event_id":"lee","category":"low_backscatter_no_longer_present","area_ha":3.75,"center_lon":-64.30266,"center_lat":45.968857,"threshold_db":-17.695,"sensor":"Sentinel-1","polarization":"HV","interpretation":"candidate only; requires validation"}},{"type":"Feature","id":"lee-s1-0146","geometry":{"type":"Polygon","coordinates":[[[-64.338468,45.968207],[-64.338457,45.967757],[-64.337812,45.967764],[-64.33779,45.966864],[-64.337145,45.966872],[-64.337156,45.967322],[-64.336511,45.967329],[-64.336521,45.967779],[-64.337812,45.967764],[-64.337823,45.968214],[-64.338468,45.968207]]]},"properties":{"feature_id":"lee-s1-0146","event_id":"lee","category":"low_backscatter_no_longer_present","area_ha":1.0,"center_lon":-64.33749,"center_lat":45.967539,"threshold_db":-17.695,"sensor":"Sentinel-1","polarization":"HV","interpretation":"candidate only; requires validation"}},{"type":"Feature","id":"lee-s1-0147","geometry":{"type":"Polygon","coordinates":[[[-64.339124,45.968649],[-64.339113,45.968199],[-64.339758,45.968191],[-64.339747,45.967742],[-64.339102,45.967749],[-64.339091,45.967299],[-64.339737,45.967292],[-64.339715,45.966392],[-64.33907,45.966399],[-64.339091,45.967299],[-64.337801,45.967314],[-64.337812,45.967764],[-64.337167,45.967772],[-64.337177,45.968222],[-64.337823,45.968214],[-64.337812,45.967764],[-64.338457,45.967757],[-64.338479,45.968656],[-64.339124,45.968649]]]},"properties":{"feature_id":"lee-s1-0147","event_id":"lee","category":"persistent_low_backscatter","area_ha":2.0,"center_lon":-64.338462,"center_lat":45.967524,"threshold_db":-17.695,"sensor":"Sentinel-1","polarization":"HV","interpretation":"candidate only; requires validation"}},{"type":"Feature","id":"lee-s1-0148","geometry":{"type":"Polygon","coordinates":[[[-64.305585,45.969487],[-64.305574,45.969037],[-64.306219,45.96903],[-64.306156,45.96633],[-64.305511,45.966338],[-64.305532,45.967238],[-64.304886,45.967245],[-64.304897,45.967695],[-64.303607,45.96771],[-64.303575,45.96636],[-64.30293,45.966367],[-64.30294,45.966817],[-64.301005,45.966839],[-64.301015,45.967289],[-64.301661,45.967282],[-64.301671,45.967732],[-64.302316,45.967724],[-64.302327,45.968174],[-64.303617,45.968159],[-64.303638,45.969059],[-64.304284,45.969052],[-64.304294,45.969502],[-64.305585,45.969487]]]},"properties":{"feature_id":"lee-s1-0148","event_id":"lee","category":"persistent_low_backscatter","area_ha":7.0,"center_lon":-64.303612,"center_lat":45.967916,"threshold_db":-17.695,"sensor":"Sentinel-1","polarization":"HV","interpretation":"candidate only; requires validation"}},{"type":"Feature","id":"lee-s1-0149","geometry":{"type":"Polygon","coordinates":[[[-64.05263,45.971197],[-64.052621,45.970747],[-64.053912,45.970735],[-64.053895,45.969835],[-64.05454,45.96983],[-64.054523,45.96893],[-64.053233,45.968942],[-64.053241,45.969391],[-64.053886,45.969386],[-64.053895,45.969835],[-64.05325,45.969841],[-64.053258,45.970291],[-64.052613,45.970297],[-64.052621,45.970747],[-64.051976,45.970753],[-64.051985,45.971203],[-64.05263,45.971197]]]},"properties":{"feature_id":"lee-s1-0149","event_id":"lee","category":"low_backscatter_no_longer_present","area_ha":1.75,"center_lon":-64.053258,"center_lat":45.970067,"threshold_db":-17.695,"sensor":"Sentinel-1","polarization":"HV","interpretation":"candidate only; requires validation"}},{"type":"Feature","id":"lee-s1-0150","geometry":{"type":"Polygon","coordinates":[[[-64.342339,45.968161],[-64.342317,45.967261],[-64.342962,45.967254],[-64.342951,45.966804],[-64.343597,45.966796],[-64.343586,45.966346],[-64.344231,45.966339],[-64.344253,45.967239],[-64.344898,45.967231],[-64.344876,45.966331],[-64.344231,45.966339],[-64.34422,45.965889],[-64.34293,45.965904],[-64.342951,45.966804],[-64.341661,45.966819],[-64.341672,45.967269],[-64.341027,45.967277],[-64.341016,45.966827],[-64.339726,45.966842],[-64.339737,45.967292],[-64.341027,45.967277],[-64.341049,45.968176],[-64.342339,45.968161]]]},"properties":{"feature_id":"lee-s1-0150","event_id":"lee","category":"low_backscatter_no_longer_present","area_ha":3.25,"center_lon":-64.342312,"center_lat":45.967033,"threshold_db":-17.695,"sensor":"Sentinel-1","polarization":"HV","interpretation":"candidate only; requires validation"}},{"type":"Feature","id":"lee-s1-0151","geometry":{"type":"Polygon","coordinates":[[[-64.033246,45.970024],[-64.033221,45.968674],[-64.031931,45.968686],[-64.031947,45.969586],[-64.032593,45.96958],[-64.032601,45.97003],[-64.033246,45.970024]]]},"properties":{"feature_id":"lee-s1-0151","event_id":"lee","category":"persistent_low_backscatter","area_ha":1.25,"center_lon":-64.032589,"center_lat":45.969352,"threshold_db":-17.695,"sensor":"Sentinel-1","polarization":"HV","interpretation":"candidate only; requires validation"}},{"type":"Feature","id":"lee-s1-0152","geometry":{"type":"Polygon","coordinates":[[[-64.30294,45.966817],[-64.302919,45.965917],[-64.301629,45.965932],[-64.30164,45.966382],[-64.300994,45.966389],[-64.301005,45.966839],[-64.30294,45.966817]]]},"properties":{"feature_id":"lee-s1-0152","event_id":"lee","category":"new_low_backscatter_after_lee","area_ha":1.25,"center_lon":-64.301967,"center_lat":45.966378,"threshold_db":-17.695,"sensor":"Sentinel-1","polarization":"HV","interpretation":"candidate only; requires validation"}},{"type":"Feature","id":"lee-s1-0153","geometry":{"type":"Polygon","coordinates":[[[-64.304897,45.967695],[-64.304886,45.967245],[-64.305532,45.967238],[-64.305521,45.966788],[-64.304876,45.966795],[-64.304865,45.966345],[-64.305511,45.966338],[-64.3055,45.965888],[-64.30421,45.965903],[-64.304199,45.965453],[-64.303554,45.96546],[-64.303564,45.96591],[-64.302919,45.965917],[-64.30293,45.966367],[-64.303575,45.96636],[-64.303607,45.96771],[-64.304897,45.967695]]]},"properties":{"feature_id":"lee-s1-0153","event_id":"lee","category":"low_backscatter_no_longer_present","area_ha":3.0,"center_lon":-64.304226,"center_lat":45.966581,"threshold_db":-17.695,"sensor":"Sentinel-1","polarization":"HV","interpretation":"candidate only; requires validation"}},{"type":"Feature","id":"lee-s1-0154","geometry":{"type":"Polygon","coordinates":[[[-64.341661,45.966819],[-64.34165,45.966369],[-64.341005,45.966377],[-64.340994,45.965927],[-64.340349,45.965934],[-64.340338,45.965484],[-64.339048,45.9655],[-64.339037,45.96505],[-64.338392,45.965057],[-64.338403,45.965507],[-64.337758,45.965515],[-64.337769,45.965965],[-64.338414,45.965957],[-64.338403,45.965507],[-64.339048,45.9655],[-64.339059,45.96595],[-64.340349,45.965934],[-64.34036,45.966384],[-64.341005,45.966377],[-64.341016,45.966827],[-64.341661,45.966819]]]},"properties":{"feature_id":"lee-s1-0154","event_id":"lee","category":"persistent_low_backscatter","area_ha":1.5,"center_lon":-64.339709,"center_lat":45.965939,"threshold_db":-17.695,"sensor":"Sentinel-1","polarization":"HV","interpretation":"candidate only; requires validation"}},{"type":"Feature","id":"lee-s1-0155","geometry":{"type":"Polygon","coordinates":[[[-64.032601,45.97003],[-64.032593,45.96958],[-64.031947,45.969586],[-64.031931,45.968686],[-64.032576,45.96868],[-64.032568,45.96823],[-64.031277,45.968242],[-64.031302,45.969592],[-64.031947,45.969586],[-64.031956,45.970036],[-64.032601,45.97003]]]},"properties":{"feature_id":"lee-s1-0155","event_id":"lee","category":"low_backscatter_no_longer_present","area_ha":1.25,"center_lon":-64.031939,"center_lat":45.969133,"threshold_db":-17.695,"sensor":"Sentinel-1","polarization":"HV","interpretation":"candidate only; requires validation"}},{"type":"Feature","id":"lee-s1-0156","geometry":{"type":"Polygon","coordinates":[[[-64.339081,45.966849],[-64.33907,45.966399],[-64.339715,45.966392],[-64.339704,45.965942],[-64.339059,45.96595],[-64.339048,45.9655],[-64.339693,45.965492],[-64.339682,45.965042],[-64.339037,45.96505],[-64.339026,45.9646],[-64.337736,45.964615],[-64.337747,45.965065],[-64.339037,45.96505],[-64.339048,45.9655],[-64.338403,45.965507],[-64.338414,45.965957],[-64.337123,45.965972],[-64.337134,45.966422],[-64.338425,45.966407],[-64.338435,45.966857],[-64.339081,45.966849]]]},"properties":{"feature_id":"lee-s1-0156","event_id":"lee","category":"low_backscatter_no_longer_present","area_ha":2.25,"center_lon":-64.338419,"center_lat":45.965728,"threshold_db":-17.695,"sensor":"Sentinel-1","polarization":"HV","interpretation":"candidate only; requires validation"}},{"type":"Feature","id":"lee-s1-0157","geometry":{"type":"Polygon","coordinates":[[[-64.090639,45.967691],[-64.09063,45.967241],[-64.08934,45.967253],[-64.089331,45.966803],[-64.088686,45.966809],[-64.088704,45.967709],[-64.090639,45.967691]]]},"properties":{"feature_id":"lee-s1-0157","event_id":"lee","category":"persistent_low_backscatter","area_ha":1.0,"center_lon":-64.089663,"center_lat":45.967256,"threshold_db":-17.695,"sensor":"Sentinel-1","polarization":"HV","interpretation":"candidate only; requires validation"}},{"type":"Feature","id":"lee-s1-0158","geometry":{"type":"Polygon","coordinates":[[[-64.217785,45.968206],[-64.217766,45.967307],[-64.218411,45.9673],[-64.218401,45.96685],[-64.217756,45.966857],[-64.217736,45.965957],[-64.218381,45.96595],[-64.218371,45.9655],[-64.217726,45.965507],[-64.217716,45.965057],[-64.217071,45.965064],[-64.217101,45.966414],[-64.21581,45.966427],[-64.21582,45.966877],[-64.217756,45.966857],[-64.217766,45.967307],[-64.216475,45.96732],[-64.216485,45.96777],[-64.21713,45.967763],[-64.21714,45.968213],[-64.217785,45.968206]]]},"properties":{"feature_id":"lee-s1-0158","event_id":"lee","category":"low_backscatter_no_longer_present","area_ha":2.75,"center_lon":-64.217111,"center_lat":45.966635,"threshold_db":-17.695,"sensor":"Sentinel-1","polarization":"HV","interpretation":"candidate only; requires validation"}},{"type":"Feature","id":"lee-s1-0159","geometry":{"type":"Polygon","coordinates":[[[-64.273242,45.966252],[-64.273231,45.965802],[-64.272586,45.965809],[-64.272576,45.965359],[-64.274511,45.965338],[-64.274522,45.965788],[-64.275167,45.96578],[-64.275156,45.96533],[-64.274511,45.965338],[-64.274491,45.964438],[-64.273846,45.964445],[-64.273856,45.964895],[-64.272566,45.964909],[-64.272576,45.965359],[-64.271931,45.965366],[-64.271941,45.965816],[-64.272586,45.965809],[-64.272596,45.966259],[-64.273242,45.966252]]]},"properties":{"feature_id":"lee-s1-0159","event_id":"lee","category":"low_backscatter_no_longer_present","area_ha":1.75,"center_lon":-64.273549,"center_lat":45.965349,"threshold_db":-17.695,"sensor":"Sentinel-1","polarization":"HV","interpretation":"candidate only; requires validation"}},{"type":"Feature","id":"lee-s1-0160","geometry":{"type":"Polygon","coordinates":[[[-64.340327,45.965035],[-64.340317,45.964585],[-64.339671,45.964592],[-64.339661,45.964142],[-64.340951,45.964127],[-64.34094,45.963677],[-64.338359,45.963708],[-64.33837,45.964157],[-64.337725,45.964165],[-64.337736,45.964615],[-64.339671,45.964592],[-64.339682,45.965042],[-64.340327,45.965035]]]},"properties":{"feature_id":"lee-s1-0160","event_id":"lee","category":"persistent_low_backscatter","area_ha":2.0,"center_lon":-64.339338,"center_lat":45.96436,"threshold_db":-17.695,"sensor":"Sentinel-1","polarization":"HV","interpretation":"candidate only; requires validation"}},{"type":"Feature","id":"lee-s1-0161","geometry":{"type":"Polygon","coordinates":[[[-64.159023,45.966567],[-64.159014,45.966117],[-64.158369,45.966124],[-64.158359,45.965674],[-64.157714,45.965681],[-64.157705,45.965231],[-64.15706,45.965237],[-64.157069,45.965687],[-64.155779,45.9657],[-64.155788,45.96615],[-64.157724,45.966131],[-64.157733,45.96658],[-64.159023,45.966567]]]},"properties":{"feature_id":"lee-s1-0161","event_id":"lee","category":"persistent_low_backscatter","area_ha":1.75,"center_lon":-64.157401,"center_lat":45.965906,"threshold_db":-17.695,"sensor":"Sentinel-1","polarization":"HV","interpretation":"candidate only; requires validation"}},{"type":"Feature","id":"lee-s1-0162","geometry":{"type":"Polygon","coordinates":[[[-64.159033,45.967017],[-64.159023,45.966567],[-64.160959,45.966548],[-64.16095,45.966098],[-64.160304,45.966104],[-64.160295,45.965654],[-64.15965,45.965661],[-64.15964,45.965211],[-64.160286,45.965205],[-64.160276,45.964755],[-64.157695,45.964781],[-64.157714,45.965681],[-64.158359,45.965674],[-64.158369,45.966124],[-64.159014,45.966117],[-64.159023,45.966567],[-64.158378,45.966574],[-64.158388,45.967024],[-64.159033,45.967017]]]},"properties":{"feature_id":"lee-s1-0162","event_id":"lee","category":"low_backscatter_no_longer_present","area_ha":3.5,"center_lon":-64.159327,"center_lat":45.96589,"threshold_db":-17.695,"sensor":"Sentinel-1","polarization":"HV","interpretation":"candidate only; requires validation"}},{"type":"Feature","id":"lee-s1-0163","geometry":{"type":"Polygon","coordinates":[[[-64.301587,45.964132],[-64.301576,45.963682],[-64.302221,45.963675],[-64.302211,45.963225],[-64.302856,45.963218],[-64.302845,45.962768],[-64.30091,45.96279],[-64.300921,45.96324],[-64.301566,45.963233],[-64.301576,45.963682],[-64.300931,45.96369],[-64.300942,45.96414],[-64.301587,45.964132]]]},"properties":{"feature_id":"lee-s1-0163","event_id":"lee","category":"low_backscatter_no_longer_present","area_ha":1.25,"center_lon":-64.301883,"center_lat":45.963454,"threshold_db":-17.695,"sensor":"Sentinel-1","polarization":"HV","interpretation":"candidate only; requires validation"}},{"type":"Feature","id":"lee-s1-0164","geometry":{"type":"Polygon","coordinates":[[[-64.272555,45.964459],[-64.272535,45.96356],[-64.27318,45.963552],[-64.273169,45.963102],[-64.271879,45.963117],[-64.2719,45.964017],[-64.271255,45.964024],[-64.271265,45.964474],[-64.272555,45.964459]]]},"properties":{"feature_id":"lee-s1-0164","event_id":"lee","category":"low_backscatter_no_longer_present","area_ha":1.25,"center_lon":-64.272217,"center_lat":45.963788,"threshold_db":-17.695,"sensor":"Sentinel-1","polarization":"HV","interpretation":"candidate only; requires validation"}},{"type":"Feature","id":"lee-s1-0165","geometry":{"type":"Polygon","coordinates":[[[-64.343499,45.962747],[-64.343477,45.961847],[-64.342187,45.961863],[-64.342209,45.962762],[-64.343499,45.962747]]]},"properties":{"feature_id":"lee-s1-0165","event_id":"lee","category":"persistent_low_backscatter","area_ha":1.0,"center_lon":-64.342843,"center_lat":45.962305,"threshold_db":-17.695,"sensor":"Sentinel-1","polarization":"HV","interpretation":"candidate only; requires validation"}},{"type":"Feature","id":"lee-s1-0166","geometry":{"type":"Polygon","coordinates":[[[-64.148008,45.964428],[-64.147999,45.963979],[-64.144128,45.964017],[-64.144137,45.964467],[-64.148008,45.964428]]]},"properties":{"feature_id":"lee-s1-0166","event_id":"lee","category":"persistent_low_backscatter","area_ha":1.5,"center_lon":-64.146068,"center_lat":45.964223,"threshold_db":-17.695,"sensor":"Sentinel-1","polarization":"HV","interpretation":"candidate only; requires validation"}},{"type":"Feature","id":"lee-s1-0167","geometry":{"type":"Polygon","coordinates":[[[-64.30091,45.96279],[-64.3009,45.96234],[-64.301545,45.962333],[-64.301534,45.961883],[-64.302179,45.961876],[-64.302169,45.961426],[-64.302814,45.961418],[-64.302803,45.960968],[-64.301513,45.960983],[-64.301534,45.961883],[-64.300889,45.96189],[-64.300868,45.96099],[-64.300223,45.960998],[-64.300254,45.962347],[-64.298964,45.962362],[-64.298975,45.962812],[-64.30091,45.96279]]]},"properties":{"feature_id":"lee-s1-0167","event_id":"lee","category":"persistent_low_backscatter","area_ha":2.5,"center_lon":-64.300889,"center_lat":45.96189,"threshold_db":-17.695,"sensor":"Sentinel-1","polarization":"HV","interpretation":"candidate only; requires validation"}},{"type":"Feature","id":"lee-s1-0168","geometry":{"type":"Polygon","coordinates":[[[-64.222838,45.963202],[-64.222808,45.961852],[-64.222163,45.961859],[-64.222183,45.962759],[-64.221538,45.962766],[-64.221548,45.963216],[-64.222838,45.963202]]]},"properties":{"feature_id":"lee-s1-0168","event_id":"lee","category":"low_backscatter_no_longer_present","area_ha":1.0,"center_lon":-64.222188,"center_lat":45.962534,"threshold_db":-17.695,"sensor":"Sentinel-1","polarization":"HV","interpretation":"candidate only; requires validation"}},{"type":"Feature","id":"lee-s1-0169","geometry":{"type":"Polygon","coordinates":[[[-64.415716,45.960525],[-64.415704,45.960075],[-64.415059,45.960083],[-64.415036,45.959184],[-64.413746,45.9592],[-64.413757,45.959649],[-64.414403,45.959641],[-64.414414,45.960091],[-64.415059,45.960083],[-64.41507,45.960533],[-64.415716,45.960525]]]},"properties":{"feature_id":"lee-s1-0169","event_id":"lee","category":"low_backscatter_no_longer_present","area_ha":1.0,"center_lon":-64.414731,"center_lat":45.959858,"threshold_db":-17.695,"sensor":"Sentinel-1","polarization":"HV","interpretation":"candidate only; requires validation"}},{"type":"Feature","id":"lee-s1-0170","geometry":{"type":"Polygon","coordinates":[[[-64.282181,45.962102],[-64.282149,45.960752],[-64.280214,45.960774],[-64.280235,45.961673],[-64.28088,45.961666],[-64.28089,45.962116],[-64.282181,45.962102]]]},"properties":{"feature_id":"lee-s1-0170","event_id":"lee","category":"persistent_low_backscatter","area_ha":2.0,"center_lon":-64.281197,"center_lat":45.961434,"threshold_db":-17.695,"sensor":"Sentinel-1","polarization":"HV","interpretation":"candidate only; requires validation"}},{"type":"Feature","id":"lee-s1-0171","geometry":{"type":"Polygon","coordinates":[[[-64.321522,45.961203],[-64.321511,45.960754],[-64.322156,45.960746],[-64.322146,45.960296],[-64.321501,45.960304],[-64.32149,45.959854],[-64.3202,45.959869],[-64.320232,45.961218],[-64.321522,45.961203]]]},"properties":{"feature_id":"lee-s1-0171","event_id":"lee","category":"persistent_low_backscatter","area_ha":1.75,"center_lon":-64.321178,"center_lat":45.960536,"threshold_db":-17.695,"sensor":"Sentinel-1","polarization":"HV","interpretation":"candidate only; requires validation"}},{"type":"Feature","id":"lee-s1-0172","geometry":{"type":"Polygon","coordinates":[[[-64.282212,45.963451],[-64.282191,45.962552],[-64.281546,45.962559],[-64.281535,45.962109],[-64.28089,45.962116],[-64.28088,45.961666],[-64.280235,45.961673],[-64.280214,45.960774],[-64.281504,45.960759],[-64.281494,45.960309],[-64.279559,45.960331],[-64.27959,45.961681],[-64.280235,45.961673],[-64.280245,45.962123],[-64.28089,45.962116],[-64.280921,45.963466],[-64.282212,45.963451]]]},"properties":{"feature_id":"lee-s1-0172","event_id":"lee","category":"low_backscatter_no_longer_present","area_ha":2.75,"center_lon":-64.280886,"center_lat":45.961888,"threshold_db":-17.695,"sensor":"Sentinel-1","polarization":"HV","interpretation":"candidate only; requires validation"}},{"type":"Feature","id":"lee-s1-0173","geometry":{"type":"Polygon","coordinates":[[[-64.28346,45.961637],[-64.28345,45.961187],[-64.284095,45.96118],[-64.284085,45.96073],[-64.28344,45.960737],[-64.283429,45.960288],[-64.284074,45.96028],[-64.284064,45.95983],[-64.282774,45.959845],[-64.282805,45.961195],[-64.28216,45.961202],[-64.28217,45.961652],[-64.28346,45.961637]]]},"properties":{"feature_id":"lee-s1-0173","event_id":"lee","category":"low_backscatter_no_longer_present","area_ha":1.75,"center_lon":-64.283128,"center_lat":45.960741,"threshold_db":-17.695,"sensor":"Sentinel-1","polarization":"HV","interpretation":"candidate only; requires validation"}},{"type":"Feature","id":"lee-s1-0174","geometry":{"type":"Polygon","coordinates":[[[-64.143492,45.964474],[-64.143464,45.963124],[-64.14411,45.963118],[-64.144082,45.961768],[-64.146017,45.961748],[-64.146008,45.961298],[-64.143427,45.961324],[-64.143446,45.962224],[-64.142801,45.962231],[-64.142791,45.961781],[-64.142146,45.961787],[-64.142156,45.962237],[-64.140865,45.96225],[-64.140874,45.9627],[-64.139584,45.962713],[-64.139593,45.963163],[-64.138948,45.963169],[-64.138957,45.963619],[-64.138312,45.963625],[-64.138321,45.964075],[-64.138967,45.964069],[-64.138976,45.964519],[-64.139621,45.964512],[-64.139612,45.964063],[-64.142193,45.964037],[-64.142202,45.964487],[-64.143492,45.964474]]]},"properties":{"feature_id":"lee-s1-0174","event_id":"lee","category":"persistent_low_backscatter","area_ha":9.0,"center_lon":-64.142165,"center_lat":45.962908,"threshold_db":-17.695,"sensor":"Sentinel-1","polarization":"HV","interpretation":"candidate only; requires validation"}},{"type":"Feature","id":"lee-s1-0175","geometry":{"type":"Polygon","coordinates":[[[-64.148654,45.964422],[-64.148644,45.963972],[-64.149935,45.963959],[-64.149925,45.963509],[-64.151216,45.963496],[-64.151197,45.962596],[-64.150552,45.962603],[-64.150561,45.963053],[-64.149916,45.963059],[-64.149925,45.963509],[-64.14799,45.963529],[-64.147971,45.962629],[-64.148616,45.962622],[-64.148607,45.962172],[-64.147317,45.962185],[-64.147307,45.961735],[-64.147953,45.961729],[-64.147943,45.961279],[-64.147298,45.961285],[-64.147289,45.960836],[-64.146644,45.960842],[-64.146653,45.961292],[-64.146008,45.961298],[-64.145999,45.960848],[-64.144708,45.960861],[-64.144718,45.961311],[-64.146008,45.961298],[-64.146017,45.961748],[-64.146662,45.961742],[-64.146672,45.962192],[-64.147317,45.962185],[-64.147354,45.963985],[-64.147999,45.963979],[-64.148008,45.964428],[-64.148654,45.964422]],[[-64.147307,45.961735],[-64.146662,45.961742],[-64.146653,45.961292],[-64.147298,45.961285],[-64.147307,45.961735]]]},"properties":{"feature_id":"lee-s1-0175","event_id":"lee","category":"low_backscatter_no_longer_present","area_ha":4.5,"center_lon":-64.147962,"center_lat":45.962632,"threshold_db":-17.695,"sensor":"Sentinel-1","polarization":"HV","interpretation":"candidate only; requires validation"}},{"type":"Feature","id":"lee-s1-0176","geometry":{"type":"Polygon","coordinates":[[[-64.306018,45.960482],[-64.305997,45.959582],[-64.306642,45.959574],[-64.306632,45.959125],[-64.304696,45.959147],[-64.304717,45.960046],[-64.304072,45.960054],[-64.304083,45.960504],[-64.306018,45.960482]]]},"properties":{"feature_id":"lee-s1-0176","event_id":"lee","category":"low_backscatter_no_longer_present","area_ha":2.0,"center_lon":-64.305357,"center_lat":45.959815,"threshold_db":-17.695,"sensor":"Sentinel-1","polarization":"HV","interpretation":"candidate only; requires validation"}},{"type":"Feature","id":"lee-s1-0177","geometry":{"type":"Polygon","coordinates":[[[-64.27574,45.962624],[-64.275729,45.962174],[-64.276374,45.962167],[-64.276364,45.961717],[-64.275719,45.961724],[-64.275709,45.961274],[-64.275064,45.961281],[-64.275043,45.960381],[-64.274398,45.960389],[-64.274387,45.959939],[-64.275678,45.959924],[-64.275688,45.960374],[-64.276333,45.960367],[-64.276312,45.959467],[-64.273732,45.959496],[-64.273753,45.960396],[-64.273108,45.960403],[-64.273097,45.959953],[-64.272452,45.95996],[-64.272473,45.96086],[-64.273763,45.960846],[-64.273773,45.961296],[-64.273128,45.961303],[-64.273149,45.962203],[-64.273794,45.962195],[-64.273773,45.961296],[-64.274418,45.961288],[-64.274439,45.962188],[-64.275084,45.962181],[-64.275095,45.962631],[-64.27574,45.962624]],[[-64.275729,45.962174],[-64.275084,45.962181],[-64.275074,45.961731],[-64.275719,45.961724],[-64.275729,45.962174]]]},"properties":{"feature_id":"lee-s1-0177","event_id":"lee","category":"low_backscatter_no_longer_present","area_ha":5.0,"center_lon":-64.274413,"center_lat":45.961049,"threshold_db":-17.695,"sensor":"Sentinel-1","polarization":"HV","interpretation":"candidate only; requires validation"}},{"type":"Feature","id":"lee-s1-0178","geometry":{"type":"Polygon","coordinates":[[[-64.269872,45.959989],[-64.269862,45.959539],[-64.269216,45.959546],[-64.269206,45.959096],[-64.267271,45.959118],[-64.267281,45.959568],[-64.269216,45.959546],[-64.269227,45.959996],[-64.269872,45.959989]]]},"properties":{"feature_id":"lee-s1-0178","event_id":"lee","category":"persistent_low_backscatter","area_ha":1.0,"center_lon":-64.268572,"center_lat":45.959546,"threshold_db":-17.695,"sensor":"Sentinel-1","polarization":"HV","interpretation":"candidate only; requires validation"}},{"type":"Feature","id":"lee-s1-0179","geometry":{"type":"Polygon","coordinates":[[[-64.316318,45.959463],[-64.316308,45.959013],[-64.315663,45.959021],[-64.315641,45.958121],[-64.314351,45.958136],[-64.314341,45.957686],[-64.313696,45.957693],[-64.313717,45.958593],[-64.315007,45.958578],[-64.315028,45.959478],[-64.316318,45.959463]]]},"properties":{"feature_id":"lee-s1-0179","event_id":"lee","category":"low_backscatter_no_longer_present","area_ha":1.75,"center_lon":-64.315007,"center_lat":45.958582,"threshold_db":-17.695,"sensor":"Sentinel-1","polarization":"HV","interpretation":"candidate only; requires validation"}},{"type":"Feature","id":"lee-s1-0180","geometry":{"type":"Polygon","coordinates":[[[-64.285354,45.959816],[-64.285344,45.959366],[-64.284699,45.959373],[-64.284688,45.958923],[-64.282753,45.958945],[-64.282732,45.958045],[-64.282087,45.958053],[-64.282108,45.958952],[-64.282753,45.958945],[-64.282763,45.959395],[-64.284699,45.959373],[-64.284709,45.959823],[-64.285354,45.959816]]]},"properties":{"feature_id":"lee-s1-0180","event_id":"lee","category":"low_backscatter_no_longer_present","area_ha":1.5,"center_lon":-64.283721,"center_lat":45.958934,"threshold_db":-17.695,"sensor":"Sentinel-1","polarization":"HV","interpretation":"candidate only; requires validation"}},{"type":"Feature","id":"lee-s1-0181","geometry":{"type":"Polygon","coordinates":[[[-64.264056,45.959603],[-64.264025,45.958254],[-64.26467,45.958247],[-64.26466,45.957797],[-64.265305,45.95779],[-64.265295,45.95734],[-64.26594,45.957333],[-64.265929,45.956883],[-64.265284,45.95689],[-64.265295,45.95734],[-64.264004,45.957354],[-64.263994,45.956904],[-64.262704,45.956918],[-64.262714,45.957368],[-64.264004,45.957354],[-64.264025,45.958254],[-64.26209,45.958275],[-64.26211,45.959175],[-64.262755,45.959168],[-64.262745,45.958718],[-64.26339,45.958711],[-64.263411,45.959611],[-64.264056,45.959603]]]},"properties":{"feature_id":"lee-s1-0181","event_id":"lee","category":"low_backscatter_no_longer_present","area_ha":3.0,"center_lon":-64.264015,"center_lat":45.958247,"threshold_db":-17.695,"sensor":"Sentinel-1","polarization":"HV","interpretation":"candidate only; requires validation"}},{"type":"Feature","id":"lee-s1-0182","geometry":{"type":"Polygon","coordinates":[[[-64.305976,45.958682],[-64.305965,45.958232],[-64.30661,45.958225],[-64.3066,45.957775],[-64.30402,45.957804],[-64.304009,45.957354],[-64.304654,45.957347],[-64.304644,45.956897],[-64.305289,45.95689],[-64.305278,45.95644],[-64.304633,45.956447],[-64.304644,45.956897],[-64.303353,45.956912],[-64.303364,45.957362],[-64.302074,45.957376],[-64.302084,45.957826],[-64.303375,45.957812],[-64.303385,45.958262],[-64.30403,45.958254],[-64.304041,45.958704],[-64.304686,45.958697],[-64.304675,45.958247],[-64.30532,45.958239],[-64.305331,45.958689],[-64.305976,45.958682]]]},"properties":{"feature_id":"lee-s1-0182","event_id":"lee","category":"low_backscatter_no_longer_present","area_ha":3.25,"center_lon":-64.304342,"center_lat":45.957572,"threshold_db":-17.695,"sensor":"Sentinel-1","polarization":"HV","interpretation":"candidate only; requires validation"}},{"type":"Feature","id":"lee-s1-0183","geometry":{"type":"Polygon","coordinates":[[[-64.26209,45.958275],[-64.262069,45.957375],[-64.260779,45.95739],[-64.260769,45.95694],[-64.260124,45.956947],[-64.260134,45.957397],[-64.260779,45.95739],[-64.260789,45.957839],[-64.260144,45.957847],[-64.260154,45.958296],[-64.26209,45.958275]]]},"properties":{"feature_id":"lee-s1-0183","event_id":"lee","category":"persistent_low_backscatter","area_ha":1.5,"center_lon":-64.261107,"center_lat":45.957618,"threshold_db":-17.695,"sensor":"Sentinel-1","polarization":"HV","interpretation":"candidate only; requires validation"}},{"type":"Feature","id":"lee-s1-0184","geometry":{"type":"Polygon","coordinates":[[[-64.279496,45.957632],[-64.279486,45.957182],[-64.277551,45.957203],[-64.277541,45.956753],[-64.276896,45.956761],[-64.276906,45.95721],[-64.277551,45.957203],[-64.277561,45.957653],[-64.279496,45.957632]]]},"properties":{"feature_id":"lee-s1-0184","event_id":"lee","category":"low_backscatter_no_longer_present","area_ha":1.0,"center_lon":-64.278196,"center_lat":45.957203,"threshold_db":-17.695,"sensor":"Sentinel-1","polarization":"HV","interpretation":"candidate only; requires validation"}},{"type":"Feature","id":"lee-s1-0185","geometry":{"type":"Polygon","coordinates":[[[-64.278831,45.956739],[-64.27882,45.956289],[-64.279465,45.956282],[-64.279455,45.955832],[-64.27881,45.955839],[-64.27882,45.956289],[-64.278175,45.956296],[-64.278165,45.955846],[-64.27752,45.955854],[-64.27751,45.955404],[-64.276865,45.955411],[-64.276885,45.956311],[-64.278175,45.956296],[-64.278186,45.956746],[-64.278831,45.956739]]]},"properties":{"feature_id":"lee-s1-0185","event_id":"lee","category":"low_backscatter_no_longer_present","area_ha":1.25,"center_lon":-64.278165,"center_lat":45.956075,"threshold_db":-17.695,"sensor":"Sentinel-1","polarization":"HV","interpretation":"candidate only; requires validation"}},{"type":"Feature","id":"lee-s1-0186","geometry":{"type":"Polygon","coordinates":[[[-64.276302,45.959017],[-64.276292,45.958567],[-64.275002,45.958582],[-64.274991,45.958132],[-64.274346,45.958139],[-64.274336,45.957689],[-64.273691,45.957696],[-64.273681,45.957246],[-64.274326,45.957239],[-64.274315,45.956789],[-64.27496,45.956782],[-64.27495,45.956332],[-64.27366,45.956347],[-64.27365,45.955897],[-64.273005,45.955904],[-64.272994,45.955454],[-64.272349,45.955461],[-64.272359,45.955911],[-64.271714,45.955918],[-64.271704,45.955468],[-64.271059,45.955476],[-64.271049,45.955026],[-64.270404,45.955033],[-64.270414,45.955483],[-64.271059,45.955476],[-64.27108,45.956375],[-64.27237,45.956361],[-64.272359,45.955911],[-64.273005,45.955904],[-64.273015,45.956354],[-64.27366,45.956347],[-64.27367,45.956797],[-64.273025,45.956804],[-64.273046,45.957704],[-64.272401,45.957711],[-64.27239,45.957261],[-64.2711,45.957275],[-64.271111,45.957725],[-64.272401,45.957711],[-64.272411,45.958161],[-64.273056,45.958153],[-64.273046,45.957704],[-64.273691,45.957696],[-64.273701,45.958146],[-64.274346,45.958139],[-64.274357,45.958589],[-64.275002,45.958582],[-64.275012,45.959032],[-64.276302,45.959017]]]},"properties":{"feature_id":"lee-s1-0186","event_id":"lee","category":"low_backscatter_no_longer_present","area_ha":4.5,"center_lon":-64.273353,"center_lat":45.957029,"threshold_db":-17.695,"sensor":"Sentinel-1","polarization":"HV","interpretation":"candidate only; requires validation"}},{"type":"Feature","id":"lee-s1-0187","geometry":{"type":"Polygon","coordinates":[[[-64.283367,45.957588],[-64.283357,45.957138],[-64.284002,45.957131],[-64.283981,45.956231],[-64.285916,45.956209],[-64.285926,45.956659],[-64.287216,45.956645],[-64.287206,45.956195],[-64.285916,45.956209],[-64.285906,45.955759],[-64.287196,45.955745],[-64.287185,45.955295],[-64.28783,45.955288],[-64.287841,45.955738],[-64.288486,45.95573],[-64.288475,45.955281],[-64.28783,45.955288],[-64.28782,45.954838],[-64.287175,45.954845],[-64.287185,45.955295],[-64.285895,45.95531],[-64.285885,45.95486],[-64.28524,45.954867],[-64.28525,45.955317],[-64.285895,45.95531],[-64.285906,45.955759],[-64.28397,45.955781],[-64.283981,45.956231],[-64.283336,45.956238],[-64.283357,45.957138],[-64.282711,45.957145],[-64.282722,45.957595],[-64.283367,45.957588]]]},"properties":{"feature_id":"lee-s1-0187","event_id":"lee","category":"low_backscatter_no_longer_present","area_ha":3.25,"center_lon":-64.285599,"center_lat":45.956216,"threshold_db":-17.695,"sensor":"Sentinel-1","polarization":"HV","interpretation":"candidate only; requires validation"}},{"type":"Feature","id":"lee-s1-0188","geometry":{"type":"Polygon","coordinates":[[[-64.248302,45.976428],[-64.248292,45.975978],[-64.250228,45.975956],[-64.250197,45.974607],[-64.250843,45.9746],[-64.250833,45.97415],[-64.251478,45.974143],[-64.251458,45.973243],[-64.252103,45.973236],[-64.252083,45.972336],[-64.252728,45.972329],[-64.252718,45.971879],[-64.253363,45.971872],[-64.253353,45.971422],[-64.255288,45.971401],[-64.255278,45.970951],[-64.255924,45.970944],[-64.255893,45.969594],[-64.256538,45.969587],[-64.256518,45.968687],[-64.257163,45.96868],[-64.257153,45.96823],[-64.259734,45.968202],[-64.259723,45.967752],[-64.261014,45.967738],[-64.260993,45.966838],[-64.261639,45.966831],[-64.261618,45.965931],[-64.264199,45.965902],[-64.264209,45.966352],[-64.263564,45.966359],[-64.263574,45.966809],[-64.264865,45.966795],[-64.264854,45.966345],[-64.265499,45.966338],[-64.265489,45.965888],[-64.266134,45.965881],[-64.266124,45.965431],[-64.267414,45.965417],[-64.267404,45.964967],[-64.268695,45.964952],[-64.268674,45.964053],[-64.269319,45.964045],[-64.269299,45.963146],[-64.269944,45.963138],[-64.269933,45.962688],[-64.269288,45.962696],[-64.269258,45.961346],[-64.270548,45.961332],[-64.270537,45.960882],[-64.268602,45.960903],[-64.268664,45.963603],[-64.268019,45.96361],[-64.268029,45.96406],[-64.265448,45.964088],[-64.265459,45.964538],[-64.262878,45.964567],[-64.262868,45.964117],[-64.262223,45.964124],[-64.262212,45.963674],[-64.261567,45.963681],[-64.261537,45.962331],[-64.260891,45.962339],[-64.260851,45.960539],[-64.25956,45.960553],[-64.25955,45.960103],[-64.258905,45.96011],[-64.258895,45.95966],[-64.257605,45.959675],[-64.257594,45.959225],[-64.256949,45.959232],[-64.256929,45.958332],[-64.256284,45.958339],[-64.256264,45.957439],[-64.256909,45.957432],[-64.256888,45.956532],[-64.256243,45.956539],[-64.256233,45.95609],[-64.254943,45.956104],[-64.254933,45.955654],[-64.252998,45.955675],[-64.252977,45.954775],[-64.250397,45.954803],[-64.250387,45.954354],[-64.249097,45.954368],[-64.249107,45.954818],[-64.248462,45.954825],[-64.248523,45.957524],[-64.249168,45.957517],[-64.249178,45.957967],[-64.249823,45.95796],[-64.249813,45.95751],[-64.251103,45.957496],[-64.251093,45.957046],[-64.253028,45.957025],[-64.253038,45.957475],[-64.252393,45.957482],[-64.252424,45.958832],[-64.251778,45.958839],[-64.251799,45.959738],[-64.251154,45.959745],[-64.251204,45.961995],[-64.251849,45.961988],[-64.25186,45.962438],[-64.252505,45.962431],[-64.252525,45.963331],[-64.25317,45.963324],[-64.25316,45.962874],[-64.253805,45.962867],[-64.253825,45.963766],[-64.25318,45.963773],[-64.25319,45.964223],[-64.255126,45.964202],[-64.255136,45.964652],[-64.255781,45.964645],[-64.255791,45.965095],[-64.256436,45.965088],[-64.256447,45.965538],[-64.255801,45.965545],[-64.255822,45.966445],[-64.255177,45.966452],[-64.255187,45.966902],[-64.254542,45.966909],[-64.254562,45.967809],[-64.253917,45.967816],[-64.253927,45.968266],[-64.252636,45.96828],[-64.252667,45.969629],[-64.252022,45.969636],[-64.252042,45.970536],[-64.250752,45.97055],[-64.250782,45.9719],[-64.250137,45.971907],[-64.250147,45.972357],[-64.248856,45.972371],[-64.248877,45.973271],[-64.247586,45.973285],[-64.247606,45.974185],[-64.246961,45.974192],[-64.246971,45.974642],[-64.245035,45.974663],[-64.245045,45.975113],[-64.245691,45.975106],[-64.245701,45.975556],[-64.245055,45.975563],[-64.245065,45.976013],[-64.246356,45.975999],[-64.246366,45.976449],[-64.248302,45.976428]]]},"properties":{"feature_id":"lee-s1-0188","event_id":"lee","category":"persistent_low_backscatter","area_ha":119.0,"center_lon":-64.257791,"center_lat":45.965401,"threshold_db":-17.695,"sensor":"Sentinel-1","polarization":"HV","interpretation":"candidate only; requires validation"}},{"type":"Feature","id":"lee-s1-0189","geometry":{"type":"Polygon","coordinates":[[[-64.294936,45.955657],[-64.294894,45.953858],[-64.295539,45.953851],[-64.29555,45.9543],[-64.296195,45.954293],[-64.296184,45.953843],[-64.296829,45.953836],[-64.296819,45.953386],[-64.294884,45.953408],[-64.294894,45.953858],[-64.294249,45.953865],[-64.29426,45.954315],[-64.293615,45.954322],[-64.293625,45.954772],[-64.29427,45.954765],[-64.294291,45.955665],[-64.294936,45.955657]]]},"properties":{"feature_id":"lee-s1-0189","event_id":"lee","category":"low_backscatter_no_longer_present","area_ha":2.25,"center_lon":-64.295222,"center_lat":45.954526,"threshold_db":-17.695,"sensor":"Sentinel-1","polarization":"HV","interpretation":"candidate only; requires validation"}},{"type":"Feature","id":"lee-s1-0190","geometry":{"type":"Polygon","coordinates":[[[-64.156872,45.956239],[-64.156863,45.955789],[-64.157508,45.955782],[-64.157499,45.955332],[-64.158144,45.955326],[-64.158153,45.955776],[-64.158798,45.955769],[-64.158789,45.955319],[-64.158144,45.955326],[-64.158134,45.954876],[-64.157489,45.954882],[-64.157499,45.955332],[-64.156209,45.955345],[-64.156227,45.956245],[-64.156872,45.956239]]]},"properties":{"feature_id":"lee-s1-0190","event_id":"lee","category":"persistent_low_backscatter","area_ha":1.25,"center_lon":-64.157504,"center_lat":45.955561,"threshold_db":-17.695,"sensor":"Sentinel-1","polarization":"HV","interpretation":"candidate only; requires validation"}},{"type":"Feature","id":"lee-s1-0191","geometry":{"type":"Polygon","coordinates":[[[-64.16078,45.957999],[-64.160752,45.956649],[-64.161397,45.956643],[-64.161388,45.956193],[-64.160743,45.956199],[-64.160733,45.955749],[-64.160088,45.955756],[-64.160079,45.955306],[-64.161369,45.955293],[-64.16136,45.954843],[-64.16007,45.954856],[-64.160079,45.955306],[-64.159434,45.955313],[-64.159443,45.955763],[-64.158798,45.955769],[-64.158808,45.956219],[-64.159453,45.956213],[-64.159462,45.956662],[-64.158817,45.956669],[-64.158826,45.957119],[-64.160117,45.957106],[-64.160135,45.958006],[-64.16078,45.957999]],[[-64.160098,45.956206],[-64.159453,45.956213],[-64.159443,45.955763],[-64.160088,45.955756],[-64.160098,45.956206]]]},"properties":{"feature_id":"lee-s1-0191","event_id":"lee","category":"low_backscatter_no_longer_present","area_ha":3.25,"center_lon":-64.160098,"center_lat":45.956424,"threshold_db":-17.695,"sensor":"Sentinel-1","polarization":"HV","interpretation":"candidate only; requires validation"}},{"type":"Feature","id":"lee-s1-0192","geometry":{"type":"Polygon","coordinates":[[[-64.314943,45.955879],[-64.314922,45.954979],[-64.313632,45.954994],[-64.313611,45.954094],[-64.312965,45.954102],[-64.312955,45.953652],[-64.31231,45.953659],[-64.312299,45.953209],[-64.311654,45.953217],[-64.311644,45.952767],[-64.310354,45.952782],[-64.310364,45.953231],[-64.311654,45.953217],[-64.311675,45.954116],[-64.31232,45.954109],[-64.312331,45.954559],[-64.312976,45.954552],[-64.312987,45.955001],[-64.313632,45.954994],[-64.313642,45.955444],[-64.314287,45.955437],[-64.314298,45.955886],[-64.314943,45.955879]]]},"properties":{"feature_id":"lee-s1-0192","event_id":"lee","category":"low_backscatter_no_longer_present","area_ha":2.75,"center_lon":-64.312648,"center_lat":45.954327,"threshold_db":-17.695,"sensor":"Sentinel-1","polarization":"HV","interpretation":"candidate only; requires validation"}},{"type":"Feature","id":"lee-s1-0193","geometry":{"type":"Polygon","coordinates":[[[-64.32005,45.95357],[-64.320018,45.95222],[-64.318083,45.952243],[-64.318094,45.952693],[-64.319384,45.952678],[-64.319405,45.953577],[-64.32005,45.95357]]]},"properties":{"feature_id":"lee-s1-0193","event_id":"lee","category":"low_backscatter_no_longer_present","area_ha":1.25,"center_lon":-64.319066,"center_lat":45.952899,"threshold_db":-17.695,"sensor":"Sentinel-1","polarization":"HV","interpretation":"candidate only; requires validation"}},{"type":"Feature","id":"lee-s1-0194","geometry":{"type":"Polygon","coordinates":[[[-64.229101,45.954585],[-64.229091,45.954135],[-64.230381,45.954121],[-64.230371,45.953671],[-64.229726,45.953678],[-64.229716,45.953228],[-64.228426,45.953242],[-64.228456,45.954591],[-64.229101,45.954585]]]},"properties":{"feature_id":"lee-s1-0194","event_id":"lee","category":"low_backscatter_no_longer_present","area_ha":1.5,"center_lon":-64.229403,"center_lat":45.95391,"threshold_db":-17.695,"sensor":"Sentinel-1","polarization":"HV","interpretation":"candidate only; requires validation"}},{"type":"Feature","id":"lee-s1-0195","geometry":{"type":"Polygon","coordinates":[[[-64.352924,45.952285],[-64.352902,45.951386],[-64.351612,45.951401],[-64.351634,45.952301],[-64.352924,45.952285]]]},"properties":{"feature_id":"lee-s1-0195","event_id":"lee","category":"low_backscatter_no_longer_present","area_ha":1.0,"center_lon":-64.352268,"center_lat":45.951843,"threshold_db":-17.695,"sensor":"Sentinel-1","polarization":"HV","interpretation":"candidate only; requires validation"}},{"type":"Feature","id":"lee-s1-0196","geometry":{"type":"Polygon","coordinates":[[[-64.234906,45.954522],[-64.234876,45.953172],[-64.235521,45.953165],[-64.235531,45.953615],[-64.236176,45.953608],[-64.236166,45.953158],[-64.235521,45.953165],[-64.235511,45.952715],[-64.234866,45.952722],[-64.234876,45.953172],[-64.232941,45.953193],[-64.232951,45.953643],[-64.233596,45.953636],[-64.233606,45.954086],[-64.234251,45.954079],[-64.234261,45.954529],[-64.234906,45.954522]]]},"properties":{"feature_id":"lee-s1-0196","event_id":"lee","category":"low_backscatter_no_longer_present","area_ha":2.0,"center_lon":-64.234558,"center_lat":45.953622,"threshold_db":-17.695,"sensor":"Sentinel-1","polarization":"HV","interpretation":"candidate only; requires validation"}},{"type":"Feature","id":"lee-s1-0197","geometry":{"type":"Polygon","coordinates":[[[-64.393569,45.952247],[-64.393557,45.951797],[-64.394202,45.951789],[-64.394191,45.951339],[-64.394836,45.951331],[-64.394825,45.950882],[-64.39418,45.950889],[-64.394169,45.95044],[-64.393524,45.950447],[-64.393546,45.951347],[-64.392901,45.951355],[-64.392924,45.952255],[-64.393569,45.952247]]]},"properties":{"feature_id":"lee-s1-0197","event_id":"lee","category":"low_backscatter_no_longer_present","area_ha":1.5,"center_lon":-64.393868,"center_lat":45.951347,"threshold_db":-17.695,"sensor":"Sentinel-1","polarization":"HV","interpretation":"candidate only; requires validation"}},{"type":"Feature","id":"lee-s1-0198","geometry":{"type":"Polygon","coordinates":[[[-64.277468,45.953604],[-64.277427,45.951804],[-64.276782,45.951812],[-64.276761,45.950912],[-64.276116,45.950919],[-64.276137,45.951819],[-64.276782,45.951812],[-64.276823,45.953611],[-64.277468,45.953604]]]},"properties":{"feature_id":"lee-s1-0198","event_id":"lee","category":"low_backscatter_no_longer_present","area_ha":1.5,"center_lon":-64.276792,"center_lat":45.952262,"threshold_db":-17.695,"sensor":"Sentinel-1","polarization":"HV","interpretation":"candidate only; requires validation"}},{"type":"Feature","id":"lee-s1-0199","geometry":{"type":"Polygon","coordinates":[[[-64.264547,45.952848],[-64.264537,45.952398],[-64.263892,45.952405],[-64.263882,45.951955],[-64.263237,45.951962],[-64.263226,45.951512],[-64.263871,45.951505],[-64.263861,45.951055],[-64.263216,45.951062],[-64.263226,45.951512],[-64.262581,45.951519],[-64.262592,45.951969],[-64.263237,45.951962],[-64.263247,45.952412],[-64.263892,45.952405],[-64.263902,45.952855],[-64.264547,45.952848]]]},"properties":{"feature_id":"lee-s1-0199","event_id":"lee","category":"low_backscatter_no_longer_present","area_ha":1.0,"center_lon":-64.263564,"center_lat":45.951955,"threshold_db":-17.695,"sensor":"Sentinel-1","polarization":"HV","interpretation":"candidate only; requires validation"}},{"type":"Feature","id":"lee-s1-0200","geometry":{"type":"Polygon","coordinates":[[[-64.205195,45.953039],[-64.205185,45.952589],[-64.20454,45.952596],[-64.20453,45.952146],[-64.20582,45.952132],[-64.20581,45.951683],[-64.203875,45.951703],[-64.203895,45.952603],[-64.20454,45.952596],[-64.20455,45.953046],[-64.205195,45.953039]]]},"properties":{"feature_id":"lee-s1-0200","event_id":"lee","category":"low_backscatter_no_longer_present","area_ha":1.25,"center_lon":-64.204847,"center_lat":45.952365,"threshold_db":-17.695,"sensor":"Sentinel-1","polarization":"HV","interpretation":"candidate only; requires validation"}},{"type":"Feature","id":"lee-s1-0201","geometry":{"type":"Polygon","coordinates":[[[-64.274867,45.952733],[-64.274826,45.950933],[-64.274181,45.950941],[-64.274171,45.950491],[-64.272881,45.950505],[-64.272902,45.951405],[-64.271612,45.951419],[-64.271622,45.951869],[-64.272267,45.951862],[-64.272287,45.952762],[-64.272932,45.952755],[-64.272922,45.952305],[-64.273567,45.952297],[-64.273577,45.952747],[-64.274867,45.952733]]]},"properties":{"feature_id":"lee-s1-0201","event_id":"lee","category":"persistent_low_backscatter","area_ha":4.25,"center_lon":-64.27324,"center_lat":45.951627,"threshold_db":-17.695,"sensor":"Sentinel-1","polarization":"HV","interpretation":"candidate only; requires validation"}},{"type":"Feature","id":"lee-s1-0202","geometry":{"type":"Polygon","coordinates":[[[-64.171017,45.953844],[-64.170979,45.952045],[-64.171624,45.952038],[-64.171614,45.951588],[-64.170969,45.951595],[-64.170979,45.952045],[-64.170334,45.952051],[-64.170353,45.952951],[-64.169708,45.952958],[-64.169727,45.953858],[-64.171017,45.953844]]]},"properties":{"feature_id":"lee-s1-0202","event_id":"lee","category":"persistent_low_backscatter","area_ha":1.75,"center_lon":-64.170666,"center_lat":45.952723,"threshold_db":-17.695,"sensor":"Sentinel-1","polarization":"HV","interpretation":"candidate only; requires validation"}},{"type":"Feature","id":"lee-s1-0203","geometry":{"type":"Polygon","coordinates":[[[-64.14586,45.9541],[-64.14585,45.95365],[-64.14714,45.953637],[-64.147122,45.952737],[-64.147767,45.95273],[-64.147776,45.95318],[-64.149066,45.953167],[-64.149057,45.952717],[-64.148412,45.952724],[-64.148403,45.952274],[-64.149048,45.952267],[-64.149038,45.951817],[-64.147748,45.95183],[-64.147758,45.95228],[-64.147112,45.952287],[-64.147103,45.951837],[-64.145813,45.95185],[-64.145822,45.9523],[-64.147112,45.952287],[-64.147122,45.952737],[-64.145187,45.952756],[-64.145196,45.953206],[-64.145841,45.9532],[-64.14585,45.95365],[-64.145205,45.953656],[-64.145214,45.954106],[-64.14586,45.9541]]]},"properties":{"feature_id":"lee-s1-0203","event_id":"lee","category":"low_backscatter_no_longer_present","area_ha":3.5,"center_lon":-64.147127,"center_lat":45.952962,"threshold_db":-17.695,"sensor":"Sentinel-1","polarization":"HV","interpretation":"candidate only; requires validation"}},{"type":"Feature","id":"lee-s1-0204","geometry":{"type":"Polygon","coordinates":[[[-64.270987,45.952326],[-64.270977,45.951876],[-64.271622,45.951869],[-64.271612,45.951419],[-64.272902,45.951405],[-64.272891,45.950955],[-64.271601,45.950969],[-64.271612,45.951419],[-64.270967,45.951426],[-64.270956,45.950976],[-64.270311,45.950984],[-64.270301,45.950534],[-64.269011,45.950548],[-64.269021,45.950998],[-64.270311,45.950984],[-64.270342,45.952333],[-64.270987,45.952326]]]},"properties":{"feature_id":"lee-s1-0204","event_id":"lee","category":"low_backscatter_no_longer_present","area_ha":2.0,"center_lon":-64.270957,"center_lat":45.951434,"threshold_db":-17.695,"sensor":"Sentinel-1","polarization":"HV","interpretation":"candidate only; requires validation"}},{"type":"Feature","id":"lee-s1-0205","geometry":{"type":"Polygon","coordinates":[[[-64.177486,45.954678],[-64.177467,45.953778],[-64.178112,45.953772],[-64.178093,45.952872],[-64.178738,45.952865],[-64.178748,45.953315],[-64.180038,45.953302],[-64.180028,45.952852],[-64.180673,45.952845],[-64.180664,45.952395],[-64.180019,45.952402],[-64.180028,45.952852],[-64.178738,45.952865],[-64.178729,45.952415],[-64.178084,45.952422],[-64.178055,45.951072],[-64.17612,45.951092],[-64.17613,45.951542],[-64.176775,45.951535],[-64.176784,45.951985],[-64.176139,45.951992],[-64.176149,45.952442],[-64.175504,45.952448],[-64.175485,45.951548],[-64.174195,45.951562],[-64.174204,45.952012],[-64.173559,45.952018],[-64.173569,45.952468],[-64.172923,45.952475],[-64.172933,45.952925],[-64.173578,45.952918],[-64.173569,45.952468],[-64.174214,45.952462],[-64.174223,45.952912],[-64.174868,45.952905],[-64.174859,45.952455],[-64.175504,45.952448],[-64.175523,45.953348],[-64.174878,45.953355],[-64.174897,45.954255],[-64.175542,45.954248],[-64.175551,45.954698],[-64.176196,45.954691],[-64.176187,45.954241],[-64.175542,45.954248],[-64.175523,45.953348],[-64.176168,45.953342],[-64.176177,45.953791],[-64.176822,45.953785],[-64.176841,45.954685],[-64.177486,45.954678]],[[-64.174859,45.952455],[-64.174214,45.952462],[-64.174204,45.952012],[-64.174849,45.952005],[-64.174859,45.952455]]]},"properties":{"feature_id":"lee-s1-0205","event_id":"lee","category":"low_backscatter_no_longer_present","area_ha":8.5,"center_lon":-64.176798,"center_lat":45.952885,"threshold_db":-17.695,"sensor":"Sentinel-1","polarization":"HV","interpretation":"candidate only; requires validation"}},{"type":"Feature","id":"lee-s1-0206","geometry":{"type":"Polygon","coordinates":[[[-64.223881,45.95194],[-64.223851,45.950591],[-64.222561,45.950604],[-64.222571,45.951054],[-64.223216,45.951047],[-64.223236,45.951947],[-64.223881,45.95194]]]},"properties":{"feature_id":"lee-s1-0206","event_id":"lee","category":"low_backscatter_no_longer_present","area_ha":1.0,"center_lon":-64.223221,"center_lat":45.951269,"threshold_db":-17.695,"sensor":"Sentinel-1","polarization":"HV","interpretation":"candidate only; requires validation"}},{"type":"Feature","id":"lee-s1-0207","geometry":{"type":"Polygon","coordinates":[[[-64.049717,45.953673],[-64.049709,45.953223],[-64.050354,45.953217],[-64.050345,45.952767],[-64.05099,45.952761],[-64.050982,45.952311],[-64.050337,45.952317],[-64.050328,45.951867],[-64.049683,45.951873],[-64.049692,45.952323],[-64.049047,45.952329],[-64.049072,45.953679],[-64.049717,45.953673]]]},"properties":{"feature_id":"lee-s1-0207","event_id":"lee","category":"persistent_low_backscatter","area_ha":1.75,"center_lon":-64.050018,"center_lat":45.952773,"threshold_db":-17.695,"sensor":"Sentinel-1","polarization":"HV","interpretation":"candidate only; requires validation"}},{"type":"Feature","id":"lee-s1-0208","geometry":{"type":"Polygon","coordinates":[[[-64.252917,45.952076],[-64.252906,45.951626],[-64.252261,45.951633],[-64.252251,45.951183],[-64.252896,45.951176],[-64.252886,45.950726],[-64.253531,45.950719],[-64.253521,45.950269],[-64.254166,45.950262],[-64.254176,45.950712],[-64.256111,45.950691],[-64.256121,45.951141],[-64.255476,45.951148],[-64.255486,45.951598],[-64.256131,45.95159],[-64.256121,45.951141],[-64.256766,45.951133],[-64.256746,45.950234],[-64.257391,45.950227],[-64.257401,45.950676],[-64.258046,45.950669],[-64.258036,45.950219],[-64.257391,45.950227],[-64.257381,45.949777],[-64.256091,45.949791],[-64.256101,45.950241],[-64.254166,45.950262],[-64.254156,45.949812],[-64.253511,45.949819],[-64.253521,45.950269],[-64.252876,45.950276],[-64.252886,45.950726],[-64.251596,45.95074],[-64.251606,45.95119],[-64.250961,45.951197],[-64.250971,45.951647],[-64.252261,45.951633],[-64.252271,45.952083],[-64.252917,45.952076]]]},"properties":{"feature_id":"lee-s1-0208","event_id":"lee","category":"low_backscatter_no_longer_present","area_ha":4.0,"center_lon":-64.254503,"center_lat":45.95093,"threshold_db":-17.695,"sensor":"Sentinel-1","polarization":"HV","interpretation":"candidate only; requires validation"}},{"type":"Feature","id":"lee-s1-0209","geometry":{"type":"Polygon","coordinates":[[[-64.224883,45.968131],[-64.224873,45.967681],[-64.225518,45.967674],[-64.225468,45.965424],[-64.226114,45.965417],[-64.226104,45.964967],[-64.227394,45.964953],[-64.227384,45.964504],[-64.228674,45.96449],[-64.228654,45.96359],[-64.2293,45.963583],[-64.22929,45.963133],[-64.229935,45.963126],[-64.229945,45.963576],[-64.231235,45.963562],[-64.231215,45.962662],[-64.23186,45.962655],[-64.23185,45.962205],[-64.232495,45.962198],[-64.232455,45.960399],[-64.234391,45.960378],[-64.234381,45.959928],[-64.235026,45.959921],[-64.235006,45.959021],[-64.236296,45.959007],[-64.236306,45.959457],[-64.238241,45.959436],[-64.238251,45.959886],[-64.240187,45.959865],[-64.240197,45.960315],[-64.240842,45.960308],[-64.240832,45.959858],[-64.241477,45.959851],[-64.241457,45.958951],[-64.242747,45.958937],[-64.242727,45.958037],[-64.243372,45.95803],[-64.243362,45.95758],[-64.244007,45.957573],[-64.243977,45.956224],[-64.244622,45.956217],[-64.244592,45.954867],[-64.245237,45.95486],[-64.245217,45.95396],[-64.245862,45.953953],[-64.245852,45.953503],[-64.246497,45.953496],[-64.246487,45.953046],[-64.247132,45.953039],[-64.247121,45.952589],[-64.247766,45.952582],[-64.247756,45.952132],[-64.248401,45.952125],[-64.248381,45.951225],[-64.249026,45.951218],[-64.249006,45.950318],[-64.248361,45.950326],[-64.248341,45.949426],[-64.247051,45.94944],[-64.247061,45.94989],[-64.245771,45.949904],[-64.245781,45.950354],[-64.245136,45.950361],[-64.245207,45.95351],[-64.244562,45.953517],[-64.244582,45.954417],[-64.243937,45.954424],[-64.243957,45.955324],[-64.243312,45.955331],[-64.243332,45.956231],[-64.242687,45.956238],[-64.242697,45.956688],[-64.240117,45.956716],[-64.240107,45.956266],[-64.238171,45.956287],[-64.238181,45.956737],[-64.237536,45.956744],[-64.237546,45.957194],[-64.236901,45.957201],[-64.236911,45.95765],[-64.235621,45.957664],[-64.235631,45.958114],[-64.234986,45.958121],[-64.235006,45.959021],[-64.234361,45.959028],[-64.234371,45.959478],[-64.233081,45.959492],[-64.233091,45.959942],[-64.23051,45.95997],[-64.23052,45.96042],[-64.229875,45.960427],[-64.229885,45.960876],[-64.228595,45.96089],[-64.228605,45.96134],[-64.22796,45.961347],[-64.227969,45.961797],[-64.227324,45.961804],[-64.227334,45.962254],[-64.226689,45.962261],[-64.226699,45.962711],[-64.226054,45.962718],[-64.226064,45.963168],[-64.225419,45.963175],[-64.225429,45.963624],[-64.224138,45.963638],[-64.224148,45.964088],[-64.223503,45.964095],[-64.223523,45.964995],[-64.222878,45.965002],[-64.222937,45.967701],[-64.223582,45.967694],[-64.223592,45.968144],[-64.224883,45.968131]]]},"properties":{"feature_id":"lee-s1-0209","event_id":"lee","category":"persistent_low_backscatter","area_ha":57.5,"center_lon":-64.235952,"center_lat":45.958785,"threshold_db":-17.695,"sensor":"Sentinel-1","polarization":"HV","interpretation":"candidate only; requires validation"}},{"type":"Feature","id":"lee-s1-0210","geometry":{"type":"Polygon","coordinates":[[[-64.218711,45.951546],[-64.218701,45.951096],[-64.221926,45.951061],[-64.221916,45.950611],[-64.221271,45.950618],[-64.221261,45.950168],[-64.219326,45.950189],[-64.219316,45.949739],[-64.218026,45.949753],[-64.218036,45.950203],[-64.217391,45.95021],[-64.217401,45.95066],[-64.218046,45.950653],[-64.218066,45.951553],[-64.218711,45.951546]],[[-64.219336,45.950639],[-64.218046,45.950653],[-64.218036,45.950203],[-64.219326,45.950189],[-64.219336,45.950639]]]},"properties":{"feature_id":"lee-s1-0210","event_id":"lee","category":"low_backscatter_no_longer_present","area_ha":3.25,"center_lon":-64.219659,"center_lat":45.950646,"threshold_db":-17.695,"sensor":"Sentinel-1","polarization":"HV","interpretation":"candidate only; requires validation"}},{"type":"Feature","id":"lee-s1-0211","geometry":{"type":"Polygon","coordinates":[[[-64.08001,45.952041],[-64.079992,45.951141],[-64.078702,45.951153],[-64.078719,45.952053],[-64.08001,45.952041]]]},"properties":{"feature_id":"lee-s1-0211","event_id":"lee","category":"low_backscatter_no_longer_present","area_ha":1.0,"center_lon":-64.079356,"center_lat":45.951597,"threshold_db":-17.695,"sensor":"Sentinel-1","polarization":"HV","interpretation":"candidate only; requires validation"}},{"type":"Feature","id":"lee-s1-0212","geometry":{"type":"Polygon","coordinates":[[[-64.141335,45.953695],[-64.141326,45.953245],[-64.145196,45.953206],[-64.145187,45.952756],[-64.144542,45.952763],[-64.144514,45.951413],[-64.143869,45.951419],[-64.14386,45.950969],[-64.141924,45.950989],[-64.141934,45.951439],[-64.140644,45.951452],[-64.140653,45.951901],[-64.138718,45.951921],[-64.138699,45.951021],[-64.138054,45.951027],[-64.138036,45.950127],[-64.137391,45.950134],[-64.137409,45.951034],[-64.138054,45.951027],[-64.13811,45.953727],[-64.138755,45.953721],[-64.138745,45.953271],[-64.140681,45.953251],[-64.14069,45.953701],[-64.141335,45.953695]]]},"properties":{"feature_id":"lee-s1-0212","event_id":"lee","category":"persistent_low_backscatter","area_ha":11.5,"center_lon":-64.141293,"center_lat":45.951927,"threshold_db":-17.695,"sensor":"Sentinel-1","polarization":"HV","interpretation":"candidate only; requires validation"}},{"type":"Feature","id":"lee-s1-0213","geometry":{"type":"Polygon","coordinates":[[[-64.158714,45.95172],[-64.158704,45.95127],[-64.159349,45.951263],[-64.15934,45.950813],[-64.159985,45.950807],[-64.159995,45.951257],[-64.16193,45.951237],[-64.161911,45.950337],[-64.161266,45.950344],[-64.161256,45.949894],[-64.159966,45.949907],[-64.159976,45.950357],[-64.159331,45.950363],[-64.15934,45.950813],[-64.157405,45.950833],[-64.157414,45.951283],[-64.156769,45.951289],[-64.156779,45.951739],[-64.157424,45.951733],[-64.157414,45.951283],[-64.158059,45.951276],[-64.158069,45.951726],[-64.158714,45.95172]],[[-64.16063,45.9508],[-64.159985,45.950807],[-64.159976,45.950357],[-64.160621,45.95035],[-64.16063,45.9508]]]},"properties":{"feature_id":"lee-s1-0213","event_id":"lee","category":"low_backscatter_no_longer_present","area_ha":3.25,"center_lon":-64.159349,"center_lat":45.950817,"threshold_db":-17.695,"sensor":"Sentinel-1","polarization":"HV","interpretation":"candidate only; requires validation"}},{"type":"Feature","id":"lee-s1-0214","geometry":{"type":"Polygon","coordinates":[[[-64.272226,45.950062],[-64.272215,45.949612],[-64.27415,45.949591],[-64.27413,45.948691],[-64.27284,45.948705],[-64.27285,45.949155],[-64.270915,45.949177],[-64.270925,45.949627],[-64.27157,45.94962],[-64.271581,45.950069],[-64.272226,45.950062]]]},"properties":{"feature_id":"lee-s1-0214","event_id":"lee","category":"low_backscatter_no_longer_present","area_ha":2.0,"center_lon":-64.272533,"center_lat":45.94938,"threshold_db":-17.695,"sensor":"Sentinel-1","polarization":"HV","interpretation":"candidate only; requires validation"}},{"type":"Feature","id":"lee-s1-0215","geometry":{"type":"Polygon","coordinates":[[[-64.368326,45.948952],[-64.368315,45.948502],[-64.36896,45.948494],[-64.368937,45.947594],[-64.368293,45.947602],[-64.368281,45.947152],[-64.367637,45.94716],[-64.367659,45.94806],[-64.367014,45.948068],[-64.367036,45.948967],[-64.368326,45.948952]]]},"properties":{"feature_id":"lee-s1-0215","event_id":"lee","category":"low_backscatter_no_longer_present","area_ha":2.0,"center_lon":-64.367987,"center_lat":45.948059,"threshold_db":-17.695,"sensor":"Sentinel-1","polarization":"HV","interpretation":"candidate only; requires validation"}},{"type":"Feature","id":"lee-s1-0216","geometry":{"type":"Polygon","coordinates":[[[-64.178046,45.950622],[-64.178027,45.949722],[-64.177382,45.949729],[-64.177372,45.949279],[-64.176727,45.949286],[-64.176756,45.950635],[-64.178046,45.950622]]]},"properties":{"feature_id":"lee-s1-0216","event_id":"lee","category":"persistent_low_backscatter","area_ha":1.25,"center_lon":-64.177386,"center_lat":45.949957,"threshold_db":-17.695,"sensor":"Sentinel-1","polarization":"HV","interpretation":"candidate only; requires validation"}},{"type":"Feature","id":"lee-s1-0217","geometry":{"type":"Polygon","coordinates":[[[-64.254146,45.949362],[-64.254135,45.948912],[-64.25607,45.948891],[-64.25606,45.948441],[-64.252835,45.948476],[-64.252846,45.948926],[-64.253491,45.948919],[-64.253501,45.949369],[-64.254146,45.949362]]]},"properties":{"feature_id":"lee-s1-0217","event_id":"lee","category":"low_backscatter_no_longer_present","area_ha":1.5,"center_lon":-64.254452,"center_lat":45.948905,"threshold_db":-17.695,"sensor":"Sentinel-1","polarization":"HV","interpretation":"candidate only; requires validation"}},{"type":"Feature","id":"lee-s1-0218","geometry":{"type":"Polygon","coordinates":[[[-64.287789,45.953488],[-64.287768,45.952588],[-64.287123,45.952596],[-64.287102,45.951696],[-64.289682,45.951667],[-64.289671,45.951217],[-64.290316,45.95121],[-64.290296,45.95031],[-64.289651,45.950317],[-64.289661,45.950767],[-64.289016,45.950774],[-64.288995,45.949874],[-64.28964,45.949867],[-64.28963,45.949417],[-64.29092,45.949403],[-64.290899,45.948503],[-64.290254,45.94851],[-64.290243,45.94806],[-64.288953,45.948075],[-64.288943,45.947625],[-64.288298,45.947632],[-64.288309,45.948082],[-64.288953,45.948075],[-64.288964,45.948525],[-64.290254,45.94851],[-64.290264,45.94896],[-64.289619,45.948967],[-64.28963,45.949417],[-64.288985,45.949424],[-64.288974,45.948975],[-64.288329,45.948982],[-64.28834,45.949432],[-64.288985,45.949424],[-64.288995,45.949874],[-64.28706,45.949896],[-64.287071,45.950346],[-64.288361,45.950332],[-64.288371,45.950781],[-64.287726,45.950789],[-64.287736,45.951239],[-64.286446,45.951253],[-64.286467,45.952153],[-64.285177,45.952167],[-64.285156,45.951268],[-64.283867,45.951282],[-64.283887,45.952182],[-64.285177,45.952167],[-64.285198,45.953067],[-64.285843,45.95306],[-64.285833,45.95261],[-64.286478,45.952603],[-64.286488,45.953053],[-64.287133,45.953046],[-64.287144,45.953495],[-64.287789,45.953488]]]},"properties":{"feature_id":"lee-s1-0218","event_id":"lee","category":"low_backscatter_no_longer_present","area_ha":8.5,"center_lon":-64.287394,"center_lat":45.95056,"threshold_db":-17.695,"sensor":"Sentinel-1","polarization":"HV","interpretation":"candidate only; requires validation"}},{"type":"Feature","id":"lee-s1-0219","geometry":{"type":"Polygon","coordinates":[[[-64.210296,45.950285],[-64.210277,45.949385],[-64.209632,45.949392],[-64.209622,45.948942],[-64.210267,45.948935],[-64.210257,45.948485],[-64.209612,45.948492],[-64.209622,45.948942],[-64.208977,45.948949],[-64.208987,45.949399],[-64.209632,45.949392],[-64.209651,45.950292],[-64.210296,45.950285]]]},"properties":{"feature_id":"lee-s1-0219","event_id":"lee","category":"low_backscatter_no_longer_present","area_ha":1.0,"center_lon":-64.209637,"center_lat":45.949388,"threshold_db":-17.695,"sensor":"Sentinel-1","polarization":"HV","interpretation":"candidate only; requires validation"}},{"type":"Feature","id":"lee-s1-0220","geometry":{"type":"Polygon","coordinates":[[[-64.379901,45.947463],[-64.37989,45.947013],[-64.380535,45.947005],[-64.380524,45.946555],[-64.378589,45.946578],[-64.3786,45.947028],[-64.379245,45.94702],[-64.379256,45.94747],[-64.379901,45.947463]]]},"properties":{"feature_id":"lee-s1-0220","event_id":"lee","category":"low_backscatter_no_longer_present","area_ha":1.0,"center_lon":-64.379562,"center_lat":45.947012,"threshold_db":-17.695,"sensor":"Sentinel-1","polarization":"HV","interpretation":"candidate only; requires validation"}},{"type":"Feature","id":"lee-s1-0221","geometry":{"type":"Polygon","coordinates":[[[-64.279955,45.949526],[-64.279924,45.948176],[-64.280569,45.948169],[-64.280548,45.947269],[-64.279903,45.947276],[-64.279914,45.947726],[-64.279269,45.947734],[-64.279279,45.948183],[-64.278634,45.948191],[-64.278624,45.947741],[-64.277979,45.947748],[-64.277989,45.948198],[-64.278634,45.948191],[-64.278655,45.94909],[-64.2793,45.949083],[-64.27931,45.949533],[-64.279955,45.949526]]]},"properties":{"feature_id":"lee-s1-0221","event_id":"lee","category":"low_backscatter_no_longer_present","area_ha":2.25,"center_lon":-64.279274,"center_lat":45.948401,"threshold_db":-17.695,"sensor":"Sentinel-1","polarization":"HV","interpretation":"candidate only; requires validation"}},{"type":"Feature","id":"lee-s1-0222","geometry":{"type":"Polygon","coordinates":[[[-64.398615,45.947685],[-64.398581,45.946335],[-64.397292,45.946351],[-64.39728,45.945901],[-64.396635,45.945909],[-64.396681,45.947709],[-64.397326,45.947701],[-64.397314,45.947251],[-64.397959,45.947243],[-64.39797,45.947693],[-64.398615,45.947685]]]},"properties":{"feature_id":"lee-s1-0222","event_id":"lee","category":"low_backscatter_no_longer_present","area_ha":2.25,"center_lon":-64.397625,"center_lat":45.946805,"threshold_db":-17.695,"sensor":"Sentinel-1","polarization":"HV","interpretation":"candidate only; requires validation"}},{"type":"Feature","id":"lee-s1-0223","geometry":{"type":"Polygon","coordinates":[[[-64.221896,45.949712],[-64.221886,45.949262],[-64.222531,45.949255],[-64.222521,45.948805],[-64.221876,45.948812],[-64.221886,45.949262],[-64.221241,45.949269],[-64.221222,45.948369],[-64.221867,45.948362],[-64.221857,45.947912],[-64.221212,45.947919],[-64.221222,45.948369],[-64.220577,45.948376],[-64.220596,45.949275],[-64.221241,45.949269],[-64.221251,45.949718],[-64.221896,45.949712]]]},"properties":{"feature_id":"lee-s1-0223","event_id":"lee","category":"low_backscatter_no_longer_present","area_ha":1.25,"center_lon":-64.221554,"center_lat":45.948815,"threshold_db":-17.695,"sensor":"Sentinel-1","polarization":"HV","interpretation":"candidate only; requires validation"}},{"type":"Feature","id":"lee-s1-0224","geometry":{"type":"Polygon","coordinates":[[[-64.166407,45.949391],[-64.166398,45.948941],[-64.167043,45.948935],[-64.167033,45.948485],[-64.166388,45.948492],[-64.166398,45.948941],[-64.165108,45.948955],[-64.165098,45.948505],[-64.164453,45.948511],[-64.164463,45.948961],[-64.165108,45.948955],[-64.165117,45.949405],[-64.166407,45.949391]]]},"properties":{"feature_id":"lee-s1-0224","event_id":"lee","category":"persistent_low_backscatter","area_ha":1.0,"center_lon":-64.165748,"center_lat":45.948945,"threshold_db":-17.695,"sensor":"Sentinel-1","polarization":"HV","interpretation":"candidate only; requires validation"}},{"type":"Feature","id":"lee-s1-0225","geometry":{"type":"Polygon","coordinates":[[[-64.160602,45.94945],[-64.160593,45.949001],[-64.159303,45.949014],[-64.159293,45.948564],[-64.158003,45.948577],[-64.158022,45.949477],[-64.160602,45.94945]]]},"properties":{"feature_id":"lee-s1-0225","event_id":"lee","category":"persistent_low_backscatter","area_ha":1.5,"center_lon":-64.159302,"center_lat":45.949021,"threshold_db":-17.695,"sensor":"Sentinel-1","polarization":"HV","interpretation":"candidate only; requires validation"}},{"type":"Feature","id":"lee-s1-0226","geometry":{"type":"Polygon","coordinates":[[[-64.149646,45.950011],[-64.149628,45.949111],[-64.150273,45.949105],[-64.150263,45.948655],[-64.150908,45.948648],[-64.150899,45.948199],[-64.149609,45.948212],[-64.149628,45.949111],[-64.148338,45.949124],[-64.148347,45.949574],[-64.148992,45.949568],[-64.149001,45.950018],[-64.149646,45.950011]]]},"properties":{"feature_id":"lee-s1-0226","event_id":"lee","category":"low_backscatter_no_longer_present","area_ha":1.5,"center_lon":-64.149623,"center_lat":45.949109,"threshold_db":-17.695,"sensor":"Sentinel-1","polarization":"HV","interpretation":"candidate only; requires validation"}},{"type":"Feature","id":"lee-s1-0227","geometry":{"type":"Polygon","coordinates":[[[-64.181925,45.951032],[-64.181887,45.949232],[-64.181242,45.949239],[-64.181213,45.947889],[-64.179923,45.947903],[-64.179914,45.947453],[-64.179269,45.947459],[-64.179307,45.949259],[-64.178662,45.949266],[-64.178672,45.949716],[-64.179962,45.949702],[-64.179971,45.950152],[-64.180616,45.950146],[-64.180626,45.950595],[-64.181271,45.950589],[-64.18128,45.951039],[-64.181925,45.951032]]]},"properties":{"feature_id":"lee-s1-0227","event_id":"lee","category":"persistent_low_backscatter","area_ha":5.25,"center_lon":-64.180294,"center_lat":45.949246,"threshold_db":-17.695,"sensor":"Sentinel-1","polarization":"HV","interpretation":"candidate only; requires validation"}},{"type":"Feature","id":"lee-s1-0228","geometry":{"type":"Polygon","coordinates":[[[-64.183167,45.948769],[-64.183139,45.947419],[-64.181849,45.947433],[-64.181858,45.947883],[-64.181213,45.947889],[-64.181223,45.948339],[-64.181868,45.948332],[-64.181877,45.948782],[-64.183167,45.948769]],[[-64.182513,45.948326],[-64.181868,45.948332],[-64.181858,45.947883],[-64.182503,45.947876],[-64.182513,45.948326]]]},"properties":{"feature_id":"lee-s1-0228","event_id":"lee","category":"low_backscatter_no_longer_present","area_ha":1.5,"center_lon":-64.18219,"center_lat":45.9481,"threshold_db":-17.695,"sensor":"Sentinel-1","polarization":"HV","interpretation":"candidate only; requires validation"}},{"type":"Feature","id":"lee-s1-0229","geometry":{"type":"Polygon","coordinates":[[[-64.224446,45.948334],[-64.224437,45.947884],[-64.226371,45.947863],[-64.226362,45.947414],[-64.224427,45.947434],[-64.224417,45.946984],[-64.223772,45.946991],[-64.223782,45.947441],[-64.224427,45.947434],[-64.224437,45.947884],[-64.223792,45.947891],[-64.223801,45.948341],[-64.224446,45.948334]]]},"properties":{"feature_id":"lee-s1-0229","event_id":"lee","category":"low_backscatter_no_longer_present","area_ha":1.25,"center_lon":-64.225071,"center_lat":45.947662,"threshold_db":-17.695,"sensor":"Sentinel-1","polarization":"HV","interpretation":"candidate only; requires validation"}},{"type":"Feature","id":"lee-s1-0230","geometry":{"type":"Polygon","coordinates":[[[-64.163836,45.949868],[-64.163827,45.949418],[-64.163182,45.949424],[-64.163163,45.948524],[-64.164453,45.948511],[-64.164444,45.948061],[-64.165089,45.948055],[-64.165079,45.947605],[-64.164434,45.947611],[-64.164444,45.948061],[-64.163154,45.948074],[-64.163163,45.948524],[-64.162518,45.948531],[-64.162537,45.949431],[-64.163182,45.949424],[-64.163191,45.949874],[-64.163836,45.949868]]]},"properties":{"feature_id":"lee-s1-0230","event_id":"lee","category":"new_low_backscatter_after_lee","area_ha":1.5,"center_lon":-64.163804,"center_lat":45.94874,"threshold_db":-17.695,"sensor":"Sentinel-1","polarization":"HV","interpretation":"candidate only; requires validation"}},{"type":"Feature","id":"lee-s1-0231","geometry":{"type":"Polygon","coordinates":[[[-64.27026,45.948734],[-64.270208,45.946485],[-64.270853,45.946477],[-64.270843,45.946027],[-64.269553,45.946042],[-64.269574,45.946942],[-64.268929,45.946949],[-64.26897,45.948748],[-64.27026,45.948734]]]},"properties":{"feature_id":"lee-s1-0231","event_id":"lee","category":"persistent_low_backscatter","area_ha":2.75,"center_lon":-64.269891,"center_lat":45.947388,"threshold_db":-17.695,"sensor":"Sentinel-1","polarization":"HV","interpretation":"candidate only; requires validation"}},{"type":"Feature","id":"lee-s1-0232","geometry":{"type":"Polygon","coordinates":[[[-64.208957,45.948049],[-64.208947,45.947599],[-64.208302,45.947606],[-64.208283,45.946706],[-64.207638,45.946713],[-64.207648,45.947163],[-64.207003,45.94717],[-64.207012,45.94762],[-64.207657,45.947613],[-64.207667,45.948063],[-64.208957,45.948049]]]},"properties":{"feature_id":"lee-s1-0232","event_id":"lee","category":"persistent_low_backscatter","area_ha":1.25,"center_lon":-64.20798,"center_lat":45.947384,"threshold_db":-17.695,"sensor":"Sentinel-1","polarization":"HV","interpretation":"candidate only; requires validation"}},{"type":"Feature","id":"lee-s1-0233","geometry":{"type":"Polygon","coordinates":[[[-64.439187,45.944931],[-64.439164,45.944031],[-64.437874,45.944048],[-64.437897,45.944947],[-64.439187,45.944931]]]},"properties":{"feature_id":"lee-s1-0233","event_id":"lee","category":"new_low_backscatter_after_lee","area_ha":1.0,"center_lon":-64.43853,"center_lat":45.944489,"threshold_db":-17.695,"sensor":"Sentinel-1","polarization":"HV","interpretation":"candidate only; requires validation"}},{"type":"Feature","id":"lee-s1-0234","geometry":{"type":"Polygon","coordinates":[[[-64.270895,45.948277],[-64.270853,45.946477],[-64.272788,45.946456],[-64.272778,45.946006],[-64.270843,45.946027],[-64.270853,45.946477],[-64.270208,45.946485],[-64.27025,45.948284],[-64.270895,45.948277]]]},"properties":{"feature_id":"lee-s1-0234","event_id":"lee","category":"low_backscatter_no_longer_present","area_ha":1.75,"center_lon":-64.271498,"center_lat":45.947145,"threshold_db":-17.695,"sensor":"Sentinel-1","polarization":"HV","interpretation":"candidate only; requires validation"}},{"type":"Feature","id":"lee-s1-0235","geometry":{"type":"Polygon","coordinates":[[[-64.233456,45.947337],[-64.233446,45.946887],[-64.235381,45.946866],[-64.235371,45.946416],[-64.233436,45.946437],[-64.233446,45.946887],[-64.232801,45.946894],[-64.232811,45.947344],[-64.233456,45.947337]]]},"properties":{"feature_id":"lee-s1-0235","event_id":"lee","category":"low_backscatter_no_longer_present","area_ha":1.0,"center_lon":-64.234091,"center_lat":45.94688,"threshold_db":-17.695,"sensor":"Sentinel-1","polarization":"HV","interpretation":"candidate only; requires validation"}},{"type":"Feature","id":"lee-s1-0236","geometry":{"type":"Polygon","coordinates":[[[-64.293447,45.947124],[-64.293437,45.946674],[-64.294082,45.946667],[-64.294061,45.945767],[-64.293416,45.945774],[-64.293426,45.946224],[-64.292781,45.946231],[-64.29276,45.945332],[-64.290181,45.945361],[-64.290191,45.945811],[-64.291481,45.945796],[-64.291512,45.947146],[-64.293447,45.947124]]]},"properties":{"feature_id":"lee-s1-0236","event_id":"lee","category":"low_backscatter_no_longer_present","area_ha":3.5,"center_lon":-64.292132,"center_lat":45.946239,"threshold_db":-17.695,"sensor":"Sentinel-1","polarization":"HV","interpretation":"candidate only; requires validation"}},{"type":"Feature","id":"lee-s1-0237","geometry":{"type":"Polygon","coordinates":[[[-64.254105,45.947562],[-64.254095,45.947113],[-64.25345,45.94712],[-64.25344,45.94667],[-64.252795,45.946677],[-64.252785,45.946227],[-64.25343,45.94622],[-64.25342,45.94577],[-64.252775,45.945777],[-64.252785,45.946227],[-64.25214,45.946234],[-64.25215,45.946684],[-64.252795,45.946677],[-64.252815,45.947577],[-64.254105,45.947562]]]},"properties":{"feature_id":"lee-s1-0237","event_id":"lee","category":"persistent_low_backscatter","area_ha":1.25,"center_lon":-64.253122,"center_lat":45.946674,"threshold_db":-17.695,"sensor":"Sentinel-1","polarization":"HV","interpretation":"candidate only; requires validation"}},{"type":"Feature","id":"lee-s1-0238","geometry":{"type":"Polygon","coordinates":[[[-64.25217,45.947584],[-64.25216,45.947134],[-64.251515,45.947141],[-64.251505,45.946691],[-64.25086,45.946698],[-64.25085,45.946248],[-64.251495,45.946241],[-64.251485,45.945791],[-64.25084,45.945798],[-64.25085,45.946248],[-64.250205,45.946255],[-64.250215,45.946705],[-64.24957,45.946712],[-64.24958,45.947162],[-64.250225,45.947155],[-64.250215,45.946705],[-64.25086,45.946698],[-64.25087,45.947148],[-64.251515,45.947141],[-64.251525,45.947591],[-64.25217,45.947584]]]},"properties":{"feature_id":"lee-s1-0238","event_id":"lee","category":"persistent_low_backscatter","area_ha":1.25,"center_lon":-64.25087,"center_lat":45.946691,"threshold_db":-17.695,"sensor":"Sentinel-1","polarization":"HV","interpretation":"candidate only; requires validation"}},{"type":"Feature","id":"lee-s1-0239","geometry":{"type":"Polygon","coordinates":[[[-64.220567,45.947926],[-64.220557,45.947476],[-64.219912,45.947483],[-64.219902,45.947033],[-64.219257,45.94704],[-64.219247,45.94659],[-64.218602,45.946597],[-64.218592,45.946147],[-64.217947,45.946153],[-64.217957,45.946603],[-64.218602,45.946597],[-64.218612,45.947046],[-64.217967,45.947053],[-64.217977,45.947503],[-64.218622,45.947496],[-64.218632,45.947946],[-64.220567,45.947926]]]},"properties":{"feature_id":"lee-s1-0239","event_id":"lee","category":"low_backscatter_no_longer_present","area_ha":2.0,"center_lon":-64.219257,"center_lat":45.947046,"threshold_db":-17.695,"sensor":"Sentinel-1","polarization":"HV","interpretation":"candidate only; requires validation"}},{"type":"Feature","id":"lee-s1-0240","geometry":{"type":"Polygon","coordinates":[[[-64.255385,45.947098],[-64.255354,45.945749],[-64.25342,45.94577],[-64.25343,45.94622],[-64.252785,45.946227],[-64.252795,45.946677],[-64.25344,45.94667],[-64.25345,45.94712],[-64.254095,45.947113],[-64.254085,45.946663],[-64.25473,45.946656],[-64.25474,45.947105],[-64.255385,45.947098]]]},"properties":{"feature_id":"lee-s1-0240","event_id":"lee","category":"low_backscatter_no_longer_present","area_ha":2.25,"center_lon":-64.254085,"center_lat":45.946434,"threshold_db":-17.695,"sensor":"Sentinel-1","polarization":"HV","interpretation":"candidate only; requires validation"}},{"type":"Feature","id":"lee-s1-0241","geometry":{"type":"Polygon","coordinates":[[[-64.197983,45.947715],[-64.197954,45.946365],[-64.197309,45.946372],[-64.197318,45.946822],[-64.196673,45.946828],[-64.196683,45.947278],[-64.197328,45.947271],[-64.197338,45.947721],[-64.197983,45.947715]]]},"properties":{"feature_id":"lee-s1-0241","event_id":"lee","category":"low_backscatter_no_longer_present","area_ha":1.0,"center_lon":-64.197328,"center_lat":45.947043,"threshold_db":-17.695,"sensor":"Sentinel-1","polarization":"HV","interpretation":"candidate only; requires validation"}},{"type":"Feature","id":"lee-s1-0242","geometry":{"type":"Polygon","coordinates":[[[-64.138662,45.949221],[-64.138653,45.948771],[-64.139298,45.948765],[-64.139289,45.948315],[-64.139934,45.948308],[-64.139925,45.947859],[-64.14057,45.947852],[-64.140561,45.947402],[-64.142495,45.947383],[-64.142486,45.946933],[-64.140551,45.946952],[-64.140561,45.947402],[-64.139271,45.947415],[-64.13928,45.947865],[-64.13799,45.947878],[-64.137999,45.948328],[-64.138644,45.948321],[-64.138653,45.948771],[-64.138008,45.948778],[-64.138017,45.949228],[-64.138662,45.949221]]]},"properties":{"feature_id":"lee-s1-0242","event_id":"lee","category":"low_backscatter_no_longer_present","area_ha":2.5,"center_lon":-64.140242,"center_lat":45.948081,"threshold_db":-17.695,"sensor":"Sentinel-1","polarization":"HV","interpretation":"candidate only; requires validation"}},{"type":"Feature","id":"lee-s1-0243","geometry":{"type":"Polygon","coordinates":[[[-64.279903,45.947276],[-64.279893,45.946826],[-64.279248,45.946834],[-64.279227,45.945934],[-64.278582,45.945941],[-64.278572,45.945491],[-64.277927,45.945498],[-64.277917,45.945049],[-64.277272,45.945056],[-64.277282,45.945506],[-64.275347,45.945527],[-64.275368,45.946427],[-64.276013,45.94642],[-64.276034,45.94732],[-64.276679,45.947312],[-64.276668,45.946863],[-64.277313,45.946855],[-64.277323,45.947305],[-64.279903,45.947276]],[[-64.276658,45.946413],[-64.276013,45.94642],[-64.276003,45.94597],[-64.276648,45.945963],[-64.276658,45.946413]]]},"properties":{"feature_id":"lee-s1-0243","event_id":"lee","category":"persistent_low_backscatter","area_ha":5.25,"center_lon":-64.277625,"center_lat":45.946185,"threshold_db":-17.695,"sensor":"Sentinel-1","polarization":"HV","interpretation":"candidate only; requires validation"}},{"type":"Feature","id":"lee-s1-0244","geometry":{"type":"Polygon","coordinates":[[[-64.108329,45.948619],[-64.108293,45.94682],[-64.107003,45.946832],[-64.107012,45.947282],[-64.107657,45.947276],[-64.107684,45.948626],[-64.108329,45.948619]]]},"properties":{"feature_id":"lee-s1-0244","event_id":"lee","category":"low_backscatter_no_longer_present","area_ha":1.25,"center_lon":-64.107666,"center_lat":45.947723,"threshold_db":-17.695,"sensor":"Sentinel-1","polarization":"HV","interpretation":"candidate only; requires validation"}},{"type":"Feature","id":"lee-s1-0245","geometry":{"type":"Polygon","coordinates":[[[-64.105202,45.9536],[-64.105193,45.95315],[-64.105838,45.953144],[-64.105829,45.952694],[-64.106474,45.952688],[-64.106465,45.952238],[-64.107756,45.952225],[-64.107747,45.951775],[-64.107102,45.951781],[-64.107084,45.950882],[-64.107729,45.950875],[-64.107738,45.951325],[-64.108383,45.951319],[-64.108356,45.949969],[-64.109001,45.949963],[-64.10901,45.950413],[-64.109655,45.950407],[-64.109646,45.949957],[-64.109001,45.949963],[-64.108992,45.949513],[-64.108347,45.949519],[-64.108338,45.949069],[-64.107048,45.949082],[-64.107057,45.949532],[-64.105767,45.949544],[-64.105758,45.949094],[-64.105113,45.949101],[-64.105122,45.949551],[-64.105767,45.949544],[-64.105776,45.949994],[-64.104486,45.950007],[-64.104477,45.949557],[-64.103187,45.949569],[-64.103178,45.949119],[-64.102533,45.949125],[-64.102515,45.948226],[-64.10316,45.948219],[-64.103169,45.948669],[-64.103814,45.948663],[-64.103805,45.948213],[-64.10316,45.948219],[-64.103151,45.947769],[-64.103796,45.947763],[-64.103778,45.946863],[-64.102488,45.946876],[-64.102497,45.947326],[-64.103142,45.94732],[-64.103151,45.947769],[-64.102506,45.947776],[-64.102515,45.948226],[-64.10187,45.948232],[-64.101861,45.947782],[-64.101216,45.947788],[-64.101225,45.948238],[-64.10058,45.948244],[-64.100589,45.948694],[-64.101234,45.948688],[-64.101225,45.948238],[-64.10187,45.948232],[-64.101897,45.949582],[-64.103187,45.949569],[-64.103205,45.950469],[-64.10385,45.950463],[-64.103876,45.951813],[-64.105166,45.9518],[-64.105175,45.95225],[-64.10582,45.952244],[-64.105829,45.952694],[-64.104539,45.952706],[-64.10453,45.952256],[-64.10324,45.952269],[-64.103231,45.951819],[-64.101941,45.951831],[-64.101977,45.953631],[-64.102622,45.953625],[-64.102595,45.952275],[-64.10324,45.952269],[-64.103249,45.952719],[-64.104539,45.952706],[-64.104557,45.953606],[-64.105202,45.9536]],[[-64.106439,45.950888],[-64.105149,45.9509],[-64.10514,45.95045],[-64.105785,45.950444],[-64.105776,45.949994],[-64.107066,45.949982],[-64.107075,45.950432],[-64.10643,45.950438],[-64.106439,45.950888]],[[-64.107711,45.949975],[-64.107066,45.949982],[-64.107057,45.949532],[-64.107702,45.949526],[-64.107711,45.949975]]]},"properties":{"feature_id":"lee-s1-0245","event_id":"lee","category":"low_backscatter_no_longer_present","area_ha":14.5,"center_lon":-64.105118,"center_lat":45.950247,"threshold_db":-17.695,"sensor":"Sentinel-1","polarization":"HV","interpretation":"candidate only; requires validation"}},{"type":"Feature","id":"lee-s1-0246","geometry":{"type":"Polygon","coordinates":[[[-64.182494,45.947426],[-64.182475,45.946526],[-64.181185,45.946539],[-64.181175,45.94609],[-64.17924,45.946109],[-64.17925,45.946559],[-64.179895,45.946553],[-64.179904,45.947003],[-64.181839,45.946983],[-64.181849,45.947433],[-64.182494,45.947426]]]},"properties":{"feature_id":"lee-s1-0246","event_id":"lee","category":"persistent_low_backscatter","area_ha":2.0,"center_lon":-64.180867,"center_lat":45.946761,"threshold_db":-17.695,"sensor":"Sentinel-1","polarization":"HV","interpretation":"candidate only; requires validation"}},{"type":"Feature","id":"lee-s1-0247","geometry":{"type":"Polygon","coordinates":[[[-64.237961,45.946838],[-64.237951,45.946389],[-64.239241,45.946375],[-64.239231,45.945925],[-64.238586,45.945932],[-64.238576,45.945482],[-64.237931,45.945489],[-64.237951,45.946389],[-64.237306,45.946396],[-64.237316,45.946845],[-64.237961,45.946838]]]},"properties":{"feature_id":"lee-s1-0247","event_id":"lee","category":"new_low_backscatter_after_lee","area_ha":1.0,"center_lon":-64.238274,"center_lat":45.946163,"threshold_db":-17.695,"sensor":"Sentinel-1","polarization":"HV","interpretation":"candidate only; requires validation"}},{"type":"Feature","id":"lee-s1-0248","geometry":{"type":"Polygon","coordinates":[[[-64.268284,45.946956],[-64.268263,45.946056],[-64.268908,45.946049],[-64.268898,45.945599],[-64.269543,45.945592],[-64.269533,45.945142],[-64.268888,45.945149],[-64.268877,45.944699],[-64.268233,45.944706],[-64.268243,45.945156],[-64.266953,45.945171],[-64.266994,45.94697],[-64.268284,45.946956]]]},"properties":{"feature_id":"lee-s1-0248","event_id":"lee","category":"persistent_low_backscatter","area_ha":3.0,"center_lon":-64.268248,"center_lat":45.945835,"threshold_db":-17.695,"sensor":"Sentinel-1","polarization":"HV","interpretation":"candidate only; requires validation"}},{"type":"Feature","id":"lee-s1-0249","geometry":{"type":"Polygon","coordinates":[[[-64.166379,45.948042],[-64.166369,45.947592],[-64.165724,45.947598],[-64.165705,45.946698],[-64.164415,45.946712],[-64.164406,45.946262],[-64.163761,45.946268],[-64.163752,45.945818],[-64.163107,45.945825],[-64.163116,45.946275],[-64.163761,45.946268],[-64.16377,45.946718],[-64.163126,45.946725],[-64.163135,45.947175],[-64.16507,45.947155],[-64.165079,45.947605],[-64.165724,45.947598],[-64.165734,45.948048],[-64.166379,45.948042]]]},"properties":{"feature_id":"lee-s1-0249","event_id":"lee","category":"low_backscatter_no_longer_present","area_ha":2.0,"center_lon":-64.164743,"center_lat":45.946933,"threshold_db":-17.695,"sensor":"Sentinel-1","polarization":"HV","interpretation":"candidate only; requires validation"}},{"type":"Feature","id":"lee-s1-0250","geometry":{"type":"Polygon","coordinates":[[[-64.145094,45.948257],[-64.145085,45.947807],[-64.14444,45.947813],[-64.14443,45.947363],[-64.143785,45.94737],[-64.143776,45.94692],[-64.145066,45.946907],[-64.145057,45.946457],[-64.145702,45.946451],[-64.145693,45.946001],[-64.145048,45.946007],[-64.145057,45.946457],[-64.143767,45.94647],[-64.143776,45.94692],[-64.142486,45.946933],[-64.142495,45.947383],[-64.141851,45.947389],[-64.14186,45.947839],[-64.142505,45.947833],[-64.142495,45.947383],[-64.14314,45.947376],[-64.14315,45.947826],[-64.14444,45.947813],[-64.144449,45.948263],[-64.145094,45.948257]]]},"properties":{"feature_id":"lee-s1-0250","event_id":"lee","category":"new_low_backscatter_after_lee","area_ha":2.25,"center_lon":-64.143777,"center_lat":45.947132,"threshold_db":-17.695,"sensor":"Sentinel-1","polarization":"HV","interpretation":"candidate only; requires validation"}},{"type":"Feature","id":"lee-s1-0251","geometry":{"type":"Polygon","coordinates":[[[-64.25215,45.946684],[-64.25212,45.945334],[-64.253409,45.94532],[-64.253399,45.94487],[-64.252109,45.944884],[-64.25212,45.945334],[-64.251475,45.945341],[-64.251505,45.946691],[-64.25215,45.946684]]]},"properties":{"feature_id":"lee-s1-0251","event_id":"lee","category":"low_backscatter_no_longer_present","area_ha":1.25,"center_lon":-64.252442,"center_lat":45.94578,"threshold_db":-17.695,"sensor":"Sentinel-1","polarization":"HV","interpretation":"candidate only; requires validation"}},{"type":"Feature","id":"lee-s1-0252","geometry":{"type":"Polygon","coordinates":[[[-64.210863,45.946679],[-64.210853,45.946229],[-64.212143,45.946215],[-64.212133,45.945765],[-64.212778,45.945758],[-64.212768,45.945309],[-64.213413,45.945302],[-64.213403,45.944852],[-64.214048,45.944845],[-64.214038,45.944395],[-64.213393,45.944402],[-64.213403,45.944852],[-64.210824,45.944879],[-64.210833,45.945329],[-64.211478,45.945322],[-64.211488,45.945772],[-64.210198,45.945786],[-64.210208,45.946236],[-64.209563,45.946243],[-64.209573,45.946692],[-64.210863,45.946679]]]},"properties":{"feature_id":"lee-s1-0252","event_id":"lee","category":"low_backscatter_no_longer_present","area_ha":3.0,"center_lon":-64.211805,"center_lat":45.945543,"threshold_db":-17.695,"sensor":"Sentinel-1","polarization":"HV","interpretation":"candidate only; requires validation"}},{"type":"Feature","id":"lee-s1-0253","geometry":{"type":"Polygon","coordinates":[[[-64.288236,45.944933],[-64.288225,45.944483],[-64.28887,45.944475],[-64.288849,45.943576],[-64.288204,45.943583],[-64.288215,45.944033],[-64.286925,45.944047],[-64.286935,45.944497],[-64.28629,45.944505],[-64.286301,45.944954],[-64.286946,45.944947],[-64.286935,45.944497],[-64.28758,45.94449],[-64.287591,45.94494],[-64.288236,45.944933]]]},"properties":{"feature_id":"lee-s1-0253","event_id":"lee","category":"low_backscatter_no_longer_present","area_ha":1.5,"center_lon":-64.28758,"center_lat":45.944265,"threshold_db":-17.695,"sensor":"Sentinel-1","polarization":"HV","interpretation":"candidate only; requires validation"}},{"type":"Feature","id":"lee-s1-0254","geometry":{"type":"Polygon","coordinates":[[[-64.170894,45.947995],[-64.170884,45.947545],[-64.171529,45.947539],[-64.17151,45.946639],[-64.172155,45.946632],[-64.172146,45.946182],[-64.173436,45.946169],[-64.173417,45.945269],[-64.174062,45.945263],[-64.174052,45.944813],[-64.172762,45.944826],[-64.172772,45.945276],[-64.172127,45.945283],[-64.172136,45.945733],[-64.171491,45.945739],[-64.171501,45.946189],[-64.170856,45.946196],[-64.170884,45.947545],[-64.170239,45.947552],[-64.170249,45.948002],[-64.170894,45.947995]]]},"properties":{"feature_id":"lee-s1-0254","event_id":"lee","category":"persistent_low_backscatter","area_ha":3.0,"center_lon":-64.172151,"center_lat":45.946408,"threshold_db":-17.695,"sensor":"Sentinel-1","polarization":"HV","interpretation":"candidate only; requires validation"}},{"type":"Feature","id":"lee-s1-0255","geometry":{"type":"Polygon","coordinates":[[[-64.259214,45.945256],[-64.259204,45.944806],[-64.259849,45.944799],[-64.259838,45.944349],[-64.259193,45.944356],[-64.259173,45.943457],[-64.258528,45.943464],[-64.258538,45.943914],[-64.257893,45.943921],[-64.257914,45.94482],[-64.258559,45.944813],[-64.258569,45.945263],[-64.259214,45.945256]]]},"properties":{"feature_id":"lee-s1-0255","event_id":"lee","category":"low_backscatter_no_longer_present","area_ha":1.75,"center_lon":-64.258871,"center_lat":45.94436,"threshold_db":-17.695,"sensor":"Sentinel-1","polarization":"HV","interpretation":"candidate only; requires validation"}},{"type":"Feature","id":"lee-s1-0256","geometry":{"type":"Polygon","coordinates":[[[-64.145085,45.947807],[-64.145066,45.946907],[-64.146356,45.946894],[-64.146347,45.946444],[-64.147637,45.946431],[-64.147609,45.945081],[-64.146964,45.945088],[-64.146973,45.945538],[-64.145683,45.945551],[-64.145665,45.944651],[-64.14502,45.944657],[-64.145038,45.945557],[-64.144393,45.945564],[-64.144403,45.946014],[-64.145048,45.946007],[-64.145038,45.945557],[-64.145683,45.945551],[-64.145693,45.946001],[-64.146338,45.945994],[-64.146347,45.946444],[-64.145057,45.946457],[-64.145066,45.946907],[-64.144421,45.946914],[-64.14444,45.947813],[-64.145085,45.947807]]]},"properties":{"feature_id":"lee-s1-0256","event_id":"lee","category":"low_backscatter_no_longer_present","area_ha":3.25,"center_lon":-64.146015,"center_lat":45.946232,"threshold_db":-17.695,"sensor":"Sentinel-1","polarization":"HV","interpretation":"candidate only; requires validation"}},{"type":"Feature","id":"lee-s1-0257","geometry":{"type":"Polygon","coordinates":[[[-64.321116,45.944107],[-64.321105,45.943657],[-64.32175,45.94365],[-64.321739,45.9432],[-64.321094,45.943207],[-64.321083,45.942757],[-64.320439,45.942765],[-64.320449,45.943215],[-64.321094,45.943207],[-64.321105,45.943657],[-64.319815,45.943672],[-64.319826,45.944122],[-64.321116,45.944107]]]},"properties":{"feature_id":"lee-s1-0257","event_id":"lee","category":"low_backscatter_no_longer_present","area_ha":1.0,"center_lon":-64.320783,"center_lat":45.943439,"threshold_db":-17.695,"sensor":"Sentinel-1","polarization":"HV","interpretation":"candidate only; requires validation"}},{"type":"Feature","id":"lee-s1-0258","geometry":{"type":"Polygon","coordinates":[[[-64.18569,45.946043],[-64.18568,45.945593],[-64.185035,45.9456],[-64.185026,45.94515],[-64.184381,45.945156],[-64.184371,45.944706],[-64.183726,45.944713],[-64.183717,45.944263],[-64.182427,45.944276],[-64.182417,45.943827],[-64.181127,45.94384],[-64.181166,45.94564],[-64.181811,45.945633],[-64.181801,45.945183],[-64.182446,45.945176],[-64.182436,45.944726],[-64.183726,45.944713],[-64.183736,45.945163],[-64.184381,45.945156],[-64.1844,45.946056],[-64.18569,45.946043]],[[-64.182436,45.944726],[-64.181791,45.944733],[-64.181782,45.944283],[-64.182427,45.944276],[-64.182436,45.944726]]]},"properties":{"feature_id":"lee-s1-0258","event_id":"lee","category":"low_backscatter_no_longer_present","area_ha":3.0,"center_lon":-64.183408,"center_lat":45.944941,"threshold_db":-17.695,"sensor":"Sentinel-1","polarization":"HV","interpretation":"candidate only; requires validation"}},{"type":"Feature","id":"lee-s1-0259","geometry":{"type":"Polygon","coordinates":[[[-64.355273,45.942807],[-64.355251,45.941907],[-64.354606,45.941915],[-64.354595,45.941465],[-64.353951,45.941473],[-64.353962,45.941923],[-64.352672,45.941938],[-64.352661,45.941488],[-64.351371,45.941503],[-64.351393,45.942403],[-64.353972,45.942372],[-64.353983,45.942822],[-64.355273,45.942807]]]},"properties":{"feature_id":"lee-s1-0259","event_id":"lee","category":"low_backscatter_no_longer_present","area_ha":2.75,"center_lon":-64.353322,"center_lat":45.942144,"threshold_db":-17.695,"sensor":"Sentinel-1","polarization":"HV","interpretation":"candidate only; requires validation"}},{"type":"Feature","id":"lee-s1-0260","geometry":{"type":"Polygon","coordinates":[[[-64.185016,45.9447],[-64.185007,45.94425],[-64.185651,45.944243],[-64.185632,45.943343],[-64.184342,45.943357],[-64.184352,45.943807],[-64.183707,45.943813],[-64.183726,45.944713],[-64.185016,45.9447]]]},"properties":{"feature_id":"lee-s1-0260","event_id":"lee","category":"persistent_low_backscatter","area_ha":1.75,"center_lon":-64.184679,"center_lat":45.944028,"threshold_db":-17.695,"sensor":"Sentinel-1","polarization":"HV","interpretation":"candidate only; requires validation"}},{"type":"Feature","id":"lee-s1-0261","geometry":{"type":"Polygon","coordinates":[[[-64.020548,45.946287],[-64.02054,45.945837],[-64.019895,45.945843],[-64.019887,45.945393],[-64.019242,45.945399],[-64.019233,45.944949],[-64.018588,45.944954],[-64.018605,45.945854],[-64.01796,45.94586],[-64.017968,45.94631],[-64.019258,45.946298],[-64.01925,45.945848],[-64.019895,45.945843],[-64.019903,45.946293],[-64.020548,45.946287]]]},"properties":{"feature_id":"lee-s1-0261","event_id":"lee","category":"low_backscatter_no_longer_present","area_ha":1.5,"center_lon":-64.019254,"center_lat":45.945629,"threshold_db":-17.695,"sensor":"Sentinel-1","polarization":"HV","interpretation":"candidate only; requires validation"}},{"type":"Feature","id":"lee-s1-0262","geometry":{"type":"Polygon","coordinates":[[[-64.332724,45.943972],[-64.33267,45.941723],[-64.333315,45.941715],[-64.333304,45.941265],[-64.332659,45.941273],[-64.33267,45.941723],[-64.332025,45.94173],[-64.332047,45.94263],[-64.331402,45.942638],[-64.331423,45.943538],[-64.330778,45.943545],[-64.330789,45.943995],[-64.332724,45.943972]]]},"properties":{"feature_id":"lee-s1-0262","event_id":"lee","category":"low_backscatter_no_longer_present","area_ha":2.5,"center_lon":-64.332046,"center_lat":45.94263,"threshold_db":-17.695,"sensor":"Sentinel-1","polarization":"HV","interpretation":"candidate only; requires validation"}},{"type":"Feature","id":"lee-s1-0263","geometry":{"type":"Polygon","coordinates":[[[-64.151516,45.946842],[-64.151507,45.946392],[-64.150862,45.946399],[-64.150834,45.945049],[-64.153414,45.945023],[-64.153404,45.944573],[-64.151469,45.944593],[-64.15146,45.944143],[-64.15017,45.944156],[-64.150179,45.944606],[-64.149535,45.944612],[-64.149544,45.945062],[-64.148899,45.945069],[-64.148862,45.943269],[-64.148217,45.943275],[-64.148226,45.943725],[-64.147581,45.943732],[-64.14759,45.944182],[-64.146945,45.944188],[-64.146955,45.944638],[-64.148245,45.944625],[-64.148254,45.945075],[-64.148899,45.945069],[-64.148908,45.945518],[-64.149553,45.945512],[-64.149562,45.945962],[-64.148917,45.945968],[-64.148927,45.946418],[-64.149572,45.946412],[-64.149581,45.946862],[-64.151516,45.946842]],[[-64.150217,45.946405],[-64.149572,45.946412],[-64.149562,45.945962],[-64.150207,45.945955],[-64.150217,45.946405]]]},"properties":{"feature_id":"lee-s1-0263","event_id":"lee","category":"low_backscatter_no_longer_present","area_ha":6.25,"center_lon":-64.15018,"center_lat":45.945065,"threshold_db":-17.695,"sensor":"Sentinel-1","polarization":"HV","interpretation":"candidate only; requires validation"}},{"type":"Feature","id":"lee-s1-0264","geometry":{"type":"Polygon","coordinates":[[[-64.360421,45.942296],[-64.36041,45.941846],[-64.361055,45.941838],[-64.361033,45.940939],[-64.360388,45.940946],[-64.360399,45.941396],[-64.359754,45.941404],[-64.359743,45.940954],[-64.359098,45.940962],[-64.359109,45.941411],[-64.358465,45.941419],[-64.358476,45.941869],[-64.35912,45.941861],[-64.359131,45.942311],[-64.360421,45.942296]]]},"properties":{"feature_id":"lee-s1-0264","event_id":"lee","category":"low_backscatter_no_longer_present","area_ha":2.0,"center_lon":-64.35976,"center_lat":45.941625,"threshold_db":-17.695,"sensor":"Sentinel-1","polarization":"HV","interpretation":"candidate only; requires validation"}},{"type":"Feature","id":"lee-s1-0265","geometry":{"type":"Polygon","coordinates":[[[-64.226282,45.943814],[-64.226272,45.943364],[-64.224982,45.943378],[-64.224973,45.942928],[-64.224328,45.942935],[-64.224318,45.942485],[-64.223673,45.942492],[-64.223693,45.943392],[-64.224982,45.943378],[-64.224992,45.943828],[-64.226282,45.943814]]]},"properties":{"feature_id":"lee-s1-0265","event_id":"lee","category":"low_backscatter_no_longer_present","area_ha":1.25,"center_lon":-64.224977,"center_lat":45.943157,"threshold_db":-17.695,"sensor":"Sentinel-1","polarization":"HV","interpretation":"candidate only; requires validation"}},{"type":"Feature","id":"lee-s1-0266","geometry":{"type":"Polygon","coordinates":[[[-64.212739,45.943959],[-64.212729,45.943509],[-64.213374,45.943502],[-64.213354,45.942602],[-64.212064,45.942616],[-64.212074,45.943066],[-64.212719,45.943059],[-64.212729,45.943509],[-64.212084,45.943516],[-64.212094,45.943966],[-64.212739,45.943959]]]},"properties":{"feature_id":"lee-s1-0266","event_id":"lee","category":"low_backscatter_no_longer_present","area_ha":1.0,"center_lon":-64.212719,"center_lat":45.943284,"threshold_db":-17.695,"sensor":"Sentinel-1","polarization":"HV","interpretation":"candidate only; requires validation"}},{"type":"Feature","id":"lee-s1-0267","geometry":{"type":"Polygon","coordinates":[[[-64.260442,45.942542],[-64.260412,45.941193],[-64.258477,45.941214],[-64.258487,45.941664],[-64.259132,45.941657],[-64.259153,45.942557],[-64.260442,45.942542]]]},"properties":{"feature_id":"lee-s1-0267","event_id":"lee","category":"persistent_low_backscatter","area_ha":1.75,"center_lon":-64.259459,"center_lat":45.941875,"threshold_db":-17.695,"sensor":"Sentinel-1","polarization":"HV","interpretation":"candidate only; requires validation"}},{"type":"Feature","id":"lee-s1-0268","geometry":{"type":"Polygon","coordinates":[[[-64.170818,45.944396],[-64.170808,45.943946],[-64.170163,45.943953],[-64.170154,45.943503],[-64.171444,45.94349],[-64.171425,45.94259],[-64.17207,45.942583],[-64.17206,45.942133],[-64.171415,45.94214],[-64.171425,45.94259],[-64.168845,45.942616],[-64.168864,45.943516],[-64.169509,45.943509],[-64.169528,45.944409],[-64.170818,45.944396]],[[-64.170154,45.943503],[-64.169509,45.943509],[-64.1695,45.943059],[-64.170144,45.943053],[-64.170154,45.943503]]]},"properties":{"feature_id":"lee-s1-0268","event_id":"lee","category":"low_backscatter_no_longer_present","area_ha":2.75,"center_lon":-64.170457,"center_lat":45.943271,"threshold_db":-17.695,"sensor":"Sentinel-1","polarization":"HV","interpretation":"candidate only; requires validation"}},{"type":"Feature","id":"lee-s1-0269","geometry":{"type":"Polygon","coordinates":[[[-64.34748,45.940649],[-64.347469,45.940199],[-64.34618,45.940214],[-64.346169,45.939765],[-64.345524,45.939772],[-64.345546,45.940672],[-64.34748,45.940649]]]},"properties":{"feature_id":"lee-s1-0269","event_id":"lee","category":"low_backscatter_no_longer_present","area_ha":1.0,"center_lon":-64.346502,"center_lat":45.940219,"threshold_db":-17.695,"sensor":"Sentinel-1","polarization":"HV","interpretation":"candidate only; requires validation"}},{"type":"Feature","id":"lee-s1-0270","geometry":{"type":"Polygon","coordinates":[[[-64.293395,45.944874],[-64.293384,45.944424],[-64.294029,45.944417],[-64.294019,45.943967],[-64.293374,45.943975],[-64.293343,45.942625],[-64.294632,45.94261],[-64.294622,45.94216],[-64.295267,45.942153],[-64.295246,45.941253],[-64.294601,45.94126],[-64.29459,45.940811],[-64.293946,45.940818],[-64.293935,45.940368],[-64.29458,45.940361],[-64.29457,45.939911],[-64.292635,45.939933],[-64.292645,45.940383],[-64.29329,45.940375],[-64.293311,45.941275],[-64.292666,45.941282],[-64.292656,45.940832],[-64.292011,45.94084],[-64.292001,45.94039],[-64.291356,45.940397],[-64.291377,45.941297],[-64.292666,45.941282],[-64.292687,45.942182],[-64.293332,45.942175],[-64.293343,45.942625],[-64.292053,45.942639],[-64.292074,45.943539],[-64.291429,45.943547],[-64.291418,45.943097],[-64.290773,45.943104],[-64.290784,45.943554],[-64.291429,45.943547],[-64.291439,45.943996],[-64.292084,45.943989],[-64.292074,45.943539],[-64.292719,45.943532],[-64.292729,45.943982],[-64.293374,45.943975],[-64.293384,45.944424],[-64.29274,45.944432],[-64.29275,45.944882],[-64.293395,45.944874]],[[-64.294622,45.94216],[-64.293977,45.942168],[-64.293967,45.941718],[-64.294611,45.94171],[-64.294622,45.94216]]]},"properties":{"feature_id":"lee-s1-0270","event_id":"lee","category":"low_backscatter_no_longer_present","area_ha":6.75,"center_lon":-64.29302,"center_lat":45.942397,"threshold_db":-17.695,"sensor":"Sentinel-1","polarization":"HV","interpretation":"candidate only; requires validation"}},{"type":"Feature","id":"lee-s1-0271","geometry":{"type":"Polygon","coordinates":[[[-64.228167,45.941544],[-64.228157,45.941094],[-64.227512,45.941101],[-64.227503,45.940651],[-64.226213,45.940665],[-64.226233,45.941565],[-64.226877,45.941558],[-64.226868,45.941108],[-64.227512,45.941101],[-64.227522,45.941551],[-64.228167,45.941544]]]},"properties":{"feature_id":"lee-s1-0271","event_id":"lee","category":"low_backscatter_no_longer_present","area_ha":1.0,"center_lon":-64.22719,"center_lat":45.941108,"threshold_db":-17.695,"sensor":"Sentinel-1","polarization":"HV","interpretation":"candidate only; requires validation"}},{"type":"Feature","id":"lee-s1-0272","geometry":{"type":"Polygon","coordinates":[[[-64.151451,45.943693],[-64.151441,45.943243],[-64.150796,45.943249],[-64.150787,45.942799],[-64.151432,45.942793],[-64.151413,45.941893],[-64.150769,45.9419],[-64.150759,45.94145],[-64.151404,45.941443],[-64.151395,45.940993],[-64.15075,45.941],[-64.150759,45.94145],[-64.149469,45.941463],[-64.149479,45.941913],[-64.148834,45.941919],[-64.148852,45.942819],[-64.149497,45.942812],[-64.149488,45.942362],[-64.150778,45.942349],[-64.150787,45.942799],[-64.150142,45.942806],[-64.150152,45.943256],[-64.150796,45.943249],[-64.150806,45.943699],[-64.151451,45.943693]]]},"properties":{"feature_id":"lee-s1-0272","event_id":"lee","category":"low_backscatter_no_longer_present","area_ha":2.75,"center_lon":-64.150142,"center_lat":45.942346,"threshold_db":-17.695,"sensor":"Sentinel-1","polarization":"HV","interpretation":"candidate only; requires validation"}},{"type":"Feature","id":"lee-s1-0273","geometry":{"type":"Polygon","coordinates":[[[-64.180444,45.942047],[-64.180425,45.941147],[-64.18107,45.94114],[-64.18106,45.94069],[-64.180416,45.940697],[-64.180406,45.940247],[-64.179116,45.94026],[-64.179126,45.94071],[-64.180416,45.940697],[-64.180425,45.941147],[-64.17849,45.941167],[-64.1785,45.941617],[-64.17979,45.941604],[-64.179799,45.942054],[-64.180444,45.942047]]]},"properties":{"feature_id":"lee-s1-0273","event_id":"lee","category":"low_backscatter_no_longer_present","area_ha":1.75,"center_lon":-64.17978,"center_lat":45.94115,"threshold_db":-17.695,"sensor":"Sentinel-1","polarization":"HV","interpretation":"candidate only; requires validation"}},{"type":"Feature","id":"lee-s1-0274","geometry":{"type":"Polygon","coordinates":[[[-64.332627,45.939923],[-64.332605,45.939023],[-64.33325,45.939016],[-64.333239,45.938566],[-64.33195,45.938581],[-64.331982,45.939931],[-64.332627,45.939923]]]},"properties":{"feature_id":"lee-s1-0274","event_id":"lee","category":"low_backscatter_no_longer_present","area_ha":1.0,"center_lon":-64.3326,"center_lat":45.939249,"threshold_db":-17.695,"sensor":"Sentinel-1","polarization":"HV","interpretation":"candidate only; requires validation"}},{"type":"Feature","id":"lee-s1-0275","geometry":{"type":"Polygon","coordinates":[[[-64.287486,45.940441],[-64.287466,45.939541],[-64.286821,45.939548],[-64.28681,45.939098],[-64.284876,45.93912],[-64.284897,45.94002],[-64.285541,45.940013],[-64.285552,45.940463],[-64.287486,45.940441]],[[-64.286186,45.940005],[-64.285541,45.940013],[-64.285531,45.939563],[-64.286176,45.939556],[-64.286186,45.940005]]]},"properties":{"feature_id":"lee-s1-0275","event_id":"lee","category":"low_backscatter_no_longer_present","area_ha":2.25,"center_lon":-64.286181,"center_lat":45.93978,"threshold_db":-17.695,"sensor":"Sentinel-1","polarization":"HV","interpretation":"candidate only; requires validation"}},{"type":"Feature","id":"lee-s1-0276","geometry":{"type":"Polygon","coordinates":[[[-64.393264,45.9401],[-64.393242,45.9392],[-64.393887,45.939192],[-64.393875,45.938742],[-64.39452,45.938735],[-64.394509,45.938285],[-64.395154,45.938277],[-64.395131,45.937377],[-64.394486,45.937385],[-64.394498,45.937835],[-64.393853,45.937843],[-64.393864,45.938293],[-64.393219,45.9383],[-64.393231,45.93875],[-64.392586,45.938758],[-64.392597,45.939208],[-64.391952,45.939216],[-64.391975,45.940116],[-64.393264,45.9401]]]},"properties":{"feature_id":"lee-s1-0276","event_id":"lee","category":"low_backscatter_no_longer_present","area_ha":2.75,"center_lon":-64.393553,"center_lat":45.938747,"threshold_db":-17.695,"sensor":"Sentinel-1","polarization":"HV","interpretation":"candidate only; requires validation"}},{"type":"Feature","id":"lee-s1-0277","geometry":{"type":"Polygon","coordinates":[[[-64.238121,45.954037],[-64.238111,45.953587],[-64.239401,45.953573],[-64.239391,45.953123],[-64.240036,45.953116],[-64.240026,45.952666],[-64.241316,45.952652],[-64.241286,45.951303],[-64.241931,45.951296],[-64.241891,45.949496],[-64.242536,45.949489],[-64.242506,45.948139],[-64.243796,45.948125],[-64.243786,45.947675],[-64.244431,45.947668],[-64.244421,45.947218],[-64.24571,45.947204],[-64.2457,45.946754],[-64.246345,45.946747],[-64.246335,45.946297],[-64.24698,45.94629],[-64.24697,45.94584],[-64.247615,45.945833],[-64.247595,45.944934],[-64.24824,45.944927],[-64.24823,45.944477],[-64.250164,45.944455],[-64.250154,45.944006],[-64.251444,45.943991],[-64.251434,45.943542],[-64.253369,45.94352],[-64.253359,45.94307],[-64.252714,45.943077],[-64.252683,45.941728],[-64.252038,45.941735],[-64.252028,45.941285],[-64.252673,45.941278],[-64.252663,45.940828],[-64.253953,45.940814],[-64.253943,45.940364],[-64.253298,45.940371],[-64.253267,45.939021],[-64.252623,45.939028],[-64.252633,45.939478],[-64.251988,45.939485],[-64.251998,45.939935],[-64.251353,45.939942],[-64.251343,45.939492],[-64.248763,45.939521],[-64.248834,45.94267],[-64.248189,45.942677],[-64.248209,45.943577],[-64.247565,45.943584],[-64.247575,45.944034],[-64.24693,45.944041],[-64.24694,45.944491],[-64.246295,45.944498],[-64.246315,45.945398],[-64.24567,45.945405],[-64.24568,45.945855],[-64.24439,45.945869],[-64.2444,45.946318],[-64.242466,45.94634],[-64.242476,45.946789],[-64.241831,45.946796],[-64.241841,45.947246],[-64.241196,45.947253],[-64.241206,45.947703],[-64.239916,45.947717],[-64.239966,45.949967],[-64.238676,45.949981],[-64.238656,45.949081],[-64.239301,45.949074],[-64.239291,45.948624],[-64.238646,45.948631],[-64.238606,45.946831],[-64.237316,45.946845],[-64.237306,45.946396],[-64.236016,45.946409],[-64.236026,45.946859],[-64.236671,45.946852],[-64.236701,45.948202],[-64.236056,45.948209],[-64.236066,45.948659],[-64.235421,45.948666],[-64.235431,45.949116],[-64.234141,45.94913],[-64.234151,45.94958],[-64.235441,45.949566],[-64.235471,45.950916],[-64.234826,45.950923],[-64.234816,45.950473],[-64.232881,45.950494],[-64.232891,45.950944],[-64.232246,45.95095],[-64.232256,45.9514],[-64.232901,45.951393],[-64.232921,45.952293],[-64.233566,45.952286],[-64.233576,45.952736],[-64.235511,45.952715],[-64.235521,45.953165],[-64.236811,45.953151],[-64.236821,45.953601],[-64.237466,45.953594],[-64.237476,45.954044],[-64.238121,45.954037]]]},"properties":{"feature_id":"lee-s1-0277","event_id":"lee","category":"persistent_low_backscatter","area_ha":60.5,"center_lon":-64.243099,"center_lat":45.946533,"threshold_db":-17.695,"sensor":"Sentinel-1","polarization":"HV","interpretation":"candidate only; requires validation"}},{"type":"Feature","id":"lee-s1-0278","geometry":{"type":"Polygon","coordinates":[[[-64.300373,45.939845],[-64.300342,45.938495],[-64.298407,45.938517],[-64.298418,45.938967],[-64.299707,45.938952],[-64.299728,45.939852],[-64.300373,45.939845]]]},"properties":{"feature_id":"lee-s1-0278","event_id":"lee","category":"new_low_backscatter_after_lee","area_ha":1.25,"center_lon":-64.29939,"center_lat":45.939174,"threshold_db":-17.695,"sensor":"Sentinel-1","polarization":"HV","interpretation":"candidate only; requires validation"}},{"type":"Feature","id":"lee-s1-0279","geometry":{"type":"Polygon","coordinates":[[[-64.293904,45.939018],[-64.293883,45.938118],[-64.291303,45.938148],[-64.291314,45.938598],[-64.290669,45.938605],[-64.290679,45.939055],[-64.291969,45.93904],[-64.291959,45.93859],[-64.292604,45.938583],[-64.292614,45.939033],[-64.293904,45.939018]]]},"properties":{"feature_id":"lee-s1-0279","event_id":"lee","category":"persistent_low_backscatter","area_ha":2.0,"center_lon":-64.292286,"center_lat":45.938586,"threshold_db":-17.695,"sensor":"Sentinel-1","polarization":"HV","interpretation":"candidate only; requires validation"}},{"type":"Feature","id":"lee-s1-0280","geometry":{"type":"Polygon","coordinates":[[[-64.169547,45.945309],[-64.169537,45.944859],[-64.168247,45.944872],[-64.168238,45.944422],[-64.168883,45.944416],[-64.168874,45.943966],[-64.167584,45.943979],[-64.167593,45.944429],[-64.166303,45.944442],[-64.166294,45.943992],[-64.166939,45.943986],[-64.166929,45.943536],[-64.166284,45.943542],[-64.166294,45.943992],[-64.165004,45.944005],[-64.164994,45.943555],[-64.165639,45.943549],[-64.16563,45.943099],[-64.166275,45.943092],[-64.166265,45.942642],[-64.164976,45.942656],[-64.164985,45.943106],[-64.16434,45.943112],[-64.16435,45.943562],[-64.16306,45.943575],[-64.16305,45.943125],[-64.162405,45.943132],[-64.162396,45.942682],[-64.163041,45.942675],[-64.163031,45.942225],[-64.164321,45.942212],[-64.164312,45.941762],[-64.163022,45.941775],[-64.163013,45.941326],[-64.162368,45.941332],[-64.162349,45.940432],[-64.160414,45.940452],[-64.160395,45.939552],[-64.16104,45.939546],[-64.161031,45.939096],[-64.160386,45.939102],[-64.160395,45.939552],[-64.159751,45.939559],[-64.159769,45.940458],[-64.159124,45.940465],[-64.159134,45.940915],[-64.159779,45.940908],[-64.159788,45.941358],[-64.161078,45.941345],[-64.161068,45.940895],[-64.161713,45.940889],[-64.161732,45.941789],[-64.163022,45.941775],[-64.163031,45.942225],[-64.162386,45.942232],[-64.162396,45.942682],[-64.161751,45.942688],[-64.161742,45.942239],[-64.161097,45.942245],[-64.161106,45.942695],[-64.160461,45.942702],[-64.16047,45.943151],[-64.159826,45.943158],[-64.159797,45.941808],[-64.159152,45.941815],[-64.159143,45.941365],[-64.157853,45.941378],[-64.157863,45.941828],[-64.156573,45.941841],[-64.156582,45.942291],[-64.155292,45.942304],[-64.15532,45.943654],[-64.155965,45.943647],[-64.155975,45.944097],[-64.15791,45.944078],[-64.1579,45.943628],[-64.15661,45.943641],[-64.156601,45.943191],[-64.157246,45.943184],[-64.157236,45.942734],[-64.157881,45.942728],[-64.157891,45.943178],[-64.159181,45.943165],[-64.15919,45.943615],[-64.158545,45.943621],[-64.158554,45.944071],[-64.159199,45.944064],[-64.15919,45.943615],[-64.16048,45.943601],[-64.16047,45.943151],[-64.161115,45.943145],[-64.161106,45.942695],[-64.161751,45.942688],[-64.16176,45.943138],[-64.162405,45.943132],[-64.162415,45.943582],[-64.161125,45.943595],[-64.161144,45.944495],[-64.160499,45.944501],[-64.160489,45.944051],[-64.159844,45.944058],[-64.159854,45.944508],[-64.158564,45.944521],[-64.158573,45.944971],[-64.161153,45.944945],[-64.161162,45.945395],[-64.161807,45.945388],[-64.161798,45.944938],[-64.161153,45.944945],[-64.161144,45.944495],[-64.162434,45.944482],[-64.162424,45.944032],[-64.163714,45.944019],[-64.163723,45.944468],[-64.164368,45.944462],[-64.164359,45.944012],[-64.165004,45.944005],[-64.165013,45.944455],[-64.166303,45.944442],[-64.166313,45.944892],[-64.168247,45.944872],[-64.168257,45.945322],[-64.169547,45.945309]],[[-64.157236,45.942734],[-64.156592,45.942741],[-64.156582,45.942291],[-64.157227,45.942284],[-64.157236,45.942734]]]},"properties":{"feature_id":"lee-s1-0280","event_id":"lee","category":"low_backscatter_no_longer_present","area_ha":19.0,"center_lon":-64.162419,"center_lat":45.942245,"threshold_db":-17.695,"sensor":"Sentinel-1","polarization":"HV","interpretation":"candidate only; requires validation"}},{"type":"Feature","id":"lee-s1-0281","geometry":{"type":"Polygon","coordinates":[[[-64.177836,45.940724],[-64.177807,45.939374],[-64.177162,45.939381],[-64.177153,45.938931],[-64.176508,45.938937],[-64.176518,45.939387],[-64.177162,45.939381],[-64.177191,45.94073],[-64.177836,45.940724]]]},"properties":{"feature_id":"lee-s1-0281","event_id":"lee","category":"low_backscatter_no_longer_present","area_ha":1.0,"center_lon":-64.177172,"center_lat":45.93983,"threshold_db":-17.695,"sensor":"Sentinel-1","polarization":"HV","interpretation":"candidate only; requires validation"}},{"type":"Feature","id":"lee-s1-0282","geometry":{"type":"Polygon","coordinates":[[[-64.21523,45.939882],[-64.2152,45.938532],[-64.214556,45.938539],[-64.214565,45.938989],[-64.213921,45.938996],[-64.21393,45.939446],[-64.214575,45.939439],[-64.214585,45.939889],[-64.21523,45.939882]]]},"properties":{"feature_id":"lee-s1-0282","event_id":"lee","category":"persistent_low_backscatter","area_ha":1.0,"center_lon":-64.214575,"center_lat":45.939211,"threshold_db":-17.695,"sensor":"Sentinel-1","polarization":"HV","interpretation":"candidate only; requires validation"}},{"type":"Feature","id":"lee-s1-0283","geometry":{"type":"Polygon","coordinates":[[[-64.168836,45.942166],[-64.168826,45.941716],[-64.169471,45.94171],[-64.169452,45.94081],[-64.170097,45.940803],[-64.170088,45.940353],[-64.170733,45.940347],[-64.170723,45.939897],[-64.172658,45.939877],[-64.172629,45.938527],[-64.17134,45.93854],[-64.171349,45.93899],[-64.170059,45.939003],[-64.17005,45.938554],[-64.16876,45.938567],[-64.16877,45.939017],[-64.16748,45.93903],[-64.167489,45.93948],[-64.16491,45.939506],[-64.164938,45.940856],[-64.167518,45.94083],[-64.167527,45.94128],[-64.166882,45.941286],[-64.166891,45.941736],[-64.167536,45.941729],[-64.167546,45.942179],[-64.168836,45.942166]]]},"properties":{"feature_id":"lee-s1-0283","event_id":"lee","category":"persistent_low_backscatter","area_ha":12.5,"center_lon":-64.168784,"center_lat":45.940353,"threshold_db":-17.695,"sensor":"Sentinel-1","polarization":"HV","interpretation":"candidate only; requires validation"}},{"type":"Feature","id":"lee-s1-0284","geometry":{"type":"Polygon","coordinates":[[[-64.37512,45.93672],[-64.375109,45.93627],[-64.373174,45.936293],[-64.373163,45.935843],[-64.372518,45.935851],[-64.372529,45.936301],[-64.373174,45.936293],[-64.373185,45.936743],[-64.37512,45.93672]]]},"properties":{"feature_id":"lee-s1-0284","event_id":"lee","category":"low_backscatter_no_longer_present","area_ha":1.0,"center_lon":-64.373819,"center_lat":45.936293,"threshold_db":-17.695,"sensor":"Sentinel-1","polarization":"HV","interpretation":"candidate only; requires validation"}},{"type":"Feature","id":"lee-s1-0285","geometry":{"type":"Polygon","coordinates":[[[-64.355131,45.936958],[-64.35512,45.936509],[-64.355765,45.936501],[-64.355754,45.936051],[-64.354464,45.936066],[-64.354475,45.936516],[-64.35383,45.936524],[-64.353841,45.936974],[-64.355131,45.936958]]]},"properties":{"feature_id":"lee-s1-0285","event_id":"lee","category":"new_low_backscatter_after_lee","area_ha":1.0,"center_lon":-64.354798,"center_lat":45.936512,"threshold_db":-17.695,"sensor":"Sentinel-1","polarization":"HV","interpretation":"candidate only; requires validation"}},{"type":"Feature","id":"lee-s1-0286","geometry":{"type":"Polygon","coordinates":[[[-64.187509,45.940624],[-64.18749,45.939724],[-64.188135,45.939717],[-64.188116,45.938817],[-64.187471,45.938824],[-64.187461,45.938374],[-64.188106,45.938367],[-64.188097,45.937917],[-64.186807,45.937931],[-64.186797,45.937481],[-64.186152,45.937487],[-64.186172,45.938387],[-64.184882,45.938401],[-64.184891,45.938851],[-64.184247,45.938857],[-64.184256,45.939307],[-64.183611,45.939314],[-64.18363,45.940214],[-64.184275,45.940207],[-64.184256,45.939307],[-64.184901,45.939301],[-64.18492,45.9402],[-64.18621,45.940187],[-64.1862,45.939737],[-64.186845,45.93973],[-64.186865,45.94063],[-64.187509,45.940624]],[[-64.1862,45.939737],[-64.185556,45.939744],[-64.185536,45.938844],[-64.186181,45.938837],[-64.1862,45.939737]]]},"properties":{"feature_id":"lee-s1-0286","event_id":"lee","category":"low_backscatter_no_longer_present","area_ha":5.75,"center_lon":-64.185873,"center_lat":45.939055,"threshold_db":-17.695,"sensor":"Sentinel-1","polarization":"HV","interpretation":"candidate only; requires validation"}},{"type":"Feature","id":"lee-s1-0287","geometry":{"type":"Polygon","coordinates":[[[-64.171349,45.93899],[-64.17134,45.93854],[-64.17005,45.938554],[-64.170021,45.937204],[-64.168732,45.937217],[-64.168741,45.937667],[-64.169386,45.93766],[-64.169395,45.93811],[-64.168751,45.938117],[-64.16876,45.938567],[-64.17005,45.938554],[-64.170059,45.939003],[-64.171349,45.93899]]]},"properties":{"feature_id":"lee-s1-0287","event_id":"lee","category":"low_backscatter_no_longer_present","area_ha":1.75,"center_lon":-64.17004,"center_lat":45.938103,"threshold_db":-17.695,"sensor":"Sentinel-1","polarization":"HV","interpretation":"candidate only; requires validation"}},{"type":"Feature","id":"lee-s1-0288","geometry":{"type":"Polygon","coordinates":[[[-64.420889,45.93571],[-64.420877,45.93526],[-64.421522,45.935252],[-64.42151,45.934802],[-64.420866,45.93481],[-64.420854,45.93436],[-64.420209,45.934368],[-64.420232,45.935268],[-64.419588,45.935276],[-64.419599,45.935726],[-64.420889,45.93571]]]},"properties":{"feature_id":"lee-s1-0288","event_id":"lee","category":"persistent_low_backscatter","area_ha":1.25,"center_lon":-64.420555,"center_lat":45.935043,"threshold_db":-17.695,"sensor":"Sentinel-1","polarization":"HV","interpretation":"candidate only; requires validation"}},{"type":"Feature","id":"lee-s1-0289","geometry":{"type":"Polygon","coordinates":[[[-64.214615,45.941239],[-64.214595,45.940339],[-64.21395,45.940346],[-64.21394,45.939896],[-64.214585,45.939889],[-64.214575,45.939439],[-64.21393,45.939446],[-64.213921,45.938996],[-64.214565,45.938989],[-64.214556,45.938539],[-64.2152,45.938532],[-64.21521,45.938982],[-64.215855,45.938975],[-64.215826,45.937626],[-64.216471,45.937619],[-64.216461,45.937169],[-64.217106,45.937162],[-64.217086,45.936262],[-64.216441,45.936269],[-64.216451,45.936719],[-64.215806,45.936726],[-64.215796,45.936276],[-64.214506,45.93629],[-64.214516,45.936739],[-64.215161,45.936733],[-64.215191,45.938082],[-64.213256,45.938103],[-64.213266,45.938553],[-64.213911,45.938546],[-64.213921,45.938996],[-64.212631,45.93901],[-64.21265,45.939909],[-64.213295,45.939903],[-64.213305,45.940353],[-64.212015,45.940366],[-64.212025,45.940816],[-64.21267,45.940809],[-64.21268,45.941259],[-64.214615,45.941239]]]},"properties":{"feature_id":"lee-s1-0289","event_id":"lee","category":"low_backscatter_no_longer_present","area_ha":7.0,"center_lon":-64.214561,"center_lat":45.938761,"threshold_db":-17.695,"sensor":"Sentinel-1","polarization":"HV","interpretation":"candidate only; requires validation"}},{"type":"Feature","id":"lee-s1-0290","geometry":{"type":"Polygon","coordinates":[[[-64.342213,45.936211],[-64.342202,45.935761],[-64.342847,45.935753],[-64.342836,45.935303],[-64.342191,45.935311],[-64.34218,45.934861],[-64.340891,45.934876],[-64.340912,45.935776],[-64.341557,45.935769],[-64.341568,45.936218],[-64.342213,45.936211]],[[-64.342202,45.935761],[-64.341557,45.935769],[-64.341546,45.935319],[-64.342191,45.935311],[-64.342202,45.935761]]]},"properties":{"feature_id":"lee-s1-0290","event_id":"lee","category":"low_backscatter_no_longer_present","area_ha":1.25,"center_lon":-64.341869,"center_lat":45.935539,"threshold_db":-17.695,"sensor":"Sentinel-1","polarization":"HV","interpretation":"candidate only; requires validation"}},{"type":"Feature","id":"lee-s1-0291","geometry":{"type":"Polygon","coordinates":[[[-64.227433,45.937502],[-64.227413,45.936602],[-64.228703,45.936588],[-64.228693,45.936138],[-64.226114,45.936166],[-64.226123,45.936616],[-64.225479,45.936622],[-64.225489,45.937072],[-64.226778,45.937059],[-64.226788,45.937508],[-64.227433,45.937502]]]},"properties":{"feature_id":"lee-s1-0291","event_id":"lee","category":"low_backscatter_no_longer_present","area_ha":2.0,"center_lon":-64.227091,"center_lat":45.936823,"threshold_db":-17.695,"sensor":"Sentinel-1","polarization":"HV","interpretation":"candidate only; requires validation"}},{"type":"Feature","id":"lee-s1-0292","geometry":{"type":"Polygon","coordinates":[[[-64.175835,45.937594],[-64.175816,45.936694],[-64.174526,45.936708],[-64.174516,45.936258],[-64.173227,45.936271],[-64.173236,45.936721],[-64.174526,45.936708],[-64.174535,45.937157],[-64.17518,45.937151],[-64.17519,45.937601],[-64.175835,45.937594]]]},"properties":{"feature_id":"lee-s1-0292","event_id":"lee","category":"low_backscatter_no_longer_present","area_ha":1.25,"center_lon":-64.174531,"center_lat":45.93693,"threshold_db":-17.695,"sensor":"Sentinel-1","polarization":"HV","interpretation":"candidate only; requires validation"}},{"type":"Feature","id":"lee-s1-0293","geometry":{"type":"Polygon","coordinates":[[[-64.17978,45.941154],[-64.179771,45.940704],[-64.179126,45.94071],[-64.179116,45.94026],[-64.179761,45.940254],[-64.179742,45.939354],[-64.180387,45.939347],[-64.180396,45.939797],[-64.181041,45.939791],[-64.181032,45.939341],[-64.181677,45.939334],[-64.181667,45.938884],[-64.180377,45.938897],[-64.180368,45.938447],[-64.181013,45.938441],[-64.180984,45.937091],[-64.181629,45.937084],[-64.181619,45.936634],[-64.17904,45.936661],[-64.179021,45.935761],[-64.178376,45.935768],[-64.178405,45.937118],[-64.17776,45.937124],[-64.177769,45.937574],[-64.177124,45.937581],[-64.177162,45.939381],[-64.177807,45.939374],[-64.177845,45.941174],[-64.17978,45.941154]]]},"properties":{"feature_id":"lee-s1-0293","event_id":"lee","category":"persistent_low_backscatter","area_ha":12.0,"center_lon":-64.1794,"center_lat":45.938468,"threshold_db":-17.695,"sensor":"Sentinel-1","polarization":"HV","interpretation":"candidate only; requires validation"}},{"type":"Feature","id":"lee-s1-0294","geometry":{"type":"Polygon","coordinates":[[[-64.397654,45.935096],[-64.397643,45.934646],[-64.398287,45.934638],[-64.398242,45.932839],[-64.397597,45.932847],[-64.397609,45.933297],[-64.396964,45.933304],[-64.396975,45.933754],[-64.39633,45.933762],[-64.396342,45.934212],[-64.396986,45.934204],[-64.397009,45.935104],[-64.397654,45.935096]]]},"properties":{"feature_id":"lee-s1-0294","event_id":"lee","category":"low_backscatter_no_longer_present","area_ha":2.25,"center_lon":-64.397309,"center_lat":45.933971,"threshold_db":-17.695,"sensor":"Sentinel-1","polarization":"HV","interpretation":"candidate only; requires validation"}},{"type":"Feature","id":"lee-s1-0295","geometry":{"type":"Polygon","coordinates":[[[-64.418264,45.933942],[-64.418241,45.933042],[-64.416306,45.933066],[-64.416295,45.932616],[-64.41565,45.932624],[-64.415673,45.933524],[-64.416963,45.933508],[-64.416974,45.933958],[-64.418264,45.933942]]]},"properties":{"feature_id":"lee-s1-0295","event_id":"lee","category":"low_backscatter_no_longer_present","area_ha":1.75,"center_lon":-64.416957,"center_lat":45.933287,"threshold_db":-17.695,"sensor":"Sentinel-1","polarization":"HV","interpretation":"candidate only; requires validation"}},{"type":"Feature","id":"lee-s1-0296","geometry":{"type":"Polygon","coordinates":[[[-64.190051,45.938797],[-64.190041,45.938347],[-64.189396,45.938354],[-64.189386,45.937904],[-64.190676,45.93789],[-64.190666,45.937441],[-64.191956,45.937427],[-64.191966,45.937877],[-64.192611,45.93787],[-64.192601,45.93742],[-64.191956,45.937427],[-64.191937,45.936527],[-64.190647,45.936541],[-64.190666,45.937441],[-64.189377,45.937454],[-64.189367,45.937004],[-64.188722,45.937011],[-64.188713,45.936561],[-64.190002,45.936547],[-64.189993,45.936097],[-64.190638,45.936091],[-64.190618,45.935191],[-64.189973,45.935198],[-64.189993,45.936097],[-64.188703,45.936111],[-64.188713,45.936561],[-64.187423,45.936574],[-64.187433,45.937024],[-64.188722,45.937011],[-64.188732,45.937461],[-64.189377,45.937454],[-64.189386,45.937904],[-64.188742,45.937911],[-64.188751,45.938361],[-64.189396,45.938354],[-64.189406,45.938804],[-64.190051,45.938797]]]},"properties":{"feature_id":"lee-s1-0296","event_id":"lee","category":"low_backscatter_no_longer_present","area_ha":4.0,"center_lon":-64.190017,"center_lat":45.936998,"threshold_db":-17.695,"sensor":"Sentinel-1","polarization":"HV","interpretation":"candidate only; requires validation"}},{"type":"Feature","id":"lee-s1-0297","geometry":{"type":"Polygon","coordinates":[[[-64.238365,45.936033],[-64.238355,45.935584],[-64.239645,45.93557],[-64.239635,45.93512],[-64.23899,45.935127],[-64.23898,45.934677],[-64.238335,45.934684],[-64.238345,45.935134],[-64.237056,45.935148],[-64.237066,45.935598],[-64.237711,45.935591],[-64.237721,45.93604],[-64.238365,45.936033]]]},"properties":{"feature_id":"lee-s1-0297","event_id":"lee","category":"low_backscatter_no_longer_present","area_ha":1.5,"center_lon":-64.23835,"center_lat":45.935358,"threshold_db":-17.695,"sensor":"Sentinel-1","polarization":"HV","interpretation":"candidate only; requires validation"}},{"type":"Feature","id":"lee-s1-0298","geometry":{"type":"Polygon","coordinates":[[[-64.163545,45.93592],[-64.163535,45.93547],[-64.160956,45.935496],[-64.160965,45.935946],[-64.163545,45.93592]]]},"properties":{"feature_id":"lee-s1-0298","event_id":"lee","category":"low_backscatter_no_longer_present","area_ha":1.0,"center_lon":-64.16225,"center_lat":45.935708,"threshold_db":-17.695,"sensor":"Sentinel-1","polarization":"HV","interpretation":"candidate only; requires validation"}},{"type":"Feature","id":"lee-s1-0299","geometry":{"type":"Polygon","coordinates":[[[-64.258335,45.934915],[-64.258325,45.934465],[-64.258969,45.934458],[-64.258959,45.934008],[-64.259604,45.934001],[-64.259594,45.933551],[-64.258304,45.933566],[-64.258325,45.934465],[-64.25768,45.934472],[-64.25769,45.934922],[-64.258335,45.934915]]]},"properties":{"feature_id":"lee-s1-0299","event_id":"lee","category":"low_backscatter_no_longer_present","area_ha":1.0,"center_lon":-64.258642,"center_lat":45.934236,"threshold_db":-17.695,"sensor":"Sentinel-1","polarization":"HV","interpretation":"candidate only; requires validation"}},{"type":"Feature","id":"lee-s1-0300","geometry":{"type":"Polygon","coordinates":[[[-64.168068,45.936324],[-64.168058,45.935874],[-64.168703,45.935867],[-64.168694,45.935417],[-64.168049,45.935424],[-64.16804,45.934974],[-64.167395,45.934981],[-64.167376,45.934081],[-64.166731,45.934087],[-64.16675,45.934987],[-64.16546,45.935],[-64.16547,45.93545],[-64.167404,45.93543],[-64.167423,45.93633],[-64.168068,45.936324]]]},"properties":{"feature_id":"lee-s1-0300","event_id":"lee","category":"low_backscatter_no_longer_present","area_ha":2.25,"center_lon":-64.167081,"center_lat":45.935205,"threshold_db":-17.695,"sensor":"Sentinel-1","polarization":"HV","interpretation":"candidate only; requires validation"}},{"type":"Feature","id":"lee-s1-0301","geometry":{"type":"Polygon","coordinates":[[[-64.400878,45.935057],[-64.400866,45.934607],[-64.402156,45.934591],[-64.402145,45.934141],[-64.4015,45.934149],[-64.401477,45.933249],[-64.402767,45.933233],[-64.402755,45.932783],[-64.4034,45.932776],[-64.403389,45.932326],[-64.402744,45.932334],[-64.40271,45.930984],[-64.402065,45.930992],[-64.402111,45.932791],[-64.398887,45.932831],[-64.398909,45.933731],[-64.400199,45.933715],[-64.400233,45.935065],[-64.400878,45.935057]]]},"properties":{"feature_id":"lee-s1-0301","event_id":"lee","category":"low_backscatter_no_longer_present","area_ha":5.25,"center_lon":-64.401144,"center_lat":45.933025,"threshold_db":-17.695,"sensor":"Sentinel-1","polarization":"HV","interpretation":"candidate only; requires validation"}},{"type":"Feature","id":"lee-s1-0302","geometry":{"type":"Polygon","coordinates":[[[-64.198347,45.93466],[-64.198337,45.93421],[-64.198982,45.934203],[-64.198953,45.932854],[-64.197663,45.932867],[-64.197702,45.934667],[-64.198347,45.93466]]]},"properties":{"feature_id":"lee-s1-0302","event_id":"lee","category":"persistent_low_backscatter","area_ha":1.75,"center_lon":-64.198323,"center_lat":45.93376,"threshold_db":-17.695,"sensor":"Sentinel-1","polarization":"HV","interpretation":"candidate only; requires validation"}},{"type":"Feature","id":"lee-s1-0303","geometry":{"type":"Polygon","coordinates":[[[-64.151919,45.935138],[-64.151909,45.934688],[-64.152554,45.934681],[-64.152545,45.934231],[-64.15319,45.934225],[-64.15318,45.933775],[-64.152535,45.933781],[-64.152526,45.933331],[-64.151881,45.933338],[-64.151909,45.934688],[-64.151264,45.934694],[-64.151274,45.935144],[-64.151919,45.935138]]]},"properties":{"feature_id":"lee-s1-0303","event_id":"lee","category":"low_backscatter_no_longer_present","area_ha":1.25,"center_lon":-64.152227,"center_lat":45.934238,"threshold_db":-17.695,"sensor":"Sentinel-1","polarization":"HV","interpretation":"candidate only; requires validation"}},{"type":"Feature","id":"lee-s1-0304","geometry":{"type":"Polygon","coordinates":[[[-64.124181,45.934964],[-64.124172,45.934514],[-64.122882,45.934527],[-64.122864,45.933627],[-64.122219,45.933633],[-64.122238,45.934533],[-64.122882,45.934527],[-64.122891,45.934976],[-64.124181,45.934964]]]},"properties":{"feature_id":"lee-s1-0304","event_id":"lee","category":"low_backscatter_no_longer_present","area_ha":1.0,"center_lon":-64.1232,"center_lat":45.934302,"threshold_db":-17.695,"sensor":"Sentinel-1","polarization":"HV","interpretation":"candidate only; requires validation"}},{"type":"Feature","id":"lee-s1-0305","geometry":{"type":"Polygon","coordinates":[[[-64.344705,45.932581],[-64.344672,45.931232],[-64.344028,45.931239],[-64.344017,45.930789],[-64.343372,45.930797],[-64.343394,45.931697],[-64.344038,45.931689],[-64.34406,45.932589],[-64.344705,45.932581]]]},"properties":{"feature_id":"lee-s1-0305","event_id":"lee","category":"low_backscatter_no_longer_present","area_ha":1.25,"center_lon":-64.344039,"center_lat":45.931689,"threshold_db":-17.695,"sensor":"Sentinel-1","polarization":"HV","interpretation":"candidate only; requires validation"}},{"type":"Feature","id":"lee-s1-0306","geometry":{"type":"Polygon","coordinates":[[[-64.376287,45.931755],[-64.376276,45.931305],[-64.376921,45.931298],[-64.376898,45.930398],[-64.376254,45.930406],[-64.376265,45.930855],[-64.37562,45.930863],[-64.375609,45.930413],[-64.374319,45.930429],[-64.37433,45.930879],[-64.37562,45.930863],[-64.375642,45.931763],[-64.376287,45.931755]]]},"properties":{"feature_id":"lee-s1-0306","event_id":"lee","category":"low_backscatter_no_longer_present","area_ha":1.5,"center_lon":-64.37562,"center_lat":45.93108,"threshold_db":-17.695,"sensor":"Sentinel-1","polarization":"HV","interpretation":"candidate only; requires validation"}},{"type":"Feature","id":"lee-s1-0307","geometry":{"type":"Polygon","coordinates":[[[-64.252481,45.932729],[-64.25246,45.93183],[-64.251171,45.931844],[-64.251191,45.932744],[-64.252481,45.932729]]]},"properties":{"feature_id":"lee-s1-0307","event_id":"lee","category":"persistent_low_backscatter","area_ha":1.0,"center_lon":-64.251826,"center_lat":45.932287,"threshold_db":-17.695,"sensor":"Sentinel-1","polarization":"HV","interpretation":"candidate only; requires validation"}},{"type":"Feature","id":"lee-s1-0308","geometry":{"type":"Polygon","coordinates":[[[-64.176422,45.934888],[-64.176394,45.933538],[-64.177039,45.933531],[-64.177048,45.933981],[-64.177693,45.933975],[-64.177684,45.933525],[-64.178973,45.933512],[-64.178964,45.933062],[-64.177674,45.933075],[-64.177664,45.932625],[-64.17702,45.932632],[-64.177029,45.933082],[-64.17574,45.933095],[-64.175759,45.933995],[-64.175114,45.934001],[-64.175123,45.934451],[-64.175768,45.934445],[-64.175778,45.934895],[-64.176422,45.934888]],[[-64.177684,45.933525],[-64.177039,45.933531],[-64.177029,45.933082],[-64.177674,45.933075],[-64.177684,45.933525]]]},"properties":{"feature_id":"lee-s1-0308","event_id":"lee","category":"low_backscatter_no_longer_present","area_ha":2.5,"center_lon":-64.177043,"center_lat":45.93376,"threshold_db":-17.695,"sensor":"Sentinel-1","polarization":"HV","interpretation":"candidate only; requires validation"}},{"type":"Feature","id":"lee-s1-0309","geometry":{"type":"Polygon","coordinates":[[[-64.330531,45.933197],[-64.330509,45.932298],[-64.331154,45.93229],[-64.331132,45.93139],[-64.330488,45.931398],[-64.330477,45.930948],[-64.329832,45.930955],[-64.329821,45.930505],[-64.328532,45.93052],[-64.328543,45.93097],[-64.329832,45.930955],[-64.329843,45.931405],[-64.330488,45.931398],[-64.330509,45.932298],[-64.329864,45.932305],[-64.329886,45.933205],[-64.330531,45.933197]]]},"properties":{"feature_id":"lee-s1-0309","event_id":"lee","category":"low_backscatter_no_longer_present","area_ha":1.75,"center_lon":-64.329843,"center_lat":45.931855,"threshold_db":-17.695,"sensor":"Sentinel-1","polarization":"HV","interpretation":"candidate only; requires validation"}},{"type":"Feature","id":"lee-s1-0310","geometry":{"type":"Polygon","coordinates":[[[-64.194439,45.932901],[-64.194429,45.932451],[-64.195074,45.932444],[-64.195064,45.931994],[-64.192485,45.932021],[-64.192495,45.932471],[-64.193785,45.932458],[-64.193794,45.932908],[-64.194439,45.932901]]]},"properties":{"feature_id":"lee-s1-0310","event_id":"lee","category":"persistent_low_backscatter","area_ha":1.25,"center_lon":-64.19378,"center_lat":45.932451,"threshold_db":-17.695,"sensor":"Sentinel-1","polarization":"HV","interpretation":"candidate only; requires validation"}},{"type":"Feature","id":"lee-s1-0311","geometry":{"type":"Polygon","coordinates":[[[-64.174469,45.934008],[-64.174459,45.933558],[-64.173815,45.933565],[-64.173805,45.933115],[-64.17445,45.933108],[-64.17444,45.932658],[-64.173796,45.932665],[-64.173777,45.931765],[-64.172487,45.931778],[-64.172497,45.932228],[-64.173141,45.932221],[-64.173151,45.932671],[-64.171216,45.932691],[-64.171226,45.933141],[-64.170581,45.933148],[-64.170591,45.933598],[-64.17188,45.933585],[-64.171871,45.933135],[-64.172515,45.933128],[-64.172534,45.934028],[-64.173179,45.934021],[-64.17317,45.933571],[-64.173815,45.933565],[-64.173824,45.934015],[-64.174469,45.934008]],[[-64.173805,45.933115],[-64.17316,45.933121],[-64.173151,45.932671],[-64.173796,45.932665],[-64.173805,45.933115]]]},"properties":{"feature_id":"lee-s1-0311","event_id":"lee","category":"low_backscatter_no_longer_present","area_ha":3.25,"center_lon":-64.172525,"center_lat":45.932896,"threshold_db":-17.695,"sensor":"Sentinel-1","polarization":"HV","interpretation":"candidate only; requires validation"}},{"type":"Feature","id":"lee-s1-0312","geometry":{"type":"Polygon","coordinates":[[[-64.348541,45.931186],[-64.34853,45.930736],[-64.34724,45.930751],[-64.347229,45.930301],[-64.346585,45.930309],[-64.346574,45.929859],[-64.345929,45.929867],[-64.345951,45.930767],[-64.34724,45.930751],[-64.347251,45.931201],[-64.348541,45.931186]]]},"properties":{"feature_id":"lee-s1-0312","event_id":"lee","category":"low_backscatter_no_longer_present","area_ha":1.25,"center_lon":-64.347235,"center_lat":45.93053,"threshold_db":-17.695,"sensor":"Sentinel-1","polarization":"HV","interpretation":"candidate only; requires validation"}},{"type":"Feature","id":"lee-s1-0313","geometry":{"type":"Polygon","coordinates":[[[-64.193804,45.933358],[-64.193785,45.932458],[-64.192495,45.932471],[-64.192485,45.932021],[-64.19313,45.932015],[-64.193111,45.931115],[-64.192466,45.931121],[-64.192456,45.930671],[-64.191812,45.930678],[-64.191821,45.931128],[-64.192466,45.931121],[-64.192485,45.932021],[-64.191841,45.932028],[-64.19185,45.932478],[-64.192495,45.932471],[-64.192505,45.932921],[-64.19186,45.932928],[-64.191869,45.933378],[-64.192514,45.933371],[-64.192505,45.932921],[-64.193149,45.932914],[-64.193159,45.933364],[-64.193804,45.933358]]]},"properties":{"feature_id":"lee-s1-0313","event_id":"lee","category":"low_backscatter_no_longer_present","area_ha":2.0,"center_lon":-64.192808,"center_lat":45.932024,"threshold_db":-17.695,"sensor":"Sentinel-1","polarization":"HV","interpretation":"candidate only; requires validation"}},{"type":"Feature","id":"lee-s1-0314","geometry":{"type":"Polygon","coordinates":[[[-64.164815,45.935007],[-64.164797,45.934107],[-64.165441,45.9341],[-64.165451,45.93455],[-64.166096,45.934544],[-64.166067,45.933194],[-64.165423,45.933201],[-64.165413,45.932751],[-64.166058,45.932744],[-64.166039,45.931844],[-64.166684,45.931838],[-64.166674,45.931388],[-64.16603,45.931394],[-64.16602,45.930944],[-64.165375,45.930951],[-64.165366,45.930501],[-64.164721,45.930508],[-64.164731,45.930957],[-64.165375,45.930951],[-64.165385,45.931401],[-64.164095,45.931414],[-64.164086,45.930964],[-64.163441,45.930971],[-64.163432,45.930521],[-64.162142,45.930534],[-64.162151,45.930984],[-64.163441,45.930971],[-64.16345,45.931421],[-64.161516,45.93144],[-64.161544,45.93279],[-64.160899,45.932797],[-64.160909,45.933246],[-64.161554,45.93324],[-64.161544,45.93279],[-64.162189,45.932783],[-64.162198,45.933233],[-64.162843,45.933227],[-64.162834,45.932777],[-64.162189,45.932783],[-64.16217,45.931884],[-64.16346,45.93187],[-64.16345,45.931421],[-64.164095,45.931414],[-64.164105,45.931864],[-64.165394,45.931851],[-64.165413,45.932751],[-64.164123,45.932764],[-64.164114,45.932314],[-64.163469,45.93232],[-64.163479,45.93277],[-64.164123,45.932764],[-64.164133,45.933214],[-64.163488,45.93322],[-64.163497,45.93367],[-64.160273,45.933703],[-64.160283,45.934153],[-64.162217,45.934133],[-64.162227,45.934583],[-64.162871,45.934577],[-64.162881,45.935027],[-64.163526,45.93502],[-64.163516,45.93457],[-64.164161,45.934563],[-64.164171,45.935013],[-64.164815,45.935007]],[[-64.163516,45.93457],[-64.162871,45.934577],[-64.162862,45.934127],[-64.163507,45.93412],[-64.163516,45.93457]],[[-64.164797,45.934107],[-64.164152,45.934114],[-64.164142,45.933664],[-64.164787,45.933657],[-64.164797,45.934107]],[[-64.166039,45.931844],[-64.165394,45.931851],[-64.165385,45.931401],[-64.16603,45.931394],[-64.166039,45.931844]]]},"properties":{"feature_id":"lee-s1-0314","event_id":"lee","category":"low_backscatter_no_longer_present","area_ha":9.5,"center_lon":-64.163478,"center_lat":45.932764,"threshold_db":-17.695,"sensor":"Sentinel-1","polarization":"HV","interpretation":"candidate only; requires validation"}},{"type":"Feature","id":"lee-s1-0315","geometry":{"type":"Polygon","coordinates":[[[-64.25246,45.93183],[-64.25243,45.93048],[-64.251141,45.930494],[-64.25113,45.930044],[-64.250486,45.930051],[-64.250476,45.929601],[-64.249831,45.929608],[-64.249841,45.930058],[-64.250486,45.930051],[-64.250496,45.930501],[-64.251141,45.930494],[-64.251151,45.930944],[-64.251795,45.930937],[-64.251816,45.931837],[-64.25246,45.93183]]]},"properties":{"feature_id":"lee-s1-0315","event_id":"lee","category":"low_backscatter_no_longer_present","area_ha":1.5,"center_lon":-64.251146,"center_lat":45.930719,"threshold_db":-17.695,"sensor":"Sentinel-1","polarization":"HV","interpretation":"candidate only; requires validation"}},{"type":"Feature","id":"lee-s1-0316","geometry":{"type":"Polygon","coordinates":[[[-64.187972,45.932068],[-64.187933,45.930269],[-64.186644,45.930282],[-64.186673,45.931632],[-64.187317,45.931625],[-64.187327,45.932075],[-64.187972,45.932068]]]},"properties":{"feature_id":"lee-s1-0316","event_id":"lee","category":"persistent_low_backscatter","area_ha":1.75,"center_lon":-64.187308,"center_lat":45.931172,"threshold_db":-17.695,"sensor":"Sentinel-1","polarization":"HV","interpretation":"candidate only; requires validation"}},{"type":"Feature","id":"lee-s1-0317","geometry":{"type":"Polygon","coordinates":[[[-64.447149,45.92863],[-64.447137,45.92818],[-64.446492,45.928188],[-64.446469,45.927288],[-64.44518,45.927304],[-64.445191,45.927754],[-64.444547,45.927762],[-64.444535,45.927313],[-64.44389,45.927321],[-64.443914,45.92822],[-64.445203,45.928204],[-64.445191,45.927754],[-64.445836,45.927746],[-64.445848,45.928196],[-64.446492,45.928188],[-64.446504,45.928638],[-64.447149,45.92863]]]},"properties":{"feature_id":"lee-s1-0317","event_id":"lee","category":"low_backscatter_no_longer_present","area_ha":1.75,"center_lon":-64.445519,"center_lat":45.927963,"threshold_db":-17.695,"sensor":"Sentinel-1","polarization":"HV","interpretation":"candidate only; requires validation"}},{"type":"Feature","id":"lee-s1-0318","geometry":{"type":"Polygon","coordinates":[[[-64.155722,45.931949],[-64.155713,45.931499],[-64.154423,45.931512],[-64.154405,45.930612],[-64.15376,45.930619],[-64.153778,45.931519],[-64.153134,45.931525],[-64.153143,45.931975],[-64.153788,45.931969],[-64.153778,45.931519],[-64.154423,45.931512],[-64.154433,45.931962],[-64.155722,45.931949]]]},"properties":{"feature_id":"lee-s1-0318","event_id":"lee","category":"low_backscatter_no_longer_present","area_ha":1.25,"center_lon":-64.154428,"center_lat":45.931294,"threshold_db":-17.695,"sensor":"Sentinel-1","polarization":"HV","interpretation":"candidate only; requires validation"}},{"type":"Feature","id":"lee-s1-0319","geometry":{"type":"Polygon","coordinates":[[[-64.200858,45.931484],[-64.200848,45.931034],[-64.202138,45.93102],[-64.202128,45.93057],[-64.200839,45.930584],[-64.200829,45.930134],[-64.200184,45.930141],[-64.200174,45.929691],[-64.197595,45.929718],[-64.197605,45.930168],[-64.19825,45.930161],[-64.198259,45.930611],[-64.200839,45.930584],[-64.200848,45.931034],[-64.200203,45.93104],[-64.200213,45.93149],[-64.200858,45.931484]]]},"properties":{"feature_id":"lee-s1-0319","event_id":"lee","category":"low_backscatter_no_longer_present","area_ha":2.75,"center_lon":-64.199867,"center_lat":45.93059,"threshold_db":-17.695,"sensor":"Sentinel-1","polarization":"HV","interpretation":"candidate only; requires validation"}},{"type":"Feature","id":"lee-s1-0320","geometry":{"type":"Polygon","coordinates":[[[-64.160909,45.933246],[-64.16089,45.932347],[-64.161535,45.93234],[-64.161525,45.93189],[-64.160236,45.931903],[-64.160226,45.931453],[-64.161516,45.93144],[-64.161507,45.93099],[-64.162151,45.930984],[-64.162142,45.930534],[-64.164076,45.930514],[-64.164086,45.930964],[-64.164731,45.930957],[-64.164721,45.930508],[-64.164076,45.930514],[-64.164067,45.930064],[-64.161488,45.93009],[-64.161497,45.93054],[-64.160852,45.930547],[-64.160862,45.930997],[-64.159572,45.93101],[-64.159591,45.93191],[-64.158946,45.931916],[-64.158937,45.931466],[-64.158292,45.931473],[-64.158301,45.931923],[-64.158946,45.931916],[-64.158956,45.932366],[-64.1596,45.93236],[-64.15961,45.93281],[-64.160255,45.932803],[-64.160264,45.933253],[-64.160909,45.933246]],[[-64.160245,45.932353],[-64.1596,45.93236],[-64.159591,45.93191],[-64.160236,45.931903],[-64.160245,45.932353]]]},"properties":{"feature_id":"lee-s1-0320","event_id":"lee","category":"persistent_low_backscatter","area_ha":4.5,"center_lon":-64.161512,"center_lat":45.931658,"threshold_db":-17.695,"sensor":"Sentinel-1","polarization":"HV","interpretation":"candidate only; requires validation"}},{"type":"Feature","id":"lee-s1-0321","geometry":{"type":"Polygon","coordinates":[[[-64.045466,45.933461],[-64.045441,45.932111],[-64.04673,45.932099],[-64.046713,45.931199],[-64.046069,45.931205],[-64.046077,45.931655],[-64.045432,45.931661],[-64.045441,45.932111],[-64.044796,45.932117],[-64.044821,45.933467],[-64.045466,45.933461]]]},"properties":{"feature_id":"lee-s1-0321","event_id":"lee","category":"low_backscatter_no_longer_present","area_ha":1.5,"center_lon":-64.045763,"center_lat":45.932333,"threshold_db":-17.695,"sensor":"Sentinel-1","polarization":"HV","interpretation":"candidate only; requires validation"}},{"type":"Feature","id":"lee-s1-0322","geometry":{"type":"Polygon","coordinates":[[[-64.30011,45.928597],[-64.3001,45.928147],[-64.299455,45.928155],[-64.299445,45.927705],[-64.298155,45.927719],[-64.298166,45.928169],[-64.29881,45.928162],[-64.298821,45.928612],[-64.30011,45.928597]]]},"properties":{"feature_id":"lee-s1-0322","event_id":"lee","category":"low_backscatter_no_longer_present","area_ha":1.0,"center_lon":-64.299132,"center_lat":45.928159,"threshold_db":-17.695,"sensor":"Sentinel-1","polarization":"HV","interpretation":"candidate only; requires validation"}},{"type":"Feature","id":"lee-s1-0323","geometry":{"type":"Polygon","coordinates":[[[-64.19695,45.929724],[-64.196941,45.929275],[-64.196296,45.929281],[-64.196286,45.928831],[-64.194997,45.928845],[-64.195007,45.929295],[-64.195651,45.929288],[-64.195661,45.929738],[-64.19695,45.929724]]]},"properties":{"feature_id":"lee-s1-0323","event_id":"lee","category":"low_backscatter_no_longer_present","area_ha":1.0,"center_lon":-64.195974,"center_lat":45.929285,"threshold_db":-17.695,"sensor":"Sentinel-1","polarization":"HV","interpretation":"candidate only; requires validation"}},{"type":"Feature","id":"lee-s1-0324","geometry":{"type":"Polygon","coordinates":[[[-64.1673,45.930481],[-64.167263,45.928682],[-64.165973,45.928695],[-64.166011,45.930494],[-64.1673,45.930481]]]},"properties":{"feature_id":"lee-s1-0324","event_id":"lee","category":"low_backscatter_no_longer_present","area_ha":2.0,"center_lon":-64.166636,"center_lat":45.929588,"threshold_db":-17.695,"sensor":"Sentinel-1","polarization":"HV","interpretation":"candidate only; requires validation"}},{"type":"Feature","id":"lee-s1-0325","geometry":{"type":"Polygon","coordinates":[[[-64.198875,45.929254],[-64.198865,45.928804],[-64.196931,45.928825],[-64.196921,45.928375],[-64.196277,45.928381],[-64.196286,45.928831],[-64.196931,45.928825],[-64.196941,45.929275],[-64.198875,45.929254]]]},"properties":{"feature_id":"lee-s1-0325","event_id":"lee","category":"persistent_low_backscatter","area_ha":1.0,"center_lon":-64.197576,"center_lat":45.928825,"threshold_db":-17.695,"sensor":"Sentinel-1","polarization":"HV","interpretation":"candidate only; requires validation"}},{"type":"Feature","id":"lee-s1-0326","geometry":{"type":"Polygon","coordinates":[[[-64.356563,45.942792],[-64.356541,45.941892],[-64.357186,45.941884],[-64.357175,45.941434],[-64.35782,45.941427],[-64.357798,45.940527],[-64.359087,45.940512],[-64.359077,45.940062],[-64.359721,45.940054],[-64.359677,45.938255],[-64.361612,45.938231],[-64.361601,45.937782],[-64.36289,45.937766],[-64.362913,45.938666],[-64.362268,45.938674],[-64.362279,45.939124],[-64.364213,45.9391],[-64.364224,45.93955],[-64.364869,45.939543],[-64.364858,45.939093],[-64.364213,45.9391],[-64.36418,45.937751],[-64.364825,45.937743],[-64.364803,45.936843],[-64.365448,45.936836],[-64.365437,45.936386],[-64.364147,45.936401],[-64.364158,45.936851],[-64.362868,45.936866],[-64.362835,45.935517],[-64.36348,45.935509],[-64.363469,45.935059],[-64.362824,45.935067],[-64.362791,45.933717],[-64.363436,45.933709],[-64.363425,45.93326],[-64.365359,45.933236],[-64.365348,45.932787],[-64.366638,45.932771],[-64.366649,45.933221],[-64.367294,45.933213],[-64.367283,45.932763],[-64.369217,45.93274],[-64.36925,45.93409],[-64.369895,45.934082],[-64.369928,45.935432],[-64.370573,45.935424],[-64.370595,45.936324],[-64.37124,45.936316],[-64.371262,45.937216],[-64.371907,45.937208],[-64.371918,45.937658],[-64.372563,45.93765],[-64.372574,45.9381],[-64.373219,45.938093],[-64.373274,45.940342],[-64.372629,45.94035],[-64.37264,45.9408],[-64.371996,45.940807],[-64.372018,45.941707],[-64.373952,45.941684],[-64.373963,45.942134],[-64.375253,45.942118],[-64.375186,45.939419],[-64.374542,45.939427],[-64.374519,45.938527],[-64.375164,45.938519],[-64.375153,45.938069],[-64.374508,45.938077],[-64.374475,45.936727],[-64.373185,45.936743],[-64.373174,45.936293],[-64.372529,45.936301],[-64.372507,45.935401],[-64.371862,45.935409],[-64.37184,45.934509],[-64.371195,45.934517],[-64.37114,45.932267],[-64.370495,45.932275],[-64.370473,45.931375],[-64.371118,45.931367],[-64.371107,45.930917],[-64.371751,45.93091],[-64.37174,45.93046],[-64.373675,45.930437],[-64.373652,45.929537],[-64.374297,45.929529],[-64.374308,45.929979],[-64.374953,45.929971],[-64.374942,45.929521],[-64.374297,45.929529],[-64.374275,45.928629],[-64.37492,45.928622],[-64.374908,45.928172],[-64.375553,45.928164],[-64.375531,45.927264],[-64.37682,45.927249],[-64.376809,45.926799],[-64.378099,45.926783],[-64.378087,45.926333],[-64.375509,45.926364],[-64.37552,45.926814],[-64.374875,45.926822],[-64.374886,45.927272],[-64.374242,45.92728],[-64.374253,45.92773],[-64.372963,45.927745],[-64.372985,45.928645],[-64.372341,45.928653],[-64.372352,45.929102],[-64.371707,45.92911],[-64.371718,45.92956],[-64.370429,45.929576],[-64.37044,45.930025],[-64.36915,45.930041],[-64.369106,45.928241],[-64.368461,45.928249],[-64.368472,45.928699],[-64.367828,45.928707],[-64.367817,45.928257],[-64.367172,45.928264],[-64.367183,45.928714],[-64.366538,45.928722],[-64.366549,45.929172],[-64.36526,45.929187],[-64.365282,45.930087],[-64.364637,45.930095],[-64.364626,45.929645],[-64.363982,45.929653],[-64.363993,45.930103],[-64.364637,45.930095],[-64.36467,45.931445],[-64.362091,45.931475],[-64.362069,45.930576],[-64.362714,45.930568],[-64.362659,45.928318],[-64.363304,45.928311],[-64.363282,45.927411],[-64.359413,45.927457],[-64.359402,45.927007],[-64.358758,45.927015],[-64.358769,45.927465],[-64.358124,45.927472],[-64.358113,45.927022],[-64.356824,45.927038],[-64.356835,45.927488],[-64.35619,45.927495],[-64.356201,45.927945],[-64.356846,45.927938],[-64.356868,45.928837],[-64.356223,45.928845],[-64.356234,45.929295],[-64.356879,45.929287],[-64.356901,45.930187],[-64.356256,45.930195],[-64.356267,45.930645],[-64.356911,45.930637],[-64.356944,45.931987],[-64.3563,45.931994],[-64.356322,45.932894],[-64.355677,45.932902],[-64.355699,45.933802],[-64.355054,45.933809],[-64.355087,45.935159],[-64.355732,45.935151],[-64.355765,45.936501],[-64.35512,45.936509],[-64.355142,45.937408],[-64.354497,45.937416],[-64.354508,45.937866],[-64.355153,45.937858],[-64.355164,45.938308],[-64.353874,45.938323],[-64.353885,45.938773],[-64.355819,45.93875],[-64.355863,45.94055],[-64.356508,45.940542],[-64.356519,45.940992],[-64.355874,45.941],[-64.355896,45.9419],[-64.355251,45.941907],[-64.355273,45.942807],[-64.356563,45.942792]]]},"properties":{"feature_id":"lee-s1-0326","event_id":"lee","category":"persistent_low_backscatter","area_ha":126.75,"center_lon":-64.365987,"center_lat":45.93457,"threshold_db":-17.695,"sensor":"Sentinel-1","polarization":"HV","interpretation":"candidate only; requires validation"}},{"type":"Feature","id":"lee-s1-0327","geometry":{"type":"Polygon","coordinates":[[[-64.202763,45.930113],[-64.202753,45.929664],[-64.203398,45.929657],[-64.203388,45.929207],[-64.201454,45.929227],[-64.201425,45.927877],[-64.20078,45.927884],[-64.20079,45.928334],[-64.200145,45.928341],[-64.200136,45.927891],[-64.198846,45.927904],[-64.198875,45.929254],[-64.201454,45.929227],[-64.201474,45.930127],[-64.202763,45.930113]]]},"properties":{"feature_id":"lee-s1-0327","event_id":"lee","category":"low_backscatter_no_longer_present","area_ha":4.0,"center_lon":-64.201122,"center_lat":45.929002,"threshold_db":-17.695,"sensor":"Sentinel-1","polarization":"HV","interpretation":"candidate only; requires validation"}},{"type":"Feature","id":"lee-s1-0328","geometry":{"type":"Polygon","coordinates":[[[-64.189223,45.930255],[-64.189213,45.929805],[-64.189858,45.929799],[-64.189848,45.929349],[-64.190493,45.929342],[-64.190484,45.928892],[-64.191128,45.928885],[-64.191119,45.928435],[-64.190474,45.928442],[-64.190484,45.928892],[-64.188549,45.928912],[-64.18854,45.928462],[-64.187895,45.928469],[-64.187885,45.928019],[-64.187241,45.928026],[-64.18725,45.928476],[-64.186605,45.928482],[-64.186615,45.928932],[-64.18726,45.928925],[-64.18725,45.928476],[-64.187895,45.928469],[-64.187904,45.928919],[-64.188549,45.928912],[-64.188559,45.929362],[-64.189204,45.929355],[-64.189213,45.929805],[-64.188568,45.929812],[-64.188578,45.930262],[-64.189223,45.930255]]]},"properties":{"feature_id":"lee-s1-0328","event_id":"lee","category":"low_backscatter_no_longer_present","area_ha":2.25,"center_lon":-64.188867,"center_lat":45.929141,"threshold_db":-17.695,"sensor":"Sentinel-1","polarization":"HV","interpretation":"candidate only; requires validation"}},{"type":"Feature","id":"lee-s1-0329","geometry":{"type":"Polygon","coordinates":[[[-64.160208,45.930553],[-64.160198,45.930104],[-64.160843,45.930097],[-64.160824,45.929197],[-64.159535,45.92921],[-64.159516,45.92831],[-64.158227,45.928323],[-64.158236,45.928773],[-64.158881,45.928767],[-64.15889,45.929217],[-64.159535,45.92921],[-64.159544,45.92966],[-64.160189,45.929654],[-64.160198,45.930104],[-64.159554,45.93011],[-64.159563,45.93056],[-64.160208,45.930553]]]},"properties":{"feature_id":"lee-s1-0329","event_id":"lee","category":"persistent_low_backscatter","area_ha":1.75,"center_lon":-64.159535,"center_lat":45.929435,"threshold_db":-17.695,"sensor":"Sentinel-1","polarization":"HV","interpretation":"candidate only; requires validation"}},{"type":"Feature","id":"lee-s1-0330","geometry":{"type":"Polygon","coordinates":[[[-64.15961,45.93281],[-64.1596,45.93236],[-64.158956,45.932366],[-64.158946,45.931916],[-64.159591,45.93191],[-64.159572,45.93101],[-64.160862,45.930997],[-64.160852,45.930547],[-64.161497,45.93054],[-64.161488,45.93009],[-64.163422,45.930071],[-64.163403,45.929171],[-64.164048,45.929164],[-64.164039,45.928714],[-64.163394,45.928721],[-64.163403,45.929171],[-64.162759,45.929177],[-64.162768,45.929627],[-64.161478,45.92964],[-64.161488,45.93009],[-64.160198,45.930104],[-64.160189,45.929654],[-64.159544,45.92966],[-64.159535,45.92921],[-64.15889,45.929217],[-64.158899,45.929667],[-64.158255,45.929673],[-64.158264,45.930123],[-64.157619,45.93013],[-64.157591,45.92878],[-64.156946,45.928786],[-64.156937,45.928336],[-64.155003,45.928356],[-64.155012,45.928806],[-64.155657,45.928799],[-64.155675,45.929699],[-64.155031,45.929706],[-64.15504,45.930156],[-64.15633,45.930143],[-64.156348,45.931043],[-64.157638,45.93103],[-64.157647,45.931479],[-64.157002,45.931486],[-64.157012,45.931936],[-64.158301,45.931923],[-64.158311,45.932373],[-64.158956,45.932366],[-64.158965,45.932816],[-64.15961,45.93281]],[[-64.158946,45.931916],[-64.158301,45.931923],[-64.158292,45.931473],[-64.158937,45.931466],[-64.158946,45.931916]],[[-64.160208,45.930553],[-64.159563,45.93056],[-64.159554,45.93011],[-64.160198,45.930104],[-64.160208,45.930553]]]},"properties":{"feature_id":"lee-s1-0330","event_id":"lee","category":"low_backscatter_no_longer_present","area_ha":11.0,"center_lon":-64.159526,"center_lat":45.930576,"threshold_db":-17.695,"sensor":"Sentinel-1","polarization":"HV","interpretation":"candidate only; requires validation"}},{"type":"Feature","id":"lee-s1-0331","geometry":{"type":"Polygon","coordinates":[[[-64.175663,45.929495],[-64.175625,45.927696],[-64.174981,45.927702],[-64.17499,45.928152],[-64.173701,45.928166],[-64.17371,45.928615],[-64.174355,45.928609],[-64.174364,45.929059],[-64.17372,45.929065],[-64.173729,45.929515],[-64.174374,45.929509],[-64.174364,45.929059],[-64.175009,45.929052],[-64.175019,45.929502],[-64.175663,45.929495]]]},"properties":{"feature_id":"lee-s1-0331","event_id":"lee","category":"persistent_low_backscatter","area_ha":2.0,"center_lon":-64.174682,"center_lat":45.928606,"threshold_db":-17.695,"sensor":"Sentinel-1","polarization":"HV","interpretation":"candidate only; requires validation"}},{"type":"Feature","id":"lee-s1-0332","geometry":{"type":"Polygon","coordinates":[[[-64.265254,45.927188],[-64.265243,45.926738],[-64.265888,45.926731],[-64.265878,45.926281],[-64.264589,45.926296],[-64.264599,45.926746],[-64.263954,45.926753],[-64.263964,45.927203],[-64.265254,45.927188]]]},"properties":{"feature_id":"lee-s1-0332","event_id":"lee","category":"low_backscatter_no_longer_present","area_ha":1.0,"center_lon":-64.264921,"center_lat":45.926742,"threshold_db":-17.695,"sensor":"Sentinel-1","polarization":"HV","interpretation":"candidate only; requires validation"}},{"type":"Feature","id":"lee-s1-0333","geometry":{"type":"Polygon","coordinates":[[[-64.162104,45.928734],[-64.162095,45.928284],[-64.164674,45.928258],[-64.164665,45.927808],[-64.16402,45.927815],[-64.164011,45.927365],[-64.161432,45.927391],[-64.161441,45.927841],[-64.162086,45.927834],[-64.162095,45.928284],[-64.16145,45.928291],[-64.16146,45.928741],[-64.162104,45.928734]]]},"properties":{"feature_id":"lee-s1-0333","event_id":"lee","category":"low_backscatter_no_longer_present","area_ha":2.25,"center_lon":-64.163053,"center_lat":45.928053,"threshold_db":-17.695,"sensor":"Sentinel-1","polarization":"HV","interpretation":"candidate only; requires validation"}},{"type":"Feature","id":"lee-s1-0334","geometry":{"type":"Polygon","coordinates":[[[-64.329735,45.926906],[-64.329725,45.926456],[-64.330369,45.926449],[-64.330348,45.925549],[-64.330993,45.925541],[-64.330982,45.925092],[-64.330337,45.925099],[-64.330348,45.925549],[-64.329703,45.925556],[-64.329725,45.926456],[-64.32908,45.926464],[-64.329091,45.926914],[-64.329735,45.926906]]]},"properties":{"feature_id":"lee-s1-0334","event_id":"lee","category":"low_backscatter_no_longer_present","area_ha":1.0,"center_lon":-64.330037,"center_lat":45.926003,"threshold_db":-17.695,"sensor":"Sentinel-1","polarization":"HV","interpretation":"candidate only; requires validation"}},{"type":"Feature","id":"lee-s1-0335","geometry":{"type":"Polygon","coordinates":[[[-64.245912,45.927401],[-64.245892,45.926501],[-64.245247,45.926508],[-64.245237,45.926058],[-64.243948,45.926072],[-64.243958,45.926522],[-64.245247,45.926508],[-64.245267,45.927408],[-64.245912,45.927401]]]},"properties":{"feature_id":"lee-s1-0335","event_id":"lee","category":"low_backscatter_no_longer_present","area_ha":1.0,"center_lon":-64.24493,"center_lat":45.926733,"threshold_db":-17.695,"sensor":"Sentinel-1","polarization":"HV","interpretation":"candidate only; requires validation"}},{"type":"Feature","id":"lee-s1-0336","geometry":{"type":"Polygon","coordinates":[[[-64.225925,45.927617],[-64.225915,45.927167],[-64.22656,45.92716],[-64.22655,45.92671],[-64.227195,45.926703],[-64.227185,45.926254],[-64.22654,45.92626],[-64.22655,45.92671],[-64.224616,45.926731],[-64.224626,45.927181],[-64.223981,45.927188],[-64.223991,45.927638],[-64.224636,45.927631],[-64.224626,45.927181],[-64.225271,45.927174],[-64.22528,45.927624],[-64.225925,45.927617]]]},"properties":{"feature_id":"lee-s1-0336","event_id":"lee","category":"low_backscatter_no_longer_present","area_ha":1.5,"center_lon":-64.225588,"center_lat":45.926946,"threshold_db":-17.695,"sensor":"Sentinel-1","polarization":"HV","interpretation":"candidate only; requires validation"}},{"type":"Feature","id":"lee-s1-0337","geometry":{"type":"Polygon","coordinates":[[[-64.196277,45.928381],[-64.196257,45.927482],[-64.196902,45.927475],[-64.196892,45.927025],[-64.195603,45.927038],[-64.195593,45.926588],[-64.194949,45.926595],[-64.194939,45.926145],[-64.194294,45.926152],[-64.194323,45.927502],[-64.194968,45.927495],[-64.194958,45.927045],[-64.195603,45.927038],[-64.195632,45.928388],[-64.196277,45.928381]]]},"properties":{"feature_id":"lee-s1-0337","event_id":"lee","category":"low_backscatter_no_longer_present","area_ha":2.0,"center_lon":-64.195598,"center_lat":45.927267,"threshold_db":-17.695,"sensor":"Sentinel-1","polarization":"HV","interpretation":"candidate only; requires validation"}},{"type":"Feature","id":"lee-s1-0338","geometry":{"type":"Polygon","coordinates":[[[-64.179504,45.928106],[-64.179494,45.927656],[-64.178849,45.927662],[-64.17884,45.927213],[-64.179484,45.927206],[-64.179475,45.926756],[-64.17883,45.926763],[-64.178821,45.926313],[-64.178176,45.926319],[-64.178185,45.926769],[-64.17883,45.926763],[-64.17884,45.927213],[-64.178195,45.927219],[-64.178204,45.927669],[-64.178849,45.927662],[-64.178859,45.928112],[-64.179504,45.928106]]]},"properties":{"feature_id":"lee-s1-0338","event_id":"lee","category":"persistent_low_backscatter","area_ha":1.0,"center_lon":-64.17884,"center_lat":45.927212,"threshold_db":-17.695,"sensor":"Sentinel-1","polarization":"HV","interpretation":"candidate only; requires validation"}},{"type":"Feature","id":"lee-s1-0339","geometry":{"type":"Polygon","coordinates":[[[-64.193034,45.927515],[-64.193014,45.926615],[-64.193659,45.926609],[-64.193649,45.926159],[-64.19236,45.926172],[-64.19237,45.926622],[-64.191725,45.926629],[-64.191735,45.927079],[-64.192379,45.927072],[-64.192389,45.927522],[-64.193034,45.927515]]]},"properties":{"feature_id":"lee-s1-0339","event_id":"lee","category":"low_backscatter_no_longer_present","area_ha":1.25,"center_lon":-64.192692,"center_lat":45.92684,"threshold_db":-17.695,"sensor":"Sentinel-1","polarization":"HV","interpretation":"candidate only; requires validation"}},{"type":"Feature","id":"lee-s1-0340","geometry":{"type":"Polygon","coordinates":[[[-64.233672,45.927984],[-64.233652,45.927084],[-64.233007,45.927091],[-64.232987,45.926191],[-64.233632,45.926184],[-64.233622,45.925734],[-64.232333,45.925748],[-64.232323,45.925298],[-64.231678,45.925305],[-64.231688,45.925755],[-64.232333,45.925748],[-64.232343,45.926198],[-64.231053,45.926212],[-64.231083,45.927562],[-64.233017,45.927541],[-64.233027,45.927991],[-64.233672,45.927984]]]},"properties":{"feature_id":"lee-s1-0340","event_id":"lee","category":"low_backscatter_no_longer_present","area_ha":3.5,"center_lon":-64.232362,"center_lat":45.926644,"threshold_db":-17.695,"sensor":"Sentinel-1","polarization":"HV","interpretation":"candidate only; requires validation"}},{"type":"Feature","id":"lee-s1-0341","geometry":{"type":"Polygon","coordinates":[[[-64.158862,45.927867],[-64.158853,45.927417],[-64.159497,45.92741],[-64.159488,45.926961],[-64.160133,45.926954],[-64.160123,45.926504],[-64.159479,45.926511],[-64.159488,45.926961],[-64.158843,45.926967],[-64.158824,45.926067],[-64.15818,45.926074],[-64.158189,45.926524],[-64.1569,45.926537],[-64.156918,45.927437],[-64.155629,45.92745],[-64.155638,45.9279],[-64.157572,45.92788],[-64.157563,45.92743],[-64.158208,45.927424],[-64.158217,45.927873],[-64.158862,45.927867]]]},"properties":{"feature_id":"lee-s1-0341","event_id":"lee","category":"low_backscatter_no_longer_present","area_ha":3.25,"center_lon":-64.157881,"center_lat":45.926984,"threshold_db":-17.695,"sensor":"Sentinel-1","polarization":"HV","interpretation":"candidate only; requires validation"}},{"type":"Feature","id":"lee-s1-0342","geometry":{"type":"Polygon","coordinates":[[[-64.218813,45.926793],[-64.218803,45.926343],[-64.217514,45.926357],[-64.217494,45.925457],[-64.216205,45.925471],[-64.216215,45.925921],[-64.216859,45.925914],[-64.216869,45.926364],[-64.217514,45.926357],[-64.217524,45.926807],[-64.218813,45.926793]]]},"properties":{"feature_id":"lee-s1-0342","event_id":"lee","category":"low_backscatter_no_longer_present","area_ha":1.25,"center_lon":-64.217509,"center_lat":45.926132,"threshold_db":-17.695,"sensor":"Sentinel-1","polarization":"HV","interpretation":"candidate only; requires validation"}},{"type":"Feature","id":"lee-s1-0343","geometry":{"type":"Polygon","coordinates":[[[-64.263309,45.92676],[-64.263289,45.92586],[-64.263934,45.925853],[-64.263923,45.925403],[-64.263279,45.92541],[-64.263268,45.92496],[-64.261979,45.924974],[-64.261959,45.924075],[-64.261314,45.924082],[-64.261324,45.924532],[-64.260679,45.924539],[-64.26069,45.924989],[-64.261979,45.924974],[-64.261999,45.925874],[-64.261355,45.925881],[-64.261365,45.926331],[-64.26072,45.926338],[-64.26073,45.926788],[-64.26202,45.926774],[-64.261999,45.925874],[-64.262644,45.925867],[-64.262665,45.926767],[-64.263309,45.92676]]]},"properties":{"feature_id":"lee-s1-0343","event_id":"lee","category":"low_backscatter_no_longer_present","area_ha":3.25,"center_lon":-64.262306,"center_lat":45.925432,"threshold_db":-17.695,"sensor":"Sentinel-1","polarization":"HV","interpretation":"candidate only; requires validation"}},{"type":"Feature","id":"lee-s1-0344","geometry":{"type":"Polygon","coordinates":[[[-64.234912,45.92572],[-64.234902,45.92527],[-64.235546,45.925263],[-64.235536,45.924813],[-64.234892,45.92482],[-64.234882,45.924371],[-64.233592,45.924384],[-64.233612,45.925284],[-64.234257,45.925277],[-64.234267,45.925727],[-64.234912,45.92572]]]},"properties":{"feature_id":"lee-s1-0344","event_id":"lee","category":"low_backscatter_no_longer_present","area_ha":1.5,"center_lon":-64.234569,"center_lat":45.925049,"threshold_db":-17.695,"sensor":"Sentinel-1","polarization":"HV","interpretation":"candidate only; requires validation"}},{"type":"Feature","id":"lee-s1-0345","geometry":{"type":"Polygon","coordinates":[[[-64.196228,45.926132],[-64.196219,45.925682],[-64.196863,45.925675],[-64.196844,45.924775],[-64.195555,45.924789],[-64.195584,45.926139],[-64.196228,45.926132]]]},"properties":{"feature_id":"lee-s1-0345","event_id":"lee","category":"new_low_backscatter_after_lee","area_ha":1.25,"center_lon":-64.196209,"center_lat":45.925457,"threshold_db":-17.695,"sensor":"Sentinel-1","polarization":"HV","interpretation":"candidate only; requires validation"}},{"type":"Feature","id":"lee-s1-0346","geometry":{"type":"Polygon","coordinates":[[[-64.370985,45.925969],[-64.370974,45.925519],[-64.371618,45.925511],[-64.371607,45.925061],[-64.372252,45.925053],[-64.372241,45.924604],[-64.371596,45.924611],[-64.371585,45.924161],[-64.37223,45.924154],[-64.372219,45.923704],[-64.370929,45.923719],[-64.370952,45.924619],[-64.370307,45.924627],[-64.370296,45.924177],[-64.369651,45.924185],[-64.36964,45.923735],[-64.370285,45.923727],[-64.370274,45.923277],[-64.371563,45.923262],[-64.371552,45.922812],[-64.370263,45.922827],[-64.370274,45.923277],[-64.368984,45.923292],[-64.368995,45.923742],[-64.368351,45.92375],[-64.36834,45.9233],[-64.367695,45.923308],[-64.367706,45.923758],[-64.368351,45.92375],[-64.368362,45.9242],[-64.367717,45.924208],[-64.367728,45.924658],[-64.369662,45.924634],[-64.369684,45.925534],[-64.370329,45.925527],[-64.37034,45.925976],[-64.370985,45.925969]],[[-64.370974,45.925519],[-64.370329,45.925527],[-64.370318,45.925077],[-64.370963,45.925069],[-64.370974,45.925519]],[[-64.371607,45.925061],[-64.370963,45.925069],[-64.370952,45.924619],[-64.371596,45.924611],[-64.371607,45.925061]]]},"properties":{"feature_id":"lee-s1-0346","event_id":"lee","category":"low_backscatter_no_longer_present","area_ha":5.0,"center_lon":-64.369974,"center_lat":45.924394,"threshold_db":-17.695,"sensor":"Sentinel-1","polarization":"HV","interpretation":"candidate only; requires validation"}},{"type":"Feature","id":"lee-s1-0347","geometry":{"type":"Polygon","coordinates":[[[-64.244582,45.925615],[-64.244562,45.924716],[-64.245851,45.924701],[-64.245841,45.924252],[-64.244552,45.924266],[-64.244562,45.924716],[-64.243917,45.924723],[-64.243937,45.925622],[-64.244582,45.925615]]]},"properties":{"feature_id":"lee-s1-0347","event_id":"lee","category":"low_backscatter_no_longer_present","area_ha":1.0,"center_lon":-64.244884,"center_lat":45.924937,"threshold_db":-17.695,"sensor":"Sentinel-1","polarization":"HV","interpretation":"candidate only; requires validation"}},{"type":"Feature","id":"lee-s1-0348","geometry":{"type":"Polygon","coordinates":[[[-64.341275,45.924071],[-64.341264,45.923621],[-64.340619,45.923629],[-64.340609,45.923179],[-64.339964,45.923186],[-64.339953,45.922737],[-64.339308,45.922744],[-64.339319,45.923194],[-64.339964,45.923186],[-64.339986,45.924086],[-64.341275,45.924071]]]},"properties":{"feature_id":"lee-s1-0348","event_id":"lee","category":"low_backscatter_no_longer_present","area_ha":1.0,"center_lon":-64.340292,"center_lat":45.923412,"threshold_db":-17.695,"sensor":"Sentinel-1","polarization":"HV","interpretation":"candidate only; requires validation"}},{"type":"Feature","id":"lee-s1-0349","geometry":{"type":"Polygon","coordinates":[[[-64.265213,45.925389],[-64.265203,45.924939],[-64.266492,45.924925],[-64.266482,45.924475],[-64.265837,45.924482],[-64.265827,45.924032],[-64.264537,45.924046],[-64.264527,45.923596],[-64.263238,45.923611],[-64.263248,45.92406],[-64.263893,45.924053],[-64.263903,45.924503],[-64.265192,45.924489],[-64.265203,45.924939],[-64.264558,45.924946],[-64.264568,45.925396],[-64.265213,45.925389]]]},"properties":{"feature_id":"lee-s1-0349","event_id":"lee","category":"low_backscatter_no_longer_present","area_ha":2.0,"center_lon":-64.264865,"center_lat":45.924496,"threshold_db":-17.695,"sensor":"Sentinel-1","polarization":"HV","interpretation":"candidate only; requires validation"}},{"type":"Feature","id":"lee-s1-0350","geometry":{"type":"Polygon","coordinates":[[[-64.238125,45.925235],[-64.238115,45.924786],[-64.239404,45.924772],[-64.239394,45.924322],[-64.23875,45.924329],[-64.23874,45.923879],[-64.238095,45.923886],[-64.238105,45.924336],[-64.23746,45.924343],[-64.23748,45.925242],[-64.238125,45.925235]]]},"properties":{"feature_id":"lee-s1-0350","event_id":"lee","category":"low_backscatter_no_longer_present","area_ha":1.25,"center_lon":-64.238432,"center_lat":45.92456,"threshold_db":-17.695,"sensor":"Sentinel-1","polarization":"HV","interpretation":"candidate only; requires validation"}},{"type":"Feature","id":"lee-s1-0351","geometry":{"type":"Polygon","coordinates":[[[-64.254283,45.926859],[-64.254263,45.92596],[-64.254908,45.925952],[-64.254898,45.925503],[-64.254253,45.92551],[-64.254243,45.92506],[-64.252953,45.925074],[-64.252943,45.924624],[-64.251009,45.924645],[-64.251019,45.925095],[-64.250374,45.925102],[-64.250364,45.924652],[-64.24972,45.924659],[-64.24971,45.924209],[-64.249065,45.924216],[-64.249045,45.923317],[-64.247755,45.923331],[-64.247765,45.923781],[-64.24841,45.923773],[-64.24842,45.924223],[-64.247775,45.92423],[-64.247806,45.92558],[-64.249095,45.925566],[-64.249085,45.925116],[-64.24844,45.925123],[-64.24843,45.924673],[-64.24972,45.924659],[-64.24973,45.925109],[-64.250374,45.925102],[-64.250395,45.926002],[-64.24975,45.926009],[-64.24976,45.926459],[-64.250405,45.926452],[-64.250415,45.926902],[-64.25106,45.926895],[-64.25105,45.926445],[-64.250405,45.926452],[-64.250395,45.926002],[-64.251684,45.925988],[-64.251674,45.925538],[-64.251029,45.925545],[-64.251019,45.925095],[-64.252309,45.925081],[-64.252329,45.925981],[-64.252974,45.925974],[-64.252994,45.926873],[-64.254283,45.926859]],[[-64.254263,45.92596],[-64.252974,45.925974],[-64.252963,45.925524],[-64.254253,45.92551],[-64.254263,45.92596]]]},"properties":{"feature_id":"lee-s1-0351","event_id":"lee","category":"low_backscatter_no_longer_present","area_ha":6.75,"center_lon":-64.251331,"center_lat":45.925109,"threshold_db":-17.695,"sensor":"Sentinel-1","polarization":"HV","interpretation":"candidate only; requires validation"}},{"type":"Feature","id":"lee-s1-0352","geometry":{"type":"Polygon","coordinates":[[[-64.190407,45.925293],[-64.190387,45.924393],[-64.189743,45.924399],[-64.189733,45.923949],[-64.189088,45.923956],[-64.189098,45.924406],[-64.188453,45.924413],[-64.188444,45.923963],[-64.187799,45.92397],[-64.187808,45.92442],[-64.188453,45.924413],[-64.188463,45.924863],[-64.189107,45.924856],[-64.189117,45.925306],[-64.190407,45.925293]]]},"properties":{"feature_id":"lee-s1-0352","event_id":"lee","category":"low_backscatter_no_longer_present","area_ha":1.75,"center_lon":-64.189103,"center_lat":45.924627,"threshold_db":-17.695,"sensor":"Sentinel-1","polarization":"HV","interpretation":"candidate only; requires validation"}},{"type":"Feature","id":"lee-s1-0353","geometry":{"type":"Polygon","coordinates":[[[-64.180091,45.9254],[-64.180081,45.92495],[-64.180726,45.924943],[-64.180707,45.924043],[-64.179418,45.924056],[-64.179427,45.924506],[-64.178782,45.924513],[-64.178792,45.924963],[-64.179437,45.924956],[-64.179446,45.925406],[-64.180091,45.9254]]]},"properties":{"feature_id":"lee-s1-0353","event_id":"lee","category":"low_backscatter_no_longer_present","area_ha":1.5,"center_lon":-64.179754,"center_lat":45.924724,"threshold_db":-17.695,"sensor":"Sentinel-1","polarization":"HV","interpretation":"candidate only; requires validation"}},{"type":"Feature","id":"lee-s1-0354","geometry":{"type":"Polygon","coordinates":[[[-64.167197,45.925532],[-64.167187,45.925082],[-64.167832,45.925075],[-64.167822,45.924626],[-64.168467,45.924619],[-64.168458,45.924169],[-64.167813,45.924176],[-64.167822,45.924626],[-64.167178,45.924632],[-64.167187,45.925082],[-64.165898,45.925095],[-64.165907,45.925545],[-64.167197,45.925532]]]},"properties":{"feature_id":"lee-s1-0354","event_id":"lee","category":"new_low_backscatter_after_lee","area_ha":1.0,"center_lon":-64.167182,"center_lat":45.924857,"threshold_db":-17.695,"sensor":"Sentinel-1","polarization":"HV","interpretation":"candidate only; requires validation"}},{"type":"Feature","id":"lee-s1-0355","geometry":{"type":"Polygon","coordinates":[[[-64.2278,45.924897],[-64.22779,45.924447],[-64.228435,45.92444],[-64.228425,45.92399],[-64.229714,45.923976],[-64.229704,45.923526],[-64.228415,45.92354],[-64.228425,45.92399],[-64.22778,45.923997],[-64.22779,45.924447],[-64.2265,45.924461],[-64.22651,45.924911],[-64.2278,45.924897]]]},"properties":{"feature_id":"lee-s1-0355","event_id":"lee","category":"low_backscatter_no_longer_present","area_ha":1.25,"center_lon":-64.228107,"center_lat":45.924219,"threshold_db":-17.695,"sensor":"Sentinel-1","polarization":"HV","interpretation":"candidate only; requires validation"}},{"type":"Feature","id":"lee-s1-0356","geometry":{"type":"Polygon","coordinates":[[[-64.129148,45.925464],[-64.129139,45.925014],[-64.129784,45.925008],[-64.129775,45.924558],[-64.130419,45.924552],[-64.13041,45.924102],[-64.129765,45.924108],[-64.129775,45.924558],[-64.128485,45.924571],[-64.128503,45.925471],[-64.129148,45.925464]]]},"properties":{"feature_id":"lee-s1-0356","event_id":"lee","category":"low_backscatter_no_longer_present","area_ha":1.0,"center_lon":-64.129452,"center_lat":45.924786,"threshold_db":-17.695,"sensor":"Sentinel-1","polarization":"HV","interpretation":"candidate only; requires validation"}},{"type":"Feature","id":"lee-s1-0357","geometry":{"type":"Polygon","coordinates":[[[-64.182651,45.924473],[-64.182622,45.923123],[-64.181333,45.923137],[-64.181352,45.924036],[-64.181997,45.92403],[-64.182006,45.92448],[-64.182651,45.924473]]]},"properties":{"feature_id":"lee-s1-0357","event_id":"lee","category":"persistent_low_backscatter","area_ha":1.25,"center_lon":-64.181992,"center_lat":45.923801,"threshold_db":-17.695,"sensor":"Sentinel-1","polarization":"HV","interpretation":"candidate only; requires validation"}},{"type":"Feature","id":"lee-s1-0358","geometry":{"type":"Polygon","coordinates":[[[-64.177645,45.931725],[-64.177626,45.930825],[-64.178271,45.930819],[-64.178262,45.930369],[-64.179551,45.930355],[-64.179532,45.929456],[-64.180177,45.929449],[-64.180167,45.928999],[-64.181457,45.928986],[-64.181466,45.929436],[-64.182111,45.929429],[-64.182102,45.928979],[-64.181457,45.928986],[-64.181447,45.928536],[-64.182092,45.928529],[-64.182073,45.927629],[-64.181428,45.927636],[-64.181419,45.927186],[-64.183998,45.927159],[-64.183988,45.926709],[-64.185278,45.926696],[-64.185287,45.927146],[-64.185932,45.927139],[-64.185922,45.926689],[-64.186567,45.926683],[-64.186557,45.926233],[-64.185913,45.926239],[-64.185903,45.925789],[-64.184614,45.925803],[-64.184623,45.926253],[-64.182689,45.926273],[-64.182679,45.925823],[-64.180745,45.925843],[-64.180755,45.926293],[-64.18011,45.926299],[-64.18012,45.926749],[-64.179475,45.926756],[-64.179484,45.927206],[-64.17884,45.927213],[-64.17883,45.926763],[-64.178185,45.926769],[-64.178176,45.926319],[-64.176242,45.926339],[-64.176232,45.925889],[-64.176877,45.925883],[-64.176867,45.925433],[-64.175578,45.925446],[-64.175568,45.924996],[-64.174279,45.925009],[-64.17427,45.924559],[-64.173625,45.924566],[-64.173634,45.925016],[-64.172345,45.925029],[-64.172335,45.924579],[-64.171046,45.924593],[-64.171036,45.924143],[-64.171681,45.924136],[-64.171672,45.923686],[-64.171027,45.923693],[-64.171018,45.923243],[-64.169728,45.923256],[-64.169719,45.922806],[-64.168429,45.922819],[-64.168439,45.923269],[-64.169083,45.923263],[-64.169093,45.923713],[-64.170382,45.923699],[-64.170392,45.924149],[-64.168458,45.924169],[-64.168467,45.924619],[-64.167822,45.924626],[-64.167832,45.925075],[-64.167187,45.925082],[-64.167197,45.925532],[-64.165907,45.925545],[-64.165898,45.925095],[-64.164608,45.925108],[-64.164627,45.926008],[-64.166561,45.925989],[-64.166571,45.926438],[-64.165926,45.926445],[-64.165935,45.926895],[-64.165291,45.926902],[-64.1653,45.927351],[-64.16659,45.927338],[-64.16658,45.926888],[-64.16787,45.926875],[-64.167898,45.928225],[-64.169187,45.928212],[-64.169197,45.928662],[-64.168552,45.928668],[-64.168562,45.929118],[-64.169851,45.929105],[-64.169842,45.928655],[-64.170486,45.928649],[-64.170477,45.928199],[-64.171122,45.928192],[-64.171112,45.927742],[-64.168533,45.927768],[-64.168514,45.926869],[-64.16787,45.926875],[-64.16786,45.926425],[-64.168505,45.926419],[-64.168495,45.925969],[-64.16914,45.925962],[-64.169121,45.925062],[-64.170411,45.925049],[-64.170401,45.924599],[-64.171046,45.924593],[-64.171055,45.925042],[-64.172345,45.925029],[-64.172354,45.925479],[-64.173644,45.925466],[-64.173653,45.925916],[-64.174298,45.925909],[-64.174317,45.926809],[-64.174962,45.926802],[-64.174952,45.926353],[-64.175597,45.926346],[-64.175616,45.927246],[-64.176905,45.927233],[-64.176915,45.927682],[-64.178204,45.927669],[-64.178195,45.927219],[-64.17884,45.927213],[-64.178849,45.927662],[-64.179494,45.927656],[-64.179504,45.928106],[-64.178214,45.928119],[-64.178224,45.928569],[-64.177579,45.928576],[-64.177588,45.929026],[-64.178233,45.929019],[-64.178252,45.929919],[-64.176963,45.929932],[-64.176972,45.930382],[-64.175683,45.930395],[-64.175673,45.929945],[-64.176318,45.929939],[-64.176308,45.929489],[-64.176953,45.929482],[-64.176944,45.929032],[-64.176299,45.929039],[-64.176289,45.928589],[-64.176934,45.928582],[-64.176924,45.928132],[-64.17628,45.928139],[-64.17627,45.927689],[-64.175625,45.927696],[-64.175673,45.929945],[-64.175028,45.929952],[-64.175009,45.929052],[-64.174364,45.929059],[-64.174355,45.928609],[-64.172421,45.928629],[-64.172411,45.928179],[-64.171766,45.928185],[-64.171795,45.929535],[-64.17244,45.929529],[-64.17243,45.929079],[-64.173075,45.929072],[-64.173103,45.930422],[-64.173748,45.930415],[-64.173739,45.929965],[-64.174383,45.929959],[-64.174393,45.930409],[-64.175683,45.930395],[-64.175692,45.930845],[-64.175047,45.930852],[-64.175057,45.931302],[-64.175702,45.931295],[-64.175692,45.930845],[-64.176337,45.930839],[-64.176356,45.931738],[-64.177645,45.931725]],[[-64.174374,45.929509],[-64.173729,45.929515],[-64.17372,45.929065],[-64.174364,45.929059],[-64.174374,45.929509]],[[-64.180167,45.928999],[-64.179523,45.929006],[-64.179513,45.928556],[-64.180158,45.928549],[-64.180167,45.928999]],[[-64.181438,45.928086],[-64.180793,45.928092],[-64.180783,45.927643],[-64.181428,45.927636],[-64.181438,45.928086]],[[-64.16786,45.926425],[-64.167215,45.926432],[-64.167206,45.925982],[-64.167851,45.925975],[-64.16786,45.926425]]]},"properties":{"feature_id":"lee-s1-0358","event_id":"lee","category":"low_backscatter_no_longer_present","area_ha":38.5,"center_lon":-64.175588,"center_lat":45.927272,"threshold_db":-17.695,"sensor":"Sentinel-1","polarization":"HV","interpretation":"candidate only; requires validation"}},{"type":"Feature","id":"lee-s1-0359","geometry":{"type":"Polygon","coordinates":[[[-64.221363,45.925416],[-64.221353,45.924966],[-64.222642,45.924952],[-64.222632,45.924502],[-64.221988,45.924509],[-64.221978,45.924059],[-64.222622,45.924052],[-64.222613,45.923602],[-64.223257,45.923595],[-64.223228,45.922246],[-64.222583,45.922253],[-64.222593,45.922703],[-64.220659,45.922723],[-64.220669,45.923173],[-64.220024,45.92318],[-64.220034,45.92363],[-64.220678,45.923623],[-64.220669,45.923173],[-64.221958,45.923159],[-64.221978,45.924059],[-64.221333,45.924066],[-64.221343,45.924516],[-64.220698,45.924523],[-64.220708,45.924973],[-64.220063,45.92498],[-64.220073,45.92543],[-64.221363,45.925416]]]},"properties":{"feature_id":"lee-s1-0359","event_id":"lee","category":"low_backscatter_no_longer_present","area_ha":3.75,"center_lon":-64.221641,"center_lat":45.923838,"threshold_db":-17.695,"sensor":"Sentinel-1","polarization":"HV","interpretation":"candidate only; requires validation"}},{"type":"Feature","id":"lee-s1-0360","geometry":{"type":"Polygon","coordinates":[[[-64.191677,45.924379],[-64.191667,45.923929],[-64.191022,45.923936],[-64.191013,45.923486],[-64.191657,45.923479],[-64.191648,45.923029],[-64.191003,45.923036],[-64.191013,45.923486],[-64.190368,45.923493],[-64.190358,45.923043],[-64.189714,45.92305],[-64.189704,45.9226],[-64.189059,45.922606],[-64.189069,45.923056],[-64.189714,45.92305],[-64.189723,45.9235],[-64.189079,45.923506],[-64.189088,45.923956],[-64.189733,45.923949],[-64.189723,45.9235],[-64.190368,45.923493],[-64.190378,45.923943],[-64.191022,45.923936],[-64.191032,45.924386],[-64.191677,45.924379]]]},"properties":{"feature_id":"lee-s1-0360","event_id":"lee","category":"new_low_backscatter_after_lee","area_ha":1.5,"center_lon":-64.190368,"center_lat":45.923493,"threshold_db":-17.695,"sensor":"Sentinel-1","polarization":"HV","interpretation":"candidate only; requires validation"}},{"type":"Feature","id":"lee-s1-0361","geometry":{"type":"Polygon","coordinates":[[[-64.268416,45.924453],[-64.268406,45.924003],[-64.267761,45.92401],[-64.26774,45.923111],[-64.268385,45.923103],[-64.268375,45.922654],[-64.269019,45.922646],[-64.26903,45.923096],[-64.269674,45.923089],[-64.269654,45.922189],[-64.269009,45.922196],[-64.268999,45.921747],[-64.268354,45.921754],[-64.268375,45.922654],[-64.267085,45.922668],[-64.267075,45.922218],[-64.26643,45.922225],[-64.266441,45.922675],[-64.265796,45.922682],[-64.265786,45.922232],[-64.264497,45.922246],[-64.264517,45.923146],[-64.265806,45.923132],[-64.265817,45.923582],[-64.266461,45.923575],[-64.266441,45.922675],[-64.267085,45.922668],[-64.267126,45.924467],[-64.268416,45.924453]]]},"properties":{"feature_id":"lee-s1-0361","event_id":"lee","category":"low_backscatter_no_longer_present","area_ha":4.25,"center_lon":-64.267086,"center_lat":45.923107,"threshold_db":-17.695,"sensor":"Sentinel-1","polarization":"HV","interpretation":"candidate only; requires validation"}},{"type":"Feature","id":"lee-s1-0362","geometry":{"type":"Polygon","coordinates":[[[-64.230993,45.923512],[-64.230964,45.922163],[-64.230319,45.92217],[-64.230329,45.92262],[-64.229684,45.922626],[-64.229704,45.923526],[-64.230993,45.923512]]]},"properties":{"feature_id":"lee-s1-0362","event_id":"lee","category":"persistent_low_backscatter","area_ha":1.25,"center_lon":-64.230339,"center_lat":45.922844,"threshold_db":-17.695,"sensor":"Sentinel-1","polarization":"HV","interpretation":"candidate only; requires validation"}},{"type":"Feature","id":"lee-s1-0363","geometry":{"type":"Polygon","coordinates":[[[-64.050472,45.925315],[-64.050455,45.924415],[-64.0511,45.924409],[-64.051091,45.923959],[-64.048512,45.923983],[-64.048521,45.924432],[-64.04981,45.924421],[-64.049827,45.925321],[-64.050472,45.925315]]]},"properties":{"feature_id":"lee-s1-0363","event_id":"lee","category":"low_backscatter_no_longer_present","area_ha":1.5,"center_lon":-64.049806,"center_lat":45.92464,"threshold_db":-17.695,"sensor":"Sentinel-1","polarization":"HV","interpretation":"candidate only; requires validation"}},{"type":"Feature","id":"lee-s1-0364","geometry":{"type":"Polygon","coordinates":[[[-64.325824,45.925152],[-64.325814,45.924702],[-64.326458,45.924694],[-64.326448,45.924244],[-64.325803,45.924252],[-64.325792,45.923802],[-64.327726,45.923779],[-64.327737,45.924229],[-64.328382,45.924222],[-64.328371,45.923772],[-64.329016,45.923764],[-64.329005,45.923314],[-64.32836,45.923322],[-64.328371,45.923772],[-64.327726,45.923779],[-64.327715,45.923329],[-64.325137,45.923359],[-64.325126,45.92291],[-64.324481,45.922917],[-64.324471,45.922467],[-64.323826,45.922475],[-64.323815,45.922025],[-64.325105,45.92201],[-64.325094,45.92156],[-64.325739,45.921552],[-64.325728,45.921102],[-64.322505,45.92114],[-64.322515,45.92159],[-64.32316,45.921582],[-64.323181,45.922482],[-64.323826,45.922475],[-64.323847,45.923374],[-64.323203,45.923382],[-64.323214,45.923832],[-64.323858,45.923824],[-64.323847,45.923374],[-64.324492,45.923367],[-64.324514,45.924267],[-64.325803,45.924252],[-64.325814,45.924702],[-64.324524,45.924717],[-64.324535,45.925166],[-64.325824,45.925152]]]},"properties":{"feature_id":"lee-s1-0364","event_id":"lee","category":"low_backscatter_no_longer_present","area_ha":6.25,"center_lon":-64.325761,"center_lat":45.923134,"threshold_db":-17.695,"sensor":"Sentinel-1","polarization":"HV","interpretation":"candidate only; requires validation"}},{"type":"Feature","id":"lee-s1-0365","geometry":{"type":"Polygon","coordinates":[[[-64.181342,45.923587],[-64.181323,45.922687],[-64.180678,45.922693],[-64.180688,45.923143],[-64.179399,45.923157],[-64.179389,45.922707],[-64.1781,45.92272],[-64.178109,45.92317],[-64.178754,45.923163],[-64.178763,45.923613],[-64.181342,45.923587]]]},"properties":{"feature_id":"lee-s1-0365","event_id":"lee","category":"low_backscatter_no_longer_present","area_ha":1.75,"center_lon":-64.179721,"center_lat":45.92315,"threshold_db":-17.695,"sensor":"Sentinel-1","polarization":"HV","interpretation":"candidate only; requires validation"}},{"type":"Feature","id":"lee-s1-0366","geometry":{"type":"Polygon","coordinates":[[[-64.186529,45.924883],[-64.1865,45.923533],[-64.185855,45.92354],[-64.185846,45.92309],[-64.185201,45.923097],[-64.185191,45.922647],[-64.184547,45.922653],[-64.184537,45.922203],[-64.183892,45.92221],[-64.183902,45.92266],[-64.184547,45.922653],[-64.184566,45.923553],[-64.183921,45.92356],[-64.183911,45.92311],[-64.183267,45.923117],[-64.183248,45.922217],[-64.181958,45.92223],[-64.181968,45.92268],[-64.182613,45.922673],[-64.182641,45.924023],[-64.184575,45.924003],[-64.184585,45.924453],[-64.18394,45.92446],[-64.18395,45.92491],[-64.184594,45.924903],[-64.184585,45.924453],[-64.185874,45.92444],[-64.185884,45.92489],[-64.186529,45.924883]],[[-64.18522,45.923996],[-64.184575,45.924003],[-64.184566,45.923553],[-64.18521,45.923546],[-64.18522,45.923996]]]},"properties":{"feature_id":"lee-s1-0366","event_id":"lee","category":"low_backscatter_no_longer_present","area_ha":4.75,"center_lon":-64.184243,"center_lat":45.923557,"threshold_db":-17.695,"sensor":"Sentinel-1","polarization":"HV","interpretation":"candidate only; requires validation"}},{"type":"Feature","id":"lee-s1-0367","geometry":{"type":"Polygon","coordinates":[[[-64.160095,45.925154],[-64.160086,45.924704],[-64.16073,45.924698],[-64.160721,45.924248],[-64.160076,45.924254],[-64.160067,45.923804],[-64.161356,45.923791],[-64.161347,45.923341],[-64.160058,45.923355],[-64.160039,45.922455],[-64.159394,45.922461],[-64.15945,45.925161],[-64.160095,45.925154]]]},"properties":{"feature_id":"lee-s1-0367","event_id":"lee","category":"low_backscatter_no_longer_present","area_ha":2.25,"center_lon":-64.160375,"center_lat":45.923808,"threshold_db":-17.695,"sensor":"Sentinel-1","polarization":"HV","interpretation":"candidate only; requires validation"}},{"type":"Feature","id":"lee-s1-0368","geometry":{"type":"Polygon","coordinates":[[[-64.354114,45.92167],[-64.354103,45.92122],[-64.354747,45.921212],[-64.354736,45.920762],[-64.357315,45.920732],[-64.357304,45.920282],[-64.354725,45.920312],[-64.354736,45.920762],[-64.354092,45.92077],[-64.354103,45.92122],[-64.353458,45.921227],[-64.353469,45.921677],[-64.354114,45.92167]]]},"properties":{"feature_id":"lee-s1-0368","event_id":"lee","category":"low_backscatter_no_longer_present","area_ha":1.5,"center_lon":-64.355387,"center_lat":45.92098,"threshold_db":-17.695,"sensor":"Sentinel-1","polarization":"HV","interpretation":"candidate only; requires validation"}},{"type":"Feature","id":"lee-s1-0369","geometry":{"type":"Polygon","coordinates":[[[-64.263228,45.923161],[-64.263217,45.922711],[-64.263862,45.922704],[-64.263821,45.920904],[-64.263177,45.920911],[-64.263207,45.922261],[-64.262563,45.922268],[-64.262583,45.923168],[-64.263228,45.923161]]]},"properties":{"feature_id":"lee-s1-0369","event_id":"lee","category":"low_backscatter_no_longer_present","area_ha":1.5,"center_lon":-64.263213,"center_lat":45.922036,"threshold_db":-17.695,"sensor":"Sentinel-1","polarization":"HV","interpretation":"candidate only; requires validation"}},{"type":"Feature","id":"lee-s1-0370","geometry":{"type":"Polygon","coordinates":[[[-64.25806,45.922768],[-64.258019,45.920968],[-64.257375,45.920975],[-64.257395,45.921875],[-64.256106,45.921889],[-64.256116,45.922339],[-64.25676,45.922332],[-64.256771,45.922782],[-64.25806,45.922768]]]},"properties":{"feature_id":"lee-s1-0370","event_id":"lee","category":"low_backscatter_no_longer_present","area_ha":1.75,"center_lon":-64.257083,"center_lat":45.921875,"threshold_db":-17.695,"sensor":"Sentinel-1","polarization":"HV","interpretation":"candidate only; requires validation"}},{"type":"Feature","id":"lee-s1-0371","geometry":{"type":"Polygon","coordinates":[[[-64.183959,45.92536],[-64.18394,45.92446],[-64.184585,45.924453],[-64.184575,45.924003],[-64.18522,45.923996],[-64.18521,45.923546],[-64.184566,45.923553],[-64.184547,45.922653],[-64.185191,45.922647],[-64.185201,45.923097],[-64.18649,45.923083],[-64.186481,45.922633],[-64.185191,45.922647],[-64.185172,45.921747],[-64.183883,45.92176],[-64.183892,45.92221],[-64.183248,45.922217],[-64.183267,45.923117],[-64.183911,45.92311],[-64.183921,45.92356],[-64.184566,45.923553],[-64.184575,45.924003],[-64.183286,45.924016],[-64.183315,45.925366],[-64.183959,45.92536]],[[-64.184547,45.922653],[-64.183902,45.92266],[-64.183892,45.92221],[-64.184537,45.922203],[-64.184547,45.922653]]]},"properties":{"feature_id":"lee-s1-0371","event_id":"lee","category":"persistent_low_backscatter","area_ha":3.5,"center_lon":-64.184869,"center_lat":45.923557,"threshold_db":-17.695,"sensor":"Sentinel-1","polarization":"HV","interpretation":"candidate only; requires validation"}},{"type":"Feature","id":"lee-s1-0372","geometry":{"type":"Polygon","coordinates":[[[-64.401816,45.921094],[-64.401793,45.920195],[-64.402438,45.920187],[-64.402404,45.918837],[-64.401759,45.918845],[-64.401771,45.919295],[-64.401126,45.919303],[-64.401115,45.918853],[-64.40047,45.918861],[-64.400493,45.91976],[-64.401137,45.919753],[-64.401149,45.920202],[-64.400504,45.92021],[-64.400515,45.92066],[-64.40116,45.920652],[-64.401171,45.921102],[-64.401816,45.921094]]]},"properties":{"feature_id":"lee-s1-0372","event_id":"lee","category":"low_backscatter_no_longer_present","area_ha":2.5,"center_lon":-64.401454,"center_lat":45.91997,"threshold_db":-17.695,"sensor":"Sentinel-1","polarization":"HV","interpretation":"candidate only; requires validation"}},{"type":"Feature","id":"lee-s1-0373","geometry":{"type":"Polygon","coordinates":[[[-64.240674,45.923858],[-64.240664,45.923408],[-64.243243,45.92338],[-64.243232,45.92293],[-64.242588,45.922937],[-64.242578,45.922487],[-64.243867,45.922473],[-64.243877,45.922923],[-64.244522,45.922916],[-64.244512,45.922466],[-64.243867,45.922473],[-64.243847,45.921573],[-64.242558,45.921587],[-64.242538,45.920687],[-64.241893,45.920694],[-64.241913,45.921594],[-64.242558,45.921587],[-64.242578,45.922487],[-64.241933,45.922494],[-64.241943,45.922944],[-64.241298,45.922951],[-64.241288,45.922501],[-64.240644,45.922508],[-64.240634,45.922058],[-64.239989,45.922065],[-64.240009,45.922965],[-64.240654,45.922958],[-64.240664,45.923408],[-64.239374,45.923422],[-64.239384,45.923872],[-64.240674,45.923858]]]},"properties":{"feature_id":"lee-s1-0373","event_id":"lee","category":"low_backscatter_no_longer_present","area_ha":4.25,"center_lon":-64.241948,"center_lat":45.92228,"threshold_db":-17.695,"sensor":"Sentinel-1","polarization":"HV","interpretation":"candidate only; requires validation"}},{"type":"Feature","id":"lee-s1-0374","geometry":{"type":"Polygon","coordinates":[[[-64.326373,45.921095],[-64.32634,45.919745],[-64.325696,45.919753],[-64.325717,45.920653],[-64.325073,45.92066],[-64.325083,45.92111],[-64.326373,45.921095]]]},"properties":{"feature_id":"lee-s1-0374","event_id":"lee","category":"persistent_low_backscatter","area_ha":1.0,"center_lon":-64.325723,"center_lat":45.920428,"threshold_db":-17.695,"sensor":"Sentinel-1","polarization":"HV","interpretation":"candidate only; requires validation"}},{"type":"Feature","id":"lee-s1-0375","geometry":{"type":"Polygon","coordinates":[[[-64.115018,45.928303],[-64.115009,45.927853],[-64.114364,45.92786],[-64.114346,45.92696],[-64.114991,45.926953],[-64.115,45.927403],[-64.115645,45.927397],[-64.115627,45.926497],[-64.114982,45.926503],[-64.114973,45.926054],[-64.115618,45.926047],[-64.115609,45.925597],[-64.116898,45.925585],[-64.116907,45.926035],[-64.117552,45.926028],[-64.117543,45.925578],[-64.116898,45.925585],[-64.116889,45.925135],[-64.118823,45.925116],[-64.118832,45.925566],[-64.119477,45.925559],[-64.119486,45.926009],[-64.120131,45.926003],[-64.120104,45.924653],[-64.120748,45.924647],[-64.120739,45.924197],[-64.120095,45.924203],[-64.120086,45.923753],[-64.119441,45.92376],[-64.119432,45.92331],[-64.118787,45.923316],[-64.118796,45.923766],[-64.116862,45.923785],[-64.116853,45.923335],[-64.118142,45.923322],[-64.118133,45.922872],[-64.117489,45.922879],[-64.11748,45.922429],[-64.116835,45.922435],[-64.116826,45.921985],[-64.116181,45.921991],[-64.11619,45.922441],[-64.115546,45.922448],[-64.115536,45.921998],[-64.114892,45.922004],[-64.11491,45.922904],[-64.116199,45.922891],[-64.11619,45.922441],[-64.116835,45.922435],[-64.116853,45.923335],[-64.114274,45.92336],[-64.114265,45.92291],[-64.112976,45.922923],[-64.112985,45.923373],[-64.113629,45.923366],[-64.113638,45.923816],[-64.114283,45.92381],[-64.114292,45.92426],[-64.114937,45.924254],[-64.114928,45.923804],[-64.115573,45.923798],[-64.115582,45.924247],[-64.116226,45.924241],[-64.116217,45.923791],[-64.116862,45.923785],[-64.11688,45.924685],[-64.116235,45.924691],[-64.116244,45.925141],[-64.1156,45.925147],[-64.115609,45.925597],[-64.113674,45.925616],[-64.113692,45.926516],[-64.113048,45.926522],[-64.113057,45.926972],[-64.113701,45.926966],[-64.113719,45.927866],[-64.114364,45.92786],[-64.114373,45.928309],[-64.115018,45.928303]],[[-64.120104,45.924653],[-64.117525,45.924679],[-64.117516,45.924229],[-64.118805,45.924216],[-64.118796,45.923766],[-64.119441,45.92376],[-64.11945,45.92421],[-64.120095,45.924203],[-64.120104,45.924653]]]},"properties":{"feature_id":"lee-s1-0375","event_id":"lee","category":"low_backscatter_no_longer_present","area_ha":12.0,"center_lon":-64.116862,"center_lat":45.925147,"threshold_db":-17.695,"sensor":"Sentinel-1","polarization":"HV","interpretation":"candidate only; requires validation"}},{"type":"Feature","id":"lee-s1-0376","geometry":{"type":"Polygon","coordinates":[[[-64.17682,45.923183],[-64.17681,45.922733],[-64.177455,45.922727],[-64.177445,45.922277],[-64.176801,45.922283],[-64.176791,45.921833],[-64.176147,45.92184],[-64.176137,45.92139],[-64.175492,45.921397],[-64.175483,45.920947],[-64.174838,45.920953],[-64.174848,45.921403],[-64.175492,45.921397],[-64.175502,45.921847],[-64.173568,45.921867],[-64.173577,45.922316],[-64.175511,45.922297],[-64.17553,45.923196],[-64.17682,45.923183]],[[-64.17681,45.922733],[-64.176166,45.92274],[-64.176156,45.92229],[-64.176801,45.922283],[-64.17681,45.922733]]]},"properties":{"feature_id":"lee-s1-0376","event_id":"lee","category":"low_backscatter_no_longer_present","area_ha":2.75,"center_lon":-64.175511,"center_lat":45.922072,"threshold_db":-17.695,"sensor":"Sentinel-1","polarization":"HV","interpretation":"candidate only; requires validation"}},{"type":"Feature","id":"lee-s1-0377","geometry":{"type":"Polygon","coordinates":[[[-64.247715,45.921531],[-64.247705,45.921081],[-64.24706,45.921088],[-64.24705,45.920638],[-64.246405,45.920645],[-64.246395,45.920195],[-64.245751,45.920202],[-64.245761,45.920652],[-64.246405,45.920645],[-64.246416,45.921095],[-64.245771,45.921102],[-64.245781,45.921552],[-64.246426,45.921545],[-64.246416,45.921095],[-64.24706,45.921088],[-64.24707,45.921538],[-64.247715,45.921531]]]},"properties":{"feature_id":"lee-s1-0377","event_id":"lee","category":"low_backscatter_no_longer_present","area_ha":1.0,"center_lon":-64.246733,"center_lat":45.920873,"threshold_db":-17.695,"sensor":"Sentinel-1","polarization":"HV","interpretation":"candidate only; requires validation"}},{"type":"Feature","id":"lee-s1-0378","geometry":{"type":"Polygon","coordinates":[[[-64.223862,45.921789],[-64.223852,45.921339],[-64.224497,45.921332],[-64.224477,45.920432],[-64.223833,45.920439],[-64.223852,45.921339],[-64.223208,45.921346],[-64.223198,45.920896],[-64.222553,45.920903],[-64.222543,45.920453],[-64.221899,45.92046],[-64.221928,45.92181],[-64.222573,45.921803],[-64.222563,45.921353],[-64.223208,45.921346],[-64.223218,45.921796],[-64.223862,45.921789]]]},"properties":{"feature_id":"lee-s1-0378","event_id":"lee","category":"low_backscatter_no_longer_present","area_ha":1.75,"center_lon":-64.223198,"center_lat":45.921121,"threshold_db":-17.695,"sensor":"Sentinel-1","polarization":"HV","interpretation":"candidate only; requires validation"}},{"type":"Feature","id":"lee-s1-0379","geometry":{"type":"Polygon","coordinates":[[[-64.187116,45.922177],[-64.187106,45.921727],[-64.188396,45.921713],[-64.188386,45.921263],[-64.187097,45.921277],[-64.187087,45.920827],[-64.186442,45.920834],[-64.186452,45.921283],[-64.187097,45.921277],[-64.187106,45.921727],[-64.186461,45.921733],[-64.186471,45.922183],[-64.187116,45.922177]]]},"properties":{"feature_id":"lee-s1-0379","event_id":"lee","category":"persistent_low_backscatter","area_ha":1.0,"center_lon":-64.187419,"center_lat":45.921505,"threshold_db":-17.695,"sensor":"Sentinel-1","polarization":"HV","interpretation":"candidate only; requires validation"}},{"type":"Feature","id":"lee-s1-0380","geometry":{"type":"Polygon","coordinates":[[[-64.169065,45.922363],[-64.169046,45.921463],[-64.16969,45.921456],[-64.1697,45.921906],[-64.170344,45.9219],[-64.170335,45.92145],[-64.16969,45.921456],[-64.169681,45.921006],[-64.168392,45.92102],[-64.16842,45.922369],[-64.169065,45.922363]]]},"properties":{"feature_id":"lee-s1-0380","event_id":"lee","category":"low_backscatter_no_longer_present","area_ha":1.25,"center_lon":-64.169368,"center_lat":45.921688,"threshold_db":-17.695,"sensor":"Sentinel-1","polarization":"HV","interpretation":"candidate only; requires validation"}},{"type":"Feature","id":"lee-s1-0381","geometry":{"type":"Polygon","coordinates":[[[-64.14734,45.932033],[-64.14733,45.931584],[-64.149265,45.931564],[-64.149246,45.930664],[-64.150536,45.930651],[-64.150527,45.930201],[-64.151171,45.930195],[-64.151153,45.929295],[-64.151798,45.929288],[-64.151779,45.928389],[-64.152424,45.928382],[-64.152414,45.927932],[-64.153059,45.927926],[-64.15305,45.927476],[-64.154339,45.927463],[-64.15433,45.927013],[-64.154975,45.927006],[-64.154956,45.926106],[-64.155601,45.9261],[-64.155591,45.92565],[-64.156236,45.925643],[-64.156227,45.925193],[-64.156872,45.925187],[-64.156862,45.924737],[-64.156217,45.924744],[-64.156171,45.922494],[-64.156815,45.922487],[-64.156797,45.921588],[-64.156152,45.921594],[-64.156143,45.921144],[-64.155498,45.921151],[-64.155489,45.920701],[-64.154844,45.920707],[-64.154853,45.921157],[-64.154209,45.921164],[-64.154218,45.921614],[-64.152929,45.921627],[-64.152919,45.921177],[-64.152275,45.921183],[-64.152284,45.921633],[-64.151639,45.92164],[-64.151649,45.92209],[-64.149714,45.922109],[-64.149724,45.922559],[-64.149079,45.922565],[-64.14907,45.922116],[-64.148425,45.922122],[-64.148434,45.922572],[-64.145856,45.922598],[-64.145865,45.923048],[-64.144575,45.923061],[-64.144585,45.923511],[-64.143295,45.923524],[-64.143305,45.923973],[-64.142015,45.923986],[-64.142043,45.925336],[-64.142688,45.92533],[-64.142678,45.92488],[-64.143968,45.924867],[-64.143977,45.925317],[-64.144622,45.92531],[-64.144742,45.931159],[-64.145387,45.931153],[-64.145396,45.931603],[-64.146686,45.93159],[-64.146695,45.93204],[-64.14734,45.932033]]]},"properties":{"feature_id":"lee-s1-0381","event_id":"lee","category":"persistent_low_backscatter","area_ha":79.0,"center_lon":-64.149444,"center_lat":45.926371,"threshold_db":-17.695,"sensor":"Sentinel-1","polarization":"HV","interpretation":"candidate only; requires validation"}},{"type":"Feature","id":"lee-s1-0382","geometry":{"type":"Polygon","coordinates":[[[-64.18776,45.92217],[-64.187751,45.92172],[-64.187106,45.921727],[-64.187097,45.921277],[-64.187741,45.92127],[-64.187722,45.92037],[-64.187077,45.920377],[-64.187097,45.921277],[-64.186452,45.921283],[-64.186461,45.921733],[-64.187106,45.921727],[-64.187116,45.922177],[-64.18776,45.92217]]]},"properties":{"feature_id":"lee-s1-0382","event_id":"lee","category":"low_backscatter_no_longer_present","area_ha":1.0,"center_lon":-64.187106,"center_lat":45.921273,"threshold_db":-17.695,"sensor":"Sentinel-1","polarization":"HV","interpretation":"candidate only; requires validation"}},{"type":"Feature","id":"lee-s1-0383","geometry":{"type":"Polygon","coordinates":[[[-64.375342,45.919616],[-64.375331,45.919166],[-64.374042,45.919182],[-64.37403,45.918732],[-64.372741,45.918747],[-64.37273,45.918297],[-64.372086,45.918305],[-64.372097,45.918755],[-64.372741,45.918747],[-64.372752,45.919197],[-64.372108,45.919205],[-64.372119,45.919655],[-64.372763,45.919647],[-64.372752,45.919197],[-64.374042,45.919182],[-64.374053,45.919631],[-64.375342,45.919616]]]},"properties":{"feature_id":"lee-s1-0383","event_id":"lee","category":"low_backscatter_no_longer_present","area_ha":1.5,"center_lon":-64.373714,"center_lat":45.918976,"threshold_db":-17.695,"sensor":"Sentinel-1","polarization":"HV","interpretation":"candidate only; requires validation"}},{"type":"Feature","id":"lee-s1-0384","geometry":{"type":"Polygon","coordinates":[[[-64.131018,45.922296],[-64.131,45.921396],[-64.129711,45.921409],[-64.129702,45.920959],[-64.129057,45.920965],[-64.129066,45.921415],[-64.129711,45.921409],[-64.129729,45.922308],[-64.131018,45.922296]]]},"properties":{"feature_id":"lee-s1-0384","event_id":"lee","category":"low_backscatter_no_longer_present","area_ha":1.25,"center_lon":-64.130038,"center_lat":45.921633,"threshold_db":-17.695,"sensor":"Sentinel-1","polarization":"HV","interpretation":"candidate only; requires validation"}},{"type":"Feature","id":"lee-s1-0385","geometry":{"type":"Polygon","coordinates":[[[-64.189675,45.92125],[-64.189666,45.9208],[-64.19031,45.920793],[-64.190301,45.920343],[-64.188367,45.920363],[-64.188376,45.920813],[-64.189021,45.920807],[-64.189031,45.921257],[-64.189675,45.92125]]]},"properties":{"feature_id":"lee-s1-0385","event_id":"lee","category":"low_backscatter_no_longer_present","area_ha":1.0,"center_lon":-64.189338,"center_lat":45.9208,"threshold_db":-17.695,"sensor":"Sentinel-1","polarization":"HV","interpretation":"candidate only; requires validation"}},{"type":"Feature","id":"lee-s1-0386","geometry":{"type":"Polygon","coordinates":[[[-64.318014,45.922092],[-64.318003,45.921642],[-64.317358,45.921649],[-64.317337,45.920749],[-64.318626,45.920735],[-64.318616,45.920285],[-64.317971,45.920292],[-64.31796,45.919842],[-64.317316,45.91985],[-64.317305,45.9194],[-64.316016,45.919415],[-64.316005,45.918965],[-64.31665,45.918957],[-64.316639,45.918507],[-64.315994,45.918515],[-64.316005,45.918965],[-64.31536,45.918972],[-64.315382,45.919872],[-64.317316,45.91985],[-64.317337,45.920749],[-64.316692,45.920757],[-64.316714,45.921657],[-64.317358,45.921649],[-64.317369,45.922099],[-64.318014,45.922092]]]},"properties":{"feature_id":"lee-s1-0386","event_id":"lee","category":"low_backscatter_no_longer_present","area_ha":2.75,"center_lon":-64.316993,"center_lat":45.920303,"threshold_db":-17.695,"sensor":"Sentinel-1","polarization":"HV","interpretation":"candidate only; requires validation"}},{"type":"Feature","id":"lee-s1-0387","geometry":{"type":"Polygon","coordinates":[[[-64.161309,45.921542],[-64.1613,45.921092],[-64.160011,45.921105],[-64.159992,45.920205],[-64.158703,45.920218],[-64.158712,45.920668],[-64.159357,45.920662],[-64.159366,45.921111],[-64.160011,45.921105],[-64.16002,45.921555],[-64.161309,45.921542]]]},"properties":{"feature_id":"lee-s1-0387","event_id":"lee","category":"low_backscatter_no_longer_present","area_ha":1.25,"center_lon":-64.160006,"center_lat":45.92088,"threshold_db":-17.695,"sensor":"Sentinel-1","polarization":"HV","interpretation":"candidate only; requires validation"}},{"type":"Feature","id":"lee-s1-0388","geometry":{"type":"Polygon","coordinates":[[[-64.087275,45.927671],[-64.087266,45.927221],[-64.088556,45.927208],[-64.088521,45.925409],[-64.087231,45.925421],[-64.087214,45.924521],[-64.087858,45.924515],[-64.087849,45.924065],[-64.089784,45.924046],[-64.089766,45.923147],[-64.090411,45.92314],[-64.090402,45.92269],[-64.091047,45.922684],[-64.091038,45.922234],[-64.089748,45.922247],[-64.089722,45.920897],[-64.089077,45.920903],[-64.089069,45.920453],[-64.08649,45.920478],[-64.086499,45.920928],[-64.088433,45.920909],[-64.088459,45.922259],[-64.087814,45.922265],[-64.087823,45.922715],[-64.087178,45.922721],[-64.08717,45.922271],[-64.086525,45.922277],[-64.086516,45.921827],[-64.085227,45.92184],[-64.085235,45.92229],[-64.084591,45.922296],[-64.084573,45.921396],[-64.083284,45.921408],[-64.083293,45.921858],[-64.082648,45.921864],[-64.082657,45.922314],[-64.081367,45.922326],[-64.081393,45.923676],[-64.083328,45.923658],[-64.083336,45.924108],[-64.085271,45.924089],[-64.085262,45.923639],[-64.085907,45.923633],[-64.085898,45.923183],[-64.088477,45.923159],[-64.088485,45.923609],[-64.087841,45.923615],[-64.087849,45.924065],[-64.087205,45.924071],[-64.087214,45.924521],[-64.085924,45.924533],[-64.085933,45.924983],[-64.086578,45.924977],[-64.086586,45.925427],[-64.087231,45.925421],[-64.087249,45.926321],[-64.087893,45.926315],[-64.087902,45.926764],[-64.087258,45.926771],[-64.087266,45.927221],[-64.086622,45.927227],[-64.08663,45.927677],[-64.087275,45.927671]]]},"properties":{"feature_id":"lee-s1-0388","event_id":"lee","category":"persistent_low_backscatter","area_ha":18.0,"center_lon":-64.086207,"center_lat":45.924065,"threshold_db":-17.695,"sensor":"Sentinel-1","polarization":"HV","interpretation":"candidate only; requires validation"}},{"type":"Feature","id":"lee-s1-0389","geometry":{"type":"Polygon","coordinates":[[[-64.36116,45.919786],[-64.361149,45.919336],[-64.361794,45.919328],[-64.361772,45.918428],[-64.362417,45.918421],[-64.362406,45.917971],[-64.36305,45.917963],[-64.363039,45.917513],[-64.36175,45.917529],[-64.361761,45.917978],[-64.361116,45.917986],[-64.361138,45.918886],[-64.360494,45.918894],[-64.360516,45.919793],[-64.36116,45.919786]]]},"properties":{"feature_id":"lee-s1-0389","event_id":"lee","category":"persistent_low_backscatter","area_ha":2.0,"center_lon":-64.361772,"center_lat":45.918653,"threshold_db":-17.695,"sensor":"Sentinel-1","polarization":"HV","interpretation":"candidate only; requires validation"}},{"type":"Feature","id":"lee-s1-0390","geometry":{"type":"Polygon","coordinates":[[[-64.290252,45.920608],[-64.290231,45.919709],[-64.289586,45.919716],[-64.289576,45.919266],[-64.29022,45.919259],[-64.29021,45.918809],[-64.290855,45.918802],[-64.290844,45.918352],[-64.290199,45.918359],[-64.29021,45.918809],[-64.289565,45.918816],[-64.289576,45.919266],[-64.287642,45.919288],[-64.287652,45.919738],[-64.289586,45.919716],[-64.289607,45.920616],[-64.290252,45.920608]]]},"properties":{"feature_id":"lee-s1-0390","event_id":"lee","category":"low_backscatter_no_longer_present","area_ha":1.75,"center_lon":-64.289248,"center_lat":45.919484,"threshold_db":-17.695,"sensor":"Sentinel-1","polarization":"HV","interpretation":"candidate only; requires validation"}},{"type":"Feature","id":"lee-s1-0391","geometry":{"type":"Polygon","coordinates":[[[-64.240604,45.920708],[-64.240594,45.920258],[-64.239949,45.920265],[-64.239929,45.919366],[-64.240574,45.919359],[-64.240563,45.918909],[-64.239919,45.918916],[-64.239929,45.919366],[-64.239284,45.919373],[-64.239294,45.919822],[-64.23865,45.919829],[-64.23867,45.920729],[-64.239314,45.920722],[-64.239304,45.920272],[-64.239949,45.920265],[-64.239959,45.920715],[-64.240604,45.920708]]]},"properties":{"feature_id":"lee-s1-0391","event_id":"lee","category":"low_backscatter_no_longer_present","area_ha":1.5,"center_lon":-64.239627,"center_lat":45.919819,"threshold_db":-17.695,"sensor":"Sentinel-1","polarization":"HV","interpretation":"candidate only; requires validation"}},{"type":"Feature","id":"lee-s1-0392","geometry":{"type":"Polygon","coordinates":[[[-64.198046,45.920712],[-64.198037,45.920263],[-64.198681,45.920256],[-64.198672,45.919806],[-64.199316,45.919799],[-64.199307,45.919349],[-64.198017,45.919363],[-64.198037,45.920263],[-64.197392,45.920269],[-64.197402,45.920719],[-64.198046,45.920712]]]},"properties":{"feature_id":"lee-s1-0392","event_id":"lee","category":"low_backscatter_no_longer_present","area_ha":1.0,"center_lon":-64.198354,"center_lat":45.920034,"threshold_db":-17.695,"sensor":"Sentinel-1","polarization":"HV","interpretation":"candidate only; requires validation"}},{"type":"Feature","id":"lee-s1-0393","geometry":{"type":"Polygon","coordinates":[[[-64.129775,45.924558],[-64.129765,45.924108],[-64.13041,45.924102],[-64.130383,45.922752],[-64.129738,45.922758],[-64.129711,45.921409],[-64.131,45.921396],[-64.131018,45.922296],[-64.132952,45.922276],[-64.132962,45.922726],[-64.133606,45.92272],[-64.133597,45.92227],[-64.134242,45.922264],[-64.134233,45.921814],[-64.134877,45.921807],[-64.134868,45.921357],[-64.135513,45.921351],[-64.135485,45.920001],[-64.134196,45.920014],[-64.134187,45.919564],[-64.132897,45.919577],[-64.132907,45.920027],[-64.131617,45.92004],[-64.131626,45.920489],[-64.130982,45.920496],[-64.130991,45.920946],[-64.129702,45.920959],[-64.129711,45.921409],[-64.129066,45.921415],[-64.129084,45.922315],[-64.12844,45.922321],[-64.128449,45.922771],[-64.129093,45.922765],[-64.129112,45.923665],[-64.128467,45.923671],[-64.128485,45.924571],[-64.129775,45.924558]]]},"properties":{"feature_id":"lee-s1-0393","event_id":"lee","category":"persistent_low_backscatter","area_ha":12.25,"center_lon":-64.131977,"center_lat":45.922067,"threshold_db":-17.695,"sensor":"Sentinel-1","polarization":"HV","interpretation":"candidate only; requires validation"}},{"type":"Feature","id":"lee-s1-0394","geometry":{"type":"Polygon","coordinates":[[[-64.337277,45.918718],[-64.337266,45.918268],[-64.336622,45.918275],[-64.3366,45.917376],[-64.335956,45.917383],[-64.335988,45.918733],[-64.337277,45.918718]]]},"properties":{"feature_id":"lee-s1-0394","event_id":"lee","category":"low_backscatter_no_longer_present","area_ha":1.0,"center_lon":-64.336616,"center_lat":45.918054,"threshold_db":-17.695,"sensor":"Sentinel-1","polarization":"HV","interpretation":"candidate only; requires validation"}},{"type":"Feature","id":"lee-s1-0395","geometry":{"type":"Polygon","coordinates":[[[-64.325674,45.918853],[-64.325653,45.917953],[-64.325008,45.917961],[-64.324998,45.917511],[-64.323708,45.917526],[-64.323719,45.917976],[-64.325008,45.917961],[-64.32503,45.91886],[-64.325674,45.918853]]]},"properties":{"feature_id":"lee-s1-0395","event_id":"lee","category":"persistent_low_backscatter","area_ha":1.0,"center_lon":-64.324691,"center_lat":45.918185,"threshold_db":-17.695,"sensor":"Sentinel-1","polarization":"HV","interpretation":"candidate only; requires validation"}},{"type":"Feature","id":"lee-s1-0396","geometry":{"type":"Polygon","coordinates":[[[-64.316005,45.918965],[-64.315994,45.918515],[-64.316639,45.918507],[-64.316628,45.918057],[-64.317273,45.91805],[-64.317262,45.9176],[-64.316618,45.917608],[-64.316628,45.918057],[-64.315339,45.918072],[-64.31536,45.918972],[-64.316005,45.918965]]]},"properties":{"feature_id":"lee-s1-0396","event_id":"lee","category":"persistent_low_backscatter","area_ha":1.0,"center_lon":-64.316306,"center_lat":45.918286,"threshold_db":-17.695,"sensor":"Sentinel-1","polarization":"HV","interpretation":"candidate only; requires validation"}},{"type":"Feature","id":"lee-s1-0397","geometry":{"type":"Polygon","coordinates":[[[-64.32634,45.919745],[-64.32633,45.919295],[-64.325685,45.919303],[-64.325674,45.918853],[-64.32503,45.91886],[-64.325008,45.917961],[-64.325653,45.917953],[-64.325664,45.918403],[-64.326308,45.918396],[-64.326297,45.917946],[-64.325653,45.917953],[-64.325642,45.917503],[-64.324998,45.917511],[-64.325008,45.917961],[-64.324364,45.917968],[-64.324385,45.918868],[-64.32503,45.91886],[-64.325051,45.91976],[-64.32634,45.919745]]]},"properties":{"feature_id":"lee-s1-0397","event_id":"lee","category":"low_backscatter_no_longer_present","area_ha":1.75,"center_lon":-64.325352,"center_lat":45.918632,"threshold_db":-17.695,"sensor":"Sentinel-1","polarization":"HV","interpretation":"candidate only; requires validation"}},{"type":"Feature","id":"lee-s1-0398","geometry":{"type":"Polygon","coordinates":[[[-64.187135,45.923076],[-64.187125,45.922627],[-64.186481,45.922633],[-64.186471,45.922183],[-64.185826,45.92219],[-64.185807,45.92129],[-64.183873,45.92131],[-64.183864,45.92086],[-64.184508,45.920854],[-64.184499,45.920404],[-64.182565,45.920424],[-64.182574,45.920874],[-64.181285,45.920887],[-64.181275,45.920437],[-64.180631,45.920444],[-64.180621,45.919994],[-64.179977,45.92],[-64.179967,45.91955],[-64.180612,45.919544],[-64.180593,45.918644],[-64.178659,45.918664],[-64.178678,45.919564],[-64.179322,45.919557],[-64.179332,45.920007],[-64.178687,45.920014],[-64.178697,45.920464],[-64.179341,45.920457],[-64.179351,45.920907],[-64.18064,45.920894],[-64.180659,45.921793],[-64.180015,45.9218],[-64.180005,45.92135],[-64.17936,45.921357],[-64.17938,45.922257],[-64.180669,45.922243],[-64.180659,45.921793],[-64.181304,45.921787],[-64.181294,45.921337],[-64.183873,45.92131],[-64.183883,45.92176],[-64.185172,45.921747],[-64.185182,45.922197],[-64.185826,45.92219],[-64.185836,45.92264],[-64.186481,45.922633],[-64.18649,45.923083],[-64.187135,45.923076]]]},"properties":{"feature_id":"lee-s1-0398","event_id":"lee","category":"low_backscatter_no_longer_present","area_ha":7.75,"center_lon":-64.182897,"center_lat":45.920863,"threshold_db":-17.695,"sensor":"Sentinel-1","polarization":"HV","interpretation":"candidate only; requires validation"}},{"type":"Feature","id":"lee-s1-0399","geometry":{"type":"Polygon","coordinates":[[[-64.319883,45.91937],[-64.319841,45.91757],[-64.319196,45.917578],[-64.319186,45.917128],[-64.318541,45.917135],[-64.318552,45.917585],[-64.319196,45.917578],[-64.319239,45.919377],[-64.319883,45.91937]]]},"properties":{"feature_id":"lee-s1-0399","event_id":"lee","category":"low_backscatter_no_longer_present","area_ha":1.25,"center_lon":-64.319212,"center_lat":45.918252,"threshold_db":-17.695,"sensor":"Sentinel-1","polarization":"HV","interpretation":"candidate only; requires validation"}},{"type":"Feature","id":"lee-s1-0400","geometry":{"type":"Polygon","coordinates":[[[-64.203848,45.920651],[-64.203829,45.919752],[-64.204473,45.919745],[-64.204464,45.919295],[-64.203819,45.919302],[-64.203809,45.918852],[-64.204454,45.918845],[-64.204444,45.918395],[-64.2038,45.918402],[-64.203809,45.918852],[-64.201875,45.918872],[-64.201885,45.919322],[-64.203819,45.919302],[-64.203829,45.919752],[-64.202539,45.919765],[-64.202549,45.920215],[-64.20126,45.920229],[-64.20125,45.919779],[-64.200606,45.919786],[-64.200615,45.920235],[-64.20126,45.920229],[-64.20127,45.920679],[-64.202559,45.920665],[-64.202549,45.920215],[-64.203194,45.920208],[-64.203204,45.920658],[-64.203848,45.920651]]]},"properties":{"feature_id":"lee-s1-0400","event_id":"lee","category":"low_backscatter_no_longer_present","area_ha":2.75,"center_lon":-64.20254,"center_lat":45.919537,"threshold_db":-17.695,"sensor":"Sentinel-1","polarization":"HV","interpretation":"candidate only; requires validation"}},{"type":"Feature","id":"lee-s1-0401","geometry":{"type":"Polygon","coordinates":[[[-64.190955,45.920787],[-64.190945,45.920337],[-64.190301,45.920343],[-64.190281,45.919444],[-64.190926,45.919437],[-64.190916,45.918987],[-64.190272,45.918994],[-64.190262,45.918544],[-64.189618,45.91855],[-64.189627,45.919],[-64.188983,45.919007],[-64.189002,45.919907],[-64.188357,45.919914],[-64.188367,45.920363],[-64.190301,45.920343],[-64.19031,45.920793],[-64.190955,45.920787]]]},"properties":{"feature_id":"lee-s1-0401","event_id":"lee","category":"persistent_low_backscatter","area_ha":2.5,"center_lon":-64.189656,"center_lat":45.919669,"threshold_db":-17.695,"sensor":"Sentinel-1","polarization":"HV","interpretation":"candidate only; requires validation"}},{"type":"Feature","id":"lee-s1-0402","geometry":{"type":"Polygon","coordinates":[[[-64.153555,45.92072],[-64.153545,45.92027],[-64.152901,45.920277],[-64.152891,45.919827],[-64.152247,45.919833],[-64.152237,45.919383],[-64.152882,45.919377],[-64.152873,45.918927],[-64.151583,45.91894],[-64.151602,45.91984],[-64.152247,45.919833],[-64.152256,45.920283],[-64.152901,45.920277],[-64.15291,45.920727],[-64.153555,45.92072]]]},"properties":{"feature_id":"lee-s1-0402","event_id":"lee","category":"low_backscatter_no_longer_present","area_ha":1.25,"center_lon":-64.152569,"center_lat":45.919827,"threshold_db":-17.695,"sensor":"Sentinel-1","polarization":"HV","interpretation":"candidate only; requires validation"}},{"type":"Feature","id":"lee-s1-0403","geometry":{"type":"Polygon","coordinates":[[[-64.185134,45.919947],[-64.185124,45.919497],[-64.18319,45.919517],[-64.183181,45.919067],[-64.183825,45.919061],[-64.183816,45.918611],[-64.183171,45.918617],[-64.183181,45.919067],[-64.182536,45.919074],[-64.182526,45.918624],[-64.181237,45.918637],[-64.181247,45.919087],[-64.182536,45.919074],[-64.182546,45.919524],[-64.18319,45.919517],[-64.1832,45.919967],[-64.185134,45.919947]]]},"properties":{"feature_id":"lee-s1-0403","event_id":"lee","category":"low_backscatter_no_longer_present","area_ha":1.75,"center_lon":-64.183186,"center_lat":45.919289,"threshold_db":-17.695,"sensor":"Sentinel-1","polarization":"HV","interpretation":"candidate only; requires validation"}},{"type":"Feature","id":"lee-s1-0404","geometry":{"type":"Polygon","coordinates":[[[-64.172895,45.920523],[-64.172885,45.920073],[-64.174175,45.92006],[-64.174165,45.91961],[-64.172876,45.919623],[-64.172866,45.919174],[-64.172222,45.91918],[-64.172212,45.91873],[-64.170923,45.918743],[-64.170932,45.919193],[-64.172222,45.91918],[-64.172231,45.91963],[-64.172876,45.919623],[-64.172885,45.920073],[-64.171596,45.920087],[-64.171605,45.920537],[-64.172895,45.920523]]]},"properties":{"feature_id":"lee-s1-0404","event_id":"lee","category":"low_backscatter_no_longer_present","area_ha":1.75,"center_lon":-64.172549,"center_lat":45.919634,"threshold_db":-17.695,"sensor":"Sentinel-1","polarization":"HV","interpretation":"candidate only; requires validation"}},{"type":"Feature","id":"lee-s1-0405","geometry":{"type":"Polygon","coordinates":[[[-64.161291,45.920642],[-64.161272,45.919742],[-64.162561,45.919729],[-64.162571,45.920179],[-64.16386,45.920166],[-64.163851,45.919716],[-64.162561,45.919729],[-64.162552,45.919279],[-64.161907,45.919286],[-64.161898,45.918836],[-64.160608,45.918849],[-64.160618,45.919299],[-64.159973,45.919305],[-64.159983,45.919755],[-64.160627,45.919749],[-64.160646,45.920648],[-64.161291,45.920642]],[[-64.161272,45.919742],[-64.160627,45.919749],[-64.160618,45.919299],[-64.161263,45.919292],[-64.161272,45.919742]]]},"properties":{"feature_id":"lee-s1-0405","event_id":"lee","category":"low_backscatter_no_longer_present","area_ha":2.25,"center_lon":-64.161916,"center_lat":45.919742,"threshold_db":-17.695,"sensor":"Sentinel-1","polarization":"HV","interpretation":"candidate only; requires validation"}},{"type":"Feature","id":"lee-s1-0406","geometry":{"type":"Polygon","coordinates":[[[-64.323719,45.917976],[-64.323708,45.917526],[-64.323064,45.917533],[-64.323053,45.917083],[-64.322408,45.917091],[-64.322419,45.917541],[-64.321775,45.917548],[-64.321764,45.917098],[-64.321119,45.917106],[-64.321141,45.918005],[-64.323719,45.917976]]]},"properties":{"feature_id":"lee-s1-0406","event_id":"lee","category":"low_backscatter_no_longer_present","area_ha":1.5,"center_lon":-64.322419,"center_lat":45.917544,"threshold_db":-17.695,"sensor":"Sentinel-1","polarization":"HV","interpretation":"candidate only; requires validation"}},{"type":"Feature","id":"lee-s1-0407","geometry":{"type":"Polygon","coordinates":[[[-64.289555,45.918366],[-64.289544,45.917916],[-64.290189,45.917909],[-64.290179,45.917459],[-64.288889,45.917474],[-64.2889,45.917924],[-64.288255,45.917931],[-64.288266,45.918381],[-64.289555,45.918366]]]},"properties":{"feature_id":"lee-s1-0407","event_id":"lee","category":"low_backscatter_no_longer_present","area_ha":1.0,"center_lon":-64.289222,"center_lat":45.91792,"threshold_db":-17.695,"sensor":"Sentinel-1","polarization":"HV","interpretation":"candidate only; requires validation"}},{"type":"Feature","id":"lee-s1-0408","geometry":{"type":"Polygon","coordinates":[[[-64.262491,45.919118],[-64.262481,45.918669],[-64.263125,45.918661],[-64.263115,45.918212],[-64.264405,45.918197],[-64.264415,45.918647],[-64.265059,45.91864],[-64.265049,45.91819],[-64.265694,45.918183],[-64.265684,45.917733],[-64.265039,45.91774],[-64.265049,45.91819],[-64.264405,45.918197],[-64.264394,45.917747],[-64.26246,45.917769],[-64.262481,45.918669],[-64.261192,45.918683],[-64.261202,45.919133],[-64.262491,45.919118]]]},"properties":{"feature_id":"lee-s1-0408","event_id":"lee","category":"persistent_low_backscatter","area_ha":2.0,"center_lon":-64.263443,"center_lat":45.918433,"threshold_db":-17.695,"sensor":"Sentinel-1","polarization":"HV","interpretation":"candidate only; requires validation"}},{"type":"Feature","id":"lee-s1-0409","geometry":{"type":"Polygon","coordinates":[[[-64.124535,45.92056],[-64.124526,45.92011],[-64.125815,45.920097],[-64.125806,45.919647],[-64.125161,45.919653],[-64.125152,45.919203],[-64.123863,45.919216],[-64.12389,45.920566],[-64.124535,45.92056]]]},"properties":{"feature_id":"lee-s1-0409","event_id":"lee","category":"low_backscatter_no_longer_present","area_ha":1.5,"center_lon":-64.124839,"center_lat":45.919885,"threshold_db":-17.695,"sensor":"Sentinel-1","polarization":"HV","interpretation":"candidate only; requires validation"}},{"type":"Feature","id":"lee-s1-0410","geometry":{"type":"Polygon","coordinates":[[[-64.31925,45.919827],[-64.319196,45.917578],[-64.32113,45.917555],[-64.321119,45.917106],[-64.319186,45.917128],[-64.319196,45.917578],[-64.318552,45.917585],[-64.318594,45.919385],[-64.317305,45.9194],[-64.317316,45.91985],[-64.31925,45.919827]]]},"properties":{"feature_id":"lee-s1-0410","event_id":"lee","category":"persistent_low_backscatter","area_ha":2.5,"center_lon":-64.319218,"center_lat":45.918478,"threshold_db":-17.695,"sensor":"Sentinel-1","polarization":"HV","interpretation":"candidate only; requires validation"}},{"type":"Feature","id":"lee-s1-0411","geometry":{"type":"Polygon","coordinates":[[[-64.207042,45.919268],[-64.207033,45.918818],[-64.208322,45.918804],[-64.208312,45.918354],[-64.206378,45.918375],[-64.206388,45.918825],[-64.205099,45.918838],[-64.205108,45.919288],[-64.207042,45.919268]]]},"properties":{"feature_id":"lee-s1-0411","event_id":"lee","category":"low_backscatter_no_longer_present","area_ha":1.5,"center_lon":-64.20671,"center_lat":45.918821,"threshold_db":-17.695,"sensor":"Sentinel-1","polarization":"HV","interpretation":"candidate only; requires validation"}},{"type":"Feature","id":"lee-s1-0412","geometry":{"type":"Polygon","coordinates":[[[-64.376575,45.917351],[-64.376553,45.916451],[-64.377198,45.916443],[-64.377209,45.916893],[-64.377853,45.916885],[-64.377842,45.916436],[-64.377198,45.916443],[-64.377187,45.915993],[-64.376542,45.916001],[-64.376553,45.916451],[-64.375909,45.916459],[-64.375931,45.917359],[-64.376575,45.917351]]]},"properties":{"feature_id":"lee-s1-0412","event_id":"lee","category":"low_backscatter_no_longer_present","area_ha":1.0,"center_lon":-64.376881,"center_lat":45.916676,"threshold_db":-17.695,"sensor":"Sentinel-1","polarization":"HV","interpretation":"candidate only; requires validation"}},{"type":"Feature","id":"lee-s1-0413","geometry":{"type":"Polygon","coordinates":[[[-64.193524,45.92031],[-64.193514,45.91986],[-64.194159,45.919853],[-64.194149,45.919403],[-64.196083,45.919383],[-64.196074,45.918933],[-64.19414,45.918953],[-64.19412,45.918053],[-64.194765,45.918047],[-64.194755,45.917597],[-64.194111,45.917603],[-64.19412,45.918053],[-64.193476,45.91806],[-64.193495,45.91896],[-64.192206,45.918973],[-64.192215,45.919423],[-64.193505,45.91941],[-64.193514,45.91986],[-64.19287,45.919867],[-64.192879,45.920316],[-64.193524,45.92031]],[[-64.194149,45.919403],[-64.193505,45.91941],[-64.193495,45.91896],[-64.19414,45.918953],[-64.194149,45.919403]]]},"properties":{"feature_id":"lee-s1-0413","event_id":"lee","category":"low_backscatter_no_longer_present","area_ha":2.5,"center_lon":-64.194144,"center_lat":45.918957,"threshold_db":-17.695,"sensor":"Sentinel-1","polarization":"HV","interpretation":"candidate only; requires validation"}},{"type":"Feature","id":"lee-s1-0414","geometry":{"type":"Polygon","coordinates":[[[-64.186433,45.920384],[-64.186423,45.919934],[-64.187712,45.91992],[-64.187703,45.91947],[-64.188992,45.919457],[-64.188983,45.919007],[-64.189627,45.919],[-64.189618,45.91855],[-64.188973,45.918557],[-64.188983,45.919007],[-64.188338,45.919014],[-64.188328,45.918564],[-64.187684,45.91857],[-64.187674,45.918121],[-64.187029,45.918127],[-64.18702,45.917677],[-64.185731,45.917691],[-64.18574,45.918141],[-64.187029,45.918127],[-64.187049,45.919027],[-64.187693,45.91902],[-64.187703,45.91947],[-64.186414,45.919484],[-64.186423,45.919934],[-64.185778,45.91994],[-64.185788,45.92039],[-64.186433,45.920384]]]},"properties":{"feature_id":"lee-s1-0414","event_id":"lee","category":"low_backscatter_no_longer_present","area_ha":2.75,"center_lon":-64.187679,"center_lat":45.919033,"threshold_db":-17.695,"sensor":"Sentinel-1","polarization":"HV","interpretation":"candidate only; requires validation"}},{"type":"Feature","id":"lee-s1-0415","geometry":{"type":"Polygon","coordinates":[[[-64.261222,45.920033],[-64.261212,45.919583],[-64.260567,45.91959],[-64.260537,45.91824],[-64.262471,45.918219],[-64.26246,45.917769],[-64.264394,45.917747],[-64.264405,45.918197],[-64.263115,45.918212],[-64.263125,45.918661],[-64.262481,45.918669],[-64.262501,45.919568],[-64.263146,45.919561],[-64.263125,45.918661],[-64.264415,45.918647],[-64.264425,45.919097],[-64.26507,45.91909],[-64.265059,45.91864],[-64.264415,45.918647],[-64.264405,45.918197],[-64.265049,45.91819],[-64.265039,45.91774],[-64.266973,45.917719],[-64.266983,45.918169],[-64.267628,45.918162],[-64.267617,45.917712],[-64.266973,45.917719],[-64.266962,45.917269],[-64.265029,45.91729],[-64.265018,45.91684],[-64.261795,45.916876],[-64.261806,45.917326],[-64.26245,45.917319],[-64.26246,45.917769],[-64.260527,45.91779],[-64.260537,45.91824],[-64.259892,45.918247],[-64.259933,45.920047],[-64.261222,45.920033]]]},"properties":{"feature_id":"lee-s1-0415","event_id":"lee","category":"low_backscatter_no_longer_present","area_ha":6.75,"center_lon":-64.26376,"center_lat":45.918443,"threshold_db":-17.695,"sensor":"Sentinel-1","polarization":"HV","interpretation":"candidate only; requires validation"}},{"type":"Feature","id":"lee-s1-0416","geometry":{"type":"Polygon","coordinates":[[[-64.178033,45.91957],[-64.178023,45.919121],[-64.177379,45.919127],[-64.17736,45.918227],[-64.178649,45.918214],[-64.17864,45.917764],[-64.176706,45.917784],[-64.176715,45.918234],[-64.176071,45.918241],[-64.17608,45.918691],[-64.176725,45.918684],[-64.176734,45.919134],[-64.177379,45.919127],[-64.177388,45.919577],[-64.178033,45.91957]]]},"properties":{"feature_id":"lee-s1-0416","event_id":"lee","category":"low_backscatter_no_longer_present","area_ha":1.75,"center_lon":-64.17736,"center_lat":45.91867,"threshold_db":-17.695,"sensor":"Sentinel-1","polarization":"HV","interpretation":"candidate only; requires validation"}},{"type":"Feature","id":"lee-s1-0417","geometry":{"type":"Polygon","coordinates":[[[-64.317907,45.917593],[-64.317864,45.915793],[-64.315286,45.915823],[-64.315297,45.916273],[-64.31723,45.91625],[-64.317262,45.9176],[-64.317907,45.917593]]]},"properties":{"feature_id":"lee-s1-0417","event_id":"lee","category":"low_backscatter_no_longer_present","area_ha":1.75,"center_lon":-64.316597,"center_lat":45.916697,"threshold_db":-17.695,"sensor":"Sentinel-1","polarization":"HV","interpretation":"candidate only; requires validation"}},{"type":"Feature","id":"lee-s1-0418","geometry":{"type":"Polygon","coordinates":[[[-64.279231,45.918032],[-64.27922,45.917582],[-64.278576,45.91759],[-64.278555,45.91669],[-64.2792,45.916683],[-64.279189,45.916233],[-64.278545,45.91624],[-64.278555,45.91669],[-64.27791,45.916697],[-64.277931,45.917597],[-64.278576,45.91759],[-64.278586,45.918039],[-64.279231,45.918032]]]},"properties":{"feature_id":"lee-s1-0418","event_id":"lee","category":"low_backscatter_no_longer_present","area_ha":1.0,"center_lon":-64.278571,"center_lat":45.917136,"threshold_db":-17.695,"sensor":"Sentinel-1","polarization":"HV","interpretation":"candidate only; requires validation"}},{"type":"Feature","id":"lee-s1-0419","geometry":{"type":"Polygon","coordinates":[[[-64.252781,45.917425],[-64.252771,45.916975],[-64.252126,45.916982],[-64.252116,45.916532],[-64.251472,45.91654],[-64.251482,45.916989],[-64.250837,45.916997],[-64.250847,45.917446],[-64.252781,45.917425]]]},"properties":{"feature_id":"lee-s1-0419","event_id":"lee","category":"low_backscatter_no_longer_present","area_ha":1.0,"center_lon":-64.251809,"center_lat":45.916989,"threshold_db":-17.695,"sensor":"Sentinel-1","polarization":"HV","interpretation":"candidate only; requires validation"}},{"type":"Feature","id":"lee-s1-0420","geometry":{"type":"Polygon","coordinates":[[[-64.234087,45.917629],[-64.234067,45.916729],[-64.232778,45.916743],[-64.232798,45.917643],[-64.234087,45.917629]]]},"properties":{"feature_id":"lee-s1-0420","event_id":"lee","category":"persistent_low_backscatter","area_ha":1.0,"center_lon":-64.233432,"center_lat":45.917186,"threshold_db":-17.695,"sensor":"Sentinel-1","polarization":"HV","interpretation":"candidate only; requires validation"}},{"type":"Feature","id":"lee-s1-0421","geometry":{"type":"Polygon","coordinates":[[[-64.163822,45.918366],[-64.163813,45.917916],[-64.164458,45.917909],[-64.164448,45.91746],[-64.163159,45.917473],[-64.163149,45.917023],[-64.162505,45.917029],[-64.162524,45.917929],[-64.163168,45.917923],[-64.163178,45.918373],[-64.163822,45.918366]]]},"properties":{"feature_id":"lee-s1-0421","event_id":"lee","category":"low_backscatter_no_longer_present","area_ha":1.25,"center_lon":-64.163481,"center_lat":45.917698,"threshold_db":-17.695,"sensor":"Sentinel-1","polarization":"HV","interpretation":"candidate only; requires validation"}},{"type":"Feature","id":"lee-s1-0422","geometry":{"type":"Polygon","coordinates":[[[-64.35526,45.915806],[-64.355249,45.915356],[-64.354605,45.915363],[-64.354594,45.914913],[-64.353949,45.914921],[-64.35396,45.915371],[-64.352671,45.915386],[-64.352682,45.915836],[-64.35526,45.915806]]]},"properties":{"feature_id":"lee-s1-0422","event_id":"lee","category":"low_backscatter_no_longer_present","area_ha":1.25,"center_lon":-64.353966,"center_lat":45.915374,"threshold_db":-17.695,"sensor":"Sentinel-1","polarization":"HV","interpretation":"candidate only; requires validation"}},{"type":"Feature","id":"lee-s1-0423","geometry":{"type":"Polygon","coordinates":[[[-64.278555,45.91669],[-64.278545,45.91624],[-64.281123,45.916211],[-64.281113,45.915761],[-64.27789,45.915797],[-64.27791,45.916697],[-64.278555,45.91669]]]},"properties":{"feature_id":"lee-s1-0423","event_id":"lee","category":"persistent_low_backscatter","area_ha":1.5,"center_lon":-64.279506,"center_lat":45.916229,"threshold_db":-17.695,"sensor":"Sentinel-1","polarization":"HV","interpretation":"candidate only; requires validation"}},{"type":"Feature","id":"lee-s1-0424","geometry":{"type":"Polygon","coordinates":[[[-64.259207,45.916455],[-64.259197,45.916005],[-64.256618,45.916033],[-64.256628,45.916483],[-64.259207,45.916455]]]},"properties":{"feature_id":"lee-s1-0424","event_id":"lee","category":"low_backscatter_no_longer_present","area_ha":1.0,"center_lon":-64.257913,"center_lat":45.916244,"threshold_db":-17.695,"sensor":"Sentinel-1","polarization":"HV","interpretation":"candidate only; requires validation"}},{"type":"Feature","id":"lee-s1-0425","geometry":{"type":"Polygon","coordinates":[[[-64.255994,45.91694],[-64.255984,45.91649],[-64.255339,45.916497],[-64.255329,45.916047],[-64.254684,45.916054],[-64.254674,45.915604],[-64.25403,45.915611],[-64.25404,45.916061],[-64.252751,45.916076],[-64.252761,45.916525],[-64.253405,45.916518],[-64.253416,45.916968],[-64.255994,45.91694]]]},"properties":{"feature_id":"lee-s1-0425","event_id":"lee","category":"low_backscatter_no_longer_present","area_ha":2.25,"center_lon":-64.254373,"center_lat":45.916286,"threshold_db":-17.695,"sensor":"Sentinel-1","polarization":"HV","interpretation":"candidate only; requires validation"}},{"type":"Feature","id":"lee-s1-0426","geometry":{"type":"Polygon","coordinates":[[[-64.185086,45.917697],[-64.185057,45.916348],[-64.183768,45.916361],[-64.183787,45.917261],[-64.184432,45.917254],[-64.184441,45.917704],[-64.185086,45.917697]]]},"properties":{"feature_id":"lee-s1-0426","event_id":"lee","category":"low_backscatter_no_longer_present","area_ha":1.25,"center_lon":-64.184427,"center_lat":45.917026,"threshold_db":-17.695,"sensor":"Sentinel-1","polarization":"HV","interpretation":"candidate only; requires validation"}},{"type":"Feature","id":"lee-s1-0427","geometry":{"type":"Polygon","coordinates":[[[-64.316575,45.915808],[-64.316565,45.915358],[-64.314631,45.91538],[-64.31462,45.91493],[-64.313976,45.914938],[-64.313986,45.915388],[-64.314631,45.91538],[-64.314641,45.91583],[-64.316575,45.915808]]]},"properties":{"feature_id":"lee-s1-0427","event_id":"lee","category":"persistent_low_backscatter","area_ha":1.0,"center_lon":-64.315275,"center_lat":45.91538,"threshold_db":-17.695,"sensor":"Sentinel-1","polarization":"HV","interpretation":"candidate only; requires validation"}},{"type":"Feature","id":"lee-s1-0428","geometry":{"type":"Polygon","coordinates":[[[-64.250827,45.916547],[-64.250817,45.916097],[-64.251462,45.91609],[-64.251441,45.91519],[-64.250797,45.915197],[-64.250807,45.915647],[-64.250162,45.915654],[-64.250172,45.916104],[-64.249528,45.916111],[-64.249518,45.915661],[-64.248228,45.915675],[-64.248239,45.916125],[-64.249528,45.916111],[-64.249538,45.916561],[-64.250827,45.916547]]]},"properties":{"feature_id":"lee-s1-0428","event_id":"lee","category":"low_backscatter_no_longer_present","area_ha":1.75,"center_lon":-64.249845,"center_lat":45.915875,"threshold_db":-17.695,"sensor":"Sentinel-1","polarization":"HV","interpretation":"candidate only; requires validation"}},{"type":"Feature","id":"lee-s1-0429","geometry":{"type":"Polygon","coordinates":[[[-64.243112,45.917531],[-64.243102,45.917081],[-64.244391,45.917067],[-64.244381,45.916617],[-64.243736,45.916624],[-64.243726,45.916174],[-64.243082,45.916181],[-64.243092,45.916631],[-64.242447,45.916638],[-64.242427,45.915738],[-64.241782,45.915745],[-64.241762,45.914845],[-64.241118,45.914852],[-64.241128,45.915302],[-64.239839,45.915316],[-64.239849,45.915766],[-64.23856,45.91578],[-64.23858,45.91668],[-64.237935,45.916687],[-64.237945,45.917137],[-64.23859,45.91713],[-64.23858,45.91668],[-64.239224,45.916673],[-64.239234,45.917123],[-64.239879,45.917116],[-64.239889,45.917566],[-64.240533,45.917559],[-64.240523,45.917109],[-64.241168,45.917102],[-64.241158,45.916652],[-64.242447,45.916638],[-64.242457,45.917088],[-64.241813,45.917095],[-64.241823,45.917545],[-64.243112,45.917531]]]},"properties":{"feature_id":"lee-s1-0429","event_id":"lee","category":"low_backscatter_no_longer_present","area_ha":6.75,"center_lon":-64.241163,"center_lat":45.916206,"threshold_db":-17.695,"sensor":"Sentinel-1","polarization":"HV","interpretation":"candidate only; requires validation"}},{"type":"Feature","id":"lee-s1-0430","geometry":{"type":"Polygon","coordinates":[[[-64.187655,45.917221],[-64.187645,45.916771],[-64.18829,45.916764],[-64.188261,45.915414],[-64.186972,45.915428],[-64.186981,45.915878],[-64.187626,45.915871],[-64.187636,45.916321],[-64.186991,45.916328],[-64.18701,45.917227],[-64.187655,45.917221]]]},"properties":{"feature_id":"lee-s1-0430","event_id":"lee","category":"persistent_low_backscatter","area_ha":1.5,"center_lon":-64.187631,"center_lat":45.91632,"threshold_db":-17.695,"sensor":"Sentinel-1","polarization":"HV","interpretation":"candidate only; requires validation"}},{"type":"Feature","id":"lee-s1-0431","geometry":{"type":"Polygon","coordinates":[[[-64.384888,45.91455],[-64.384877,45.9141],[-64.384232,45.914108],[-64.384221,45.913658],[-64.382932,45.913674],[-64.382921,45.913224],[-64.382276,45.913232],[-64.382287,45.913682],[-64.382932,45.913674],[-64.382943,45.914124],[-64.384232,45.914108],[-64.384243,45.914558],[-64.384888,45.91455]]]},"properties":{"feature_id":"lee-s1-0431","event_id":"lee","category":"new_low_backscatter_after_lee","area_ha":1.0,"center_lon":-64.383582,"center_lat":45.913891,"threshold_db":-17.695,"sensor":"Sentinel-1","polarization":"HV","interpretation":"candidate only; requires validation"}},{"type":"Feature","id":"lee-s1-0432","geometry":{"type":"Polygon","coordinates":[[[-64.286259,45.915253],[-64.286249,45.914803],[-64.286893,45.914796],[-64.286883,45.914346],[-64.286238,45.914353],[-64.286249,45.914803],[-64.284959,45.914818],[-64.284949,45.914368],[-64.284305,45.914375],[-64.284325,45.915275],[-64.286259,45.915253]]]},"properties":{"feature_id":"lee-s1-0432","event_id":"lee","category":"low_backscatter_no_longer_present","area_ha":1.25,"center_lon":-64.285599,"center_lat":45.914811,"threshold_db":-17.695,"sensor":"Sentinel-1","polarization":"HV","interpretation":"candidate only; requires validation"}},{"type":"Feature","id":"lee-s1-0433","geometry":{"type":"Polygon","coordinates":[[[-64.239234,45.917123],[-64.239224,45.916673],[-64.23858,45.91668],[-64.23856,45.91578],[-64.239849,45.915766],[-64.239839,45.915316],[-64.239194,45.915323],[-64.239184,45.914873],[-64.238539,45.91488],[-64.23856,45.91578],[-64.237915,45.915787],[-64.237935,45.916687],[-64.23858,45.91668],[-64.23859,45.91713],[-64.239234,45.917123]]]},"properties":{"feature_id":"lee-s1-0433","event_id":"lee","category":"persistent_low_backscatter","area_ha":1.5,"center_lon":-64.238882,"center_lat":45.916002,"threshold_db":-17.695,"sensor":"Sentinel-1","polarization":"HV","interpretation":"candidate only; requires validation"}},{"type":"Feature","id":"lee-s1-0434","geometry":{"type":"Polygon","coordinates":[[[-64.282412,45.916196],[-64.282402,45.915747],[-64.281113,45.915761],[-64.281102,45.915311],[-64.280458,45.915318],[-64.280447,45.914868],[-64.282381,45.914847],[-64.282371,45.914397],[-64.280437,45.914419],[-64.280447,45.914868],[-64.279803,45.914876],[-64.279813,45.915326],[-64.280458,45.915318],[-64.280468,45.915768],[-64.281113,45.915761],[-64.281123,45.916211],[-64.282412,45.916196]]]},"properties":{"feature_id":"lee-s1-0434","event_id":"lee","category":"low_backscatter_no_longer_present","area_ha":1.75,"center_lon":-64.281107,"center_lat":45.915304,"threshold_db":-17.695,"sensor":"Sentinel-1","polarization":"HV","interpretation":"candidate only; requires validation"}},{"type":"Feature","id":"lee-s1-0435","geometry":{"type":"Polygon","coordinates":[[[-64.191542,45.91808],[-64.191532,45.91763],[-64.193466,45.91761],[-64.193456,45.91716],[-64.19539,45.91714],[-64.195381,45.91669],[-64.196025,45.916683],[-64.196016,45.916233],[-64.19666,45.916227],[-64.19667,45.916677],[-64.197315,45.91667],[-64.197305,45.91622],[-64.197949,45.916213],[-64.19793,45.915313],[-64.196641,45.915327],[-64.196651,45.915777],[-64.196006,45.915784],[-64.196016,45.916233],[-64.195371,45.91624],[-64.195361,45.91579],[-64.194717,45.915797],[-64.194707,45.915347],[-64.194062,45.915354],[-64.194072,45.915804],[-64.194717,45.915797],[-64.194726,45.916247],[-64.195371,45.91624],[-64.195381,45.91669],[-64.193447,45.91671],[-64.193428,45.91581],[-64.192783,45.915817],[-64.192793,45.916267],[-64.190214,45.916294],[-64.190224,45.916744],[-64.189579,45.916751],[-64.18956,45.915851],[-64.191494,45.915831],[-64.191484,45.915381],[-64.18955,45.915401],[-64.18956,45.915851],[-64.188271,45.915864],[-64.18829,45.916764],[-64.187645,45.916771],[-64.187655,45.917221],[-64.188299,45.917214],[-64.18829,45.916764],[-64.188934,45.916757],[-64.188954,45.917657],[-64.189598,45.917651],[-64.189589,45.917201],[-64.190233,45.917194],[-64.190243,45.917644],[-64.190888,45.917637],[-64.190897,45.918087],[-64.191542,45.91808]],[[-64.193456,45.91716],[-64.190233,45.917194],[-64.190224,45.916744],[-64.193447,45.91671],[-64.193456,45.91716]]]},"properties":{"feature_id":"lee-s1-0435","event_id":"lee","category":"low_backscatter_no_longer_present","area_ha":8.75,"center_lon":-64.192797,"center_lat":45.9167,"threshold_db":-17.695,"sensor":"Sentinel-1","polarization":"HV","interpretation":"candidate only; requires validation"}},{"type":"Feature","id":"lee-s1-0436","geometry":{"type":"Polygon","coordinates":[[[-64.121938,45.919685],[-64.121929,45.919235],[-64.122574,45.919229],[-64.122565,45.918779],[-64.123209,45.918772],[-64.1232,45.918323],[-64.123845,45.918316],[-64.123836,45.917866],[-64.12448,45.91786],[-64.124453,45.91651],[-64.125742,45.916497],[-64.125733,45.916047],[-64.123799,45.916066],[-64.123809,45.916516],[-64.123164,45.916523],[-64.123173,45.916973],[-64.122528,45.916979],[-64.122546,45.917879],[-64.123191,45.917873],[-64.1232,45.918323],[-64.122556,45.918329],[-64.122565,45.918779],[-64.12192,45.918785],[-64.121902,45.917885],[-64.120613,45.917898],[-64.120603,45.917448],[-64.121248,45.917442],[-64.121239,45.916992],[-64.120594,45.916998],[-64.120603,45.917448],[-64.119959,45.917454],[-64.119968,45.917904],[-64.120613,45.917898],[-64.120631,45.918798],[-64.121275,45.918791],[-64.121293,45.919691],[-64.121938,45.919685]],[[-64.123836,45.917866],[-64.123191,45.917873],[-64.123173,45.916973],[-64.123818,45.916966],[-64.123836,45.917866]]]},"properties":{"feature_id":"lee-s1-0436","event_id":"lee","category":"low_backscatter_no_longer_present","area_ha":5.0,"center_lon":-64.12285,"center_lat":45.917869,"threshold_db":-17.695,"sensor":"Sentinel-1","polarization":"HV","interpretation":"candidate only; requires validation"}},{"type":"Feature","id":"lee-s1-0437","geometry":{"type":"Polygon","coordinates":[[[-64.343669,45.916393],[-64.343658,45.915943],[-64.342369,45.915958],[-64.342358,45.915508],[-64.341714,45.915515],[-64.341681,45.914166],[-64.341036,45.914173],[-64.341015,45.913274],[-64.34037,45.913281],[-64.340403,45.914631],[-64.341047,45.914623],[-64.341069,45.915523],[-64.341714,45.915515],[-64.341724,45.915965],[-64.342369,45.915958],[-64.34238,45.916408],[-64.343669,45.916393]]]},"properties":{"feature_id":"lee-s1-0437","event_id":"lee","category":"low_backscatter_no_longer_present","area_ha":2.25,"center_lon":-64.342019,"center_lat":45.914841,"threshold_db":-17.695,"sensor":"Sentinel-1","polarization":"HV","interpretation":"candidate only; requires validation"}},{"type":"Feature","id":"lee-s1-0438","geometry":{"type":"Polygon","coordinates":[[[-64.355872,45.914448],[-64.355861,45.913998],[-64.355217,45.914006],[-64.355206,45.913556],[-64.354561,45.913564],[-64.35455,45.913114],[-64.353906,45.913122],[-64.353917,45.913571],[-64.354561,45.913564],[-64.354572,45.914014],[-64.353927,45.914021],[-64.353938,45.914471],[-64.354583,45.914464],[-64.354572,45.914014],[-64.355217,45.914006],[-64.355228,45.914456],[-64.355872,45.914448]]]},"properties":{"feature_id":"lee-s1-0438","event_id":"lee","category":"persistent_low_backscatter","area_ha":1.0,"center_lon":-64.354889,"center_lat":45.913792,"threshold_db":-17.695,"sensor":"Sentinel-1","polarization":"HV","interpretation":"candidate only; requires validation"}},{"type":"Feature","id":"lee-s1-0439","geometry":{"type":"Polygon","coordinates":[[[-64.34427,45.914585],[-64.344238,45.913236],[-64.343593,45.913243],[-64.343615,45.914143],[-64.34297,45.914151],[-64.342981,45.914601],[-64.34427,45.914585]]]},"properties":{"feature_id":"lee-s1-0439","event_id":"lee","category":"low_backscatter_no_longer_present","area_ha":1.0,"center_lon":-64.34362,"center_lat":45.913918,"threshold_db":-17.695,"sensor":"Sentinel-1","polarization":"HV","interpretation":"candidate only; requires validation"}},{"type":"Feature","id":"lee-s1-0440","geometry":{"type":"Polygon","coordinates":[[[-64.250152,45.915204],[-64.250142,45.914754],[-64.250787,45.914747],[-64.250776,45.914297],[-64.249487,45.914311],[-64.249497,45.914761],[-64.248853,45.914768],[-64.248863,45.915218],[-64.250152,45.915204]]]},"properties":{"feature_id":"lee-s1-0440","event_id":"lee","category":"low_backscatter_no_longer_present","area_ha":1.0,"center_lon":-64.24982,"center_lat":45.914758,"threshold_db":-17.695,"sensor":"Sentinel-1","polarization":"HV","interpretation":"candidate only; requires validation"}},{"type":"Feature","id":"lee-s1-0441","geometry":{"type":"Polygon","coordinates":[[[-64.168278,45.91562],[-64.168269,45.91517],[-64.16569,45.915197],[-64.1657,45.915647],[-64.168278,45.91562]]]},"properties":{"feature_id":"lee-s1-0441","event_id":"lee","category":"low_backscatter_no_longer_present","area_ha":1.0,"center_lon":-64.166984,"center_lat":45.915408,"threshold_db":-17.695,"sensor":"Sentinel-1","polarization":"HV","interpretation":"candidate only; requires validation"}},{"type":"Feature","id":"lee-s1-0442","geometry":{"type":"Polygon","coordinates":[[[-64.3939,45.913991],[-64.393889,45.913541],[-64.395178,45.913525],[-64.395155,45.912625],[-64.394511,45.912633],[-64.3945,45.912183],[-64.393855,45.912191],[-64.393866,45.912641],[-64.392577,45.912657],[-64.392589,45.913107],[-64.391944,45.913114],[-64.391933,45.912665],[-64.389999,45.912688],[-64.39001,45.913138],[-64.390655,45.91313],[-64.390666,45.91358],[-64.391311,45.913572],[-64.3913,45.913122],[-64.391944,45.913114],[-64.391967,45.914014],[-64.392611,45.914006],[-64.392589,45.913107],[-64.393878,45.913091],[-64.393889,45.913541],[-64.393244,45.913549],[-64.393256,45.913999],[-64.3939,45.913991]]]},"properties":{"feature_id":"lee-s1-0442","event_id":"lee","category":"low_backscatter_no_longer_present","area_ha":3.5,"center_lon":-64.392589,"center_lat":45.913099,"threshold_db":-17.695,"sensor":"Sentinel-1","polarization":"HV","interpretation":"candidate only; requires validation"}},{"type":"Feature","id":"lee-s1-0443","geometry":{"type":"Polygon","coordinates":[[[-64.186337,45.915884],[-64.186308,45.914535],[-64.185663,45.914541],[-64.185683,45.915441],[-64.184393,45.915454],[-64.184403,45.915904],[-64.186337,45.915884]]]},"properties":{"feature_id":"lee-s1-0443","event_id":"lee","category":"low_backscatter_no_longer_present","area_ha":1.25,"center_lon":-64.185365,"center_lat":45.915219,"threshold_db":-17.695,"sensor":"Sentinel-1","polarization":"HV","interpretation":"candidate only; requires validation"}},{"type":"Feature","id":"lee-s1-0444","geometry":{"type":"Polygon","coordinates":[[[-64.289461,45.914317],[-64.289451,45.913867],[-64.288806,45.913874],[-64.288796,45.913424],[-64.288151,45.913432],[-64.288162,45.913882],[-64.286228,45.913903],[-64.286238,45.914353],[-64.288172,45.914332],[-64.288162,45.913882],[-64.288806,45.913874],[-64.288816,45.914324],[-64.289461,45.914317]]]},"properties":{"feature_id":"lee-s1-0444","event_id":"lee","category":"new_low_backscatter_after_lee","area_ha":1.25,"center_lon":-64.287845,"center_lat":45.913888,"threshold_db":-17.695,"sensor":"Sentinel-1","polarization":"HV","interpretation":"candidate only; requires validation"}},{"type":"Feature","id":"lee-s1-0445","geometry":{"type":"Polygon","coordinates":[[[-64.351983,45.913594],[-64.351972,45.913144],[-64.353906,45.913122],[-64.353895,45.912672],[-64.351961,45.912695],[-64.351972,45.913144],[-64.351327,45.913152],[-64.351338,45.913602],[-64.351983,45.913594]]]},"properties":{"feature_id":"lee-s1-0445","event_id":"lee","category":"low_backscatter_no_longer_present","area_ha":1.0,"center_lon":-64.352616,"center_lat":45.913137,"threshold_db":-17.695,"sensor":"Sentinel-1","polarization":"HV","interpretation":"candidate only; requires validation"}},{"type":"Feature","id":"lee-s1-0446","geometry":{"type":"Polygon","coordinates":[[[-64.253385,45.915619],[-64.253375,45.915169],[-64.25402,45.915162],[-64.253999,45.914262],[-64.25271,45.914276],[-64.25269,45.913376],[-64.250112,45.913404],[-64.250122,45.913854],[-64.251411,45.91384],[-64.251421,45.91429],[-64.25271,45.914276],[-64.252741,45.915626],[-64.253385,45.915619]]]},"properties":{"feature_id":"lee-s1-0446","event_id":"lee","category":"low_backscatter_no_longer_present","area_ha":2.75,"center_lon":-64.252066,"center_lat":45.914501,"threshold_db":-17.695,"sensor":"Sentinel-1","polarization":"HV","interpretation":"candidate only; requires validation"}},{"type":"Feature","id":"lee-s1-0447","geometry":{"type":"Polygon","coordinates":[[[-64.314652,45.91628],[-64.314631,45.91538],[-64.315275,45.915373],[-64.315254,45.914473],[-64.317832,45.914443],[-64.317822,45.913993],[-64.319111,45.913979],[-64.31909,45.913079],[-64.318445,45.913086],[-64.318434,45.912636],[-64.31779,45.912644],[-64.317811,45.913544],[-64.316522,45.913558],[-64.316533,45.914008],[-64.314599,45.914031],[-64.314631,45.91538],[-64.313986,45.915388],[-64.314008,45.916288],[-64.314652,45.91628]]]},"properties":{"feature_id":"lee-s1-0447","event_id":"lee","category":"low_backscatter_no_longer_present","area_ha":4.0,"center_lon":-64.316549,"center_lat":45.914462,"threshold_db":-17.695,"sensor":"Sentinel-1","polarization":"HV","interpretation":"candidate only; requires validation"}},{"type":"Feature","id":"lee-s1-0448","geometry":{"type":"Polygon","coordinates":[[[-64.247564,45.914782],[-64.247554,45.914332],[-64.248198,45.914325],[-64.248178,45.913425],[-64.246889,45.913439],[-64.246919,45.914789],[-64.247564,45.914782]]]},"properties":{"feature_id":"lee-s1-0448","event_id":"lee","category":"persistent_low_backscatter","area_ha":1.25,"center_lon":-64.247544,"center_lat":45.914107,"threshold_db":-17.695,"sensor":"Sentinel-1","polarization":"HV","interpretation":"candidate only; requires validation"}},{"type":"Feature","id":"lee-s1-0449","geometry":{"type":"Polygon","coordinates":[[[-64.200508,45.915286],[-64.200499,45.914836],[-64.201143,45.91483],[-64.201124,45.91393],[-64.198546,45.913957],[-64.198555,45.914407],[-64.199844,45.914393],[-64.199864,45.915293],[-64.200508,45.915286]]]},"properties":{"feature_id":"lee-s1-0449","event_id":"lee","category":"low_backscatter_no_longer_present","area_ha":1.75,"center_lon":-64.199844,"center_lat":45.914611,"threshold_db":-17.695,"sensor":"Sentinel-1","polarization":"HV","interpretation":"candidate only; requires validation"}},{"type":"Feature","id":"lee-s1-0450","geometry":{"type":"Polygon","coordinates":[[[-64.389999,45.912688],[-64.389977,45.911788],[-64.389332,45.911796],[-64.389321,45.911346],[-64.388677,45.911354],[-64.388688,45.911804],[-64.388043,45.911812],[-64.388066,45.912712],[-64.389999,45.912688]],[[-64.389343,45.912246],[-64.388699,45.912254],[-64.388688,45.911804],[-64.389332,45.911796],[-64.389343,45.912246]]]},"properties":{"feature_id":"lee-s1-0450","event_id":"lee","category":"persistent_low_backscatter","area_ha":1.5,"center_lon":-64.389021,"center_lat":45.912029,"threshold_db":-17.695,"sensor":"Sentinel-1","polarization":"HV","interpretation":"candidate only; requires validation"}},{"type":"Feature","id":"lee-s1-0451","geometry":{"type":"Polygon","coordinates":[[[-64.263668,45.914155],[-64.263637,45.912805],[-64.262348,45.91282],[-64.262369,45.91372],[-64.263013,45.913712],[-64.263023,45.914162],[-64.263668,45.914155]]]},"properties":{"feature_id":"lee-s1-0451","event_id":"lee","category":"low_backscatter_no_longer_present","area_ha":1.25,"center_lon":-64.263008,"center_lat":45.913483,"threshold_db":-17.695,"sensor":"Sentinel-1","polarization":"HV","interpretation":"candidate only; requires validation"}},{"type":"Feature","id":"lee-s1-0452","geometry":{"type":"Polygon","coordinates":[[[-64.355839,45.913099],[-64.355828,45.912649],[-64.357117,45.912633],[-64.357095,45.911734],[-64.355806,45.911749],[-64.355817,45.912199],[-64.355173,45.912206],[-64.355195,45.913106],[-64.355839,45.913099]]]},"properties":{"feature_id":"lee-s1-0452","event_id":"lee","category":"low_backscatter_no_longer_present","area_ha":1.5,"center_lon":-64.356145,"center_lat":45.91242,"threshold_db":-17.695,"sensor":"Sentinel-1","polarization":"HV","interpretation":"candidate only; requires validation"}},{"type":"Feature","id":"lee-s1-0453","geometry":{"type":"Polygon","coordinates":[[[-64.125724,45.915598],[-64.125715,45.915148],[-64.127004,45.915135],[-64.126995,45.914685],[-64.126351,45.914691],[-64.126342,45.914241],[-64.125052,45.914254],[-64.125061,45.914704],[-64.125706,45.914698],[-64.125715,45.915148],[-64.124426,45.91516],[-64.124435,45.91561],[-64.125724,45.915598]]]},"properties":{"feature_id":"lee-s1-0453","event_id":"lee","category":"low_backscatter_no_longer_present","area_ha":1.5,"center_lon":-64.125715,"center_lat":45.914925,"threshold_db":-17.695,"sensor":"Sentinel-1","polarization":"HV","interpretation":"candidate only; requires validation"}},{"type":"Feature","id":"lee-s1-0454","geometry":{"type":"Polygon","coordinates":[[[-64.29075,45.914302],[-64.29074,45.913853],[-64.291384,45.913845],[-64.291374,45.913395],[-64.290729,45.913403],[-64.290719,45.912953],[-64.292653,45.912931],[-64.292642,45.912481],[-64.290708,45.912503],[-64.290719,45.912953],[-64.290074,45.91296],[-64.290085,45.91341],[-64.290729,45.913403],[-64.29074,45.913853],[-64.290095,45.91386],[-64.290106,45.91431],[-64.29075,45.914302]]]},"properties":{"feature_id":"lee-s1-0454","event_id":"lee","category":"new_low_backscatter_after_lee","area_ha":1.5,"center_lon":-64.291364,"center_lat":45.913396,"threshold_db":-17.695,"sensor":"Sentinel-1","polarization":"HV","interpretation":"candidate only; requires validation"}},{"type":"Feature","id":"lee-s1-0455","geometry":{"type":"Polygon","coordinates":[[[-64.29074,45.913853],[-64.290729,45.913403],[-64.290085,45.91341],[-64.290074,45.91296],[-64.290719,45.912953],[-64.290708,45.912503],[-64.290064,45.91251],[-64.290053,45.91206],[-64.287475,45.912089],[-64.287486,45.912539],[-64.28813,45.912532],[-64.288151,45.913432],[-64.288796,45.913424],[-64.288785,45.912975],[-64.28943,45.912967],[-64.289451,45.913867],[-64.29074,45.913853]]]},"properties":{"feature_id":"lee-s1-0455","event_id":"lee","category":"low_backscatter_no_longer_present","area_ha":3.0,"center_lon":-64.289108,"center_lat":45.912964,"threshold_db":-17.695,"sensor":"Sentinel-1","polarization":"HV","interpretation":"candidate only; requires validation"}},{"type":"Feature","id":"lee-s1-0456","geometry":{"type":"Polygon","coordinates":[[[-64.244965,45.91391],[-64.244945,45.913011],[-64.24559,45.913004],[-64.24558,45.912554],[-64.244935,45.912561],[-64.244945,45.913011],[-64.243011,45.913032],[-64.243021,45.913482],[-64.243666,45.913475],[-64.243676,45.913925],[-64.244965,45.91391]]]},"properties":{"feature_id":"lee-s1-0456","event_id":"lee","category":"low_backscatter_no_longer_present","area_ha":1.5,"center_lon":-64.244301,"center_lat":45.91324,"threshold_db":-17.695,"sensor":"Sentinel-1","polarization":"HV","interpretation":"candidate only; requires validation"}},{"type":"Feature","id":"lee-s1-0457","geometry":{"type":"Polygon","coordinates":[[[-64.248823,45.913418],[-64.248812,45.912968],[-64.248168,45.912975],[-64.248158,45.912526],[-64.246869,45.91254],[-64.246879,45.91299],[-64.247523,45.912983],[-64.247533,45.913432],[-64.248823,45.913418]]]},"properties":{"feature_id":"lee-s1-0457","event_id":"lee","category":"low_backscatter_no_longer_present","area_ha":1.0,"center_lon":-64.247846,"center_lat":45.912979,"threshold_db":-17.695,"sensor":"Sentinel-1","polarization":"HV","interpretation":"candidate only; requires validation"}},{"type":"Feature","id":"lee-s1-0458","geometry":{"type":"Polygon","coordinates":[[[-64.326803,45.912089],[-64.326792,45.911639],[-64.325503,45.911654],[-64.325492,45.911205],[-64.324848,45.911212],[-64.324858,45.911662],[-64.324214,45.911669],[-64.324225,45.912119],[-64.326803,45.912089]]]},"properties":{"feature_id":"lee-s1-0458","event_id":"lee","category":"low_backscatter_no_longer_present","area_ha":1.25,"center_lon":-64.325508,"center_lat":45.911662,"threshold_db":-17.695,"sensor":"Sentinel-1","polarization":"HV","interpretation":"candidate only; requires validation"}},{"type":"Feature","id":"lee-s1-0459","geometry":{"type":"Polygon","coordinates":[[[-64.20758,45.914312],[-64.20757,45.913862],[-64.208214,45.913855],[-64.208205,45.913405],[-64.208849,45.913398],[-64.20883,45.912498],[-64.208185,45.912505],[-64.208175,45.912055],[-64.206886,45.912069],[-64.206896,45.912519],[-64.206251,45.912526],[-64.206261,45.912976],[-64.205617,45.912982],[-64.205626,45.913432],[-64.206271,45.913425],[-64.20629,45.914325],[-64.20758,45.914312]]]},"properties":{"feature_id":"lee-s1-0459","event_id":"lee","category":"persistent_low_backscatter","area_ha":4.0,"center_lon":-64.207233,"center_lat":45.91319,"threshold_db":-17.695,"sensor":"Sentinel-1","polarization":"HV","interpretation":"candidate only; requires validation"}},{"type":"Feature","id":"lee-s1-0460","geometry":{"type":"Polygon","coordinates":[[[-64.378376,45.911929],[-64.378364,45.911479],[-64.37772,45.911487],[-64.377709,45.911037],[-64.37642,45.911052],[-64.376409,45.910603],[-64.375764,45.91061],[-64.375753,45.91016],[-64.375108,45.910168],[-64.37512,45.910618],[-64.375764,45.91061],[-64.375775,45.91106],[-64.37642,45.911052],[-64.376442,45.911952],[-64.377086,45.911944],[-64.377075,45.911495],[-64.37772,45.911487],[-64.377731,45.911937],[-64.378376,45.911929]]]},"properties":{"feature_id":"lee-s1-0460","event_id":"lee","category":"low_backscatter_no_longer_present","area_ha":1.5,"center_lon":-64.376742,"center_lat":45.911056,"threshold_db":-17.695,"sensor":"Sentinel-1","polarization":"HV","interpretation":"candidate only; requires validation"}},{"type":"Feature","id":"lee-s1-0461","geometry":{"type":"Polygon","coordinates":[[[-64.156638,45.913939],[-64.156628,45.913489],[-64.157273,45.913482],[-64.157264,45.913032],[-64.157908,45.913026],[-64.157899,45.912576],[-64.15661,45.912589],[-64.156619,45.913039],[-64.15533,45.913052],[-64.155339,45.913502],[-64.154695,45.913508],[-64.154704,45.913958],[-64.155349,45.913952],[-64.155339,45.913502],[-64.155984,45.913495],[-64.155993,45.913945],[-64.156638,45.913939]]]},"properties":{"feature_id":"lee-s1-0461","event_id":"lee","category":"low_backscatter_no_longer_present","area_ha":1.75,"center_lon":-64.156302,"center_lat":45.913267,"threshold_db":-17.695,"sensor":"Sentinel-1","polarization":"HV","interpretation":"candidate only; requires validation"}},{"type":"Feature","id":"lee-s1-0462","geometry":{"type":"Polygon","coordinates":[[[-64.291353,45.912496],[-64.291332,45.911596],[-64.290688,45.911603],[-64.290677,45.911153],[-64.290033,45.91116],[-64.290022,45.91071],[-64.289378,45.910718],[-64.289388,45.911168],[-64.288744,45.911175],[-64.288733,45.910725],[-64.288089,45.910732],[-64.288099,45.911182],[-64.287455,45.911189],[-64.287475,45.912089],[-64.290053,45.91206],[-64.290064,45.91251],[-64.291353,45.912496]],[[-64.290698,45.912053],[-64.290053,45.91206],[-64.290043,45.91161],[-64.290688,45.911603],[-64.290698,45.912053]]]},"properties":{"feature_id":"lee-s1-0462","event_id":"lee","category":"persistent_low_backscatter","area_ha":3.5,"center_lon":-64.289404,"center_lat":45.91161,"threshold_db":-17.695,"sensor":"Sentinel-1","polarization":"HV","interpretation":"candidate only; requires validation"}},{"type":"Feature","id":"lee-s1-0463","geometry":{"type":"Polygon","coordinates":[[[-64.374486,45.911076],[-64.374453,45.909726],[-64.373808,45.909734],[-64.373831,45.910634],[-64.373186,45.910641],[-64.373197,45.911091],[-64.374486,45.911076]]]},"properties":{"feature_id":"lee-s1-0463","event_id":"lee","category":"low_backscatter_no_longer_present","area_ha":1.0,"center_lon":-64.373836,"center_lat":45.910409,"threshold_db":-17.695,"sensor":"Sentinel-1","polarization":"HV","interpretation":"candidate only; requires validation"}},{"type":"Feature","id":"lee-s1-0464","geometry":{"type":"Polygon","coordinates":[[[-64.363519,45.910757],[-64.363507,45.910307],[-64.361574,45.91033],[-64.361563,45.90988],[-64.360918,45.909888],[-64.360929,45.910338],[-64.360285,45.910346],[-64.360296,45.910795],[-64.36094,45.910788],[-64.360929,45.910338],[-64.361574,45.91033],[-64.361585,45.91078],[-64.363519,45.910757]]]},"properties":{"feature_id":"lee-s1-0464","event_id":"lee","category":"low_backscatter_no_longer_present","area_ha":1.25,"center_lon":-64.361902,"center_lat":45.910337,"threshold_db":-17.695,"sensor":"Sentinel-1","polarization":"HV","interpretation":"candidate only; requires validation"}},{"type":"Feature","id":"lee-s1-0465","geometry":{"type":"Polygon","coordinates":[[[-64.28234,45.913047],[-64.282319,45.912147],[-64.281674,45.912155],[-64.281654,45.911255],[-64.281009,45.911262],[-64.280999,45.910812],[-64.278421,45.910841],[-64.278431,45.911291],[-64.277787,45.911298],[-64.277776,45.910848],[-64.277132,45.910855],[-64.277121,45.910405],[-64.276477,45.910413],[-64.276497,45.911312],[-64.277142,45.911305],[-64.277152,45.911755],[-64.277797,45.911748],[-64.277807,45.912198],[-64.278452,45.912191],[-64.278462,45.912641],[-64.279107,45.912633],[-64.279117,45.913083],[-64.279761,45.913076],[-64.279751,45.912626],[-64.279107,45.912633],[-64.279096,45.912183],[-64.280385,45.912169],[-64.280396,45.912619],[-64.28104,45.912612],[-64.281051,45.913062],[-64.28234,45.913047]],[[-64.27973,45.911726],[-64.278441,45.911741],[-64.278431,45.911291],[-64.27972,45.911276],[-64.27973,45.911726]]]},"properties":{"feature_id":"lee-s1-0465","event_id":"lee","category":"persistent_low_backscatter","area_ha":6.25,"center_lon":-64.279409,"center_lat":45.911744,"threshold_db":-17.695,"sensor":"Sentinel-1","polarization":"HV","interpretation":"candidate only; requires validation"}},{"type":"Feature","id":"lee-s1-0466","geometry":{"type":"Polygon","coordinates":[[[-64.262338,45.91237],[-64.262318,45.91147],[-64.262962,45.911463],[-64.262952,45.911013],[-64.261018,45.911034],[-64.261008,45.910584],[-64.259719,45.910599],[-64.259729,45.911048],[-64.260374,45.911041],[-64.260384,45.911491],[-64.261029,45.911484],[-64.261039,45.911934],[-64.261683,45.911927],[-64.261693,45.912377],[-64.262338,45.91237]]]},"properties":{"feature_id":"lee-s1-0466","event_id":"lee","category":"low_backscatter_no_longer_present","area_ha":2.25,"center_lon":-64.261341,"center_lat":45.91148,"threshold_db":-17.695,"sensor":"Sentinel-1","polarization":"HV","interpretation":"candidate only; requires validation"}},{"type":"Feature","id":"lee-s1-0467","geometry":{"type":"Polygon","coordinates":[[[-64.172098,45.913331],[-64.172089,45.912881],[-64.171444,45.912888],[-64.171416,45.911538],[-64.170127,45.911551],[-64.170136,45.912001],[-64.170781,45.911995],[-64.1708,45.912894],[-64.171444,45.912888],[-64.171454,45.913338],[-64.172098,45.913331]]]},"properties":{"feature_id":"lee-s1-0467","event_id":"lee","category":"low_backscatter_no_longer_present","area_ha":1.25,"center_lon":-64.171112,"center_lat":45.912438,"threshold_db":-17.695,"sensor":"Sentinel-1","polarization":"HV","interpretation":"candidate only; requires validation"}},{"type":"Feature","id":"lee-s1-0468","geometry":{"type":"Polygon","coordinates":[[[-64.370619,45.911122],[-64.370608,45.910672],[-64.371897,45.910657],[-64.371886,45.910207],[-64.371241,45.910215],[-64.371219,45.909315],[-64.370575,45.909323],[-64.370608,45.910672],[-64.369964,45.91068],[-64.369975,45.91113],[-64.370619,45.911122]]]},"properties":{"feature_id":"lee-s1-0468","event_id":"lee","category":"new_low_backscatter_after_lee","area_ha":1.25,"center_lon":-64.370931,"center_lat":45.910223,"threshold_db":-17.695,"sensor":"Sentinel-1","polarization":"HV","interpretation":"candidate only; requires validation"}},{"type":"Feature","id":"lee-s1-0469","geometry":{"type":"Polygon","coordinates":[[[-64.20045,45.912587],[-64.200441,45.912137],[-64.199796,45.912144],[-64.199786,45.911694],[-64.200431,45.911687],[-64.200421,45.911237],[-64.199777,45.911244],[-64.199786,45.911694],[-64.199142,45.9117],[-64.199151,45.91215],[-64.198507,45.912157],[-64.198517,45.912607],[-64.199161,45.9126],[-64.199151,45.91215],[-64.199796,45.912144],[-64.199806,45.912593],[-64.20045,45.912587]]]},"properties":{"feature_id":"lee-s1-0469","event_id":"lee","category":"persistent_low_backscatter","area_ha":1.0,"center_lon":-64.199478,"center_lat":45.911922,"threshold_db":-17.695,"sensor":"Sentinel-1","polarization":"HV","interpretation":"candidate only; requires validation"}},{"type":"Feature","id":"lee-s1-0470","geometry":{"type":"Polygon","coordinates":[[[-64.380276,45.910556],[-64.380264,45.910106],[-64.37962,45.910114],[-64.379609,45.909664],[-64.381542,45.90964],[-64.381553,45.91009],[-64.382198,45.910083],[-64.382187,45.909633],[-64.381542,45.90964],[-64.381531,45.909191],[-64.379598,45.909214],[-64.379609,45.909664],[-64.378964,45.909672],[-64.378987,45.910571],[-64.380276,45.910556]]]},"properties":{"feature_id":"lee-s1-0470","event_id":"lee","category":"low_backscatter_no_longer_present","area_ha":1.75,"center_lon":-64.380581,"center_lat":45.909881,"threshold_db":-17.695,"sensor":"Sentinel-1","polarization":"HV","interpretation":"candidate only; requires validation"}},{"type":"Feature","id":"lee-s1-0471","geometry":{"type":"Polygon","coordinates":[[[-64.315222,45.913123],[-64.315201,45.912224],[-64.314556,45.912231],[-64.314546,45.911781],[-64.315835,45.911766],[-64.315824,45.911316],[-64.317113,45.911301],[-64.317103,45.910852],[-64.315814,45.910866],[-64.315803,45.910416],[-64.316448,45.910409],[-64.316437,45.909959],[-64.315792,45.909967],[-64.315803,45.910416],[-64.314514,45.910431],[-64.314503,45.909981],[-64.315148,45.909974],[-64.315137,45.909524],[-64.314493,45.909532],[-64.314503,45.909981],[-64.313859,45.909989],[-64.313869,45.910439],[-64.314514,45.910431],[-64.314525,45.910881],[-64.315169,45.910874],[-64.31518,45.911324],[-64.314535,45.911331],[-64.314546,45.911781],[-64.313257,45.911796],[-64.313267,45.912246],[-64.314556,45.912231],[-64.314578,45.913131],[-64.315222,45.913123]]]},"properties":{"feature_id":"lee-s1-0471","event_id":"lee","category":"low_backscatter_no_longer_present","area_ha":3.5,"center_lon":-64.315185,"center_lat":45.911327,"threshold_db":-17.695,"sensor":"Sentinel-1","polarization":"HV","interpretation":"candidate only; requires validation"}},{"type":"Feature","id":"lee-s1-0472","geometry":{"type":"Polygon","coordinates":[[[-64.25137,45.91204],[-64.25134,45.910691],[-64.251985,45.910684],[-64.251975,45.910234],[-64.25133,45.910241],[-64.25134,45.910691],[-64.250051,45.910705],[-64.250061,45.911155],[-64.250706,45.911148],[-64.250726,45.912047],[-64.25137,45.91204]]]},"properties":{"feature_id":"lee-s1-0472","event_id":"lee","category":"low_backscatter_no_longer_present","area_ha":1.25,"center_lon":-64.251018,"center_lat":45.911141,"threshold_db":-17.695,"sensor":"Sentinel-1","polarization":"HV","interpretation":"candidate only; requires validation"}},{"type":"Feature","id":"lee-s1-0473","geometry":{"type":"Polygon","coordinates":[[[-64.284284,45.913475],[-64.284273,45.913025],[-64.283629,45.913033],[-64.283608,45.912133],[-64.284253,45.912126],[-64.284242,45.911676],[-64.286176,45.911654],[-64.286186,45.912104],[-64.286831,45.912097],[-64.286841,45.912546],[-64.287486,45.912539],[-64.287475,45.912089],[-64.286831,45.912097],[-64.28682,45.911647],[-64.287465,45.911639],[-64.287444,45.91074],[-64.286155,45.910754],[-64.286145,45.910304],[-64.286789,45.910297],[-64.286768,45.909397],[-64.286124,45.909404],[-64.286145,45.910304],[-64.2855,45.910311],[-64.285511,45.910761],[-64.284866,45.910769],[-64.284876,45.911218],[-64.284232,45.911226],[-64.284242,45.911676],[-64.283598,45.911683],[-64.283608,45.912133],[-64.282964,45.91214],[-64.282953,45.91169],[-64.282309,45.911697],[-64.28235,45.913497],[-64.282995,45.91349],[-64.282984,45.91304],[-64.283629,45.913033],[-64.283639,45.913483],[-64.284284,45.913475]],[[-64.28682,45.911647],[-64.286176,45.911654],[-64.286165,45.911204],[-64.28681,45.911197],[-64.28682,45.911647]],[[-64.286165,45.911204],[-64.285521,45.911211],[-64.285511,45.910761],[-64.286155,45.910754],[-64.286165,45.911204]]]},"properties":{"feature_id":"lee-s1-0473","event_id":"lee","category":"new_low_backscatter_after_lee","area_ha":5.0,"center_lon":-64.284897,"center_lat":45.911447,"threshold_db":-17.695,"sensor":"Sentinel-1","polarization":"HV","interpretation":"candidate only; requires validation"}},{"type":"Feature","id":"lee-s1-0474","geometry":{"type":"Polygon","coordinates":[[[-64.349328,45.910476],[-64.349285,45.908676],[-64.347996,45.908691],[-64.348007,45.909141],[-64.348651,45.909133],[-64.348662,45.909583],[-64.348018,45.909591],[-64.348028,45.910041],[-64.348673,45.910033],[-64.348684,45.910483],[-64.349328,45.910476]]]},"properties":{"feature_id":"lee-s1-0474","event_id":"lee","category":"low_backscatter_no_longer_present","area_ha":1.5,"center_lon":-64.348662,"center_lat":45.909579,"threshold_db":-17.695,"sensor":"Sentinel-1","polarization":"HV","interpretation":"candidate only; requires validation"}},{"type":"Feature","id":"lee-s1-0475","geometry":{"type":"Polygon","coordinates":[[[-64.288099,45.911182],[-64.288068,45.909832],[-64.288712,45.909825],[-64.288702,45.909375],[-64.288057,45.909383],[-64.288068,45.909832],[-64.286779,45.909847],[-64.286789,45.910297],[-64.287434,45.91029],[-64.287455,45.911189],[-64.288099,45.911182]]]},"properties":{"feature_id":"lee-s1-0475","event_id":"lee","category":"low_backscatter_no_longer_present","area_ha":1.25,"center_lon":-64.287745,"center_lat":45.910282,"threshold_db":-17.695,"sensor":"Sentinel-1","polarization":"HV","interpretation":"candidate only; requires validation"}},{"type":"Feature","id":"lee-s1-0476","geometry":{"type":"Polygon","coordinates":[[[-64.302268,45.910572],[-64.302247,45.909672],[-64.302892,45.909664],[-64.302902,45.910114],[-64.304191,45.9101],[-64.304181,45.90965],[-64.302892,45.909664],[-64.302881,45.909214],[-64.301592,45.909229],[-64.301603,45.909679],[-64.300314,45.909694],[-64.300335,45.910594],[-64.302268,45.910572]]]},"properties":{"feature_id":"lee-s1-0476","event_id":"lee","category":"persistent_low_backscatter","area_ha":2.5,"center_lon":-64.302253,"center_lat":45.909904,"threshold_db":-17.695,"sensor":"Sentinel-1","polarization":"HV","interpretation":"candidate only; requires validation"}},{"type":"Feature","id":"lee-s1-0477","geometry":{"type":"Polygon","coordinates":[[[-64.221691,45.911011],[-64.221672,45.910112],[-64.220382,45.910125],[-64.220402,45.911025],[-64.221691,45.911011]]]},"properties":{"feature_id":"lee-s1-0477","event_id":"lee","category":"persistent_low_backscatter","area_ha":1.0,"center_lon":-64.221036,"center_lat":45.910568,"threshold_db":-17.695,"sensor":"Sentinel-1","polarization":"HV","interpretation":"candidate only; requires validation"}},{"type":"Feature","id":"lee-s1-0478","geometry":{"type":"Polygon","coordinates":[[[-64.170136,45.912001],[-64.170127,45.911551],[-64.171416,45.911538],[-64.171407,45.911088],[-64.170762,45.911095],[-64.170753,45.910645],[-64.170108,45.910651],[-64.170117,45.911101],[-64.169473,45.911108],[-64.169492,45.912008],[-64.170136,45.912001]]]},"properties":{"feature_id":"lee-s1-0478","event_id":"lee","category":"new_low_backscatter_after_lee","area_ha":1.25,"center_lon":-64.170445,"center_lat":45.911327,"threshold_db":-17.695,"sensor":"Sentinel-1","polarization":"HV","interpretation":"candidate only; requires validation"}},{"type":"Feature","id":"lee-s1-0479","geometry":{"type":"Polygon","coordinates":[[[-64.1566,45.912139],[-64.156591,45.911689],[-64.155946,45.911696],[-64.155937,45.911246],[-64.157871,45.911226],[-64.157861,45.910776],[-64.155928,45.910796],[-64.155937,45.911246],[-64.154648,45.911259],[-64.154657,45.911709],[-64.155302,45.911702],[-64.155311,45.912152],[-64.1566,45.912139]]]},"properties":{"feature_id":"lee-s1-0479","event_id":"lee","category":"low_backscatter_no_longer_present","area_ha":1.75,"center_lon":-64.15626,"center_lat":45.911464,"threshold_db":-17.695,"sensor":"Sentinel-1","polarization":"HV","interpretation":"candidate only; requires validation"}},{"type":"Feature","id":"lee-s1-0480","geometry":{"type":"Polygon","coordinates":[[[-64.367386,45.910711],[-64.367363,45.909811],[-64.368008,45.909803],[-64.367986,45.908904],[-64.367341,45.908911],[-64.367319,45.908011],[-64.366675,45.908019],[-64.366664,45.907569],[-64.365375,45.907585],[-64.365408,45.908934],[-64.364763,45.908942],[-64.364785,45.909842],[-64.36543,45.909834],[-64.365419,45.909384],[-64.366063,45.909377],[-64.366074,45.909826],[-64.366719,45.909819],[-64.36673,45.910269],[-64.366085,45.910276],[-64.366097,45.910726],[-64.367386,45.910711]]]},"properties":{"feature_id":"lee-s1-0480","event_id":"lee","category":"persistent_low_backscatter","area_ha":5.0,"center_lon":-64.366386,"center_lat":45.909148,"threshold_db":-17.695,"sensor":"Sentinel-1","polarization":"HV","interpretation":"candidate only; requires validation"}},{"type":"Feature","id":"lee-s1-0481","geometry":{"type":"Polygon","coordinates":[[[-64.339639,45.909689],[-64.339607,45.90834],[-64.338962,45.908347],[-64.338951,45.907897],[-64.337662,45.907913],[-64.337673,45.908362],[-64.338962,45.908347],[-64.338995,45.909697],[-64.339639,45.909689]]]},"properties":{"feature_id":"lee-s1-0481","event_id":"lee","category":"low_backscatter_no_longer_present","area_ha":1.25,"center_lon":-64.33865,"center_lat":45.908797,"threshold_db":-17.695,"sensor":"Sentinel-1","polarization":"HV","interpretation":"candidate only; requires validation"}},{"type":"Feature","id":"lee-s1-0482","geometry":{"type":"Polygon","coordinates":[[[-64.370564,45.908873],[-64.370542,45.907973],[-64.369897,45.907981],[-64.369886,45.907531],[-64.369242,45.907538],[-64.369253,45.907988],[-64.369897,45.907981],[-64.369908,45.90843],[-64.369264,45.908438],[-64.369275,45.908888],[-64.370564,45.908873]]]},"properties":{"feature_id":"lee-s1-0482","event_id":"lee","category":"low_backscatter_no_longer_present","area_ha":1.0,"center_lon":-64.369903,"center_lat":45.908209,"threshold_db":-17.695,"sensor":"Sentinel-1","polarization":"HV","interpretation":"candidate only; requires validation"}},{"type":"Feature","id":"lee-s1-0483","geometry":{"type":"Polygon","coordinates":[[[-64.301603,45.909679],[-64.301592,45.909229],[-64.302237,45.909222],[-64.302216,45.908322],[-64.300927,45.908337],[-64.300958,45.909686],[-64.301603,45.909679]]]},"properties":{"feature_id":"lee-s1-0483","event_id":"lee","category":"low_backscatter_no_longer_present","area_ha":1.25,"center_lon":-64.301582,"center_lat":45.909004,"threshold_db":-17.695,"sensor":"Sentinel-1","polarization":"HV","interpretation":"candidate only; requires validation"}},{"type":"Feature","id":"lee-s1-0484","geometry":{"type":"Polygon","coordinates":[[[-64.390576,45.909981],[-64.390543,45.908631],[-64.389898,45.908639],[-64.389876,45.907739],[-64.389231,45.907747],[-64.389209,45.906847],[-64.388564,45.906855],[-64.388587,45.907755],[-64.387942,45.907763],[-64.387953,45.908213],[-64.388598,45.908205],[-64.388609,45.908655],[-64.389254,45.908647],[-64.389276,45.909547],[-64.389921,45.909539],[-64.389932,45.909989],[-64.390576,45.909981]]]},"properties":{"feature_id":"lee-s1-0484","event_id":"lee","category":"low_backscatter_no_longer_present","area_ha":3.0,"center_lon":-64.389259,"center_lat":45.908418,"threshold_db":-17.695,"sensor":"Sentinel-1","polarization":"HV","interpretation":"candidate only; requires validation"}},{"type":"Feature","id":"lee-s1-0485","geometry":{"type":"Polygon","coordinates":[[[-64.195996,45.915334],[-64.195987,45.914884],[-64.196631,45.914877],[-64.196622,45.914427],[-64.197266,45.91442],[-64.197237,45.91307],[-64.197882,45.913064],[-64.197872,45.912614],[-64.198517,45.912607],[-64.198507,45.912157],[-64.197862,45.912164],[-64.197853,45.911714],[-64.199142,45.9117],[-64.199132,45.91125],[-64.200421,45.911237],[-64.20046,45.913037],[-64.201749,45.913023],[-64.201759,45.913473],[-64.203048,45.913459],[-64.203029,45.91256],[-64.201095,45.91258],[-64.201066,45.91123],[-64.20171,45.911223],[-64.20173,45.912123],[-64.202374,45.912116],[-64.202355,45.911217],[-64.202999,45.91121],[-64.20298,45.91031],[-64.203624,45.910303],[-64.203634,45.910753],[-64.204279,45.910746],[-64.204269,45.910296],[-64.203624,45.910303],[-64.203615,45.909853],[-64.204259,45.909846],[-64.20425,45.909397],[-64.203605,45.909403],[-64.203615,45.909853],[-64.20297,45.90986],[-64.20296,45.90941],[-64.202316,45.909417],[-64.202355,45.911217],[-64.20171,45.911223],[-64.201691,45.910324],[-64.200402,45.910337],[-64.200382,45.909437],[-64.201027,45.90943],[-64.201017,45.908981],[-64.200373,45.908987],[-64.200382,45.909437],[-64.199738,45.909444],[-64.199728,45.908994],[-64.198439,45.909008],[-64.198458,45.909907],[-64.197169,45.909921],[-64.197179,45.910371],[-64.199113,45.910351],[-64.199122,45.910801],[-64.198478,45.910807],[-64.198487,45.911257],[-64.195909,45.911284],[-64.195919,45.911734],[-64.195274,45.911741],[-64.195284,45.912191],[-64.194639,45.912198],[-64.19463,45.911748],[-64.193985,45.911754],[-64.193995,45.912204],[-64.194639,45.912198],[-64.194649,45.912648],[-64.194005,45.912654],[-64.194014,45.913104],[-64.194659,45.913097],[-64.194688,45.914447],[-64.195332,45.91444],[-64.195352,45.91534],[-64.195996,45.915334]],[[-64.196622,45.914427],[-64.195977,45.914434],[-64.195938,45.912634],[-64.196583,45.912627],[-64.196622,45.914427]],[[-64.195303,45.913091],[-64.194659,45.913097],[-64.194649,45.912648],[-64.195294,45.912641],[-64.195303,45.913091]],[[-64.195938,45.912634],[-64.195294,45.912641],[-64.195284,45.912191],[-64.195929,45.912184],[-64.195938,45.912634]],[[-64.196573,45.912177],[-64.195929,45.912184],[-64.195919,45.911734],[-64.196564,45.911727],[-64.196573,45.912177]]]},"properties":{"feature_id":"lee-s1-0485","event_id":"lee","category":"low_backscatter_no_longer_present","area_ha":17.0,"center_lon":-64.199132,"center_lat":45.91216,"threshold_db":-17.695,"sensor":"Sentinel-1","polarization":"HV","interpretation":"candidate only; requires validation"}},{"type":"Feature","id":"lee-s1-0486","geometry":{"type":"Polygon","coordinates":[[[-64.369908,45.90843],[-64.369897,45.907981],[-64.371186,45.907965],[-64.371164,45.907065],[-64.370519,45.907073],[-64.370531,45.907523],[-64.369886,45.907531],[-64.369875,45.907081],[-64.369231,45.907089],[-64.369242,45.907538],[-64.367953,45.907554],[-64.367942,45.907104],[-64.367297,45.907112],[-64.367308,45.907562],[-64.367953,45.907554],[-64.367964,45.908004],[-64.369253,45.907988],[-64.369264,45.908438],[-64.369908,45.90843]],[[-64.369897,45.907981],[-64.369253,45.907988],[-64.369242,45.907538],[-64.369886,45.907531],[-64.369897,45.907981]]]},"properties":{"feature_id":"lee-s1-0486","event_id":"lee","category":"persistent_low_backscatter","area_ha":2.0,"center_lon":-64.369241,"center_lat":45.907752,"threshold_db":-17.695,"sensor":"Sentinel-1","polarization":"HV","interpretation":"candidate only; requires validation"}},{"type":"Feature","id":"lee-s1-0487","geometry":{"type":"Polygon","coordinates":[[[-64.349918,45.908218],[-64.349907,45.907768],[-64.347974,45.907791],[-64.347963,45.907341],[-64.347319,45.907349],[-64.34733,45.907799],[-64.347974,45.907791],[-64.347985,45.908241],[-64.349918,45.908218]]]},"properties":{"feature_id":"lee-s1-0487","event_id":"lee","category":"low_backscatter_no_longer_present","area_ha":1.0,"center_lon":-64.348619,"center_lat":45.907791,"threshold_db":-17.695,"sensor":"Sentinel-1","polarization":"HV","interpretation":"candidate only; requires validation"}},{"type":"Feature","id":"lee-s1-0488","geometry":{"type":"Polygon","coordinates":[[[-64.283681,45.915282],[-64.28366,45.914382],[-64.285594,45.914361],[-64.285583,45.913911],[-64.286872,45.913896],[-64.286862,45.913446],[-64.287507,45.913439],[-64.287517,45.913889],[-64.288162,45.913882],[-64.288172,45.914332],[-64.287527,45.914339],[-64.287538,45.914789],[-64.288182,45.914781],[-64.288172,45.914332],[-64.288816,45.914324],[-64.288806,45.913874],[-64.288162,45.913882],[-64.288151,45.913432],[-64.287507,45.913439],[-64.287496,45.912989],[-64.288141,45.912982],[-64.28813,45.912532],[-64.286841,45.912546],[-64.286831,45.912097],[-64.286186,45.912104],[-64.286176,45.911654],[-64.28682,45.911647],[-64.28681,45.911197],[-64.286165,45.911204],[-64.286155,45.910754],[-64.287444,45.91074],[-64.287434,45.91029],[-64.286145,45.910304],[-64.286155,45.910754],[-64.285511,45.910761],[-64.2855,45.910311],[-64.284856,45.910319],[-64.284845,45.909869],[-64.286134,45.909854],[-64.286124,45.909404],[-64.286768,45.909397],[-64.286779,45.909847],[-64.287423,45.90984],[-64.287413,45.90939],[-64.288057,45.909383],[-64.288047,45.908933],[-64.288692,45.908925],[-64.288702,45.909375],[-64.289346,45.909368],[-64.289357,45.909818],[-64.290001,45.909811],[-64.289991,45.909361],[-64.289346,45.909368],[-64.289336,45.908918],[-64.288692,45.908925],[-64.288681,45.908475],[-64.289326,45.908468],[-64.289305,45.907568],[-64.28866,45.907576],[-64.288681,45.908475],[-64.287392,45.90849],[-64.287403,45.90894],[-64.286758,45.908947],[-64.286748,45.908497],[-64.285459,45.908512],[-64.285469,45.908962],[-64.28418,45.908976],[-64.284211,45.910326],[-64.282922,45.91034],[-64.282932,45.91079],[-64.282288,45.910798],[-64.282298,45.911247],[-64.282943,45.91124],[-64.282964,45.91214],[-64.283608,45.912133],[-64.283629,45.913033],[-64.282984,45.91304],[-64.282995,45.91349],[-64.28235,45.913497],[-64.28236,45.913947],[-64.281071,45.913961],[-64.281061,45.913511],[-64.279772,45.913526],[-64.279782,45.913976],[-64.281071,45.913961],[-64.281082,45.914411],[-64.282371,45.914397],[-64.282381,45.914847],[-64.281092,45.914861],[-64.281102,45.915311],[-64.282392,45.915297],[-64.282381,45.914847],[-64.283026,45.91484],[-64.283036,45.915289],[-64.283681,45.915282]],[[-64.284284,45.913475],[-64.283639,45.913483],[-64.283629,45.913033],[-64.284273,45.913025],[-64.284284,45.913475]],[[-64.284253,45.912126],[-64.283608,45.912133],[-64.283598,45.911683],[-64.284242,45.911676],[-64.284253,45.912126]],[[-64.286176,45.911654],[-64.284242,45.911676],[-64.284232,45.911226],[-64.284876,45.911218],[-64.284866,45.910769],[-64.285511,45.910761],[-64.285521,45.911211],[-64.286165,45.911204],[-64.286176,45.911654]],[[-64.284866,45.910769],[-64.284221,45.910776],[-64.284211,45.910326],[-64.284856,45.910319],[-64.284866,45.910769]]]},"properties":{"feature_id":"lee-s1-0488","event_id":"lee","category":"persistent_low_backscatter","area_ha":19.5,"center_lon":-64.284886,"center_lat":45.91144,"threshold_db":-17.695,"sensor":"Sentinel-1","polarization":"HV","interpretation":"candidate only; requires validation"}},{"type":"Feature","id":"lee-s1-0489","geometry":{"type":"Polygon","coordinates":[[[-64.299659,45.909251],[-64.299638,45.908351],[-64.300282,45.908344],[-64.300261,45.907444],[-64.298972,45.907459],[-64.298983,45.907909],[-64.298338,45.907916],[-64.298349,45.908366],[-64.298993,45.908359],[-64.299014,45.909259],[-64.299659,45.909251]]]},"properties":{"feature_id":"lee-s1-0489","event_id":"lee","category":"persistent_low_backscatter","area_ha":1.75,"center_lon":-64.29931,"center_lat":45.908351,"threshold_db":-17.695,"sensor":"Sentinel-1","polarization":"HV","interpretation":"candidate only; requires validation"}},{"type":"Feature","id":"lee-s1-0490","geometry":{"type":"Polygon","coordinates":[[[-64.303568,45.911007],[-64.303557,45.910557],[-64.304202,45.91055],[-64.304191,45.9101],[-64.304836,45.910092],[-64.304825,45.909642],[-64.30547,45.909635],[-64.305459,45.909185],[-64.30417,45.9092],[-64.30416,45.90875],[-64.305449,45.908735],[-64.305438,45.908285],[-64.304794,45.908293],[-64.304772,45.907393],[-64.304128,45.9074],[-64.304138,45.90785],[-64.303494,45.907857],[-64.303505,45.908307],[-64.30286,45.908315],[-64.302892,45.909664],[-64.304181,45.90965],[-64.304191,45.9101],[-64.303547,45.910107],[-64.303557,45.910557],[-64.302913,45.910564],[-64.302923,45.911014],[-64.303568,45.911007]]]},"properties":{"feature_id":"lee-s1-0490","event_id":"lee","category":"low_backscatter_no_longer_present","area_ha":4.0,"center_lon":-64.304165,"center_lat":45.909204,"threshold_db":-17.695,"sensor":"Sentinel-1","polarization":"HV","interpretation":"candidate only; requires validation"}},{"type":"Feature","id":"lee-s1-0491","geometry":{"type":"Polygon","coordinates":[[[-64.327383,45.909382],[-64.327372,45.908933],[-64.326728,45.90894],[-64.326717,45.90849],[-64.328006,45.908475],[-64.327995,45.908025],[-64.326706,45.90804],[-64.326695,45.90759],[-64.329273,45.90756],[-64.329263,45.90711],[-64.328618,45.907118],[-64.328607,45.906668],[-64.327963,45.906676],[-64.327974,45.907125],[-64.326685,45.90714],[-64.326695,45.90759],[-64.325406,45.907605],[-64.325417,45.908055],[-64.326706,45.90804],[-64.326717,45.90849],[-64.326072,45.908498],[-64.326083,45.908948],[-64.326728,45.90894],[-64.326738,45.90939],[-64.327383,45.909382]]]},"properties":{"feature_id":"lee-s1-0491","event_id":"lee","category":"low_backscatter_no_longer_present","area_ha":2.75,"center_lon":-64.327339,"center_lat":45.908029,"threshold_db":-17.695,"sensor":"Sentinel-1","polarization":"HV","interpretation":"candidate only; requires validation"}},{"type":"Feature","id":"lee-s1-0492","geometry":{"type":"Polygon","coordinates":[[[-64.287403,45.90894],[-64.287392,45.90849],[-64.286748,45.908497],[-64.286737,45.908047],[-64.286093,45.908055],[-64.286072,45.907155],[-64.286716,45.907148],[-64.286706,45.906698],[-64.286062,45.906705],[-64.286072,45.907155],[-64.285427,45.907162],[-64.285448,45.908062],[-64.286093,45.908055],[-64.286103,45.908505],[-64.286748,45.908497],[-64.286758,45.908947],[-64.287403,45.90894]]]},"properties":{"feature_id":"lee-s1-0492","event_id":"lee","category":"new_low_backscatter_after_lee","area_ha":1.25,"center_lon":-64.286415,"center_lat":45.907822,"threshold_db":-17.695,"sensor":"Sentinel-1","polarization":"HV","interpretation":"candidate only; requires validation"}},{"type":"Feature","id":"lee-s1-0493","geometry":{"type":"Polygon","coordinates":[[[-64.351841,45.907746],[-64.351819,45.906846],[-64.352463,45.906838],[-64.352453,45.906388],[-64.351808,45.906396],[-64.351797,45.905946],[-64.351153,45.905954],[-64.351164,45.906404],[-64.350519,45.906411],[-64.350552,45.907761],[-64.351841,45.907746]]]},"properties":{"feature_id":"lee-s1-0493","event_id":"lee","category":"low_backscatter_no_longer_present","area_ha":2.0,"center_lon":-64.351491,"center_lat":45.906853,"threshold_db":-17.695,"sensor":"Sentinel-1","polarization":"HV","interpretation":"candidate only; requires validation"}},{"type":"Feature","id":"lee-s1-0494","geometry":{"type":"Polygon","coordinates":[[[-64.207472,45.909363],[-64.207462,45.908913],[-64.206173,45.908926],[-64.206164,45.908476],[-64.206808,45.908469],[-64.206789,45.90757],[-64.204855,45.90759],[-64.204865,45.90804],[-64.20422,45.908047],[-64.20423,45.908497],[-64.204875,45.90849],[-64.204865,45.90804],[-64.205509,45.908033],[-64.205529,45.908933],[-64.206173,45.908926],[-64.206183,45.909376],[-64.207472,45.909363]]]},"properties":{"feature_id":"lee-s1-0494","event_id":"lee","category":"low_backscatter_no_longer_present","area_ha":2.25,"center_lon":-64.205846,"center_lat":45.908473,"threshold_db":-17.695,"sensor":"Sentinel-1","polarization":"HV","interpretation":"candidate only; requires validation"}},{"type":"Feature","id":"lee-s1-0495","geometry":{"type":"Polygon","coordinates":[[[-64.141084,45.910045],[-64.141075,45.909595],[-64.140431,45.909601],[-64.140412,45.908701],[-64.141057,45.908695],[-64.141048,45.908245],[-64.140403,45.908252],[-64.140412,45.908701],[-64.139768,45.908708],[-64.139786,45.909608],[-64.140431,45.909601],[-64.14044,45.910051],[-64.141084,45.910045]]]},"properties":{"feature_id":"lee-s1-0495","event_id":"lee","category":"low_backscatter_no_longer_present","area_ha":1.0,"center_lon":-64.140426,"center_lat":45.909148,"threshold_db":-17.695,"sensor":"Sentinel-1","polarization":"HV","interpretation":"candidate only; requires validation"}},{"type":"Feature","id":"lee-s1-0496","geometry":{"type":"Polygon","coordinates":[[[-64.200373,45.908987],[-64.200363,45.908537],[-64.201007,45.908531],[-64.200998,45.908081],[-64.201642,45.908074],[-64.201633,45.907624],[-64.200344,45.907638],[-64.200363,45.908537],[-64.199718,45.908544],[-64.199728,45.908994],[-64.200373,45.908987]]]},"properties":{"feature_id":"lee-s1-0496","event_id":"lee","category":"persistent_low_backscatter","area_ha":1.0,"center_lon":-64.20068,"center_lat":45.908309,"threshold_db":-17.695,"sensor":"Sentinel-1","polarization":"HV","interpretation":"candidate only; requires validation"}},{"type":"Feature","id":"lee-s1-0497","geometry":{"type":"Polygon","coordinates":[[[-64.172686,45.910625],[-64.172677,45.910175],[-64.173321,45.910168],[-64.173312,45.909718],[-64.174601,45.909705],[-64.17461,45.910155],[-64.175255,45.910148],[-64.175245,45.909699],[-64.174601,45.909705],[-64.174591,45.909255],[-64.176525,45.909235],[-64.176515,45.908785],[-64.175871,45.908792],[-64.175861,45.908342],[-64.175217,45.908349],[-64.175226,45.908799],[-64.174582,45.908805],[-64.174563,45.907905],[-64.173274,45.907919],[-64.173283,45.908369],[-64.17135,45.908388],[-64.171359,45.908838],[-64.172648,45.908825],[-64.172658,45.909275],[-64.170724,45.909295],[-64.170734,45.909745],[-64.172667,45.909725],[-64.172677,45.910175],[-64.172032,45.910182],[-64.172042,45.910632],[-64.172686,45.910625]]]},"properties":{"feature_id":"lee-s1-0497","event_id":"lee","category":"low_backscatter_no_longer_present","area_ha":5.75,"center_lon":-64.173625,"center_lat":45.909268,"threshold_db":-17.695,"sensor":"Sentinel-1","polarization":"HV","interpretation":"candidate only; requires validation"}},{"type":"Feature","id":"lee-s1-0498","geometry":{"type":"Polygon","coordinates":[[[-64.290625,45.908904],[-64.290594,45.907554],[-64.291238,45.907547],[-64.291228,45.907097],[-64.289939,45.907111],[-64.289928,45.906661],[-64.290573,45.906654],[-64.290562,45.906204],[-64.289918,45.906211],[-64.289928,45.906661],[-64.289284,45.906669],[-64.289274,45.906219],[-64.288629,45.906226],[-64.288639,45.906676],[-64.289284,45.906669],[-64.289294,45.907118],[-64.289939,45.907111],[-64.289949,45.907561],[-64.289305,45.907568],[-64.289315,45.908018],[-64.28996,45.908011],[-64.289981,45.908911],[-64.290625,45.908904]]]},"properties":{"feature_id":"lee-s1-0498","event_id":"lee","category":"low_backscatter_no_longer_present","area_ha":2.25,"center_lon":-64.289934,"center_lat":45.907558,"threshold_db":-17.695,"sensor":"Sentinel-1","polarization":"HV","interpretation":"candidate only; requires validation"}},{"type":"Feature","id":"lee-s1-0499","geometry":{"type":"Polygon","coordinates":[[[-64.216466,45.907917],[-64.216456,45.907467],[-64.215812,45.907474],[-64.215802,45.907024],[-64.214513,45.907038],[-64.214523,45.907488],[-64.215167,45.907481],[-64.215177,45.907931],[-64.216466,45.907917]]]},"properties":{"feature_id":"lee-s1-0499","event_id":"lee","category":"low_backscatter_no_longer_present","area_ha":1.0,"center_lon":-64.215489,"center_lat":45.907477,"threshold_db":-17.695,"sensor":"Sentinel-1","polarization":"HV","interpretation":"candidate only; requires validation"}},{"type":"Feature","id":"lee-s1-0500","geometry":{"type":"Polygon","coordinates":[[[-64.315771,45.909067],[-64.315761,45.908617],[-64.316405,45.908609],[-64.316394,45.90816],[-64.317039,45.908152],[-64.317018,45.907252],[-64.316373,45.90726],[-64.316362,45.90681],[-64.317007,45.906802],[-64.316996,45.906352],[-64.316352,45.90636],[-64.316362,45.90681],[-64.315718,45.906817],[-64.315697,45.905917],[-64.315052,45.905925],[-64.315042,45.905475],[-64.313753,45.90549],[-64.313763,45.90594],[-64.314408,45.905932],[-64.314418,45.906382],[-64.315063,45.906375],[-64.315095,45.907724],[-64.315739,45.907717],[-64.315729,45.907267],[-64.316373,45.90726],[-64.316394,45.90816],[-64.31575,45.908167],[-64.315761,45.908617],[-64.315116,45.908624],[-64.315127,45.909074],[-64.315771,45.909067]]]},"properties":{"feature_id":"lee-s1-0500","event_id":"lee","category":"low_backscatter_no_longer_present","area_ha":3.25,"center_lon":-64.315396,"center_lat":45.907274,"threshold_db":-17.695,"sensor":"Sentinel-1","polarization":"HV","interpretation":"candidate only; requires validation"}},{"type":"Feature","id":"lee-s1-0501","geometry":{"type":"Polygon","coordinates":[[[-64.285459,45.908512],[-64.285448,45.908062],[-64.284804,45.908069],[-64.284793,45.907619],[-64.284149,45.907626],[-64.284128,45.906727],[-64.284773,45.906719],[-64.284762,45.906269],[-64.284118,45.906277],[-64.284107,45.905827],[-64.283463,45.905834],[-64.283473,45.906284],[-64.284118,45.906277],[-64.284128,45.906727],[-64.282195,45.906748],[-64.282205,45.907198],[-64.282849,45.907191],[-64.28286,45.907641],[-64.283504,45.907634],[-64.283515,45.908084],[-64.284804,45.908069],[-64.284814,45.908519],[-64.285459,45.908512]]]},"properties":{"feature_id":"lee-s1-0501","event_id":"lee","category":"low_backscatter_no_longer_present","area_ha":2.5,"center_lon":-64.283827,"center_lat":45.907173,"threshold_db":-17.695,"sensor":"Sentinel-1","polarization":"HV","interpretation":"candidate only; requires validation"}},{"type":"Feature","id":"lee-s1-0502","geometry":{"type":"Polygon","coordinates":[[[-64.340229,45.907432],[-64.340175,45.905183],[-64.339531,45.90519],[-64.339585,45.90744],[-64.340229,45.907432]]]},"properties":{"feature_id":"lee-s1-0502","event_id":"lee","category":"low_backscatter_no_longer_present","area_ha":1.25,"center_lon":-64.33988,"center_lat":45.906312,"threshold_db":-17.695,"sensor":"Sentinel-1","polarization":"HV","interpretation":"candidate only; requires validation"}},{"type":"Feature","id":"lee-s1-0503","geometry":{"type":"Polygon","coordinates":[[[-64.351164,45.906404],[-64.351153,45.905954],[-64.351797,45.905946],[-64.351786,45.905496],[-64.350497,45.905511],[-64.350486,45.905061],[-64.349842,45.905069],[-64.349864,45.905969],[-64.350508,45.905961],[-64.350519,45.906411],[-64.351164,45.906404]]]},"properties":{"feature_id":"lee-s1-0503","event_id":"lee","category":"persistent_low_backscatter","area_ha":1.25,"center_lon":-64.35082,"center_lat":45.905736,"threshold_db":-17.695,"sensor":"Sentinel-1","polarization":"HV","interpretation":"candidate only; requires validation"}},{"type":"Feature","id":"lee-s1-0504","geometry":{"type":"Polygon","coordinates":[[[-64.331819,45.906181],[-64.331797,45.905281],[-64.329864,45.905303],[-64.329875,45.905753],[-64.331164,45.905738],[-64.331175,45.906188],[-64.331819,45.906181]]]},"properties":{"feature_id":"lee-s1-0504","event_id":"lee","category":"low_backscatter_no_longer_present","area_ha":1.0,"center_lon":-64.330841,"center_lat":45.905735,"threshold_db":-17.695,"sensor":"Sentinel-1","polarization":"HV","interpretation":"candidate only; requires validation"}},{"type":"Feature","id":"lee-s1-0505","geometry":{"type":"Polygon","coordinates":[[[-64.33633,45.906128],[-64.336319,45.905678],[-64.337608,45.905663],[-64.337598,45.905213],[-64.336309,45.905228],[-64.336319,45.905678],[-64.335675,45.905686],[-64.335664,45.905236],[-64.334375,45.905251],[-64.334386,45.905701],[-64.335675,45.905686],[-64.335686,45.906136],[-64.33633,45.906128]]]},"properties":{"feature_id":"lee-s1-0505","event_id":"lee","category":"low_backscatter_no_longer_present","area_ha":1.25,"center_lon":-64.335992,"center_lat":45.905675,"threshold_db":-17.695,"sensor":"Sentinel-1","polarization":"HV","interpretation":"candidate only; requires validation"}},{"type":"Feature","id":"lee-s1-0506","geometry":{"type":"Polygon","coordinates":[[[-64.16299,45.909374],[-64.16298,45.908924],[-64.163625,45.908917],[-64.163615,45.908468],[-64.161682,45.908487],[-64.161654,45.907137],[-64.161009,45.907144],[-64.161,45.906694],[-64.160355,45.906701],[-64.160365,45.90715],[-64.15972,45.907157],[-64.159729,45.907607],[-64.15844,45.90762],[-64.15845,45.90807],[-64.159739,45.908057],[-64.159758,45.908957],[-64.162336,45.908931],[-64.162345,45.90938],[-64.16299,45.909374]],[[-64.161028,45.908044],[-64.159739,45.908057],[-64.159729,45.907607],[-64.161019,45.907594],[-64.161028,45.908044]]]},"properties":{"feature_id":"lee-s1-0506","event_id":"lee","category":"low_backscatter_no_longer_present","area_ha":4.25,"center_lon":-64.161033,"center_lat":45.908037,"threshold_db":-17.695,"sensor":"Sentinel-1","polarization":"HV","interpretation":"candidate only; requires validation"}},{"type":"Feature","id":"lee-s1-0507","geometry":{"type":"Polygon","coordinates":[[[-64.210001,45.907086],[-64.209992,45.906636],[-64.210636,45.906629],[-64.210626,45.906179],[-64.209982,45.906186],[-64.209992,45.906636],[-64.209347,45.906643],[-64.209328,45.905743],[-64.208683,45.90575],[-64.208712,45.907099],[-64.210001,45.907086]]]},"properties":{"feature_id":"lee-s1-0507","event_id":"lee","category":"low_backscatter_no_longer_present","area_ha":1.25,"center_lon":-64.209659,"center_lat":45.906421,"threshold_db":-17.695,"sensor":"Sentinel-1","polarization":"HV","interpretation":"candidate only; requires validation"}},{"type":"Feature","id":"lee-s1-0508","geometry":{"type":"Polygon","coordinates":[[[-64.317769,45.911744],[-64.317747,45.910844],[-64.317103,45.910852],[-64.317092,45.910402],[-64.315803,45.910416],[-64.315792,45.909967],[-64.314503,45.909981],[-64.314493,45.909532],[-64.315137,45.909524],[-64.315116,45.908624],[-64.315761,45.908617],[-64.31575,45.908167],[-64.316394,45.90816],[-64.316373,45.90726],[-64.317018,45.907252],[-64.317007,45.906802],[-64.316362,45.90681],[-64.316341,45.90591],[-64.315697,45.905917],[-64.315686,45.905468],[-64.315042,45.905475],[-64.31501,45.904125],[-64.314365,45.904133],[-64.314397,45.905482],[-64.315042,45.905475],[-64.315052,45.905925],[-64.315697,45.905917],[-64.315718,45.906817],[-64.316362,45.90681],[-64.316373,45.90726],[-64.315729,45.907267],[-64.315739,45.907717],[-64.31445,45.907732],[-64.31444,45.907282],[-64.313795,45.907289],[-64.313806,45.907739],[-64.312517,45.907754],[-64.312527,45.908204],[-64.313816,45.908189],[-64.313806,45.907739],[-64.31445,45.907732],[-64.314482,45.909082],[-64.311904,45.909111],[-64.311915,45.909561],[-64.31127,45.909569],[-64.311281,45.910018],[-64.311925,45.910011],[-64.311936,45.910461],[-64.313225,45.910446],[-64.313204,45.909546],[-64.313848,45.909539],[-64.313859,45.909989],[-64.314503,45.909981],[-64.314514,45.910431],[-64.315803,45.910416],[-64.315814,45.910866],[-64.317103,45.910852],[-64.317124,45.911751],[-64.317769,45.911744]]]},"properties":{"feature_id":"lee-s1-0508","event_id":"lee","category":"persistent_low_backscatter","area_ha":8.5,"center_lon":-64.314519,"center_lat":45.907938,"threshold_db":-17.695,"sensor":"Sentinel-1","polarization":"HV","interpretation":"candidate only; requires validation"}},{"type":"Feature","id":"lee-s1-0509","geometry":{"type":"Polygon","coordinates":[[[-64.255832,45.909741],[-64.255821,45.909291],[-64.256466,45.909284],[-64.256456,45.908834],[-64.2571,45.908827],[-64.25709,45.908377],[-64.257735,45.90837],[-64.257714,45.90747],[-64.258359,45.907463],[-64.258369,45.907913],[-64.259014,45.907906],[-64.259003,45.907456],[-64.258359,45.907463],[-64.258349,45.907013],[-64.258993,45.907006],[-64.258983,45.906556],[-64.259627,45.906549],[-64.259617,45.906099],[-64.260262,45.906092],[-64.260252,45.905642],[-64.260896,45.905635],[-64.260886,45.905185],[-64.260241,45.905192],[-64.260231,45.904743],[-64.259587,45.90475],[-64.259597,45.9052],[-64.260241,45.905192],[-64.260252,45.905642],[-64.258963,45.905657],[-64.258983,45.906556],[-64.258338,45.906564],[-64.258349,45.907013],[-64.257704,45.907021],[-64.257694,45.906571],[-64.25705,45.906578],[-64.25709,45.908377],[-64.256446,45.908384],[-64.256456,45.908834],[-64.255811,45.908841],[-64.255821,45.909291],[-64.255177,45.909298],[-64.255187,45.909748],[-64.255832,45.909741]]]},"properties":{"feature_id":"lee-s1-0509","event_id":"lee","category":"low_backscatter_no_longer_present","area_ha":3.75,"center_lon":-64.258037,"center_lat":45.907246,"threshold_db":-17.695,"sensor":"Sentinel-1","polarization":"HV","interpretation":"candidate only; requires validation"}},{"type":"Feature","id":"lee-s1-0510","geometry":{"type":"Polygon","coordinates":[[[-64.362742,45.905366],[-64.362731,45.904916],[-64.362086,45.904924],[-64.362075,45.904474],[-64.361431,45.904482],[-64.36142,45.904032],[-64.360776,45.904039],[-64.360798,45.904939],[-64.360153,45.904947],[-64.360142,45.904497],[-64.359498,45.904505],[-64.359476,45.903605],[-64.358831,45.903612],[-64.358853,45.904512],[-64.358209,45.90452],[-64.35822,45.90497],[-64.358864,45.904962],[-64.358875,45.905412],[-64.35952,45.905404],[-64.359509,45.904954],[-64.360153,45.904947],[-64.360164,45.905397],[-64.360809,45.905389],[-64.360798,45.904939],[-64.362086,45.904924],[-64.362097,45.905374],[-64.362742,45.905366]],[[-64.359509,45.904954],[-64.358864,45.904962],[-64.358853,45.904512],[-64.359498,45.904505],[-64.359509,45.904954]]]},"properties":{"feature_id":"lee-s1-0510","event_id":"lee","category":"low_backscatter_no_longer_present","area_ha":2.5,"center_lon":-64.360476,"center_lat":45.904508,"threshold_db":-17.695,"sensor":"Sentinel-1","polarization":"HV","interpretation":"candidate only; requires validation"}},{"type":"Feature","id":"lee-s1-0511","geometry":{"type":"Polygon","coordinates":[[[-64.360164,45.905397],[-64.360153,45.904947],[-64.360798,45.904939],[-64.360776,45.904039],[-64.360131,45.904047],[-64.36012,45.903597],[-64.359476,45.903605],[-64.359465,45.903155],[-64.35882,45.903163],[-64.358831,45.903612],[-64.359476,45.903605],[-64.359487,45.904055],[-64.360131,45.904047],[-64.360153,45.904947],[-64.359509,45.904954],[-64.359498,45.904505],[-64.358853,45.904512],[-64.358842,45.904062],[-64.358198,45.90407],[-64.358209,45.90452],[-64.358853,45.904512],[-64.358864,45.904962],[-64.359509,45.904954],[-64.35952,45.905404],[-64.360164,45.905397]]]},"properties":{"feature_id":"lee-s1-0511","event_id":"lee","category":"persistent_low_backscatter","area_ha":1.75,"center_lon":-64.359498,"center_lat":45.90428,"threshold_db":-17.695,"sensor":"Sentinel-1","polarization":"HV","interpretation":"candidate only; requires validation"}},{"type":"Feature","id":"lee-s1-0512","geometry":{"type":"Polygon","coordinates":[[[-64.284814,45.908519],[-64.284804,45.908069],[-64.285448,45.908062],[-64.285427,45.907162],[-64.286072,45.907155],[-64.286093,45.908055],[-64.288026,45.908033],[-64.288005,45.907133],[-64.287361,45.90714],[-64.287371,45.90759],[-64.286727,45.907597],[-64.286716,45.907148],[-64.286072,45.907155],[-64.286062,45.906705],[-64.286706,45.906698],[-64.286685,45.905798],[-64.28733,45.905791],[-64.28735,45.90669],[-64.287995,45.906683],[-64.287974,45.905783],[-64.288619,45.905776],[-64.288629,45.906226],[-64.289918,45.906211],[-64.289908,45.905761],[-64.289263,45.905769],[-64.289253,45.905319],[-64.289897,45.905312],[-64.289866,45.903962],[-64.289221,45.903969],[-64.289232,45.904419],[-64.288587,45.904426],[-64.288608,45.905326],[-64.287964,45.905333],[-64.287974,45.905783],[-64.28733,45.905791],[-64.287309,45.904891],[-64.286664,45.904898],[-64.286685,45.905798],[-64.285396,45.905812],[-64.285386,45.905362],[-64.28603,45.905355],[-64.28601,45.904455],[-64.285365,45.904463],[-64.285386,45.905362],[-64.284741,45.90537],[-64.284804,45.908069],[-64.282226,45.908098],[-64.282236,45.908548],[-64.284814,45.908519]]]},"properties":{"feature_id":"lee-s1-0512","event_id":"lee","category":"persistent_low_backscatter","area_ha":8.75,"center_lon":-64.286072,"center_lat":45.906255,"threshold_db":-17.695,"sensor":"Sentinel-1","polarization":"HV","interpretation":"candidate only; requires validation"}},{"type":"Feature","id":"lee-s1-0513","geometry":{"type":"Polygon","coordinates":[[[-64.288608,45.905326],[-64.288577,45.903976],[-64.287288,45.903991],[-64.287319,45.905341],[-64.288608,45.905326]]]},"properties":{"feature_id":"lee-s1-0513","event_id":"lee","category":"new_low_backscatter_after_lee","area_ha":1.5,"center_lon":-64.287948,"center_lat":45.904658,"threshold_db":-17.695,"sensor":"Sentinel-1","polarization":"HV","interpretation":"candidate only; requires validation"}},{"type":"Feature","id":"lee-s1-0514","geometry":{"type":"Polygon","coordinates":[[[-64.164876,45.907105],[-64.164867,45.906655],[-64.165511,45.906648],[-64.165502,45.906198],[-64.164213,45.906211],[-64.164204,45.905761],[-64.165492,45.905748],[-64.165483,45.905298],[-64.16355,45.905318],[-64.163568,45.906218],[-64.164213,45.906211],[-64.164222,45.906661],[-64.162289,45.906681],[-64.162279,45.906231],[-64.162924,45.906224],[-64.162915,45.905774],[-64.16227,45.905781],[-64.162279,45.906231],[-64.161635,45.906238],[-64.161644,45.906687],[-64.162289,45.906681],[-64.162298,45.907131],[-64.164876,45.907105]]]},"properties":{"feature_id":"lee-s1-0514","event_id":"lee","category":"low_backscatter_no_longer_present","area_ha":3.0,"center_lon":-64.163573,"center_lat":45.906215,"threshold_db":-17.695,"sensor":"Sentinel-1","polarization":"HV","interpretation":"candidate only; requires validation"}},{"type":"Feature","id":"lee-s1-0515","geometry":{"type":"Polygon","coordinates":[[[-64.369219,45.906639],[-64.369208,45.906189],[-64.369853,45.906181],[-64.369798,45.903932],[-64.369153,45.903939],[-64.369142,45.903489],[-64.369786,45.903482],[-64.369764,45.902582],[-64.367831,45.902605],[-64.367842,45.903055],[-64.368487,45.903047],[-64.368509,45.903947],[-64.367864,45.903955],[-64.367853,45.903505],[-64.366564,45.90352],[-64.366575,45.90397],[-64.36722,45.903962],[-64.367242,45.904862],[-64.366597,45.90487],[-64.366631,45.90622],[-64.367275,45.906212],[-64.367286,45.906662],[-64.369219,45.906639]]]},"properties":{"feature_id":"lee-s1-0515","event_id":"lee","category":"persistent_low_backscatter","area_ha":8.5,"center_lon":-64.368209,"center_lat":45.904622,"threshold_db":-17.695,"sensor":"Sentinel-1","polarization":"HV","interpretation":"candidate only; requires validation"}},{"type":"Feature","id":"lee-s1-0516","geometry":{"type":"Polygon","coordinates":[[[-64.265551,45.911884],[-64.26554,45.911434],[-64.266185,45.911427],[-64.266175,45.910977],[-64.266819,45.91097],[-64.266809,45.91052],[-64.267453,45.910513],[-64.267443,45.910063],[-64.268088,45.910056],[-64.268057,45.908706],[-64.269346,45.908692],[-64.269336,45.908242],[-64.268691,45.908249],[-64.268681,45.907799],[-64.269325,45.907792],[-64.269305,45.906892],[-64.269949,45.906885],[-64.269919,45.905535],[-64.269274,45.905543],[-64.269264,45.905093],[-64.269908,45.905085],[-64.269888,45.904186],[-64.269243,45.904193],[-64.269233,45.903743],[-64.268589,45.90375],[-64.268578,45.9033],[-64.267934,45.903307],[-64.267955,45.904207],[-64.269243,45.904193],[-64.269264,45.905093],[-64.267331,45.905114],[-64.267341,45.905564],[-64.269274,45.905543],[-64.269295,45.906442],[-64.268006,45.906457],[-64.268016,45.906907],[-64.26866,45.906899],[-64.268681,45.907799],[-64.268036,45.907806],[-64.268057,45.908706],[-64.267412,45.908713],[-64.267433,45.909613],[-64.266788,45.90962],[-64.266809,45.91052],[-64.266164,45.910527],[-64.266175,45.910977],[-64.26553,45.910984],[-64.26554,45.911434],[-64.263607,45.911456],[-64.263617,45.911906],[-64.265551,45.911884]]]},"properties":{"feature_id":"lee-s1-0516","event_id":"lee","category":"low_backscatter_no_longer_present","area_ha":7.0,"center_lon":-64.266778,"center_lat":45.907603,"threshold_db":-17.695,"sensor":"Sentinel-1","polarization":"HV","interpretation":"candidate only; requires validation"}},{"type":"Feature","id":"lee-s1-0517","geometry":{"type":"Polygon","coordinates":[[[-64.339509,45.904291],[-64.339498,45.903841],[-64.33821,45.903856],[-64.338199,45.903406],[-64.337554,45.903413],[-64.337543,45.902964],[-64.336899,45.902971],[-64.336888,45.902521],[-64.336244,45.902529],[-64.336255,45.902979],[-64.336899,45.902971],[-64.33691,45.903421],[-64.337554,45.903413],[-64.337565,45.903863],[-64.33821,45.903856],[-64.33822,45.904306],[-64.339509,45.904291]]]},"properties":{"feature_id":"lee-s1-0517","event_id":"lee","category":"low_backscatter_no_longer_present","area_ha":1.25,"center_lon":-64.337876,"center_lat":45.903413,"threshold_db":-17.695,"sensor":"Sentinel-1","polarization":"HV","interpretation":"candidate only; requires validation"}},{"type":"Feature","id":"lee-s1-0518","geometry":{"type":"Polygon","coordinates":[[[-64.315665,45.904568],[-64.315644,45.903668],[-64.316288,45.90366],[-64.316277,45.903211],[-64.315633,45.903218],[-64.315622,45.902768],[-64.314978,45.902776],[-64.314989,45.903225],[-64.315633,45.903218],[-64.315644,45.903668],[-64.314355,45.903683],[-64.314365,45.904133],[-64.31501,45.904125],[-64.31502,45.904575],[-64.315665,45.904568]]]},"properties":{"feature_id":"lee-s1-0518","event_id":"lee","category":"low_backscatter_no_longer_present","area_ha":1.25,"center_lon":-64.315322,"center_lat":45.903672,"threshold_db":-17.695,"sensor":"Sentinel-1","polarization":"HV","interpretation":"candidate only; requires validation"}},{"type":"Feature","id":"lee-s1-0519","geometry":{"type":"Polygon","coordinates":[[[-64.210695,45.909328],[-64.210685,45.908879],[-64.211974,45.908865],[-64.211964,45.908415],[-64.212609,45.908408],[-64.212599,45.907958],[-64.211955,45.907965],[-64.211945,45.907515],[-64.2113,45.907522],[-64.21129,45.907072],[-64.208712,45.907099],[-64.208683,45.90575],[-64.209328,45.905743],[-64.209308,45.904843],[-64.208664,45.90485],[-64.208654,45.9044],[-64.208009,45.904407],[-64.208,45.903957],[-64.207355,45.903963],[-64.207345,45.903514],[-64.206701,45.90352],[-64.20673,45.90487],[-64.206086,45.904877],[-64.206095,45.905327],[-64.20674,45.90532],[-64.206759,45.90622],[-64.207404,45.906213],[-64.207423,45.907113],[-64.206779,45.90712],[-64.206798,45.90802],[-64.208087,45.908006],[-64.208078,45.907556],[-64.208722,45.907549],[-64.208742,45.908449],[-64.208097,45.908456],[-64.208107,45.908906],[-64.209396,45.908892],[-64.209406,45.909342],[-64.210695,45.909328]]]},"properties":{"feature_id":"lee-s1-0519","event_id":"lee","category":"persistent_low_backscatter","area_ha":12.5,"center_lon":-64.209348,"center_lat":45.906428,"threshold_db":-17.695,"sensor":"Sentinel-1","polarization":"HV","interpretation":"candidate only; requires validation"}},{"type":"Feature","id":"lee-s1-0520","geometry":{"type":"Polygon","coordinates":[[[-64.336942,45.904771],[-64.336931,45.904321],[-64.336287,45.904328],[-64.336265,45.903429],[-64.335621,45.903436],[-64.33561,45.902986],[-64.334966,45.902994],[-64.334955,45.902544],[-64.334311,45.902551],[-64.3343,45.902101],[-64.333655,45.902109],[-64.333666,45.902559],[-64.333022,45.902566],[-64.333033,45.903016],[-64.332388,45.903024],[-64.332399,45.903474],[-64.333043,45.903466],[-64.333033,45.903016],[-64.333677,45.903009],[-64.333688,45.903459],[-64.334332,45.903451],[-64.334321,45.903001],[-64.334966,45.902994],[-64.334987,45.903894],[-64.335632,45.903886],[-64.335653,45.904786],[-64.336942,45.904771]]]},"properties":{"feature_id":"lee-s1-0520","event_id":"lee","category":"low_backscatter_no_longer_present","area_ha":3.0,"center_lon":-64.334665,"center_lat":45.903444,"threshold_db":-17.695,"sensor":"Sentinel-1","polarization":"HV","interpretation":"candidate only; requires validation"}},{"type":"Feature","id":"lee-s1-0521","geometry":{"type":"Polygon","coordinates":[[[-64.211886,45.904816],[-64.211857,45.903466],[-64.211212,45.903473],[-64.211222,45.903923],[-64.210577,45.903929],[-64.210597,45.904829],[-64.211886,45.904816]]]},"properties":{"feature_id":"lee-s1-0521","event_id":"lee","category":"low_backscatter_no_longer_present","area_ha":1.25,"center_lon":-64.211231,"center_lat":45.904148,"threshold_db":-17.695,"sensor":"Sentinel-1","polarization":"HV","interpretation":"candidate only; requires validation"}},{"type":"Feature","id":"lee-s1-0522","geometry":{"type":"Polygon","coordinates":[[[-64.235721,45.90411],[-64.235711,45.90366],[-64.235067,45.903667],[-64.235057,45.903217],[-64.234413,45.903224],[-64.234423,45.903674],[-64.233778,45.903681],[-64.233768,45.903231],[-64.233124,45.903238],[-64.233144,45.904138],[-64.234433,45.904124],[-64.234423,45.903674],[-64.235067,45.903667],[-64.235077,45.904117],[-64.235721,45.90411]]]},"properties":{"feature_id":"lee-s1-0522","event_id":"lee","category":"low_backscatter_no_longer_present","area_ha":1.25,"center_lon":-64.234422,"center_lat":45.903678,"threshold_db":-17.695,"sensor":"Sentinel-1","polarization":"HV","interpretation":"candidate only; requires validation"}},{"type":"Feature","id":"lee-s1-0523","geometry":{"type":"Polygon","coordinates":[[[-64.387163,45.902372],[-64.387152,45.901922],[-64.387797,45.901914],[-64.387785,45.901464],[-64.38843,45.901456],[-64.388418,45.901007],[-64.387774,45.901014],[-64.387785,45.901464],[-64.386497,45.90148],[-64.386519,45.90238],[-64.387163,45.902372]]]},"properties":{"feature_id":"lee-s1-0523","event_id":"lee","category":"low_backscatter_no_longer_present","area_ha":1.0,"center_lon":-64.387463,"center_lat":45.901694,"threshold_db":-17.695,"sensor":"Sentinel-1","polarization":"HV","interpretation":"candidate only; requires validation"}},{"type":"Feature","id":"lee-s1-0524","geometry":{"type":"Polygon","coordinates":[[[-64.20673,45.90487],[-64.206701,45.90352],[-64.207345,45.903514],[-64.207336,45.903064],[-64.206047,45.903077],[-64.206037,45.902627],[-64.205393,45.902634],[-64.205402,45.903084],[-64.204758,45.903091],[-64.204768,45.903541],[-64.206056,45.903527],[-64.206066,45.903977],[-64.205422,45.903984],[-64.205431,45.904434],[-64.206076,45.904427],[-64.206086,45.904877],[-64.20673,45.90487]]]},"properties":{"feature_id":"lee-s1-0524","event_id":"lee","category":"low_backscatter_no_longer_present","area_ha":2.25,"center_lon":-64.206052,"center_lat":45.903752,"threshold_db":-17.695,"sensor":"Sentinel-1","polarization":"HV","interpretation":"candidate only; requires validation"}},{"type":"Feature","id":"lee-s1-0525","geometry":{"type":"Polygon","coordinates":[[[-64.390385,45.902333],[-64.390374,45.901883],[-64.391018,45.901875],[-64.390985,45.900525],[-64.39034,45.900533],[-64.390374,45.901883],[-64.389085,45.901899],[-64.389097,45.902348],[-64.390385,45.902333]]]},"properties":{"feature_id":"lee-s1-0525","event_id":"lee","category":"low_backscatter_no_longer_present","area_ha":1.25,"center_lon":-64.390051,"center_lat":45.901437,"threshold_db":-17.695,"sensor":"Sentinel-1","polarization":"HV","interpretation":"candidate only; requires validation"}},{"type":"Feature","id":"lee-s1-0526","geometry":{"type":"Polygon","coordinates":[[[-64.317556,45.902746],[-64.317545,45.902296],[-64.318189,45.902288],[-64.318179,45.901839],[-64.318823,45.901831],[-64.318812,45.901381],[-64.318168,45.901389],[-64.318179,45.901839],[-64.317534,45.901846],[-64.317524,45.901396],[-64.316879,45.901404],[-64.31689,45.901853],[-64.316245,45.901861],[-64.316256,45.902311],[-64.316901,45.902303],[-64.316911,45.902753],[-64.317556,45.902746]],[[-64.317545,45.902296],[-64.316901,45.902303],[-64.31689,45.901853],[-64.317534,45.901846],[-64.317545,45.902296]]]},"properties":{"feature_id":"lee-s1-0526","event_id":"lee","category":"low_backscatter_no_longer_present","area_ha":1.25,"center_lon":-64.317534,"center_lat":45.902067,"threshold_db":-17.695,"sensor":"Sentinel-1","polarization":"HV","interpretation":"candidate only; requires validation"}},{"type":"Feature","id":"lee-s1-0527","geometry":{"type":"Polygon","coordinates":[[[-64.204133,45.903997],[-64.204113,45.903098],[-64.203469,45.903104],[-64.203459,45.902654],[-64.202815,45.902661],[-64.202844,45.904011],[-64.204133,45.903997]]]},"properties":{"feature_id":"lee-s1-0527","event_id":"lee","category":"low_backscatter_no_longer_present","area_ha":1.25,"center_lon":-64.203474,"center_lat":45.903332,"threshold_db":-17.695,"sensor":"Sentinel-1","polarization":"HV","interpretation":"candidate only; requires validation"}},{"type":"Feature","id":"lee-s1-0528","geometry":{"type":"Polygon","coordinates":[[[-64.215089,45.903881],[-64.215079,45.903432],[-64.215723,45.903425],[-64.215714,45.902975],[-64.215069,45.902982],[-64.215059,45.902532],[-64.214415,45.902539],[-64.214405,45.902089],[-64.213761,45.902095],[-64.21377,45.902545],[-64.214415,45.902539],[-64.214444,45.903888],[-64.215089,45.903881]]]},"properties":{"feature_id":"lee-s1-0528","event_id":"lee","category":"low_backscatter_no_longer_present","area_ha":1.25,"center_lon":-64.214742,"center_lat":45.902988,"threshold_db":-17.695,"sensor":"Sentinel-1","polarization":"HV","interpretation":"candidate only; requires validation"}},{"type":"Feature","id":"lee-s1-0529","geometry":{"type":"Polygon","coordinates":[[[-64.268578,45.9033],[-64.268558,45.9024],[-64.269202,45.902393],[-64.269192,45.901943],[-64.270481,45.901929],[-64.270471,45.901479],[-64.269182,45.901493],[-64.269192,45.901943],[-64.268548,45.90195],[-64.268558,45.9024],[-64.267914,45.902407],[-64.267934,45.903307],[-64.268578,45.9033]]]},"properties":{"feature_id":"lee-s1-0529","event_id":"lee","category":"persistent_low_backscatter","area_ha":1.25,"center_lon":-64.269198,"center_lat":45.902393,"threshold_db":-17.695,"sensor":"Sentinel-1","polarization":"HV","interpretation":"candidate only; requires validation"}},{"type":"Feature","id":"lee-s1-0530","geometry":{"type":"Polygon","coordinates":[[[-64.368453,45.901698],[-64.368409,45.899898],[-64.36712,45.899913],[-64.367165,45.901713],[-64.368453,45.901698]]]},"properties":{"feature_id":"lee-s1-0530","event_id":"lee","category":"persistent_low_backscatter","area_ha":2.0,"center_lon":-64.367786,"center_lat":45.900806,"threshold_db":-17.695,"sensor":"Sentinel-1","polarization":"HV","interpretation":"candidate only; requires validation"}},{"type":"Feature","id":"lee-s1-0531","geometry":{"type":"Polygon","coordinates":[[[-64.266625,45.902422],[-64.266614,45.901972],[-64.267259,45.901965],[-64.267249,45.901515],[-64.267893,45.901508],[-64.267883,45.901058],[-64.267238,45.901065],[-64.267249,45.901515],[-64.266604,45.901522],[-64.266614,45.901972],[-64.264681,45.901993],[-64.264691,45.902443],[-64.266625,45.902422]]]},"properties":{"feature_id":"lee-s1-0531","event_id":"lee","category":"low_backscatter_no_longer_present","area_ha":1.25,"center_lon":-64.266287,"center_lat":45.90175,"threshold_db":-17.695,"sensor":"Sentinel-1","polarization":"HV","interpretation":"candidate only; requires validation"}},{"type":"Feature","id":"lee-s1-0532","geometry":{"type":"Polygon","coordinates":[[[-64.351677,45.900997],[-64.351666,45.900547],[-64.352311,45.90054],[-64.3523,45.90009],[-64.351011,45.900105],[-64.351022,45.900555],[-64.350377,45.900562],[-64.350388,45.901012],[-64.351677,45.900997]]]},"properties":{"feature_id":"lee-s1-0532","event_id":"lee","category":"low_backscatter_no_longer_present","area_ha":1.0,"center_lon":-64.351344,"center_lat":45.900551,"threshold_db":-17.695,"sensor":"Sentinel-1","polarization":"HV","interpretation":"candidate only; requires validation"}},{"type":"Feature","id":"lee-s1-0533","geometry":{"type":"Polygon","coordinates":[[[-64.271125,45.901922],[-64.271115,45.901472],[-64.27176,45.901465],[-64.271739,45.900565],[-64.269806,45.900586],[-64.269816,45.901036],[-64.27046,45.901029],[-64.270481,45.901929],[-64.271125,45.901922]]]},"properties":{"feature_id":"lee-s1-0533","event_id":"lee","category":"low_backscatter_no_longer_present","area_ha":1.5,"center_lon":-64.270783,"center_lat":45.901247,"threshold_db":-17.695,"sensor":"Sentinel-1","polarization":"HV","interpretation":"candidate only; requires validation"}},{"type":"Feature","id":"lee-s1-0534","geometry":{"type":"Polygon","coordinates":[[[-64.060385,45.904072],[-64.060368,45.903172],[-64.059723,45.903178],[-64.059715,45.902728],[-64.058426,45.90274],[-64.058434,45.90319],[-64.059079,45.903184],[-64.059087,45.903634],[-64.059732,45.903628],[-64.059741,45.904078],[-64.060385,45.904072]]]},"properties":{"feature_id":"lee-s1-0534","event_id":"lee","category":"low_backscatter_no_longer_present","area_ha":1.25,"center_lon":-64.059405,"center_lat":45.903403,"threshold_db":-17.695,"sensor":"Sentinel-1","polarization":"HV","interpretation":"candidate only; requires validation"}},{"type":"Feature","id":"lee-s1-0535","geometry":{"type":"Polygon","coordinates":[[[-64.273048,45.90145],[-64.273038,45.901],[-64.273683,45.900993],[-64.273672,45.900543],[-64.272383,45.900558],[-64.272394,45.901008],[-64.271749,45.901015],[-64.27176,45.901465],[-64.273048,45.90145]]]},"properties":{"feature_id":"lee-s1-0535","event_id":"lee","category":"persistent_low_backscatter","area_ha":1.0,"center_lon":-64.272716,"center_lat":45.901004,"threshold_db":-17.695,"sensor":"Sentinel-1","polarization":"HV","interpretation":"candidate only; requires validation"}},{"type":"Feature","id":"lee-s1-0536","geometry":{"type":"Polygon","coordinates":[[[-64.345266,45.902423],[-64.345255,45.901973],[-64.34461,45.901981],[-64.3446,45.901531],[-64.345244,45.901523],[-64.345222,45.900623],[-64.345867,45.900616],[-64.345845,45.899716],[-64.344556,45.899731],[-64.344545,45.899281],[-64.343901,45.899289],[-64.343923,45.900189],[-64.343278,45.900196],[-64.343289,45.900646],[-64.342,45.900661],[-64.342011,45.901111],[-64.340722,45.901126],[-64.340711,45.900676],[-64.340067,45.900684],[-64.340078,45.901134],[-64.339433,45.901141],[-64.339444,45.901591],[-64.342022,45.901561],[-64.342011,45.901111],[-64.342655,45.901104],[-64.342666,45.901553],[-64.343311,45.901546],[-64.3433,45.901096],[-64.343944,45.901088],[-64.343933,45.900638],[-64.344578,45.900631],[-64.3446,45.901531],[-64.343955,45.901538],[-64.343966,45.901988],[-64.34461,45.901981],[-64.344621,45.90243],[-64.345266,45.902423]]]},"properties":{"feature_id":"lee-s1-0536","event_id":"lee","category":"low_backscatter_no_longer_present","area_ha":5.25,"center_lon":-64.34265,"center_lat":45.900856,"threshold_db":-17.695,"sensor":"Sentinel-1","polarization":"HV","interpretation":"candidate only; requires validation"}},{"type":"Feature","id":"lee-s1-0537","geometry":{"type":"Polygon","coordinates":[[[-64.354255,45.900967],[-64.354244,45.900517],[-64.353599,45.900524],[-64.353588,45.900074],[-64.352944,45.900082],[-64.352933,45.899632],[-64.352289,45.89964],[-64.352278,45.89919],[-64.351633,45.899198],[-64.351644,45.899647],[-64.352289,45.89964],[-64.3523,45.90009],[-64.352944,45.900082],[-64.352955,45.900532],[-64.353599,45.900524],[-64.35361,45.900974],[-64.354255,45.900967]]]},"properties":{"feature_id":"lee-s1-0537","event_id":"lee","category":"persistent_low_backscatter","area_ha":1.0,"center_lon":-64.352944,"center_lat":45.900082,"threshold_db":-17.695,"sensor":"Sentinel-1","polarization":"HV","interpretation":"candidate only; requires validation"}},{"type":"Feature","id":"lee-s1-0538","geometry":{"type":"Polygon","coordinates":[[[-64.229227,45.90193],[-64.229197,45.90058],[-64.227909,45.900594],[-64.227918,45.901044],[-64.227274,45.901051],[-64.227284,45.901501],[-64.227928,45.901494],[-64.227918,45.901044],[-64.228563,45.901037],[-64.228583,45.901937],[-64.229227,45.90193]]]},"properties":{"feature_id":"lee-s1-0538","event_id":"lee","category":"persistent_low_backscatter","area_ha":1.25,"center_lon":-64.228251,"center_lat":45.901258,"threshold_db":-17.695,"sensor":"Sentinel-1","polarization":"HV","interpretation":"candidate only; requires validation"}},{"type":"Feature","id":"lee-s1-0539","geometry":{"type":"Polygon","coordinates":[[[-64.347177,45.9015],[-64.347166,45.90105],[-64.347811,45.901043],[-64.3478,45.900593],[-64.347155,45.900601],[-64.347112,45.898801],[-64.346467,45.898809],[-64.346511,45.900608],[-64.347155,45.900601],[-64.347166,45.90105],[-64.346522,45.901058],[-64.346533,45.901508],[-64.347177,45.9015]]]},"properties":{"feature_id":"lee-s1-0539","event_id":"lee","category":"low_backscatter_no_longer_present","area_ha":1.5,"center_lon":-64.347139,"center_lat":45.900154,"threshold_db":-17.695,"sensor":"Sentinel-1","polarization":"HV","interpretation":"candidate only; requires validation"}},{"type":"Feature","id":"lee-s1-0540","geometry":{"type":"Polygon","coordinates":[[[-64.21504,45.901632],[-64.21503,45.901182],[-64.214385,45.901189],[-64.214376,45.900739],[-64.212442,45.900759],[-64.212432,45.900309],[-64.213721,45.900296],[-64.213712,45.899846],[-64.212423,45.89986],[-64.212432,45.900309],[-64.211788,45.900316],[-64.211798,45.900766],[-64.212442,45.900759],[-64.212452,45.901209],[-64.213741,45.901196],[-64.213751,45.901646],[-64.21504,45.901632]]]},"properties":{"feature_id":"lee-s1-0540","event_id":"lee","category":"low_backscatter_no_longer_present","area_ha":2.0,"center_lon":-64.213414,"center_lat":45.900746,"threshold_db":-17.695,"sensor":"Sentinel-1","polarization":"HV","interpretation":"candidate only; requires validation"}},{"type":"Feature","id":"lee-s1-0541","geometry":{"type":"Polygon","coordinates":[[[-64.273028,45.90055],[-64.273007,45.899651],[-64.273652,45.899643],[-64.273631,45.898744],[-64.272987,45.898751],[-64.273007,45.899651],[-64.272363,45.899658],[-64.272383,45.900558],[-64.273028,45.90055]]]},"properties":{"feature_id":"lee-s1-0541","event_id":"lee","category":"low_backscatter_no_longer_present","area_ha":1.0,"center_lon":-64.273008,"center_lat":45.899651,"threshold_db":-17.695,"sensor":"Sentinel-1","polarization":"HV","interpretation":"candidate only; requires validation"}},{"type":"Feature","id":"lee-s1-0542","geometry":{"type":"Polygon","coordinates":[[[-64.243385,45.900877],[-64.243375,45.900427],[-64.244019,45.90042],[-64.243999,45.89952],[-64.244643,45.899513],[-64.244633,45.899063],[-64.243989,45.89907],[-64.243999,45.89952],[-64.243355,45.899527],[-64.243375,45.900427],[-64.24273,45.900434],[-64.24274,45.900884],[-64.243385,45.900877]]]},"properties":{"feature_id":"lee-s1-0542","event_id":"lee","category":"low_backscatter_no_longer_present","area_ha":1.0,"center_lon":-64.243686,"center_lat":45.899974,"threshold_db":-17.695,"sensor":"Sentinel-1","polarization":"HV","interpretation":"candidate only; requires validation"}},{"type":"Feature","id":"lee-s1-0543","geometry":{"type":"Polygon","coordinates":[[[-64.331024,45.89989],[-64.331013,45.89944],[-64.330369,45.899447],[-64.330358,45.898997],[-64.331002,45.89899],[-64.330992,45.89854],[-64.331636,45.898532],[-64.331647,45.898982],[-64.332291,45.898975],[-64.33228,45.898525],[-64.331636,45.898532],[-64.331625,45.898082],[-64.332914,45.898067],[-64.332903,45.897617],[-64.331615,45.897633],[-64.331625,45.898082],[-64.330981,45.89809],[-64.330992,45.89854],[-64.330347,45.898547],[-64.330358,45.898997],[-64.329714,45.899005],[-64.329724,45.899455],[-64.330369,45.899447],[-64.33038,45.899897],[-64.331024,45.89989]]]},"properties":{"feature_id":"lee-s1-0543","event_id":"lee","category":"low_backscatter_no_longer_present","area_ha":1.75,"center_lon":-64.331314,"center_lat":45.898757,"threshold_db":-17.695,"sensor":"Sentinel-1","polarization":"HV","interpretation":"candidate only; requires validation"}},{"type":"Feature","id":"lee-s1-0544","geometry":{"type":"Polygon","coordinates":[[[-64.33488,45.899395],[-64.334847,45.898045],[-64.336136,45.89803],[-64.336157,45.89893],[-64.336802,45.898922],[-64.33678,45.898022],[-64.336136,45.89803],[-64.336125,45.89758],[-64.334836,45.897595],[-64.334826,45.897145],[-64.334181,45.897153],[-64.334192,45.897602],[-64.333548,45.89761],[-64.33358,45.89896],[-64.334224,45.898952],[-64.334235,45.899402],[-64.33488,45.899395]],[[-64.334847,45.898045],[-64.334203,45.898052],[-64.334192,45.897602],[-64.334836,45.897595],[-64.334847,45.898045]]]},"properties":{"feature_id":"lee-s1-0544","event_id":"lee","category":"low_backscatter_no_longer_present","area_ha":2.75,"center_lon":-64.335175,"center_lat":45.898274,"threshold_db":-17.695,"sensor":"Sentinel-1","polarization":"HV","interpretation":"candidate only; requires validation"}},{"type":"Feature","id":"lee-s1-0545","geometry":{"type":"Polygon","coordinates":[[[-64.257521,45.898922],[-64.257501,45.898022],[-64.255568,45.898043],[-64.255588,45.898943],[-64.257521,45.898922]]]},"properties":{"feature_id":"lee-s1-0545","event_id":"lee","category":"low_backscatter_no_longer_present","area_ha":1.5,"center_lon":-64.256544,"center_lat":45.898483,"threshold_db":-17.695,"sensor":"Sentinel-1","polarization":"HV","interpretation":"candidate only; requires validation"}},{"type":"Feature","id":"lee-s1-0546","geometry":{"type":"Polygon","coordinates":[[[-64.340056,45.900234],[-64.340013,45.898434],[-64.339369,45.898442],[-64.339347,45.897542],[-64.339991,45.897535],[-64.340002,45.897984],[-64.341291,45.897969],[-64.34128,45.897519],[-64.340636,45.897527],[-64.340625,45.897077],[-64.338692,45.8971],[-64.338681,45.89665],[-64.338037,45.896657],[-64.338047,45.897107],[-64.337403,45.897115],[-64.337392,45.896665],[-64.336748,45.896673],[-64.336769,45.897572],[-64.338703,45.89755],[-64.338713,45.898],[-64.338069,45.898007],[-64.33808,45.898457],[-64.338724,45.898449],[-64.338767,45.900249],[-64.340056,45.900234]]]},"properties":{"feature_id":"lee-s1-0546","event_id":"lee","category":"low_backscatter_no_longer_present","area_ha":5.25,"center_lon":-64.33902,"center_lat":45.898449,"threshold_db":-17.695,"sensor":"Sentinel-1","polarization":"HV","interpretation":"candidate only; requires validation"}},{"type":"Feature","id":"lee-s1-0547","geometry":{"type":"Polygon","coordinates":[[[-64.368343,45.897199],[-64.368332,45.896749],[-64.367687,45.896756],[-64.367676,45.896306],[-64.366388,45.896322],[-64.366399,45.896772],[-64.367043,45.896764],[-64.367054,45.897214],[-64.368343,45.897199]]]},"properties":{"feature_id":"lee-s1-0547","event_id":"lee","category":"low_backscatter_no_longer_present","area_ha":1.0,"center_lon":-64.367366,"center_lat":45.89676,"threshold_db":-17.695,"sensor":"Sentinel-1","polarization":"HV","interpretation":"candidate only; requires validation"}},{"type":"Feature","id":"lee-s1-0548","geometry":{"type":"Polygon","coordinates":[[[-64.306484,45.897923],[-64.306474,45.897473],[-64.305829,45.89748],[-64.305819,45.89703],[-64.30453,45.897045],[-64.304519,45.896595],[-64.303875,45.896602],[-64.303896,45.897502],[-64.305185,45.897487],[-64.305195,45.897937],[-64.306484,45.897923]]]},"properties":{"feature_id":"lee-s1-0548","event_id":"lee","category":"low_backscatter_no_longer_present","area_ha":1.5,"center_lon":-64.30518,"center_lat":45.897266,"threshold_db":-17.695,"sensor":"Sentinel-1","polarization":"HV","interpretation":"candidate only; requires validation"}},{"type":"Feature","id":"lee-s1-0549","geometry":{"type":"Polygon","coordinates":[[[-64.273621,45.898294],[-64.2736,45.897394],[-64.272956,45.897401],[-64.272946,45.896951],[-64.271657,45.896965],[-64.271667,45.897415],[-64.272956,45.897401],[-64.272976,45.898301],[-64.273621,45.898294]]]},"properties":{"feature_id":"lee-s1-0549","event_id":"lee","category":"new_low_backscatter_after_lee","area_ha":1.0,"center_lon":-64.272639,"center_lat":45.897626,"threshold_db":-17.695,"sensor":"Sentinel-1","polarization":"HV","interpretation":"candidate only; requires validation"}},{"type":"Feature","id":"lee-s1-0550","geometry":{"type":"Polygon","coordinates":[[[-64.147558,45.91133],[-64.147548,45.91088],[-64.148838,45.910867],[-64.148828,45.910417],[-64.150117,45.910404],[-64.15009,45.909054],[-64.150734,45.909048],[-64.150725,45.908598],[-64.151369,45.908592],[-64.15136,45.908142],[-64.152005,45.908135],[-64.151995,45.907685],[-64.153284,45.907672],[-64.153275,45.907222],[-64.153919,45.907216],[-64.15391,45.906766],[-64.156488,45.90674],[-64.156498,45.90719],[-64.157787,45.907177],[-64.157777,45.906727],[-64.159066,45.906714],[-64.159057,45.906264],[-64.158412,45.90627],[-64.158394,45.90537],[-64.159038,45.905364],[-64.159001,45.903564],[-64.159645,45.903558],[-64.159626,45.902658],[-64.160271,45.902651],[-64.160215,45.899952],[-64.160859,45.899945],[-64.16085,45.899495],[-64.161494,45.899489],[-64.161475,45.898589],[-64.16212,45.898582],[-64.16211,45.898132],[-64.161466,45.898139],[-64.161457,45.897689],[-64.158235,45.897722],[-64.158244,45.898171],[-64.1576,45.898178],[-64.15759,45.897728],[-64.156301,45.897741],[-64.156311,45.898191],[-64.155666,45.898198],[-64.155676,45.898647],[-64.155031,45.898654],[-64.155041,45.899104],[-64.154396,45.89911],[-64.154405,45.89956],[-64.153761,45.899567],[-64.153826,45.902716],[-64.154471,45.90271],[-64.154489,45.90361],[-64.153845,45.903616],[-64.153864,45.904516],[-64.149352,45.904562],[-64.149361,45.905012],[-64.148072,45.905025],[-64.148082,45.905474],[-64.147437,45.905481],[-64.147446,45.905931],[-64.146157,45.905944],[-64.146167,45.906394],[-64.144233,45.906413],[-64.144242,45.906863],[-64.143598,45.90687],[-64.143607,45.907319],[-64.142318,45.907332],[-64.142327,45.907782],[-64.141683,45.907789],[-64.141692,45.908239],[-64.141048,45.908245],[-64.141057,45.908695],[-64.140412,45.908701],[-64.140431,45.909601],[-64.142364,45.909582],[-64.142374,45.910032],[-64.143663,45.910019],[-64.143672,45.910469],[-64.144316,45.910463],[-64.144326,45.910912],[-64.14497,45.910906],[-64.144979,45.911356],[-64.147558,45.91133]]]},"properties":{"feature_id":"lee-s1-0550","event_id":"lee","category":"persistent_low_backscatter","area_ha":90.75,"center_lon":-64.151266,"center_lat":45.904522,"threshold_db":-17.695,"sensor":"Sentinel-1","polarization":"HV","interpretation":"candidate only; requires validation"}},{"type":"Feature","id":"lee-s1-0551","geometry":{"type":"Polygon","coordinates":[[[-64.294885,45.898055],[-64.294875,45.897605],[-64.295519,45.897597],[-64.295509,45.897148],[-64.294865,45.897155],[-64.294875,45.897605],[-64.292942,45.897627],[-64.292931,45.897177],[-64.292287,45.897184],[-64.292298,45.897634],[-64.28972,45.897663],[-64.28971,45.897213],[-64.288421,45.897228],[-64.28841,45.896778],[-64.287766,45.896785],[-64.287756,45.896335],[-64.287111,45.896342],[-64.287122,45.896792],[-64.287766,45.896785],[-64.287776,45.897235],[-64.288421,45.897228],[-64.288431,45.897678],[-64.28972,45.897663],[-64.28973,45.898113],[-64.294885,45.898055]]]},"properties":{"feature_id":"lee-s1-0551","event_id":"lee","category":"persistent_low_backscatter","area_ha":3.5,"center_lon":-64.291315,"center_lat":45.897224,"threshold_db":-17.695,"sensor":"Sentinel-1","polarization":"HV","interpretation":"candidate only; requires validation"}},{"type":"Feature","id":"lee-s1-0552","geometry":{"type":"Polygon","coordinates":[[[-64.381863,45.896586],[-64.381841,45.895686],[-64.381196,45.895694],[-64.381185,45.895244],[-64.379897,45.895259],[-64.379908,45.895709],[-64.381196,45.895694],[-64.381219,45.896594],[-64.381863,45.896586]]]},"properties":{"feature_id":"lee-s1-0552","event_id":"lee","category":"persistent_low_backscatter","area_ha":1.0,"center_lon":-64.38088,"center_lat":45.895919,"threshold_db":-17.695,"sensor":"Sentinel-1","polarization":"HV","interpretation":"candidate only; requires validation"}},{"type":"Feature","id":"lee-s1-0553","geometry":{"type":"Polygon","coordinates":[[[-64.350924,45.896506],[-64.350913,45.896056],[-64.351557,45.896048],[-64.351546,45.895598],[-64.350902,45.895606],[-64.350891,45.895156],[-64.350246,45.895164],[-64.350257,45.895614],[-64.349613,45.895621],[-64.349624,45.896071],[-64.350268,45.896063],[-64.350279,45.896513],[-64.350924,45.896506]]]},"properties":{"feature_id":"lee-s1-0553","event_id":"lee","category":"new_low_backscatter_after_lee","area_ha":1.25,"center_lon":-64.350585,"center_lat":45.895834,"threshold_db":-17.695,"sensor":"Sentinel-1","polarization":"HV","interpretation":"candidate only; requires validation"}},{"type":"Feature","id":"lee-s1-0554","geometry":{"type":"Polygon","coordinates":[[[-64.173075,45.89847],[-64.173056,45.89757],[-64.1737,45.897564],[-64.173691,45.897114],[-64.173046,45.89712],[-64.173056,45.89757],[-64.172411,45.897577],[-64.172421,45.898027],[-64.171777,45.898033],[-64.171786,45.898483],[-64.173075,45.89847]]]},"properties":{"feature_id":"lee-s1-0554","event_id":"lee","category":"low_backscatter_no_longer_present","area_ha":1.0,"center_lon":-64.172739,"center_lat":45.897799,"threshold_db":-17.695,"sensor":"Sentinel-1","polarization":"HV","interpretation":"candidate only; requires validation"}},{"type":"Feature","id":"lee-s1-0555","geometry":{"type":"Polygon","coordinates":[[[-64.274255,45.897837],[-64.274245,45.897387],[-64.275533,45.897372],[-64.275523,45.896922],[-64.276167,45.896915],[-64.276157,45.896465],[-64.27809,45.896444],[-64.278101,45.896894],[-64.280678,45.896865],[-64.280668,45.896415],[-64.281312,45.896408],[-64.281302,45.895958],[-64.280013,45.895972],[-64.280023,45.896422],[-64.278735,45.896436],[-64.278724,45.895987],[-64.275502,45.896023],[-64.275523,45.896922],[-64.274234,45.896937],[-64.274245,45.897387],[-64.2736,45.897394],[-64.273611,45.897844],[-64.274255,45.897837]]]},"properties":{"feature_id":"lee-s1-0555","event_id":"lee","category":"low_backscatter_no_longer_present","area_ha":3.75,"center_lon":-64.277456,"center_lat":45.896901,"threshold_db":-17.695,"sensor":"Sentinel-1","polarization":"HV","interpretation":"candidate only; requires validation"}},{"type":"Feature","id":"lee-s1-0556","geometry":{"type":"Polygon","coordinates":[[[-64.105419,45.899595],[-64.105401,45.898695],[-64.10669,45.898682],[-64.106681,45.898232],[-64.107326,45.898226],[-64.107317,45.897776],[-64.106028,45.897789],[-64.106037,45.898239],[-64.105392,45.898245],[-64.105384,45.897795],[-64.104739,45.897801],[-64.104748,45.898251],[-64.105392,45.898245],[-64.105401,45.898695],[-64.104757,45.898701],[-64.104775,45.899601],[-64.105419,45.899595]]]},"properties":{"feature_id":"lee-s1-0556","event_id":"lee","category":"low_backscatter_no_longer_present","area_ha":1.75,"center_lon":-64.106032,"center_lat":45.898688,"threshold_db":-17.695,"sensor":"Sentinel-1","polarization":"HV","interpretation":"candidate only; requires validation"}},{"type":"Feature","id":"lee-s1-0557","geometry":{"type":"Polygon","coordinates":[[[-64.287756,45.896335],[-64.287745,45.895885],[-64.287101,45.895892],[-64.28708,45.894993],[-64.286436,45.895],[-64.286467,45.89635],[-64.287756,45.896335]]]},"properties":{"feature_id":"lee-s1-0557","event_id":"lee","category":"low_backscatter_no_longer_present","area_ha":1.0,"center_lon":-64.287096,"center_lat":45.895671,"threshold_db":-17.695,"sensor":"Sentinel-1","polarization":"HV","interpretation":"candidate only; requires validation"}},{"type":"Feature","id":"lee-s1-0558","geometry":{"type":"Polygon","coordinates":[[[-64.298055,45.895769],[-64.298044,45.895319],[-64.296756,45.895333],[-64.296745,45.894883],[-64.296101,45.894891],[-64.29609,45.894441],[-64.295446,45.894448],[-64.295457,45.894898],[-64.296101,45.894891],[-64.296111,45.895341],[-64.296756,45.895333],[-64.296766,45.895783],[-64.298055,45.895769]]]},"properties":{"feature_id":"lee-s1-0558","event_id":"lee","category":"low_backscatter_no_longer_present","area_ha":1.0,"center_lon":-64.296751,"center_lat":45.895112,"threshold_db":-17.695,"sensor":"Sentinel-1","polarization":"HV","interpretation":"candidate only; requires validation"}},{"type":"Feature","id":"lee-s1-0559","geometry":{"type":"Polygon","coordinates":[[[-64.292921,45.896727],[-64.292858,45.894027],[-64.292214,45.894035],[-64.292277,45.896734],[-64.292921,45.896727]]]},"properties":{"feature_id":"lee-s1-0559","event_id":"lee","category":"persistent_low_backscatter","area_ha":1.5,"center_lon":-64.292568,"center_lat":45.895381,"threshold_db":-17.695,"sensor":"Sentinel-1","polarization":"HV","interpretation":"candidate only; requires validation"}},{"type":"Feature","id":"lee-s1-0560","geometry":{"type":"Polygon","coordinates":[[[-64.372798,45.894895],[-64.372776,45.893995],[-64.372131,45.894003],[-64.37212,45.893553],[-64.372765,45.893545],[-64.372754,45.893095],[-64.371465,45.893111],[-64.371509,45.89491],[-64.372798,45.894895]]]},"properties":{"feature_id":"lee-s1-0560","event_id":"lee","category":"low_backscatter_no_longer_present","area_ha":1.75,"center_lon":-64.372131,"center_lat":45.894002,"threshold_db":-17.695,"sensor":"Sentinel-1","polarization":"HV","interpretation":"candidate only; requires validation"}},{"type":"Feature","id":"lee-s1-0561","geometry":{"type":"Polygon","coordinates":[[[-64.353446,45.894226],[-64.353424,45.893326],[-64.352136,45.893341],[-64.352147,45.893791],[-64.351502,45.893799],[-64.351513,45.894249],[-64.353446,45.894226]]]},"properties":{"feature_id":"lee-s1-0561","event_id":"lee","category":"low_backscatter_no_longer_present","area_ha":1.25,"center_lon":-64.352474,"center_lat":45.893788,"threshold_db":-17.695,"sensor":"Sentinel-1","polarization":"HV","interpretation":"candidate only; requires validation"}},{"type":"Feature","id":"lee-s1-0562","geometry":{"type":"Polygon","coordinates":[[[-64.250352,45.8954],[-64.250342,45.894951],[-64.249698,45.894958],[-64.249688,45.894508],[-64.249043,45.894515],[-64.249053,45.894965],[-64.247765,45.894979],[-64.247775,45.895429],[-64.249063,45.895415],[-64.249053,45.894965],[-64.249698,45.894958],[-64.249708,45.895408],[-64.250352,45.8954]]]},"properties":{"feature_id":"lee-s1-0562","event_id":"lee","category":"new_low_backscatter_after_lee","area_ha":1.0,"center_lon":-64.249059,"center_lat":45.894969,"threshold_db":-17.695,"sensor":"Sentinel-1","polarization":"HV","interpretation":"candidate only; requires validation"}},{"type":"Feature","id":"lee-s1-0563","geometry":{"type":"Polygon","coordinates":[[[-64.369554,45.894034],[-64.369543,45.893584],[-64.370187,45.893576],[-64.370176,45.893126],[-64.369532,45.893134],[-64.369543,45.893584],[-64.368899,45.893592],[-64.368877,45.892692],[-64.367588,45.892707],[-64.367599,45.893157],[-64.368243,45.893149],[-64.368254,45.893599],[-64.368899,45.893592],[-64.36891,45.894042],[-64.369554,45.894034]]]},"properties":{"feature_id":"lee-s1-0563","event_id":"lee","category":"low_backscatter_no_longer_present","area_ha":1.25,"center_lon":-64.368887,"center_lat":45.893367,"threshold_db":-17.695,"sensor":"Sentinel-1","polarization":"HV","interpretation":"candidate only; requires validation"}},{"type":"Feature","id":"lee-s1-0564","geometry":{"type":"Polygon","coordinates":[[[-64.338638,45.89485],[-64.338605,45.893501],[-64.33925,45.893493],[-64.339239,45.893043],[-64.339883,45.893036],[-64.339872,45.892586],[-64.339228,45.892593],[-64.339239,45.893043],[-64.338594,45.893051],[-64.338605,45.893501],[-64.337961,45.893508],[-64.337972,45.893958],[-64.337327,45.893966],[-64.337349,45.894865],[-64.338638,45.89485]]]},"properties":{"feature_id":"lee-s1-0564","event_id":"lee","category":"low_backscatter_no_longer_present","area_ha":1.75,"center_lon":-64.338605,"center_lat":45.893726,"threshold_db":-17.695,"sensor":"Sentinel-1","polarization":"HV","interpretation":"candidate only; requires validation"}},{"type":"Feature","id":"lee-s1-0565","geometry":{"type":"Polygon","coordinates":[[[-64.286436,45.895],[-64.286425,45.89455],[-64.285781,45.894557],[-64.285771,45.894107],[-64.285126,45.894115],[-64.285116,45.893665],[-64.284472,45.893672],[-64.284461,45.893222],[-64.281884,45.893251],[-64.281894,45.893701],[-64.28125,45.893708],[-64.28126,45.894158],[-64.280616,45.894165],[-64.280637,45.895065],[-64.281281,45.895058],[-64.28126,45.894158],[-64.282549,45.894144],[-64.282539,45.893694],[-64.284472,45.893672],[-64.284482,45.894122],[-64.285126,45.894115],[-64.285137,45.894565],[-64.285781,45.894557],[-64.285791,45.895007],[-64.286436,45.895]]]},"properties":{"feature_id":"lee-s1-0565","event_id":"lee","category":"persistent_low_backscatter","area_ha":2.75,"center_lon":-64.283526,"center_lat":45.894143,"threshold_db":-17.695,"sensor":"Sentinel-1","polarization":"HV","interpretation":"candidate only; requires validation"}},{"type":"Feature","id":"lee-s1-0566","geometry":{"type":"Polygon","coordinates":[[[-64.340175,45.905183],[-64.340164,45.904733],[-64.342098,45.90471],[-64.342087,45.90426],[-64.34402,45.904238],[-64.344009,45.903788],[-64.345298,45.903773],[-64.345287,45.903323],[-64.345932,45.903315],[-64.34591,45.902415],[-64.346555,45.902408],[-64.346522,45.901058],[-64.347166,45.90105],[-64.347155,45.900601],[-64.346511,45.900608],[-64.346457,45.898359],[-64.345812,45.898366],[-64.345791,45.897466],[-64.345146,45.897474],[-64.345124,45.896574],[-64.34448,45.896582],[-64.344458,45.895682],[-64.345103,45.895674],[-64.345081,45.894775],[-64.344437,45.894782],[-64.344447,45.895232],[-64.343803,45.89524],[-64.343825,45.896139],[-64.342536,45.896155],[-64.342547,45.896605],[-64.341258,45.89662],[-64.341247,45.89617],[-64.339959,45.896185],[-64.339948,45.895735],[-64.339304,45.895743],[-64.339271,45.894393],[-64.339916,45.894385],[-64.339926,45.894835],[-64.340571,45.894828],[-64.340581,45.895277],[-64.341226,45.89527],[-64.341215,45.89482],[-64.340571,45.894828],[-64.34056,45.894378],[-64.341204,45.89437],[-64.341193,45.89392],[-64.342482,45.893905],[-64.34246,45.893005],[-64.341172,45.89302],[-64.341161,45.892571],[-64.339872,45.892586],[-64.339883,45.893036],[-64.339239,45.893043],[-64.33925,45.893493],[-64.338605,45.893501],[-64.338638,45.89485],[-64.337349,45.894865],[-64.337381,45.896215],[-64.338026,45.896208],[-64.338037,45.896657],[-64.337392,45.896665],[-64.337403,45.897115],[-64.338047,45.897107],[-64.338037,45.896657],[-64.338681,45.89665],[-64.338692,45.8971],[-64.340625,45.897077],[-64.340636,45.897527],[-64.343213,45.897497],[-64.343224,45.897947],[-64.343868,45.897939],[-64.343879,45.898389],[-64.344524,45.898381],[-64.344545,45.899281],[-64.34519,45.899274],[-64.3452,45.899723],[-64.345845,45.899716],[-64.345867,45.900616],[-64.345222,45.900623],[-64.345266,45.902423],[-64.343977,45.902438],[-64.343999,45.903338],[-64.341421,45.903368],[-64.341432,45.903818],[-64.339498,45.903841],[-64.339509,45.904291],[-64.33822,45.904306],[-64.33821,45.903856],[-64.337565,45.903863],[-64.337554,45.903413],[-64.33691,45.903421],[-64.336899,45.902971],[-64.336255,45.902979],[-64.336211,45.901179],[-64.336856,45.901172],[-64.336845,45.900722],[-64.337489,45.900714],[-64.337479,45.900264],[-64.338123,45.900257],[-64.338112,45.899807],[-64.338757,45.899799],[-64.338724,45.898449],[-64.33808,45.898457],[-64.338069,45.898007],[-64.338713,45.898],[-64.338703,45.89755],[-64.336125,45.89758],[-64.336114,45.89713],[-64.33547,45.897137],[-64.335459,45.896688],[-64.331593,45.896733],[-64.331604,45.897183],[-64.330959,45.89719],[-64.33097,45.89764],[-64.327104,45.897685],[-64.327093,45.897235],[-64.326449,45.897243],[-64.32646,45.897692],[-64.324527,45.897715],[-64.324537,45.898165],[-64.323893,45.898172],[-64.323925,45.899522],[-64.322636,45.899537],[-64.322647,45.899987],[-64.320714,45.900009],[-64.320724,45.900459],[-64.319436,45.900474],[-64.319446,45.900924],[-64.318157,45.900939],[-64.318168,45.901389],[-64.317524,45.901396],[-64.317534,45.901846],[-64.31689,45.901853],[-64.316901,45.902303],[-64.316256,45.902311],[-64.316267,45.902761],[-64.315622,45.902768],[-64.315633,45.903218],[-64.314989,45.903225],[-64.314999,45.903675],[-64.315644,45.903668],[-64.315633,45.903218],[-64.316277,45.903211],[-64.316267,45.902761],[-64.316911,45.902753],[-64.316901,45.902303],[-64.317545,45.902296],[-64.317534,45.901846],[-64.318179,45.901839],[-64.318168,45.901389],[-64.319457,45.901374],[-64.319446,45.900924],[-64.320735,45.900909],[-64.320724,45.900459],[-64.321369,45.900452],[-64.321379,45.900902],[-64.322024,45.900894],[-64.322013,45.900444],[-64.324591,45.900414],[-64.324559,45.899065],[-64.325203,45.899057],[-64.325192,45.898607],[-64.325837,45.8986],[-64.325826,45.89815],[-64.327115,45.898135],[-64.327125,45.898585],[-64.329059,45.898562],[-64.329069,45.899012],[-64.330358,45.898997],[-64.330347,45.898547],[-64.330992,45.89854],[-64.330981,45.89809],[-64.331625,45.898082],[-64.331615,45.897633],[-64.332259,45.897625],[-64.332248,45.897175],[-64.334826,45.897145],[-64.334836,45.897595],[-64.336125,45.89758],[-64.336136,45.89803],[-64.33678,45.898022],[-64.336802,45.898922],[-64.336157,45.89893],[-64.336179,45.899829],[-64.335535,45.899837],[-64.335545,45.900287],[-64.334901,45.900294],[-64.334912,45.900744],[-64.334267,45.900752],[-64.334311,45.902551],[-64.334955,45.902544],[-64.334966,45.902994],[-64.33561,45.902986],[-64.335621,45.903436],[-64.336265,45.903429],[-64.336287,45.904328],[-64.336931,45.904321],[-64.336942,45.904771],[-64.338231,45.904756],[-64.338242,45.905206],[-64.340175,45.905183]]]},"properties":{"feature_id":"lee-s1-0566","event_id":"lee","category":"persistent_low_backscatter","area_ha":54.5,"center_lon":-64.331077,"center_lat":45.898888,"threshold_db":-17.695,"sensor":"Sentinel-1","polarization":"HV","interpretation":"candidate only; requires validation"}},{"type":"Feature","id":"lee-s1-0567","geometry":{"type":"Polygon","coordinates":[[[-64.27676,45.894658],[-64.27674,45.893759],[-64.276095,45.893766],[-64.276085,45.893316],[-64.273508,45.893345],[-64.273518,45.893795],[-64.276095,45.893766],[-64.276116,45.894666],[-64.27676,45.894658]]]},"properties":{"feature_id":"lee-s1-0567","event_id":"lee","category":"low_backscatter_no_longer_present","area_ha":1.5,"center_lon":-64.275134,"center_lat":45.893991,"threshold_db":-17.695,"sensor":"Sentinel-1","polarization":"HV","interpretation":"candidate only; requires validation"}},{"type":"Feature","id":"lee-s1-0568","geometry":{"type":"Polygon","coordinates":[[[-64.342547,45.896605],[-64.342536,45.896155],[-64.343825,45.896139],[-64.343803,45.89524],[-64.343159,45.895247],[-64.34317,45.895697],[-64.341881,45.895712],[-64.341859,45.894812],[-64.341215,45.89482],[-64.341204,45.89437],[-64.343781,45.89434],[-64.343749,45.89299],[-64.34246,45.893005],[-64.342449,45.892555],[-64.341805,45.892563],[-64.341794,45.892113],[-64.340506,45.892128],[-64.340517,45.892578],[-64.341161,45.892571],[-64.341172,45.89302],[-64.34246,45.893005],[-64.342482,45.893905],[-64.341193,45.89392],[-64.341204,45.89437],[-64.34056,45.894378],[-64.340571,45.894828],[-64.339926,45.894835],[-64.339916,45.894385],[-64.339271,45.894393],[-64.339304,45.895743],[-64.339948,45.895735],[-64.339959,45.896185],[-64.341247,45.89617],[-64.341258,45.89662],[-64.342547,45.896605]],[[-64.341226,45.89527],[-64.340581,45.895277],[-64.340571,45.894828],[-64.341215,45.89482],[-64.341226,45.89527]]]},"properties":{"feature_id":"lee-s1-0568","event_id":"lee","category":"low_backscatter_no_longer_present","area_ha":7.5,"center_lon":-64.341548,"center_lat":45.894367,"threshold_db":-17.695,"sensor":"Sentinel-1","polarization":"HV","interpretation":"candidate only; requires validation"}},{"type":"Feature","id":"lee-s1-0569","geometry":{"type":"Polygon","coordinates":[[[-64.353413,45.892876],[-64.353403,45.892426],[-64.354691,45.892411],[-64.35468,45.891961],[-64.353392,45.891976],[-64.353403,45.892426],[-64.352114,45.892441],[-64.352125,45.892891],[-64.353413,45.892876]]]},"properties":{"feature_id":"lee-s1-0569","event_id":"lee","category":"persistent_low_backscatter","area_ha":1.0,"center_lon":-64.353403,"center_lat":45.892426,"threshold_db":-17.695,"sensor":"Sentinel-1","polarization":"HV","interpretation":"candidate only; requires validation"}},{"type":"Feature","id":"lee-s1-0570","geometry":{"type":"Polygon","coordinates":[[[-64.347003,45.894302],[-64.346992,45.893852],[-64.347636,45.893844],[-64.347582,45.891595],[-64.346938,45.891603],[-64.346981,45.893402],[-64.346337,45.89341],[-64.346348,45.89386],[-64.345704,45.893867],[-64.345714,45.894317],[-64.347003,45.894302]]]},"properties":{"feature_id":"lee-s1-0570","event_id":"lee","category":"persistent_low_backscatter","area_ha":2.0,"center_lon":-64.34667,"center_lat":45.892956,"threshold_db":-17.695,"sensor":"Sentinel-1","polarization":"HV","interpretation":"candidate only; requires validation"}},{"type":"Feature","id":"lee-s1-0571","geometry":{"type":"Polygon","coordinates":[[[-64.356624,45.892388],[-64.356613,45.891938],[-64.357257,45.89193],[-64.357246,45.891481],[-64.355958,45.891496],[-64.355969,45.891946],[-64.35468,45.891961],[-64.354691,45.892411],[-64.356624,45.892388]]]},"properties":{"feature_id":"lee-s1-0571","event_id":"lee","category":"low_backscatter_no_longer_present","area_ha":1.25,"center_lon":-64.355969,"center_lat":45.891946,"threshold_db":-17.695,"sensor":"Sentinel-1","polarization":"HV","interpretation":"candidate only; requires validation"}},{"type":"Feature","id":"lee-s1-0572","geometry":{"type":"Polygon","coordinates":[[[-64.298013,45.893969],[-64.297992,45.893069],[-64.298636,45.893062],[-64.298615,45.892162],[-64.297971,45.892169],[-64.297961,45.891719],[-64.297316,45.891727],[-64.297327,45.892177],[-64.297971,45.892169],[-64.297992,45.893069],[-64.297348,45.893076],[-64.297337,45.892627],[-64.296693,45.892634],[-64.296703,45.893084],[-64.297348,45.893076],[-64.297369,45.893976],[-64.298013,45.893969]]]},"properties":{"feature_id":"lee-s1-0572","event_id":"lee","category":"low_backscatter_no_longer_present","area_ha":1.5,"center_lon":-64.297664,"center_lat":45.892848,"threshold_db":-17.695,"sensor":"Sentinel-1","polarization":"HV","interpretation":"candidate only; requires validation"}},{"type":"Feature","id":"lee-s1-0573","geometry":{"type":"Polygon","coordinates":[[[-64.244513,45.893664],[-64.244483,45.892314],[-64.243194,45.892328],[-64.243214,45.893228],[-64.243858,45.893221],[-64.243868,45.893671],[-64.244513,45.893664]]]},"properties":{"feature_id":"lee-s1-0573","event_id":"lee","category":"low_backscatter_no_longer_present","area_ha":1.25,"center_lon":-64.243854,"center_lat":45.892992,"threshold_db":-17.695,"sensor":"Sentinel-1","polarization":"HV","interpretation":"candidate only; requires validation"}},{"type":"Feature","id":"lee-s1-0574","geometry":{"type":"Polygon","coordinates":[[[-64.172345,45.894427],[-64.172336,45.893977],[-64.17298,45.893971],[-64.172971,45.893521],[-64.172326,45.893528],[-64.172317,45.893078],[-64.173605,45.893064],[-64.173624,45.893964],[-64.174269,45.893958],[-64.17425,45.893058],[-64.174894,45.893051],[-64.174885,45.892601],[-64.17424,45.892608],[-64.17425,45.893058],[-64.173605,45.893064],[-64.173596,45.892614],[-64.172307,45.892628],[-64.172317,45.893078],[-64.171672,45.893084],[-64.171682,45.893534],[-64.172326,45.893528],[-64.172336,45.893977],[-64.170403,45.893997],[-64.170412,45.894447],[-64.172345,45.894427]]]},"properties":{"feature_id":"lee-s1-0574","event_id":"lee","category":"low_backscatter_no_longer_present","area_ha":2.5,"center_lon":-64.172648,"center_lat":45.893524,"threshold_db":-17.695,"sensor":"Sentinel-1","polarization":"HV","interpretation":"candidate only; requires validation"}},{"type":"Feature","id":"lee-s1-0575","geometry":{"type":"Polygon","coordinates":[[[-64.131233,45.901142],[-64.131224,45.900692],[-64.131869,45.900686],[-64.131859,45.900236],[-64.132504,45.90023],[-64.132495,45.89978],[-64.13185,45.899786],[-64.131841,45.899336],[-64.134419,45.899311],[-64.13441,45.898861],[-64.136343,45.898841],[-64.136352,45.899291],[-64.135708,45.899298],[-64.135717,45.899748],[-64.136361,45.899741],[-64.136352,45.899291],[-64.136997,45.899285],[-64.137006,45.899735],[-64.138939,45.899716],[-64.13893,45.899266],[-64.140219,45.899253],[-64.14021,45.898803],[-64.141498,45.89879],[-64.141489,45.89834],[-64.140845,45.898346],[-64.140808,45.896547],[-64.141452,45.89654],[-64.141443,45.89609],[-64.142087,45.896084],[-64.142097,45.896534],[-64.142741,45.896527],[-64.142732,45.896078],[-64.142087,45.896084],[-64.142078,45.895634],[-64.141434,45.89564],[-64.141443,45.89609],[-64.140799,45.896097],[-64.14078,45.895197],[-64.142069,45.895184],[-64.14206,45.894734],[-64.140771,45.894747],[-64.140762,45.894297],[-64.141406,45.894291],[-64.141397,45.893841],[-64.142041,45.893834],[-64.142032,45.893384],[-64.140743,45.893397],[-64.140725,45.892497],[-64.141369,45.892491],[-64.14136,45.892041],[-64.140071,45.892054],[-64.140081,45.892504],[-64.138792,45.892517],[-64.138801,45.892967],[-64.137512,45.892979],[-64.137503,45.892529],[-64.136859,45.892536],[-64.136896,45.894336],[-64.13754,45.894329],[-64.137549,45.894779],[-64.138193,45.894773],[-64.138203,45.895223],[-64.137558,45.895229],[-64.137577,45.896129],[-64.136932,45.896135],[-64.136914,45.895235],[-64.13627,45.895242],[-64.136251,45.894342],[-64.135607,45.894348],[-64.135625,45.895248],[-64.134981,45.895255],[-64.13499,45.895705],[-64.133701,45.895717],[-64.133692,45.895267],[-64.133048,45.895274],[-64.133066,45.896174],[-64.131777,45.896187],[-64.131795,45.897086],[-64.131151,45.897093],[-64.13116,45.897543],[-64.130516,45.897549],[-64.130525,45.897999],[-64.131169,45.897993],[-64.131188,45.898893],[-64.130543,45.898899],[-64.130552,45.899349],[-64.129908,45.899355],[-64.129917,45.899805],[-64.130561,45.899799],[-64.130571,45.900249],[-64.129926,45.900255],[-64.129935,45.900705],[-64.13058,45.900699],[-64.130589,45.901149],[-64.131233,45.901142]],[[-64.14021,45.898803],[-64.138921,45.898816],[-64.138902,45.897916],[-64.139547,45.897909],[-64.139556,45.898359],[-64.1402,45.898353],[-64.14021,45.898803]],[[-64.133765,45.898867],[-64.133121,45.898873],[-64.133084,45.897074],[-64.133729,45.897067],[-64.133738,45.897517],[-64.134382,45.897511],[-64.134373,45.897061],[-64.135662,45.897048],[-64.13568,45.897948],[-64.136969,45.897935],[-64.136978,45.898385],[-64.135045,45.898404],[-64.135036,45.897954],[-64.133747,45.897967],[-64.133765,45.898867]],[[-64.132458,45.89798],[-64.131169,45.897993],[-64.13116,45.897543],[-64.131805,45.897536],[-64.131795,45.897086],[-64.13244,45.89708],[-64.132458,45.89798]],[[-64.140182,45.897453],[-64.138249,45.897472],[-64.13823,45.896572],[-64.139519,45.89656],[-64.13951,45.89611],[-64.140154,45.896103],[-64.140182,45.897453]],[[-64.137604,45.897479],[-64.136315,45.897492],[-64.136306,45.897042],[-64.136951,45.897035],[-64.136941,45.896585],[-64.137586,45.896579],[-64.137604,45.897479]],[[-64.13823,45.896572],[-64.137586,45.896579],[-64.137577,45.896129],[-64.138221,45.896123],[-64.13823,45.896572]],[[-64.138865,45.896116],[-64.138221,45.896123],[-64.138212,45.895673],[-64.138856,45.895666],[-64.138865,45.896116]],[[-64.140127,45.894753],[-64.138838,45.894766],[-64.13881,45.893416],[-64.140099,45.893404],[-64.140127,45.894753]]]},"properties":{"feature_id":"lee-s1-0575","event_id":"lee","category":"low_backscatter_no_longer_present","area_ha":35.75,"center_lon":-64.136325,"center_lat":45.896595,"threshold_db":-17.695,"sensor":"Sentinel-1","polarization":"HV","interpretation":"candidate only; requires validation"}},{"type":"Feature","id":"lee-s1-0576","geometry":{"type":"Polygon","coordinates":[[[-64.348215,45.891137],[-64.348194,45.890238],[-64.347549,45.890245],[-64.347539,45.889795],[-64.346894,45.889803],[-64.346927,45.891153],[-64.348215,45.891137]]]},"properties":{"feature_id":"lee-s1-0576","event_id":"lee","category":"persistent_low_backscatter","area_ha":1.25,"center_lon":-64.347555,"center_lat":45.890474,"threshold_db":-17.695,"sensor":"Sentinel-1","polarization":"HV","interpretation":"candidate only; requires validation"}},{"type":"Feature","id":"lee-s1-0577","geometry":{"type":"Polygon","coordinates":[[[-64.339195,45.891243],[-64.339174,45.890344],[-64.337885,45.890359],[-64.337874,45.889909],[-64.335942,45.889931],[-64.335931,45.889482],[-64.335287,45.889489],[-64.335297,45.889939],[-64.334653,45.889947],[-64.334664,45.890396],[-64.335308,45.890389],[-64.335297,45.889939],[-64.335942,45.889931],[-64.335952,45.890381],[-64.336597,45.890374],[-64.336608,45.890824],[-64.33854,45.890801],[-64.338551,45.891251],[-64.339195,45.891243]]]},"properties":{"feature_id":"lee-s1-0577","event_id":"lee","category":"low_backscatter_no_longer_present","area_ha":2.5,"center_lon":-64.336924,"center_lat":45.890366,"threshold_db":-17.695,"sensor":"Sentinel-1","polarization":"HV","interpretation":"candidate only; requires validation"}},{"type":"Feature","id":"lee-s1-0578","geometry":{"type":"Polygon","coordinates":[[[-64.287631,45.890936],[-64.28762,45.890486],[-64.288265,45.890479],[-64.288254,45.890029],[-64.28761,45.890036],[-64.28762,45.890486],[-64.285688,45.890508],[-64.285698,45.890958],[-64.287631,45.890936]]]},"properties":{"feature_id":"lee-s1-0578","event_id":"lee","category":"persistent_low_backscatter","area_ha":1.0,"center_lon":-64.286976,"center_lat":45.890493,"threshold_db":-17.695,"sensor":"Sentinel-1","polarization":"HV","interpretation":"candidate only; requires validation"}},{"type":"Feature","id":"lee-s1-0579","geometry":{"type":"Polygon","coordinates":[[[-64.33402,45.890404],[-64.333987,45.889054],[-64.333343,45.889062],[-64.333354,45.889512],[-64.33271,45.889519],[-64.33272,45.889969],[-64.333365,45.889962],[-64.333375,45.890412],[-64.33402,45.890404]]]},"properties":{"feature_id":"lee-s1-0579","event_id":"lee","category":"low_backscatter_no_longer_present","area_ha":1.0,"center_lon":-64.333365,"center_lat":45.889733,"threshold_db":-17.695,"sensor":"Sentinel-1","polarization":"HV","interpretation":"candidate only; requires validation"}},{"type":"Feature","id":"lee-s1-0580","geometry":{"type":"Polygon","coordinates":[[[-64.26643,45.893873],[-64.26642,45.893423],[-64.267064,45.893416],[-64.267034,45.892067],[-64.267678,45.892059],[-64.267668,45.891609],[-64.268312,45.891602],[-64.268302,45.891152],[-64.268946,45.891145],[-64.268936,45.890695],[-64.26958,45.890688],[-64.269549,45.889338],[-64.268905,45.889346],[-64.268915,45.889795],[-64.268271,45.889803],[-64.268292,45.890702],[-64.267647,45.89071],[-64.267658,45.89116],[-64.267013,45.891167],[-64.267023,45.891617],[-64.266379,45.891624],[-64.266389,45.892074],[-64.265745,45.892081],[-64.265766,45.892981],[-64.265121,45.892988],[-64.265142,45.893888],[-64.26643,45.893873]]]},"properties":{"feature_id":"lee-s1-0580","event_id":"lee","category":"persistent_low_backscatter","area_ha":5.0,"center_lon":-64.26735,"center_lat":45.891613,"threshold_db":-17.695,"sensor":"Sentinel-1","polarization":"HV","interpretation":"candidate only; requires validation"}},{"type":"Feature","id":"lee-s1-0581","geometry":{"type":"Polygon","coordinates":[[[-64.341085,45.889421],[-64.341074,45.888971],[-64.338497,45.889002],[-64.338486,45.888552],[-64.335265,45.888589],[-64.335254,45.888139],[-64.333322,45.888162],[-64.333332,45.888612],[-64.335265,45.888589],[-64.335276,45.889039],[-64.338497,45.889002],[-64.338508,45.889451],[-64.341085,45.889421]]]},"properties":{"feature_id":"lee-s1-0581","event_id":"lee","category":"persistent_low_backscatter","area_ha":3.0,"center_lon":-64.337204,"center_lat":45.888795,"threshold_db":-17.695,"sensor":"Sentinel-1","polarization":"HV","interpretation":"candidate only; requires validation"}},{"type":"Feature","id":"lee-s1-0582","geometry":{"type":"Polygon","coordinates":[[[-64.283131,45.891437],[-64.283121,45.890987],[-64.283765,45.89098],[-64.283744,45.89008],[-64.284389,45.890073],[-64.284378,45.889623],[-64.285667,45.889608],[-64.285677,45.890058],[-64.286322,45.890051],[-64.286301,45.889151],[-64.286945,45.889144],[-64.286955,45.889594],[-64.2876,45.889586],[-64.287589,45.889137],[-64.286945,45.889144],[-64.286924,45.888244],[-64.284991,45.888266],[-64.285002,45.888716],[-64.284358,45.888723],[-64.284368,45.889173],[-64.283724,45.88918],[-64.283744,45.89008],[-64.2831,45.890087],[-64.28311,45.890537],[-64.282466,45.890544],[-64.282487,45.891444],[-64.283131,45.891437]]]},"properties":{"feature_id":"lee-s1-0582","event_id":"lee","category":"persistent_low_backscatter","area_ha":4.5,"center_lon":-64.285033,"center_lat":45.889844,"threshold_db":-17.695,"sensor":"Sentinel-1","polarization":"HV","interpretation":"candidate only; requires validation"}},{"type":"Feature","id":"lee-s1-0583","geometry":{"type":"Polygon","coordinates":[[[-64.283713,45.88873],[-64.283693,45.88783],[-64.283048,45.887838],[-64.283059,45.888287],[-64.28177,45.888302],[-64.28178,45.888752],[-64.283713,45.88873]]]},"properties":{"feature_id":"lee-s1-0583","event_id":"lee","category":"low_backscatter_no_longer_present","area_ha":1.0,"center_lon":-64.282742,"center_lat":45.888291,"threshold_db":-17.695,"sensor":"Sentinel-1","polarization":"HV","interpretation":"candidate only; requires validation"}},{"type":"Feature","id":"lee-s1-0584","geometry":{"type":"Polygon","coordinates":[[[-64.330132,45.889549],[-64.330111,45.888649],[-64.328822,45.888664],[-64.328833,45.889114],[-64.328189,45.889122],[-64.328167,45.888222],[-64.324946,45.888259],[-64.324936,45.88781],[-64.323647,45.887824],[-64.323636,45.887375],[-64.319771,45.887419],[-64.31976,45.886969],[-64.317827,45.886992],[-64.317817,45.886542],[-64.316528,45.886557],[-64.316539,45.887007],[-64.31525,45.887021],[-64.315261,45.887471],[-64.31655,45.887456],[-64.316539,45.887007],[-64.317827,45.886992],[-64.317838,45.887442],[-64.319127,45.887427],[-64.319137,45.887877],[-64.320426,45.887862],[-64.320436,45.888312],[-64.322369,45.888289],[-64.322358,45.887839],[-64.323647,45.887824],[-64.323668,45.888724],[-64.324957,45.888709],[-64.324968,45.889159],[-64.326256,45.889144],[-64.326245,45.888694],[-64.32689,45.888687],[-64.3269,45.889137],[-64.328189,45.889122],[-64.3282,45.889572],[-64.330132,45.889549]]]},"properties":{"feature_id":"lee-s1-0584","event_id":"lee","category":"low_backscatter_no_longer_present","area_ha":8.75,"center_lon":-64.322691,"center_lat":45.888057,"threshold_db":-17.695,"sensor":"Sentinel-1","polarization":"HV","interpretation":"candidate only; requires validation"}},{"type":"Feature","id":"lee-s1-0585","geometry":{"type":"Polygon","coordinates":[[[-64.156778,45.889636],[-64.156768,45.889186],[-64.157413,45.889179],[-64.157394,45.888279],[-64.15675,45.888286],[-64.15674,45.887836],[-64.156096,45.887843],[-64.156087,45.887393],[-64.155442,45.887399],[-64.155489,45.889649],[-64.156778,45.889636]]]},"properties":{"feature_id":"lee-s1-0585","event_id":"lee","category":"persistent_low_backscatter","area_ha":2.75,"center_lon":-64.156428,"center_lat":45.888521,"threshold_db":-17.695,"sensor":"Sentinel-1","polarization":"HV","interpretation":"candidate only; requires validation"}},{"type":"Feature","id":"lee-s1-0586","geometry":{"type":"Polygon","coordinates":[[[-64.121331,45.889539],[-64.121313,45.888639],[-64.120669,45.888646],[-64.120678,45.889095],[-64.120033,45.889102],[-64.120015,45.888202],[-64.120659,45.888196],[-64.12065,45.887746],[-64.119362,45.887758],[-64.119371,45.888208],[-64.118727,45.888215],[-64.118736,45.888664],[-64.11938,45.888658],[-64.119389,45.889108],[-64.120033,45.889102],[-64.120042,45.889552],[-64.121331,45.889539]]]},"properties":{"feature_id":"lee-s1-0586","event_id":"lee","category":"low_backscatter_no_longer_present","area_ha":2.0,"center_lon":-64.120029,"center_lat":45.888649,"threshold_db":-17.695,"sensor":"Sentinel-1","polarization":"HV","interpretation":"candidate only; requires validation"}},{"type":"Feature","id":"lee-s1-0587","geometry":{"type":"Polygon","coordinates":[[[-64.125832,45.889045],[-64.125823,45.888595],[-64.126467,45.888589],[-64.126458,45.888139],[-64.127103,45.888132],[-64.127093,45.887682],[-64.128382,45.88767],[-64.128373,45.88722],[-64.12644,45.887239],[-64.126458,45.888139],[-64.125814,45.888145],[-64.125823,45.888595],[-64.125179,45.888601],[-64.125161,45.887701],[-64.124516,45.887708],[-64.124498,45.886808],[-64.121921,45.886833],[-64.12193,45.887283],[-64.123219,45.88727],[-64.123228,45.88772],[-64.122583,45.887727],[-64.122592,45.888177],[-64.124525,45.888158],[-64.124543,45.889058],[-64.125832,45.889045]]]},"properties":{"feature_id":"lee-s1-0587","event_id":"lee","category":"low_backscatter_no_longer_present","area_ha":4.5,"center_lon":-64.125152,"center_lat":45.887933,"threshold_db":-17.695,"sensor":"Sentinel-1","polarization":"HV","interpretation":"candidate only; requires validation"}},{"type":"Feature","id":"lee-s1-0588","geometry":{"type":"Polygon","coordinates":[[[-64.306189,45.885325],[-64.306178,45.884875],[-64.303601,45.884905],[-64.303612,45.885355],[-64.306189,45.885325]]]},"properties":{"feature_id":"lee-s1-0588","event_id":"lee","category":"low_backscatter_no_longer_present","area_ha":1.0,"center_lon":-64.304895,"center_lat":45.885115,"threshold_db":-17.695,"sensor":"Sentinel-1","polarization":"HV","interpretation":"candidate only; requires validation"}},{"type":"Feature","id":"lee-s1-0589","geometry":{"type":"Polygon","coordinates":[[[-64.293492,45.89357],[-64.293482,45.89312],[-64.294126,45.893113],[-64.294116,45.892663],[-64.29476,45.892656],[-64.29475,45.892206],[-64.295394,45.892199],[-64.295383,45.891749],[-64.296028,45.891741],[-64.296017,45.891291],[-64.296661,45.891284],[-64.296599,45.888585],[-64.297243,45.888577],[-64.297222,45.887677],[-64.29851,45.887663],[-64.29849,45.886763],[-64.299134,45.886756],[-64.299113,45.885856],[-64.299757,45.885849],[-64.299736,45.884949],[-64.299092,45.884956],[-64.299081,45.884506],[-64.298437,45.884513],[-64.298479,45.886313],[-64.297835,45.88632],[-64.297845,45.88677],[-64.297201,45.886778],[-64.297212,45.887228],[-64.296567,45.887235],[-64.296599,45.888585],[-64.295954,45.888592],[-64.296007,45.890841],[-64.295362,45.890849],[-64.295383,45.891749],[-64.294739,45.891756],[-64.29475,45.892206],[-64.293461,45.89222],[-64.293482,45.89312],[-64.292837,45.893128],[-64.292848,45.893577],[-64.293492,45.89357]]]},"properties":{"feature_id":"lee-s1-0589","event_id":"lee","category":"persistent_low_backscatter","area_ha":7.0,"center_lon":-64.296297,"center_lat":45.889042,"threshold_db":-17.695,"sensor":"Sentinel-1","polarization":"HV","interpretation":"candidate only; requires validation"}},{"type":"Feature","id":"lee-s1-0590","geometry":{"type":"Polygon","coordinates":[[[-64.173463,45.886315],[-64.173454,45.885865],[-64.17281,45.885872],[-64.1728,45.885422],[-64.173444,45.885416],[-64.173435,45.884966],[-64.172791,45.884972],[-64.1728,45.885422],[-64.172156,45.885429],[-64.172175,45.886329],[-64.173463,45.886315]]]},"properties":{"feature_id":"lee-s1-0590","event_id":"lee","category":"low_backscatter_no_longer_present","area_ha":1.0,"center_lon":-64.172809,"center_lat":45.885648,"threshold_db":-17.695,"sensor":"Sentinel-1","polarization":"HV","interpretation":"candidate only; requires validation"}},{"type":"Feature","id":"lee-s1-0591","geometry":{"type":"Polygon","coordinates":[[[-64.232775,45.887491],[-64.232765,45.887041],[-64.231477,45.887055],[-64.231467,45.886605],[-64.230822,45.886612],[-64.230813,45.886162],[-64.232745,45.886141],[-64.232755,45.886591],[-64.233399,45.886584],[-64.233409,45.887034],[-64.234698,45.88702],[-64.234688,45.88657],[-64.234044,45.886577],[-64.234024,45.885677],[-64.232091,45.885698],[-64.232081,45.885248],[-64.232725,45.885241],[-64.232705,45.884342],[-64.23335,45.884335],[-64.23334,45.883885],[-64.232696,45.883892],[-64.232705,45.884342],[-64.230773,45.884362],[-64.230793,45.885262],[-64.231437,45.885255],[-64.231447,45.885705],[-64.230158,45.885719],[-64.230178,45.886619],[-64.230822,45.886612],[-64.230832,45.887062],[-64.231477,45.887055],[-64.231487,45.887505],[-64.232775,45.887491]]]},"properties":{"feature_id":"lee-s1-0591","event_id":"lee","category":"low_backscatter_no_longer_present","area_ha":5.5,"center_lon":-64.232428,"center_lat":45.885695,"threshold_db":-17.695,"sensor":"Sentinel-1","polarization":"HV","interpretation":"candidate only; requires validation"}},{"type":"Feature","id":"lee-s1-0592","geometry":{"type":"Polygon","coordinates":[[[-64.15801,45.886923],[-64.158001,45.886473],[-64.157356,45.88648],[-64.157347,45.88603],[-64.157991,45.886023],[-64.157982,45.885573],[-64.157338,45.88558],[-64.157328,45.88513],[-64.157973,45.885123],[-64.157963,45.884673],[-64.158608,45.884667],[-64.158598,45.884217],[-64.157954,45.884224],[-64.157963,45.884673],[-64.156675,45.884686],[-64.156712,45.886486],[-64.157356,45.88648],[-64.157366,45.88693],[-64.15801,45.886923]]]},"properties":{"feature_id":"lee-s1-0592","event_id":"lee","category":"low_backscatter_no_longer_present","area_ha":2.0,"center_lon":-64.157642,"center_lat":45.885573,"threshold_db":-17.695,"sensor":"Sentinel-1","polarization":"HV","interpretation":"candidate only; requires validation"}},{"type":"Feature","id":"lee-s1-0593","geometry":{"type":"Polygon","coordinates":[[[-64.176031,45.885839],[-64.176021,45.885389],[-64.176666,45.885382],[-64.176637,45.884033],[-64.175993,45.884039],[-64.176012,45.884939],[-64.175368,45.884946],[-64.175377,45.885396],[-64.174733,45.885402],[-64.174742,45.885852],[-64.176031,45.885839]]]},"properties":{"feature_id":"lee-s1-0593","event_id":"lee","category":"persistent_low_backscatter","area_ha":1.5,"center_lon":-64.1757,"center_lat":45.884943,"threshold_db":-17.695,"sensor":"Sentinel-1","polarization":"HV","interpretation":"candidate only; requires validation"}},{"type":"Feature","id":"lee-s1-0594","geometry":{"type":"Polygon","coordinates":[[[-64.29585,45.884093],[-64.295839,45.883643],[-64.296484,45.883636],[-64.296473,45.883186],[-64.295829,45.883193],[-64.295839,45.883643],[-64.295195,45.88365],[-64.295174,45.88275],[-64.29453,45.882758],[-64.29454,45.883208],[-64.293896,45.883215],[-64.293907,45.883665],[-64.295195,45.88365],[-64.295206,45.8841],[-64.29585,45.884093]]]},"properties":{"feature_id":"lee-s1-0594","event_id":"lee","category":"low_backscatter_no_longer_present","area_ha":1.25,"center_lon":-64.29519,"center_lat":45.883425,"threshold_db":-17.695,"sensor":"Sentinel-1","polarization":"HV","interpretation":"candidate only; requires validation"}},{"type":"Feature","id":"lee-s1-0595","geometry":{"type":"Polygon","coordinates":[[[-64.244302,45.884216],[-64.244282,45.883316],[-64.242993,45.88333],[-64.242983,45.88288],[-64.242339,45.882887],[-64.242349,45.883337],[-64.242993,45.88333],[-64.243003,45.88378],[-64.243647,45.883773],[-64.243657,45.884223],[-64.244302,45.884216]]]},"properties":{"feature_id":"lee-s1-0595","event_id":"lee","category":"new_low_backscatter_after_lee","area_ha":1.0,"center_lon":-64.243321,"center_lat":45.883551,"threshold_db":-17.695,"sensor":"Sentinel-1","polarization":"HV","interpretation":"candidate only; requires validation"}},{"type":"Feature","id":"lee-s1-0596","geometry":{"type":"Polygon","coordinates":[[[-64.178617,45.886262],[-64.178598,45.885362],[-64.180531,45.885343],[-64.180522,45.884893],[-64.184387,45.884853],[-64.184397,45.885303],[-64.185041,45.885296],[-64.185031,45.884846],[-64.184387,45.884853],[-64.184359,45.883503],[-64.185003,45.883496],[-64.184993,45.883046],[-64.182416,45.883073],[-64.182435,45.883973],[-64.181791,45.883979],[-64.181782,45.88353],[-64.181137,45.883536],[-64.181147,45.883986],[-64.179858,45.883999],[-64.179849,45.883549],[-64.180493,45.883543],[-64.180484,45.883093],[-64.179839,45.8831],[-64.17983,45.88265],[-64.179186,45.882656],[-64.179195,45.883106],[-64.178551,45.883113],[-64.178541,45.882663],[-64.177897,45.88267],[-64.177907,45.883119],[-64.178551,45.883113],[-64.17856,45.883563],[-64.177916,45.883569],[-64.177926,45.884019],[-64.176637,45.884033],[-64.176656,45.884932],[-64.1773,45.884926],[-64.177291,45.884476],[-64.177935,45.884469],[-64.177954,45.885369],[-64.17731,45.885376],[-64.177319,45.885826],[-64.177964,45.885819],[-64.177973,45.886269],[-64.178617,45.886262]],[[-64.180522,45.884893],[-64.179233,45.884906],[-64.179224,45.884456],[-64.180512,45.884443],[-64.180522,45.884893]],[[-64.179224,45.884456],[-64.177935,45.884469],[-64.177926,45.884019],[-64.179214,45.884006],[-64.179224,45.884456]],[[-64.179849,45.883549],[-64.179205,45.883556],[-64.179195,45.883106],[-64.179839,45.8831],[-64.179849,45.883549]]]},"properties":{"feature_id":"lee-s1-0596","event_id":"lee","category":"low_backscatter_no_longer_present","area_ha":10.5,"center_lon":-64.180839,"center_lat":45.884459,"threshold_db":-17.695,"sensor":"Sentinel-1","polarization":"HV","interpretation":"candidate only; requires validation"}},{"type":"Feature","id":"lee-s1-0597","geometry":{"type":"Polygon","coordinates":[[[-64.191435,45.882979],[-64.191426,45.882529],[-64.19207,45.882523],[-64.192051,45.881623],[-64.190762,45.881636],[-64.190753,45.881186],[-64.190109,45.881193],[-64.190118,45.881643],[-64.189474,45.88165],[-64.189464,45.8812],[-64.186888,45.881226],[-64.186907,45.882126],[-64.187551,45.88212],[-64.187561,45.88257],[-64.186916,45.882576],[-64.186926,45.883026],[-64.18757,45.883019],[-64.187561,45.88257],[-64.189493,45.882549],[-64.189503,45.882999],[-64.191435,45.882979]]]},"properties":{"feature_id":"lee-s1-0597","event_id":"lee","category":"persistent_low_backscatter","area_ha":6.0,"center_lon":-64.189479,"center_lat":45.882106,"threshold_db":-17.695,"sensor":"Sentinel-1","polarization":"HV","interpretation":"candidate only; requires validation"}},{"type":"Feature","id":"lee-s1-0598","geometry":{"type":"Polygon","coordinates":[[[-64.161829,45.884634],[-64.16181,45.883734],[-64.161166,45.883741],[-64.161156,45.883291],[-64.162445,45.883278],[-64.162436,45.882828],[-64.16308,45.882821],[-64.163061,45.881921],[-64.163705,45.881915],[-64.163696,45.881465],[-64.163052,45.881472],[-64.163061,45.881921],[-64.162417,45.881928],[-64.162426,45.882378],[-64.161782,45.882385],[-64.161791,45.882834],[-64.161147,45.882841],[-64.161156,45.883291],[-64.160512,45.883297],[-64.160531,45.884197],[-64.161175,45.884191],[-64.161185,45.884641],[-64.161829,45.884634]]]},"properties":{"feature_id":"lee-s1-0598","event_id":"lee","category":"low_backscatter_no_longer_present","area_ha":2.5,"center_lon":-64.162108,"center_lat":45.883053,"threshold_db":-17.695,"sensor":"Sentinel-1","polarization":"HV","interpretation":"candidate only; requires validation"}},{"type":"Feature","id":"lee-s1-0599","geometry":{"type":"Polygon","coordinates":[[[-64.26551,45.881733],[-64.2655,45.881283],[-64.266144,45.881276],[-64.266134,45.880826],[-64.267422,45.880811],[-64.267412,45.880362],[-64.268056,45.880354],[-64.268046,45.879904],[-64.267402,45.879912],[-64.267412,45.880362],[-64.266124,45.880376],[-64.266134,45.880826],[-64.26549,45.880833],[-64.265469,45.879933],[-64.264181,45.879947],[-64.264201,45.880847],[-64.26549,45.880833],[-64.2655,45.881283],[-64.263567,45.881304],[-64.263577,45.881754],[-64.26551,45.881733]]]},"properties":{"feature_id":"lee-s1-0599","event_id":"lee","category":"low_backscatter_no_longer_present","area_ha":2.75,"center_lon":-64.265811,"center_lat":45.880829,"threshold_db":-17.695,"sensor":"Sentinel-1","polarization":"HV","interpretation":"candidate only; requires validation"}},{"type":"Feature","id":"lee-s1-0600","geometry":{"type":"Polygon","coordinates":[[[-64.185599,45.88124],[-64.18557,45.87989],[-64.184926,45.879897],[-64.184936,45.880347],[-64.184292,45.880353],[-64.184311,45.881253],[-64.185599,45.88124]]]},"properties":{"feature_id":"lee-s1-0600","event_id":"lee","category":"persistent_low_backscatter","area_ha":1.25,"center_lon":-64.184945,"center_lat":45.880572,"threshold_db":-17.695,"sensor":"Sentinel-1","polarization":"HV","interpretation":"candidate only; requires validation"}},{"type":"Feature","id":"lee-s1-0601","geometry":{"type":"Polygon","coordinates":[[[-64.244855,45.88016],[-64.244845,45.87971],[-64.246134,45.879696],[-64.246124,45.879246],[-64.24548,45.879253],[-64.245469,45.878803],[-64.244181,45.878817],[-64.244191,45.879267],[-64.243547,45.879274],[-64.243537,45.878824],[-64.242893,45.878831],[-64.242883,45.878381],[-64.242239,45.878388],[-64.242249,45.878838],[-64.242893,45.878831],[-64.242903,45.879281],[-64.243547,45.879274],[-64.243557,45.879724],[-64.244201,45.879717],[-64.244211,45.880167],[-64.244855,45.88016]]]},"properties":{"feature_id":"lee-s1-0601","event_id":"lee","category":"low_backscatter_no_longer_present","area_ha":2.25,"center_lon":-64.244186,"center_lat":45.879274,"threshold_db":-17.695,"sensor":"Sentinel-1","polarization":"HV","interpretation":"candidate only; requires validation"}},{"type":"Feature","id":"lee-s1-0602","geometry":{"type":"Polygon","coordinates":[[[-64.164965,45.880552],[-64.164956,45.880102],[-64.1656,45.880095],[-64.165581,45.879196],[-64.164937,45.879202],[-64.164947,45.879652],[-64.163658,45.879665],[-64.163668,45.880115],[-64.164312,45.880109],[-64.164321,45.880559],[-64.164965,45.880552]]]},"properties":{"feature_id":"lee-s1-0602","event_id":"lee","category":"low_backscatter_no_longer_present","area_ha":1.25,"center_lon":-64.164629,"center_lat":45.879877,"threshold_db":-17.695,"sensor":"Sentinel-1","polarization":"HV","interpretation":"candidate only; requires validation"}},{"type":"Feature","id":"lee-s1-0603","geometry":{"type":"Polygon","coordinates":[[[-64.204281,45.881044],[-64.204262,45.880145],[-64.204906,45.880138],[-64.204896,45.879688],[-64.20554,45.879681],[-64.205531,45.879231],[-64.206819,45.879218],[-64.206799,45.878318],[-64.206155,45.878324],[-64.206165,45.878774],[-64.205521,45.878781],[-64.205531,45.879231],[-64.204242,45.879245],[-64.204262,45.880145],[-64.202973,45.880158],[-64.202983,45.880608],[-64.202339,45.880615],[-64.202349,45.881065],[-64.202993,45.881058],[-64.202983,45.880608],[-64.203627,45.880601],[-64.203637,45.881051],[-64.204281,45.881044]]]},"properties":{"feature_id":"lee-s1-0603","event_id":"lee","category":"low_backscatter_no_longer_present","area_ha":2.5,"center_lon":-64.204579,"center_lat":45.879691,"threshold_db":-17.695,"sensor":"Sentinel-1","polarization":"HV","interpretation":"candidate only; requires validation"}},{"type":"Feature","id":"lee-s1-0604","geometry":{"type":"Polygon","coordinates":[[[-64.189455,45.88075],[-64.189445,45.8803],[-64.190089,45.880293],[-64.19008,45.879843],[-64.191368,45.87983],[-64.191349,45.87893],[-64.191993,45.878923],[-64.191974,45.878023],[-64.19133,45.87803],[-64.19132,45.87758],[-64.190676,45.877587],[-64.190686,45.878037],[-64.188109,45.878064],[-64.188128,45.878963],[-64.187484,45.87897],[-64.187513,45.88032],[-64.188157,45.880313],[-64.188166,45.880763],[-64.189455,45.88075]]]},"properties":{"feature_id":"lee-s1-0604","event_id":"lee","category":"persistent_low_backscatter","area_ha":7.75,"center_lon":-64.189739,"center_lat":45.879171,"threshold_db":-17.695,"sensor":"Sentinel-1","polarization":"HV","interpretation":"candidate only; requires validation"}},{"type":"Feature","id":"lee-s1-0605","geometry":{"type":"Polygon","coordinates":[[[-64.243517,45.877924],[-64.243507,45.877474],[-64.244151,45.877467],[-64.244131,45.876567],[-64.244775,45.87656],[-64.244765,45.87611],[-64.243477,45.876124],[-64.243497,45.877024],[-64.242853,45.877031],[-64.242873,45.877931],[-64.243517,45.877924]]]},"properties":{"feature_id":"lee-s1-0605","event_id":"lee","category":"low_backscatter_no_longer_present","area_ha":1.5,"center_lon":-64.243814,"center_lat":45.877021,"threshold_db":-17.695,"sensor":"Sentinel-1","polarization":"HV","interpretation":"candidate only; requires validation"}},{"type":"Feature","id":"lee-s1-0606","geometry":{"type":"Polygon","coordinates":[[[-64.153977,45.878863],[-64.153958,45.877964],[-64.153314,45.87797],[-64.153305,45.87752],[-64.15266,45.877527],[-64.152651,45.877077],[-64.152007,45.877083],[-64.152044,45.878883],[-64.153977,45.878863]]]},"properties":{"feature_id":"lee-s1-0606","event_id":"lee","category":"persistent_low_backscatter","area_ha":2.25,"center_lon":-64.152992,"center_lat":45.87798,"threshold_db":-17.695,"sensor":"Sentinel-1","polarization":"HV","interpretation":"candidate only; requires validation"}},{"type":"Feature","id":"lee-s1-0607","geometry":{"type":"Polygon","coordinates":[[[-64.068925,45.878791],[-64.068916,45.878341],[-64.06956,45.878335],[-64.069551,45.877885],[-64.068907,45.877891],[-64.068899,45.877441],[-64.068254,45.877447],[-64.068263,45.877897],[-64.068907,45.877891],[-64.068916,45.878341],[-64.067627,45.878353],[-64.067636,45.878803],[-64.068925,45.878791]]]},"properties":{"feature_id":"lee-s1-0607","event_id":"lee","category":"low_backscatter_no_longer_present","area_ha":1.0,"center_lon":-64.068593,"center_lat":45.878122,"threshold_db":-17.695,"sensor":"Sentinel-1","polarization":"HV","interpretation":"candidate only; requires validation"}},{"type":"Feature","id":"lee-s1-0608","geometry":{"type":"Polygon","coordinates":[[[-64.241584,45.877945],[-64.241574,45.877495],[-64.24093,45.877502],[-64.24091,45.876602],[-64.241554,45.876595],[-64.241564,45.877045],[-64.242208,45.877038],[-64.242198,45.876588],[-64.241554,45.876595],[-64.241544,45.876145],[-64.240256,45.876159],[-64.240266,45.876609],[-64.238978,45.876623],[-64.238948,45.875273],[-64.237015,45.875294],[-64.237035,45.876194],[-64.238324,45.87618],[-64.238334,45.87663],[-64.238978,45.876623],[-64.238988,45.877073],[-64.240276,45.877059],[-64.240286,45.877509],[-64.24093,45.877502],[-64.24094,45.877952],[-64.241584,45.877945]]]},"properties":{"feature_id":"lee-s1-0608","event_id":"lee","category":"low_backscatter_no_longer_present","area_ha":3.75,"center_lon":-64.239611,"center_lat":45.876613,"threshold_db":-17.695,"sensor":"Sentinel-1","polarization":"HV","interpretation":"candidate only; requires validation"}},{"type":"Feature","id":"lee-s1-0609","geometry":{"type":"Polygon","coordinates":[[[-64.179696,45.876351],[-64.179687,45.875901],[-64.180331,45.875894],[-64.180322,45.875444],[-64.180966,45.875437],[-64.180956,45.874987],[-64.179668,45.875001],[-64.179658,45.874551],[-64.179014,45.874558],[-64.179005,45.874108],[-64.178361,45.874114],[-64.178351,45.873664],[-64.178995,45.873658],[-64.178986,45.873208],[-64.178342,45.873214],[-64.178351,45.873664],[-64.177063,45.873678],[-64.177072,45.874127],[-64.178361,45.874114],[-64.17838,45.875014],[-64.177736,45.875021],[-64.177755,45.875921],[-64.179043,45.875907],[-64.179052,45.876357],[-64.179696,45.876351]]]},"properties":{"feature_id":"lee-s1-0609","event_id":"lee","category":"low_backscatter_no_longer_present","area_ha":4.0,"center_lon":-64.179014,"center_lat":45.874782,"threshold_db":-17.695,"sensor":"Sentinel-1","polarization":"HV","interpretation":"candidate only; requires validation"}},{"type":"Feature","id":"lee-s1-0610","geometry":{"type":"Polygon","coordinates":[[[-64.194502,45.875747],[-64.194473,45.874397],[-64.192541,45.874417],[-64.192531,45.873967],[-64.191887,45.873974],[-64.191868,45.873074],[-64.191224,45.873081],[-64.191214,45.872631],[-64.19057,45.872638],[-64.190609,45.874437],[-64.189965,45.874444],[-64.189984,45.875344],[-64.191916,45.875324],[-64.191926,45.875774],[-64.194502,45.875747]]]},"properties":{"feature_id":"lee-s1-0610","event_id":"lee","category":"persistent_low_backscatter","area_ha":6.5,"center_lon":-64.192234,"center_lat":45.874202,"threshold_db":-17.695,"sensor":"Sentinel-1","polarization":"HV","interpretation":"candidate only; requires validation"}},{"type":"Feature","id":"lee-s1-0611","geometry":{"type":"Polygon","coordinates":[[[-64.178323,45.872314],[-64.178313,45.871865],[-64.178957,45.871858],[-64.178948,45.871408],[-64.178304,45.871415],[-64.178294,45.870965],[-64.17765,45.870971],[-64.177669,45.871871],[-64.177025,45.871878],[-64.177034,45.872328],[-64.178323,45.872314]]]},"properties":{"feature_id":"lee-s1-0611","event_id":"lee","category":"persistent_low_backscatter","area_ha":1.25,"center_lon":-64.177991,"center_lat":45.871646,"threshold_db":-17.695,"sensor":"Sentinel-1","polarization":"HV","interpretation":"candidate only; requires validation"}},{"type":"Feature","id":"lee-s1-0612","geometry":{"type":"Polygon","coordinates":[[[-64.162892,45.873823],[-64.162883,45.873373],[-64.164815,45.873353],[-64.164806,45.872903],[-64.164162,45.87291],[-64.164152,45.87246],[-64.16544,45.872447],[-64.165384,45.869747],[-64.16474,45.869754],[-64.164749,45.870204],[-64.164105,45.87021],[-64.164115,45.87066],[-64.16347,45.870667],[-64.16348,45.871117],[-64.162836,45.871123],[-64.162845,45.871573],[-64.164133,45.87156],[-64.164143,45.87201],[-64.163499,45.872016],[-64.163517,45.872916],[-64.161585,45.872936],[-64.161594,45.873386],[-64.160306,45.873399],[-64.160316,45.873849],[-64.161604,45.873836],[-64.161594,45.873386],[-64.162239,45.873379],[-64.162248,45.873829],[-64.162892,45.873823]]]},"properties":{"feature_id":"lee-s1-0612","event_id":"lee","category":"low_backscatter_no_longer_present","area_ha":6.0,"center_lon":-64.162873,"center_lat":45.871798,"threshold_db":-17.695,"sensor":"Sentinel-1","polarization":"HV","interpretation":"candidate only; requires validation"}},{"type":"Feature","id":"lee-s1-0613","geometry":{"type":"Polygon","coordinates":[[[-64.167326,45.870177],[-64.167316,45.869727],[-64.16796,45.869721],[-64.167951,45.869271],[-64.166663,45.869284],[-64.166653,45.868834],[-64.166009,45.868841],[-64.166019,45.869291],[-64.166663,45.869284],[-64.166682,45.870184],[-64.167326,45.870177]]]},"properties":{"feature_id":"lee-s1-0613","event_id":"lee","category":"new_low_backscatter_after_lee","area_ha":1.0,"center_lon":-64.166984,"center_lat":45.869509,"threshold_db":-17.695,"sensor":"Sentinel-1","polarization":"HV","interpretation":"candidate only; requires validation"}},{"type":"Feature","id":"lee-s1-0614","geometry":{"type":"Polygon","coordinates":[[[-64.187273,45.869072],[-64.187263,45.868622],[-64.186619,45.868628],[-64.18661,45.868178],[-64.185322,45.868192],[-64.185331,45.868642],[-64.185975,45.868635],[-64.185985,45.869085],[-64.187273,45.869072]]]},"properties":{"feature_id":"lee-s1-0614","event_id":"lee","category":"low_backscatter_no_longer_present","area_ha":1.0,"center_lon":-64.186297,"center_lat":45.868631,"threshold_db":-17.695,"sensor":"Sentinel-1","polarization":"HV","interpretation":"candidate only; requires validation"}},{"type":"Feature","id":"lee-s1-0615","geometry":{"type":"Polygon","coordinates":[[[-64.041674,45.868692],[-64.041666,45.868242],[-64.042954,45.86823],[-64.042946,45.86778],[-64.041657,45.867792],[-64.041649,45.867342],[-64.041005,45.867348],[-64.040997,45.866898],[-64.041641,45.866892],[-64.041632,45.866442],[-64.040988,45.866448],[-64.040997,45.866898],[-64.039708,45.866909],[-64.039717,45.867359],[-64.041005,45.867348],[-64.04103,45.868698],[-64.041674,45.868692]]]},"properties":{"feature_id":"lee-s1-0615","event_id":"lee","category":"low_backscatter_no_longer_present","area_ha":2.0,"center_lon":-64.041331,"center_lat":45.86757,"threshold_db":-17.695,"sensor":"Sentinel-1","polarization":"HV","interpretation":"candidate only; requires validation"}},{"type":"Feature","id":"lee-s1-0616","geometry":{"type":"Polygon","coordinates":[[[-64.077012,45.863864],[-64.077004,45.863414],[-64.077648,45.863408],[-64.07763,45.862508],[-64.076986,45.862514],[-64.076978,45.862064],[-64.076334,45.86207],[-64.076342,45.86252],[-64.076986,45.862514],[-64.076995,45.862964],[-64.076351,45.86297],[-64.076368,45.86387],[-64.077012,45.863864]]]},"properties":{"feature_id":"lee-s1-0616","event_id":"lee","category":"low_backscatter_no_longer_present","area_ha":1.25,"center_lon":-64.076991,"center_lat":45.862967,"threshold_db":-17.695,"sensor":"Sentinel-1","polarization":"HV","interpretation":"candidate only; requires validation"}},{"type":"Feature","id":"lee-s1-0617","geometry":{"type":"Polygon","coordinates":[[[-64.040269,45.862404],[-64.04026,45.861954],[-64.040904,45.861948],[-64.040887,45.861048],[-64.040243,45.861054],[-64.040252,45.861504],[-64.039608,45.86151],[-64.039624,45.86241],[-64.040269,45.862404]]]},"properties":{"feature_id":"lee-s1-0617","event_id":"lee","category":"low_backscatter_no_longer_present","area_ha":1.0,"center_lon":-64.040256,"center_lat":45.861729,"threshold_db":-17.695,"sensor":"Sentinel-1","polarization":"HV","interpretation":"candidate only; requires validation"}},{"type":"Feature","id":"lee-s1-0618","geometry":{"type":"Polygon","coordinates":[[[-64.044133,45.862369],[-64.044116,45.861469],[-64.043472,45.861475],[-64.043455,45.860575],[-64.042811,45.860581],[-64.042819,45.861031],[-64.041531,45.861042],[-64.04154,45.861492],[-64.042184,45.861487],[-64.042192,45.861937],[-64.04348,45.861925],[-64.043489,45.862375],[-64.044133,45.862369]]]},"properties":{"feature_id":"lee-s1-0618","event_id":"lee","category":"low_backscatter_no_longer_present","area_ha":2.0,"center_lon":-64.042832,"center_lat":45.861475,"threshold_db":-17.695,"sensor":"Sentinel-1","polarization":"HV","interpretation":"candidate only; requires validation"}},{"type":"Feature","id":"lee-s1-0619","geometry":{"type":"Polygon","coordinates":[[[-64.074358,45.859838],[-64.07435,45.859389],[-64.073062,45.859401],[-64.073053,45.858951],[-64.072409,45.858957],[-64.0724,45.858507],[-64.073044,45.858501],[-64.073036,45.858051],[-64.072392,45.858057],[-64.0724,45.858507],[-64.071112,45.858519],[-64.071121,45.858969],[-64.072409,45.858957],[-64.072418,45.859407],[-64.071774,45.859413],[-64.071782,45.859863],[-64.074358,45.859838]]]},"properties":{"feature_id":"lee-s1-0619","event_id":"lee","category":"low_backscatter_no_longer_present","area_ha":2.0,"center_lon":-64.072735,"center_lat":45.858957,"threshold_db":-17.695,"sensor":"Sentinel-1","polarization":"HV","interpretation":"candidate only; requires validation"}},{"type":"Feature","id":"lee-s1-0620","geometry":{"type":"Polygon","coordinates":[[[-64.045412,45.861907],[-64.045379,45.860107],[-64.044091,45.860119],[-64.044082,45.859669],[-64.044726,45.859663],[-64.044718,45.859213],[-64.045362,45.859207],[-64.045353,45.858757],[-64.046641,45.858746],[-64.046633,45.858296],[-64.045345,45.858307],[-64.045353,45.858757],[-64.044709,45.858763],[-64.044718,45.859213],[-64.044074,45.859219],[-64.044082,45.859669],[-64.043438,45.859675],[-64.043447,45.860125],[-64.044091,45.860119],[-64.044107,45.861019],[-64.044751,45.861013],[-64.044768,45.861913],[-64.045412,45.861907]]]},"properties":{"feature_id":"lee-s1-0620","event_id":"lee","category":"low_backscatter_no_longer_present","area_ha":2.75,"center_lon":-64.04504,"center_lat":45.860105,"threshold_db":-17.695,"sensor":"Sentinel-1","polarization":"HV","interpretation":"candidate only; requires validation"}},{"type":"Feature","id":"lee-s1-0621","geometry":{"type":"Polygon","coordinates":[[[-64.078161,45.856652],[-64.078153,45.856202],[-64.078796,45.856196],[-64.078779,45.855297],[-64.078135,45.855303],[-64.078144,45.855753],[-64.0775,45.855759],[-64.077509,45.856209],[-64.076221,45.856221],[-64.076229,45.856671],[-64.078161,45.856652]]]},"properties":{"feature_id":"lee-s1-0621","event_id":"lee","category":"low_backscatter_no_longer_present","area_ha":1.5,"center_lon":-64.077508,"center_lat":45.855984,"threshold_db":-17.695,"sensor":"Sentinel-1","polarization":"HV","interpretation":"candidate only; requires validation"}},{"type":"Feature","id":"lee-s1-0622","geometry":{"type":"Polygon","coordinates":[[[-64.044659,45.856064],[-64.04465,45.855614],[-64.045294,45.855608],[-64.045286,45.855158],[-64.04593,45.855152],[-64.045921,45.854702],[-64.045277,45.854708],[-64.045286,45.855158],[-64.043998,45.85517],[-64.044015,45.856069],[-64.044659,45.856064]]]},"properties":{"feature_id":"lee-s1-0622","event_id":"lee","category":"low_backscatter_no_longer_present","area_ha":1.0,"center_lon":-64.044964,"center_lat":45.855385,"threshold_db":-17.695,"sensor":"Sentinel-1","polarization":"HV","interpretation":"candidate only; requires validation"}},{"type":"Feature","id":"lee-s1-0623","geometry":{"type":"Polygon","coordinates":[[[-64.038094,45.849373],[-64.038077,45.848473],[-64.037433,45.848479],[-64.037425,45.848029],[-64.036781,45.848035],[-64.036806,45.849385],[-64.038094,45.849373]]]},"properties":{"feature_id":"lee-s1-0623","event_id":"lee","category":"low_backscatter_no_longer_present","area_ha":1.25,"center_lon":-64.037438,"center_lat":45.848707,"threshold_db":-17.695,"sensor":"Sentinel-1","polarization":"HV","interpretation":"candidate only; requires validation"}}]}