{"type":"FeatureCollection","name":"Hurricane Dorian Sentinel-1 low-backscatter change candidates","features":[{"type":"Feature","id":"dorian-s1-0001","geometry":{"type":"Polygon","coordinates":[[[-64.336828,46.06093],[-64.336818,46.06048],[-64.336171,46.060488],[-64.33616,46.060038],[-64.337453,46.060023],[-64.337442,46.059573],[-64.33615,46.059588],[-64.33616,46.060038],[-64.335514,46.060045],[-64.335536,46.060945],[-64.336828,46.06093]]]},"properties":{"feature_id":"dorian-s1-0001","event_id":"dorian","category":"new_low_backscatter_after_dorian","area_ha":1.25,"center_lon":-64.336483,"center_lat":46.060259,"threshold_db":-18.086,"sensor":"Sentinel-1","polarization":"HV","interpretation":"candidate only; requires validation"}},{"type":"Feature","id":"dorian-s1-0002","geometry":{"type":"Polygon","coordinates":[[[-64.055666,46.062973],[-64.055657,46.062523],[-64.054365,46.062535],[-64.054347,46.061635],[-64.053055,46.061647],[-64.053063,46.062097],[-64.05371,46.062091],[-64.053727,46.062991],[-64.055666,46.062973]]]},"properties":{"feature_id":"dorian-s1-0002","event_id":"dorian","category":"persistent_low_backscatter","area_ha":1.5,"center_lon":-64.054361,"center_lat":46.062313,"threshold_db":-18.086,"sensor":"Sentinel-1","polarization":"HV","interpretation":"candidate only; requires validation"}},{"type":"Feature","id":"dorian-s1-0003","geometry":{"type":"Polygon","coordinates":[[[-64.012327,46.061565],[-64.012319,46.061115],[-64.013612,46.061104],[-64.013603,46.060654],[-64.012957,46.060659],[-64.012941,46.059759],[-64.012294,46.059765],[-64.012311,46.060665],[-64.011664,46.060671],[-64.011681,46.061571],[-64.012327,46.061565]]]},"properties":{"feature_id":"dorian-s1-0003","event_id":"dorian","category":"new_low_backscatter_after_dorian","area_ha":1.5,"center_lon":-64.012638,"center_lat":46.060665,"threshold_db":-18.086,"sensor":"Sentinel-1","polarization":"HV","interpretation":"candidate only; requires validation"}},{"type":"Feature","id":"dorian-s1-0004","geometry":{"type":"Polygon","coordinates":[[[-64.08986,46.059502],[-64.089851,46.059052],[-64.090498,46.059046],[-64.090489,46.058596],[-64.08855,46.058614],[-64.088559,46.059064],[-64.089205,46.059058],[-64.089214,46.059508],[-64.08986,46.059502]]]},"properties":{"feature_id":"dorian-s1-0004","event_id":"dorian","category":"new_low_backscatter_after_dorian","area_ha":1.0,"center_lon":-64.089524,"center_lat":46.059052,"threshold_db":-18.086,"sensor":"Sentinel-1","polarization":"HV","interpretation":"candidate only; requires validation"}},{"type":"Feature","id":"dorian-s1-0005","geometry":{"type":"Polygon","coordinates":[[[-64.10933,46.063365],[-64.109321,46.062915],[-64.108675,46.062921],[-64.108666,46.062471],[-64.107373,46.062484],[-64.107364,46.062034],[-64.106718,46.06204],[-64.106682,46.06024],[-64.106036,46.060247],[-64.106027,46.059797],[-64.10538,46.059803],[-64.105371,46.059353],[-64.104725,46.059359],[-64.104689,46.057559],[-64.105335,46.057553],[-64.105317,46.056653],[-64.104671,46.05666],[-64.104689,46.057559],[-64.104043,46.057566],[-64.104079,46.059365],[-64.104725,46.059359],[-64.104734,46.059809],[-64.10538,46.059803],[-64.105389,46.060253],[-64.106036,46.060247],[-64.106071,46.062046],[-64.106718,46.06204],[-64.106727,46.06249],[-64.107373,46.062484],[-64.107382,46.062934],[-64.108675,46.062921],[-64.108684,46.063371],[-64.10933,46.063365]]]},"properties":{"feature_id":"dorian-s1-0005","event_id":"dorian","category":"persistent_low_backscatter","area_ha":4.0,"center_lon":-64.106686,"center_lat":46.060012,"threshold_db":-18.086,"sensor":"Sentinel-1","polarization":"HV","interpretation":"candidate only; requires validation"}},{"type":"Feature","id":"dorian-s1-0006","geometry":{"type":"Polygon","coordinates":[[[-64.074331,46.058749],[-64.074314,46.057849],[-64.07496,46.057843],[-64.074943,46.056943],[-64.074296,46.056949],[-64.074314,46.057849],[-64.073668,46.057855],[-64.073676,46.058305],[-64.07303,46.058311],[-64.073021,46.057861],[-64.072375,46.057867],[-64.072392,46.058767],[-64.074331,46.058749]]]},"properties":{"feature_id":"dorian-s1-0006","event_id":"dorian","category":"new_low_backscatter_after_dorian","area_ha":1.75,"center_lon":-64.073667,"center_lat":46.057855,"threshold_db":-18.086,"sensor":"Sentinel-1","polarization":"HV","interpretation":"candidate only; requires validation"}},{"type":"Feature","id":"dorian-s1-0007","geometry":{"type":"Polygon","coordinates":[[[-64.076908,46.058275],[-64.076882,46.056925],[-64.075589,46.056937],[-64.075615,46.058287],[-64.076908,46.058275]]]},"properties":{"feature_id":"dorian-s1-0007","event_id":"dorian","category":"low_backscatter_no_longer_present","area_ha":1.5,"center_lon":-64.076248,"center_lat":46.057606,"threshold_db":-18.086,"sensor":"Sentinel-1","polarization":"HV","interpretation":"candidate only; requires validation"}},{"type":"Feature","id":"dorian-s1-0008","geometry":{"type":"Polygon","coordinates":[[[-64.014863,46.058842],[-64.014855,46.058392],[-64.014208,46.058398],[-64.0142,46.057948],[-64.013554,46.057954],[-64.013546,46.057504],[-64.012899,46.05751],[-64.012908,46.05796],[-64.013554,46.057954],[-64.013562,46.058404],[-64.012916,46.05841],[-64.012924,46.05886],[-64.014863,46.058842]]]},"properties":{"feature_id":"dorian-s1-0008","event_id":"dorian","category":"low_backscatter_no_longer_present","area_ha":1.25,"center_lon":-64.013881,"center_lat":46.058182,"threshold_db":-18.086,"sensor":"Sentinel-1","polarization":"HV","interpretation":"candidate only; requires validation"}},{"type":"Feature","id":"dorian-s1-0009","geometry":{"type":"Polygon","coordinates":[[[-64.072384,46.058317],[-64.072375,46.057867],[-64.073668,46.057855],[-64.073659,46.057405],[-64.074305,46.057399],[-64.074288,46.056499],[-64.073641,46.056505],[-64.073659,46.057405],[-64.07172,46.057423],[-64.071737,46.058323],[-64.072384,46.058317]]]},"properties":{"feature_id":"dorian-s1-0009","event_id":"dorian","category":"low_backscatter_no_longer_present","area_ha":1.5,"center_lon":-64.073013,"center_lat":46.057411,"threshold_db":-18.086,"sensor":"Sentinel-1","polarization":"HV","interpretation":"candidate only; requires validation"}},{"type":"Feature","id":"dorian-s1-0010","geometry":{"type":"Polygon","coordinates":[[[-64.454278,46.053195],[-64.454266,46.052746],[-64.45362,46.052754],[-64.453608,46.052304],[-64.45167,46.052328],[-64.451693,46.053228],[-64.454278,46.053195]]]},"properties":{"feature_id":"dorian-s1-0010","event_id":"dorian","category":"persistent_low_backscatter","area_ha":1.75,"center_lon":-64.452974,"center_lat":46.052766,"threshold_db":-18.086,"sensor":"Sentinel-1","polarization":"HV","interpretation":"candidate only; requires validation"}},{"type":"Feature","id":"dorian-s1-0011","geometry":{"type":"Polygon","coordinates":[[[-64.089816,46.057252],[-64.089807,46.056802],[-64.091746,46.056784],[-64.091737,46.056334],[-64.089152,46.056359],[-64.089143,46.055909],[-64.08785,46.055921],[-64.087842,46.055471],[-64.088488,46.055465],[-64.088479,46.055015],[-64.087833,46.055021],[-64.087842,46.055471],[-64.087195,46.055477],[-64.087204,46.055927],[-64.08785,46.055921],[-64.087859,46.056371],[-64.089152,46.056359],[-64.08917,46.057258],[-64.089816,46.057252]]]},"properties":{"feature_id":"dorian-s1-0011","event_id":"dorian","category":"new_low_backscatter_after_dorian","area_ha":2.25,"center_lon":-64.089471,"center_lat":46.056136,"threshold_db":-18.086,"sensor":"Sentinel-1","polarization":"HV","interpretation":"candidate only; requires validation"}},{"type":"Feature","id":"dorian-s1-0012","geometry":{"type":"Polygon","coordinates":[[[-64.072349,46.056517],[-64.07234,46.056067],[-64.072986,46.056061],[-64.072978,46.055611],[-64.072331,46.055618],[-64.072314,46.054718],[-64.071022,46.05473],[-64.07103,46.05518],[-64.071677,46.055174],[-64.071685,46.055624],[-64.072331,46.055618],[-64.07234,46.056067],[-64.071694,46.056074],[-64.071703,46.056523],[-64.072349,46.056517]]]},"properties":{"feature_id":"dorian-s1-0012","event_id":"dorian","category":"new_low_backscatter_after_dorian","area_ha":1.25,"center_lon":-64.072004,"center_lat":46.055621,"threshold_db":-18.086,"sensor":"Sentinel-1","polarization":"HV","interpretation":"candidate only; requires validation"}},{"type":"Feature","id":"dorian-s1-0013","geometry":{"type":"Polygon","coordinates":[[[-64.076218,46.056031],[-64.076209,46.055581],[-64.075563,46.055587],[-64.075554,46.055137],[-64.0762,46.055131],[-64.076192,46.054681],[-64.074899,46.054693],[-64.074917,46.055593],[-64.075563,46.055587],[-64.075572,46.056037],[-64.076218,46.056031]]]},"properties":{"feature_id":"dorian-s1-0013","event_id":"dorian","category":"new_low_backscatter_after_dorian","area_ha":1.0,"center_lon":-64.075558,"center_lat":46.055359,"threshold_db":-18.086,"sensor":"Sentinel-1","polarization":"HV","interpretation":"candidate only; requires validation"}},{"type":"Feature","id":"dorian-s1-0014","geometry":{"type":"Polygon","coordinates":[[[-64.016131,46.057481],[-64.016123,46.057031],[-64.01483,46.057043],[-64.014822,46.056593],[-64.016114,46.056581],[-64.016106,46.056131],[-64.014814,46.056143],[-64.014822,46.056593],[-64.014176,46.056598],[-64.014167,46.056148],[-64.013521,46.056154],[-64.013513,46.055704],[-64.012866,46.05571],[-64.012858,46.05526],[-64.012212,46.055266],[-64.01222,46.055716],[-64.011574,46.055721],[-64.011582,46.056171],[-64.012228,46.056166],[-64.01222,46.055716],[-64.012866,46.05571],[-64.012883,46.05661],[-64.014176,46.056598],[-64.014184,46.057048],[-64.01483,46.057043],[-64.014838,46.057493],[-64.016131,46.057481]]]},"properties":{"feature_id":"dorian-s1-0014","event_id":"dorian","category":"new_low_backscatter_after_dorian","area_ha":2.5,"center_lon":-64.013852,"center_lat":46.056376,"threshold_db":-18.086,"sensor":"Sentinel-1","polarization":"HV","interpretation":"candidate only; requires validation"}},{"type":"Feature","id":"dorian-s1-0015","geometry":{"type":"Polygon","coordinates":[[[-64.107229,46.055285],[-64.10722,46.054835],[-64.107866,46.054829],[-64.107857,46.054379],[-64.105919,46.054397],[-64.105937,46.055297],[-64.107229,46.055285]]]},"properties":{"feature_id":"dorian-s1-0015","event_id":"dorian","category":"low_backscatter_no_longer_present","area_ha":1.25,"center_lon":-64.106893,"center_lat":46.054838,"threshold_db":-18.086,"sensor":"Sentinel-1","polarization":"HV","interpretation":"candidate only; requires validation"}},{"type":"Feature","id":"dorian-s1-0016","geometry":{"type":"Polygon","coordinates":[[[-64.10012,46.055353],[-64.100112,46.054903],[-64.099465,46.05491],[-64.099456,46.05446],[-64.097518,46.054478],[-64.097527,46.054928],[-64.099465,46.05491],[-64.099474,46.05536],[-64.10012,46.055353]]]},"properties":{"feature_id":"dorian-s1-0016","event_id":"dorian","category":"low_backscatter_no_longer_present","area_ha":1.0,"center_lon":-64.098819,"center_lat":46.05491,"threshold_db":-18.086,"sensor":"Sentinel-1","polarization":"HV","interpretation":"candidate only; requires validation"}},{"type":"Feature","id":"dorian-s1-0017","geometry":{"type":"Polygon","coordinates":[[[-64.096261,46.056291],[-64.096252,46.055841],[-64.096898,46.055834],[-64.096889,46.055384],[-64.096243,46.055391],[-64.096234,46.054941],[-64.09688,46.054935],[-64.096862,46.054035],[-64.096216,46.054041],[-64.096234,46.054941],[-64.095588,46.054947],[-64.095597,46.055397],[-64.096243,46.055391],[-64.096252,46.055841],[-64.094959,46.055853],[-64.094968,46.056303],[-64.096261,46.056291]]]},"properties":{"feature_id":"dorian-s1-0017","event_id":"dorian","category":"new_low_backscatter_after_dorian","area_ha":1.5,"center_lon":-64.095928,"center_lat":46.055169,"threshold_db":-18.086,"sensor":"Sentinel-1","polarization":"HV","interpretation":"candidate only; requires validation"}},{"type":"Feature","id":"dorian-s1-0018","geometry":{"type":"Polygon","coordinates":[[[-64.061345,46.05572],[-64.061336,46.05527],[-64.06069,46.055276],[-64.060673,46.054376],[-64.060027,46.054382],[-64.060035,46.054832],[-64.059389,46.054838],[-64.059398,46.055288],[-64.06069,46.055276],[-64.060699,46.055726],[-64.061345,46.05572]]]},"properties":{"feature_id":"dorian-s1-0018","event_id":"dorian","category":"persistent_low_backscatter","area_ha":1.0,"center_lon":-64.060367,"center_lat":46.055051,"threshold_db":-18.086,"sensor":"Sentinel-1","polarization":"HV","interpretation":"candidate only; requires validation"}},{"type":"Feature","id":"dorian-s1-0019","geometry":{"type":"Polygon","coordinates":[[[-63.983784,46.055964],[-63.983776,46.055514],[-63.98313,46.05552],[-63.983122,46.05507],[-63.982475,46.055075],[-63.982483,46.055525],[-63.981837,46.055531],[-63.981845,46.055981],[-63.983784,46.055964]]]},"properties":{"feature_id":"dorian-s1-0019","event_id":"dorian","category":"new_low_backscatter_after_dorian","area_ha":1.0,"center_lon":-63.98281,"center_lat":46.055526,"threshold_db":-18.086,"sensor":"Sentinel-1","polarization":"HV","interpretation":"candidate only; requires validation"}},{"type":"Feature","id":"dorian-s1-0020","geometry":{"type":"Polygon","coordinates":[[[-64.062646,46.056158],[-64.062629,46.055258],[-64.063275,46.055252],[-64.063267,46.054802],[-64.06262,46.054808],[-64.062612,46.054358],[-64.061319,46.05437],[-64.061311,46.05392],[-64.060664,46.053926],[-64.060673,46.054376],[-64.061319,46.05437],[-64.061328,46.05482],[-64.061974,46.054814],[-64.062,46.056164],[-64.062646,46.056158]]]},"properties":{"feature_id":"dorian-s1-0020","event_id":"dorian","category":"new_low_backscatter_after_dorian","area_ha":1.75,"center_lon":-64.06197,"center_lat":46.055042,"threshold_db":-18.086,"sensor":"Sentinel-1","polarization":"HV","interpretation":"candidate only; requires validation"}},{"type":"Feature","id":"dorian-s1-0021","geometry":{"type":"Polygon","coordinates":[[[-64.063267,46.054802],[-64.063249,46.053902],[-64.061311,46.05392],[-64.061319,46.05437],[-64.062612,46.054358],[-64.06262,46.054808],[-64.063267,46.054802]]]},"properties":{"feature_id":"dorian-s1-0021","event_id":"dorian","category":"persistent_low_backscatter","area_ha":1.0,"center_lon":-64.062289,"center_lat":46.054355,"threshold_db":-18.086,"sensor":"Sentinel-1","polarization":"HV","interpretation":"candidate only; requires validation"}},{"type":"Feature","id":"dorian-s1-0022","geometry":{"type":"Polygon","coordinates":[[[-64.099474,46.05536],[-64.099465,46.05491],[-64.101404,46.054891],[-64.101395,46.054441],[-64.102041,46.054435],[-64.102032,46.053985],[-64.103325,46.053972],[-64.103316,46.053523],[-64.103962,46.053516],[-64.103953,46.053066],[-64.102661,46.053079],[-64.10267,46.053529],[-64.102023,46.053535],[-64.102032,46.053985],[-64.10074,46.053997],[-64.100749,46.054447],[-64.099456,46.05446],[-64.099465,46.05491],[-64.097527,46.054928],[-64.097473,46.052229],[-64.096827,46.052235],[-64.096818,46.051785],[-64.094879,46.051804],[-64.09487,46.051354],[-64.094224,46.05136],[-64.094215,46.05091],[-64.093569,46.050916],[-64.09356,46.050466],[-64.092268,46.050479],[-64.092259,46.050029],[-64.090967,46.050041],[-64.090958,46.049591],[-64.089019,46.04961],[-64.089028,46.050059],[-64.09032,46.050047],[-64.090329,46.050497],[-64.091622,46.050485],[-64.091631,46.050935],[-64.092923,46.050922],[-64.092932,46.051372],[-64.093578,46.051366],[-64.093587,46.051816],[-64.094233,46.05181],[-64.094242,46.05226],[-64.096181,46.052241],[-64.096207,46.053591],[-64.096854,46.053585],[-64.09688,46.054935],[-64.097527,46.054928],[-64.097535,46.055378],[-64.099474,46.05536]]]},"properties":{"feature_id":"dorian-s1-0022","event_id":"dorian","category":"persistent_low_backscatter","area_ha":9.5,"center_lon":-64.09649,"center_lat":46.052484,"threshold_db":-18.086,"sensor":"Sentinel-1","polarization":"HV","interpretation":"candidate only; requires validation"}},{"type":"Feature","id":"dorian-s1-0023","geometry":{"type":"Polygon","coordinates":[[[-64.090312,46.049597],[-64.090303,46.049147],[-64.087718,46.049172],[-64.087727,46.049622],[-64.090312,46.049597]]]},"properties":{"feature_id":"dorian-s1-0023","event_id":"dorian","category":"low_backscatter_no_longer_present","area_ha":1.0,"center_lon":-64.089015,"center_lat":46.049385,"threshold_db":-18.086,"sensor":"Sentinel-1","polarization":"HV","interpretation":"candidate only; requires validation"}},{"type":"Feature","id":"dorian-s1-0024","geometry":{"type":"Polygon","coordinates":[[[-64.08385,46.049659],[-64.083832,46.048759],[-64.08254,46.048771],[-64.082549,46.049221],[-64.08061,46.049239],[-64.080619,46.049689],[-64.08385,46.049659]]]},"properties":{"feature_id":"dorian-s1-0024","event_id":"dorian","category":"persistent_low_backscatter","area_ha":1.75,"center_lon":-64.08223,"center_lat":46.049224,"threshold_db":-18.086,"sensor":"Sentinel-1","polarization":"HV","interpretation":"candidate only; requires validation"}},{"type":"Feature","id":"dorian-s1-0025","geometry":{"type":"Polygon","coordinates":[[[-64.300352,46.0492],[-64.300342,46.04875],[-64.300988,46.048743],[-64.300967,46.047843],[-64.301613,46.047836],[-64.301581,46.046486],[-64.300935,46.046494],[-64.300924,46.046044],[-64.300278,46.046051],[-64.300321,46.047851],[-64.299675,46.047858],[-64.299706,46.049208],[-64.300352,46.0492]]]},"properties":{"feature_id":"dorian-s1-0025","event_id":"dorian","category":"new_low_backscatter_after_dorian","area_ha":3.0,"center_lon":-64.300644,"center_lat":46.047626,"threshold_db":-18.086,"sensor":"Sentinel-1","polarization":"HV","interpretation":"candidate only; requires validation"}},{"type":"Feature","id":"dorian-s1-0026","geometry":{"type":"Polygon","coordinates":[[[-64.086479,46.051884],[-64.08647,46.051434],[-64.087762,46.051422],[-64.087718,46.049172],[-64.089657,46.049153],[-64.089639,46.048254],[-64.0877,46.048272],[-64.087709,46.048722],[-64.087063,46.048728],[-64.087098,46.050528],[-64.086452,46.050534],[-64.086461,46.050984],[-64.085168,46.050996],[-64.085186,46.051896],[-64.086479,46.051884]]]},"properties":{"feature_id":"dorian-s1-0026","event_id":"dorian","category":"persistent_low_backscatter","area_ha":4.5,"center_lon":-64.087412,"center_lat":46.050075,"threshold_db":-18.086,"sensor":"Sentinel-1","polarization":"HV","interpretation":"candidate only; requires validation"}},{"type":"Feature","id":"dorian-s1-0027","geometry":{"type":"Polygon","coordinates":[[[-64.05285,46.050849],[-64.052841,46.050399],[-64.051549,46.05041],[-64.05154,46.049961],[-64.050894,46.049966],[-64.050877,46.049067],[-64.050231,46.049073],[-64.050222,46.048623],[-64.050868,46.048617],[-64.05086,46.048167],[-64.049567,46.048179],[-64.049593,46.049528],[-64.048947,46.049534],[-64.048955,46.049984],[-64.048309,46.04999],[-64.048318,46.05044],[-64.050256,46.050422],[-64.050248,46.049972],[-64.050894,46.049966],[-64.050911,46.050866],[-64.05285,46.050849]],[[-64.050248,46.049972],[-64.049601,46.049978],[-64.049593,46.049528],[-64.050239,46.049522],[-64.050248,46.049972]]]},"properties":{"feature_id":"dorian-s1-0027","event_id":"dorian","category":"low_backscatter_no_longer_present","area_ha":3.5,"center_lon":-64.050579,"center_lat":46.049516,"threshold_db":-18.086,"sensor":"Sentinel-1","polarization":"HV","interpretation":"candidate only; requires validation"}},{"type":"Feature","id":"dorian-s1-0028","geometry":{"type":"Polygon","coordinates":[[[-64.04507,46.04957],[-64.045061,46.04912],[-64.045707,46.049114],[-64.04569,46.048214],[-64.046336,46.048208],[-64.046319,46.047308],[-64.045673,46.047314],[-64.04569,46.048214],[-64.045044,46.04822],[-64.045061,46.04912],[-64.044415,46.049126],[-64.044406,46.048676],[-64.04376,46.048682],[-64.043777,46.049582],[-64.04507,46.04957]]]},"properties":{"feature_id":"dorian-s1-0028","event_id":"dorian","category":"low_backscatter_no_longer_present","area_ha":1.75,"center_lon":-64.045048,"center_lat":46.048445,"threshold_db":-18.086,"sensor":"Sentinel-1","polarization":"HV","interpretation":"candidate only; requires validation"}},{"type":"Feature","id":"dorian-s1-0029","geometry":{"type":"Polygon","coordinates":[[[-64.092861,46.047773],[-64.092843,46.046873],[-64.091551,46.046885],[-64.091568,46.047785],[-64.092861,46.047773]]]},"properties":{"feature_id":"dorian-s1-0029","event_id":"dorian","category":"new_low_backscatter_after_dorian","area_ha":1.0,"center_lon":-64.092206,"center_lat":46.047329,"threshold_db":-18.086,"sensor":"Sentinel-1","polarization":"HV","interpretation":"candidate only; requires validation"}},{"type":"Feature","id":"dorian-s1-0030","geometry":{"type":"Polygon","coordinates":[[[-64.286054,46.045762],[-64.286033,46.044862],[-64.286679,46.044855],[-64.286689,46.045305],[-64.287982,46.04529],[-64.287961,46.04439],[-64.286022,46.044412],[-64.286033,46.044862],[-64.285387,46.044869],[-64.285376,46.04442],[-64.283438,46.044441],[-64.283449,46.044891],[-64.282803,46.044899],[-64.282813,46.045348],[-64.284751,46.045327],[-64.284762,46.045777],[-64.286054,46.045762]]]},"properties":{"feature_id":"dorian-s1-0030","event_id":"dorian","category":"new_low_backscatter_after_dorian","area_ha":3.75,"center_lon":-64.285393,"center_lat":46.045084,"threshold_db":-18.086,"sensor":"Sentinel-1","polarization":"HV","interpretation":"candidate only; requires validation"}},{"type":"Feature","id":"dorian-s1-0031","geometry":{"type":"Polygon","coordinates":[[[-64.075423,46.048388],[-64.075414,46.047938],[-64.07606,46.047932],[-64.076034,46.046582],[-64.075388,46.046589],[-64.075379,46.046139],[-64.074733,46.046145],[-64.074742,46.046595],[-64.075388,46.046589],[-64.075406,46.047488],[-64.074759,46.047494],[-64.074777,46.048394],[-64.075423,46.048388]]]},"properties":{"feature_id":"dorian-s1-0031","event_id":"dorian","category":"low_backscatter_no_longer_present","area_ha":1.5,"center_lon":-64.075396,"center_lat":46.047266,"threshold_db":-18.086,"sensor":"Sentinel-1","polarization":"HV","interpretation":"candidate only; requires validation"}},{"type":"Feature","id":"dorian-s1-0032","geometry":{"type":"Polygon","coordinates":[[[-64.122575,46.047035],[-64.122557,46.046135],[-64.123203,46.046129],[-64.123194,46.045679],[-64.121902,46.045691],[-64.121929,46.047041],[-64.122575,46.047035]]]},"properties":{"feature_id":"dorian-s1-0032","event_id":"dorian","category":"new_low_backscatter_after_dorian","area_ha":1.0,"center_lon":-64.122553,"center_lat":46.04636,"threshold_db":-18.086,"sensor":"Sentinel-1","polarization":"HV","interpretation":"candidate only; requires validation"}},{"type":"Feature","id":"dorian-s1-0033","geometry":{"type":"Polygon","coordinates":[[[-64.448815,46.042014],[-64.448803,46.041564],[-64.447511,46.041581],[-64.447499,46.041131],[-64.446853,46.041139],[-64.446877,46.042039],[-64.448815,46.042014]]]},"properties":{"feature_id":"dorian-s1-0033","event_id":"dorian","category":"new_low_backscatter_after_dorian","area_ha":1.0,"center_lon":-64.447834,"center_lat":46.041585,"threshold_db":-18.086,"sensor":"Sentinel-1","polarization":"HV","interpretation":"candidate only; requires validation"}},{"type":"Feature","id":"dorian-s1-0034","geometry":{"type":"Polygon","coordinates":[[[-64.214257,46.042947],[-64.214247,46.042497],[-64.212955,46.042511],[-64.212945,46.042061],[-64.212299,46.042068],[-64.212289,46.041618],[-64.210997,46.041632],[-64.211007,46.042082],[-64.211653,46.042075],[-64.211663,46.042525],[-64.212309,46.042518],[-64.212319,46.042968],[-64.214257,46.042947]]]},"properties":{"feature_id":"dorian-s1-0034","event_id":"dorian","category":"new_low_backscatter_after_dorian","area_ha":1.75,"center_lon":-64.212627,"center_lat":46.042293,"threshold_db":-18.086,"sensor":"Sentinel-1","polarization":"HV","interpretation":"candidate only; requires validation"}},{"type":"Feature","id":"dorian-s1-0035","geometry":{"type":"Polygon","coordinates":[[[-64.074035,46.043451],[-64.074026,46.043001],[-64.07338,46.043007],[-64.073371,46.042557],[-64.072079,46.042569],[-64.072088,46.043019],[-64.071442,46.043025],[-64.07145,46.043475],[-64.072096,46.043469],[-64.072088,46.043019],[-64.072734,46.043013],[-64.072743,46.043463],[-64.074035,46.043451]]]},"properties":{"feature_id":"dorian-s1-0035","event_id":"dorian","category":"low_backscatter_no_longer_present","area_ha":1.25,"center_lon":-64.072738,"center_lat":46.043016,"threshold_db":-18.086,"sensor":"Sentinel-1","polarization":"HV","interpretation":"candidate only; requires validation"}},{"type":"Feature","id":"dorian-s1-0036","geometry":{"type":"Polygon","coordinates":[[[-64.448098,46.039323],[-64.448086,46.038873],[-64.448732,46.038865],[-64.44872,46.038415],[-64.449366,46.038407],[-64.449355,46.037957],[-64.450001,46.037949],[-64.449989,46.037499],[-64.448697,46.037516],[-64.448709,46.037965],[-64.448063,46.037974],[-64.448074,46.038424],[-64.447429,46.038432],[-64.447452,46.039331],[-64.448098,46.039323]]]},"properties":{"feature_id":"dorian-s1-0036","event_id":"dorian","category":"new_low_backscatter_after_dorian","area_ha":1.75,"center_lon":-64.448715,"center_lat":46.038415,"threshold_db":-18.086,"sensor":"Sentinel-1","polarization":"HV","interpretation":"candidate only; requires validation"}},{"type":"Feature","id":"dorian-s1-0037","geometry":{"type":"Polygon","coordinates":[[[-64.074672,46.042995],[-64.074655,46.042095],[-64.075301,46.042089],[-64.075283,46.041189],[-64.074637,46.041195],[-64.074655,46.042095],[-64.074009,46.042101],[-64.074,46.041651],[-64.073354,46.041657],[-64.073371,46.042557],[-64.074017,46.042551],[-64.074026,46.043001],[-64.074672,46.042995]]]},"properties":{"feature_id":"dorian-s1-0037","event_id":"dorian","category":"new_low_backscatter_after_dorian","area_ha":1.5,"center_lon":-64.074327,"center_lat":46.042095,"threshold_db":-18.086,"sensor":"Sentinel-1","polarization":"HV","interpretation":"candidate only; requires validation"}},{"type":"Feature","id":"dorian-s1-0038","geometry":{"type":"Polygon","coordinates":[[[-64.091453,46.041936],[-64.091444,46.041486],[-64.092737,46.041474],[-64.092728,46.041024],[-64.09402,46.041011],[-64.094029,46.041461],[-64.094675,46.041455],[-64.094666,46.041005],[-64.09402,46.041011],[-64.094011,46.040562],[-64.092719,46.040574],[-64.092728,46.041024],[-64.092082,46.04103],[-64.092073,46.04058],[-64.090781,46.040592],[-64.090798,46.041492],[-64.090152,46.041498],[-64.090161,46.041948],[-64.091453,46.041936]]]},"properties":{"feature_id":"dorian-s1-0038","event_id":"dorian","category":"new_low_backscatter_after_dorian","area_ha":2.5,"center_lon":-64.092413,"center_lat":46.041255,"threshold_db":-18.086,"sensor":"Sentinel-1","polarization":"HV","interpretation":"candidate only; requires validation"}},{"type":"Feature","id":"dorian-s1-0039","geometry":{"type":"Polygon","coordinates":[[[-64.326563,46.037199],[-64.32652,46.035399],[-64.325874,46.035407],[-64.325907,46.036756],[-64.325261,46.036764],[-64.325271,46.037214],[-64.326563,46.037199]]]},"properties":{"feature_id":"dorian-s1-0039","event_id":"dorian","category":"new_low_backscatter_after_dorian","area_ha":1.25,"center_lon":-64.325912,"center_lat":46.036306,"threshold_db":-18.086,"sensor":"Sentinel-1","polarization":"HV","interpretation":"candidate only; requires validation"}},{"type":"Feature","id":"dorian-s1-0040","geometry":{"type":"Polygon","coordinates":[[[-64.284553,46.036779],[-64.284532,46.035879],[-64.283886,46.035886],[-64.283876,46.035436],[-64.282584,46.035451],[-64.282594,46.0359],[-64.28324,46.035893],[-64.283251,46.036343],[-64.283897,46.036336],[-64.283907,46.036786],[-64.284553,46.036779]]]},"properties":{"feature_id":"dorian-s1-0040","event_id":"dorian","category":"new_low_backscatter_after_dorian","area_ha":1.25,"center_lon":-64.283569,"center_lat":46.036111,"threshold_db":-18.086,"sensor":"Sentinel-1","polarization":"HV","interpretation":"candidate only; requires validation"}},{"type":"Feature","id":"dorian-s1-0041","geometry":{"type":"Polygon","coordinates":[[[-64.328458,46.035377],[-64.328437,46.034477],[-64.329083,46.034469],[-64.329072,46.034019],[-64.329718,46.034012],[-64.329696,46.033112],[-64.328404,46.033127],[-64.328415,46.033577],[-64.327769,46.033584],[-64.32778,46.034034],[-64.327134,46.034042],[-64.327145,46.034492],[-64.327791,46.034484],[-64.327812,46.035384],[-64.328458,46.035377]]]},"properties":{"feature_id":"dorian-s1-0041","event_id":"dorian","category":"new_low_backscatter_after_dorian","area_ha":2.5,"center_lon":-64.328426,"center_lat":46.034248,"threshold_db":-18.086,"sensor":"Sentinel-1","polarization":"HV","interpretation":"candidate only; requires validation"}},{"type":"Feature","id":"dorian-s1-0042","geometry":{"type":"Polygon","coordinates":[[[-64.374945,46.033927],[-64.374911,46.032577],[-64.374265,46.032585],[-64.374254,46.032135],[-64.372962,46.03215],[-64.373007,46.03395],[-64.373653,46.033942],[-64.373642,46.033492],[-64.374288,46.033485],[-64.374299,46.033934],[-64.374945,46.033927]]]},"properties":{"feature_id":"dorian-s1-0042","event_id":"dorian","category":"new_low_backscatter_after_dorian","area_ha":2.5,"center_lon":-64.373953,"center_lat":46.033042,"threshold_db":-18.086,"sensor":"Sentinel-1","polarization":"HV","interpretation":"candidate only; requires validation"}},{"type":"Feature","id":"dorian-s1-0043","geometry":{"type":"Polygon","coordinates":[[[-64.325842,46.034057],[-64.325799,46.032257],[-64.326445,46.03225],[-64.326434,46.0318],[-64.325142,46.031815],[-64.325196,46.034064],[-64.325842,46.034057]]]},"properties":{"feature_id":"dorian-s1-0043","event_id":"dorian","category":"persistent_low_backscatter","area_ha":1.5,"center_lon":-64.325794,"center_lat":46.032932,"threshold_db":-18.086,"sensor":"Sentinel-1","polarization":"HV","interpretation":"candidate only; requires validation"}},{"type":"Feature","id":"dorian-s1-0044","geometry":{"type":"Polygon","coordinates":[[[-64.086152,46.035236],[-64.086143,46.034786],[-64.085497,46.034792],[-64.085489,46.034343],[-64.083551,46.034361],[-64.083559,46.034811],[-64.085497,46.034792],[-64.085506,46.035242],[-64.086152,46.035236]]]},"properties":{"feature_id":"dorian-s1-0044","event_id":"dorian","category":"low_backscatter_no_longer_present","area_ha":1.0,"center_lon":-64.084851,"center_lat":46.034792,"threshold_db":-18.086,"sensor":"Sentinel-1","polarization":"HV","interpretation":"candidate only; requires validation"}},{"type":"Feature","id":"dorian-s1-0045","geometry":{"type":"Polygon","coordinates":[[[-64.104241,46.035063],[-64.104232,46.034613],[-64.10617,46.034594],[-64.106161,46.034144],[-64.106807,46.034138],[-64.106798,46.033688],[-64.106152,46.033694],[-64.106161,46.034144],[-64.104223,46.034163],[-64.104232,46.034613],[-64.103586,46.034619],[-64.103595,46.035069],[-64.104241,46.035063]]]},"properties":{"feature_id":"dorian-s1-0045","event_id":"dorian","category":"new_low_backscatter_after_dorian","area_ha":1.25,"center_lon":-64.105197,"center_lat":46.034379,"threshold_db":-18.086,"sensor":"Sentinel-1","polarization":"HV","interpretation":"candidate only; requires validation"}},{"type":"Feature","id":"dorian-s1-0046","geometry":{"type":"Polygon","coordinates":[[[-64.329029,46.03222],[-64.329007,46.03132],[-64.328361,46.031327],[-64.32834,46.030428],[-64.327694,46.030435],[-64.327715,46.031335],[-64.328361,46.031327],[-64.328383,46.032227],[-64.329029,46.03222]]]},"properties":{"feature_id":"dorian-s1-0046","event_id":"dorian","category":"new_low_backscatter_after_dorian","area_ha":1.0,"center_lon":-64.328361,"center_lat":46.031328,"threshold_db":-18.086,"sensor":"Sentinel-1","polarization":"HV","interpretation":"candidate only; requires validation"}},{"type":"Feature","id":"dorian-s1-0047","geometry":{"type":"Polygon","coordinates":[[[-64.290877,46.030857],[-64.290866,46.030407],[-64.29022,46.030414],[-64.29021,46.029965],[-64.289564,46.029972],[-64.289574,46.030422],[-64.288929,46.030429],[-64.288918,46.029979],[-64.287626,46.029994],[-64.287637,46.030444],[-64.288283,46.030436],[-64.288293,46.030886],[-64.289585,46.030872],[-64.289574,46.030422],[-64.29022,46.030414],[-64.290231,46.030864],[-64.290877,46.030857]]]},"properties":{"feature_id":"dorian-s1-0047","event_id":"dorian","category":"new_low_backscatter_after_dorian","area_ha":1.5,"center_lon":-64.289252,"center_lat":46.030425,"threshold_db":-18.086,"sensor":"Sentinel-1","polarization":"HV","interpretation":"candidate only; requires validation"}},{"type":"Feature","id":"dorian-s1-0048","geometry":{"type":"Polygon","coordinates":[[[-64.292148,46.029943],[-64.292137,46.029493],[-64.293429,46.029478],[-64.293418,46.029028],[-64.291481,46.02905],[-64.291502,46.02995],[-64.292148,46.029943]]]},"properties":{"feature_id":"dorian-s1-0048","event_id":"dorian","category":"low_backscatter_no_longer_present","area_ha":1.0,"center_lon":-64.292455,"center_lat":46.029489,"threshold_db":-18.086,"sensor":"Sentinel-1","polarization":"HV","interpretation":"candidate only; requires validation"}},{"type":"Feature","id":"dorian-s1-0049","geometry":{"type":"Polygon","coordinates":[[[-64.109355,46.032313],[-64.109337,46.031413],[-64.110629,46.031401],[-64.11062,46.030951],[-64.109328,46.030964],[-64.109337,46.031413],[-64.108691,46.03142],[-64.108709,46.03232],[-64.109355,46.032313]]]},"properties":{"feature_id":"dorian-s1-0049","event_id":"dorian","category":"new_low_backscatter_after_dorian","area_ha":1.0,"center_lon":-64.10966,"center_lat":46.031636,"threshold_db":-18.086,"sensor":"Sentinel-1","polarization":"HV","interpretation":"candidate only; requires validation"}},{"type":"Feature","id":"dorian-s1-0050","geometry":{"type":"Polygon","coordinates":[[[-64.090621,46.032494],[-64.090586,46.030694],[-64.08994,46.0307],[-64.089975,46.0325],[-64.090621,46.032494]]]},"properties":{"feature_id":"dorian-s1-0050","event_id":"dorian","category":"new_low_backscatter_after_dorian","area_ha":1.0,"center_lon":-64.090281,"center_lat":46.031597,"threshold_db":-18.086,"sensor":"Sentinel-1","polarization":"HV","interpretation":"candidate only; requires validation"}},{"type":"Feature","id":"dorian-s1-0051","geometry":{"type":"Polygon","coordinates":[[[-64.436179,46.028223],[-64.436156,46.027323],[-64.436801,46.027315],[-64.43679,46.026865],[-64.434852,46.02689],[-64.434841,46.02644],[-64.433549,46.026456],[-64.433572,46.027356],[-64.434218,46.027348],[-64.434241,46.028248],[-64.436179,46.028223]]]},"properties":{"feature_id":"dorian-s1-0051","event_id":"dorian","category":"persistent_low_backscatter","area_ha":3.25,"center_lon":-64.435175,"center_lat":46.027344,"threshold_db":-18.086,"sensor":"Sentinel-1","polarization":"HV","interpretation":"candidate only; requires validation"}},{"type":"Feature","id":"dorian-s1-0052","geometry":{"type":"Polygon","coordinates":[[[-64.11062,46.030951],[-64.110593,46.029601],[-64.109947,46.029607],[-64.109956,46.030057],[-64.10931,46.030064],[-64.109319,46.030514],[-64.109965,46.030507],[-64.109974,46.030957],[-64.11062,46.030951]]]},"properties":{"feature_id":"dorian-s1-0052","event_id":"dorian","category":"persistent_low_backscatter","area_ha":1.0,"center_lon":-64.109965,"center_lat":46.030279,"threshold_db":-18.086,"sensor":"Sentinel-1","polarization":"HV","interpretation":"candidate only; requires validation"}},{"type":"Feature","id":"dorian-s1-0053","geometry":{"type":"Polygon","coordinates":[[[-64.096408,46.031088],[-64.0964,46.030638],[-64.097045,46.030632],[-64.097037,46.030182],[-64.097683,46.030176],[-64.097674,46.029726],[-64.096382,46.029738],[-64.096391,46.030188],[-64.095745,46.030195],[-64.095762,46.031094],[-64.096408,46.031088]]]},"properties":{"feature_id":"dorian-s1-0053","event_id":"dorian","category":"new_low_backscatter_after_dorian","area_ha":1.25,"center_lon":-64.096714,"center_lat":46.03041,"threshold_db":-18.086,"sensor":"Sentinel-1","polarization":"HV","interpretation":"candidate only; requires validation"}},{"type":"Feature","id":"dorian-s1-0054","geometry":{"type":"Polygon","coordinates":[[[-64.102249,46.032382],[-64.102204,46.030132],[-64.10285,46.030126],[-64.102841,46.029676],[-64.104133,46.029664],[-64.104124,46.029214],[-64.102832,46.029226],[-64.102841,46.029676],[-64.101549,46.029689],[-64.101558,46.030139],[-64.100912,46.030145],[-64.10093,46.031045],[-64.101576,46.031039],[-64.101603,46.032388],[-64.102249,46.032382]]]},"properties":{"feature_id":"dorian-s1-0054","event_id":"dorian","category":"low_backscatter_no_longer_present","area_ha":2.75,"center_lon":-64.102522,"center_lat":46.030801,"threshold_db":-18.086,"sensor":"Sentinel-1","polarization":"HV","interpretation":"candidate only; requires validation"}},{"type":"Feature","id":"dorian-s1-0055","geometry":{"type":"Polygon","coordinates":[[[-64.325692,46.027758],[-64.32567,46.026859],[-64.326316,46.026851],[-64.326305,46.026401],[-64.325013,46.026416],[-64.325046,46.027766],[-64.325692,46.027758]]]},"properties":{"feature_id":"dorian-s1-0055","event_id":"dorian","category":"new_low_backscatter_after_dorian","area_ha":1.0,"center_lon":-64.325665,"center_lat":46.027084,"threshold_db":-18.086,"sensor":"Sentinel-1","polarization":"HV","interpretation":"candidate only; requires validation"}},{"type":"Feature","id":"dorian-s1-0056","geometry":{"type":"Polygon","coordinates":[[[-64.106726,46.030089],[-64.106708,46.029189],[-64.107354,46.029183],[-64.107345,46.028733],[-64.106053,46.028745],[-64.10608,46.030095],[-64.106726,46.030089]]]},"properties":{"feature_id":"dorian-s1-0056","event_id":"dorian","category":"persistent_low_backscatter","area_ha":1.0,"center_lon":-64.106704,"center_lat":46.029414,"threshold_db":-18.086,"sensor":"Sentinel-1","polarization":"HV","interpretation":"candidate only; requires validation"}},{"type":"Feature","id":"dorian-s1-0057","geometry":{"type":"Polygon","coordinates":[[[-64.097674,46.029726],[-64.097665,46.029276],[-64.097019,46.029282],[-64.09701,46.028832],[-64.096364,46.028839],[-64.096355,46.028389],[-64.095063,46.028401],[-64.095072,46.028851],[-64.096364,46.028839],[-64.096373,46.029288],[-64.097019,46.029282],[-64.097028,46.029732],[-64.097674,46.029726]]]},"properties":{"feature_id":"dorian-s1-0057","event_id":"dorian","category":"persistent_low_backscatter","area_ha":1.0,"center_lon":-64.096368,"center_lat":46.02906,"threshold_db":-18.086,"sensor":"Sentinel-1","polarization":"HV","interpretation":"candidate only; requires validation"}},{"type":"Feature","id":"dorian-s1-0058","geometry":{"type":"Polygon","coordinates":[[[-64.328329,46.029978],[-64.328318,46.029528],[-64.328964,46.02952],[-64.328932,46.028171],[-64.329578,46.028163],[-64.329567,46.027713],[-64.328275,46.027728],[-64.328243,46.026379],[-64.328889,46.026371],[-64.328867,46.025471],[-64.328221,46.025479],[-64.328243,46.026379],[-64.327597,46.026386],[-64.327586,46.025936],[-64.32694,46.025944],[-64.326929,46.025494],[-64.326284,46.025501],[-64.326294,46.025951],[-64.32694,46.025944],[-64.326951,46.026394],[-64.327597,46.026386],[-64.32764,46.028186],[-64.328286,46.028178],[-64.328307,46.029078],[-64.327661,46.029086],[-64.327683,46.029985],[-64.328329,46.029978]]]},"properties":{"feature_id":"dorian-s1-0058","event_id":"dorian","category":"new_low_backscatter_after_dorian","area_ha":3.75,"center_lon":-64.327931,"center_lat":46.027728,"threshold_db":-18.086,"sensor":"Sentinel-1","polarization":"HV","interpretation":"candidate only; requires validation"}},{"type":"Feature","id":"dorian-s1-0059","geometry":{"type":"Polygon","coordinates":[[[-64.099603,46.029257],[-64.099585,46.028358],[-64.098939,46.028364],[-64.09893,46.027914],[-64.098284,46.02792],[-64.098293,46.02837],[-64.097001,46.028382],[-64.097019,46.029282],[-64.097665,46.029276],[-64.097656,46.028826],[-64.098302,46.02882],[-64.098293,46.02837],[-64.098939,46.028364],[-64.098957,46.029264],[-64.099603,46.029257]]]},"properties":{"feature_id":"dorian-s1-0059","event_id":"dorian","category":"new_low_backscatter_after_dorian","area_ha":1.5,"center_lon":-64.098302,"center_lat":46.028598,"threshold_db":-18.086,"sensor":"Sentinel-1","polarization":"HV","interpretation":"candidate only; requires validation"}},{"type":"Feature","id":"dorian-s1-0060","geometry":{"type":"Polygon","coordinates":[[[-64.093196,46.032019],[-64.093187,46.031569],[-64.092541,46.031575],[-64.092533,46.031125],[-64.093179,46.031119],[-64.09317,46.030669],[-64.093816,46.030663],[-64.093825,46.031113],[-64.094471,46.031107],[-64.094462,46.030657],[-64.093816,46.030663],[-64.093807,46.030213],[-64.095099,46.030201],[-64.095063,46.028401],[-64.096355,46.028389],[-64.096364,46.028839],[-64.095718,46.028845],[-64.095736,46.029745],[-64.096382,46.029738],[-64.096364,46.028839],[-64.09701,46.028832],[-64.096992,46.027932],[-64.097638,46.027926],[-64.097629,46.027476],[-64.095045,46.027501],[-64.095054,46.027951],[-64.094408,46.027957],[-64.094417,46.028407],[-64.093771,46.028413],[-64.093762,46.027963],[-64.093116,46.02797],[-64.093108,46.02752],[-64.092462,46.027526],[-64.092488,46.028876],[-64.091842,46.028882],[-64.091851,46.029332],[-64.092497,46.029326],[-64.092515,46.030225],[-64.091869,46.030232],[-64.09186,46.029782],[-64.091214,46.029788],[-64.091223,46.030238],[-64.090577,46.030244],[-64.090586,46.030694],[-64.091232,46.030688],[-64.09125,46.031588],[-64.090604,46.031594],[-64.090612,46.032044],[-64.091258,46.032038],[-64.09125,46.031588],[-64.092541,46.031575],[-64.09255,46.032025],[-64.093196,46.032019]],[[-64.093789,46.029313],[-64.092497,46.029326],[-64.092488,46.028876],[-64.09378,46.028863],[-64.093789,46.029313]]]},"properties":{"feature_id":"dorian-s1-0060","event_id":"dorian","category":"low_backscatter_no_longer_present","area_ha":10.75,"center_lon":-64.094108,"center_lat":46.02976,"threshold_db":-18.086,"sensor":"Sentinel-1","polarization":"HV","interpretation":"candidate only; requires validation"}},{"type":"Feature","id":"dorian-s1-0061","geometry":{"type":"Polygon","coordinates":[[[-64.136403,46.027997],[-64.136384,46.027098],[-64.137676,46.027085],[-64.137667,46.026635],[-64.135729,46.026654],[-64.135757,46.028004],[-64.136403,46.027997]]]},"properties":{"feature_id":"dorian-s1-0061","event_id":"dorian","category":"new_low_backscatter_after_dorian","area_ha":1.25,"center_lon":-64.136702,"center_lat":46.02732,"threshold_db":-18.086,"sensor":"Sentinel-1","polarization":"HV","interpretation":"candidate only; requires validation"}},{"type":"Feature","id":"dorian-s1-0062","geometry":{"type":"Polygon","coordinates":[[[-64.094391,46.027057],[-64.094382,46.026607],[-64.095028,46.026601],[-64.095019,46.026151],[-64.094373,46.026158],[-64.094364,46.025708],[-64.093718,46.025714],[-64.093727,46.026164],[-64.093081,46.02617],[-64.09309,46.02662],[-64.093736,46.026614],[-64.093745,46.027064],[-64.094391,46.027057]]]},"properties":{"feature_id":"dorian-s1-0062","event_id":"dorian","category":"new_low_backscatter_after_dorian","area_ha":1.25,"center_lon":-64.094054,"center_lat":46.026386,"threshold_db":-18.086,"sensor":"Sentinel-1","polarization":"HV","interpretation":"candidate only; requires validation"}},{"type":"Feature","id":"dorian-s1-0063","geometry":{"type":"Polygon","coordinates":[[[-64.323743,46.027331],[-64.323732,46.026881],[-64.324378,46.026874],[-64.324368,46.026424],[-64.323076,46.026439],[-64.323065,46.025989],[-64.325003,46.025966],[-64.324938,46.023267],[-64.325584,46.023259],[-64.325562,46.02236],[-64.324917,46.022367],[-64.324906,46.021917],[-64.32426,46.021925],[-64.324325,46.024624],[-64.323679,46.024632],[-64.3237,46.025531],[-64.323054,46.025539],[-64.323044,46.025089],[-64.322398,46.025096],[-64.322387,46.024646],[-64.321741,46.024654],[-64.32173,46.024204],[-64.321085,46.024212],[-64.321106,46.025111],[-64.321752,46.025104],[-64.321763,46.025554],[-64.322408,46.025546],[-64.322441,46.026896],[-64.323087,46.026888],[-64.323097,46.027338],[-64.323743,46.027331]]]},"properties":{"feature_id":"dorian-s1-0063","event_id":"dorian","category":"new_low_backscatter_after_dorian","area_ha":6.5,"center_lon":-64.323335,"center_lat":46.024628,"threshold_db":-18.086,"sensor":"Sentinel-1","polarization":"HV","interpretation":"candidate only; requires validation"}},{"type":"Feature","id":"dorian-s1-0064","geometry":{"type":"Polygon","coordinates":[[[-64.093745,46.027064],[-64.093736,46.026614],[-64.09309,46.02662],[-64.093081,46.02617],[-64.093727,46.026164],[-64.0937,46.024814],[-64.091763,46.024832],[-64.091754,46.024382],[-64.090462,46.024395],[-64.090471,46.024845],[-64.091117,46.024839],[-64.091126,46.025289],[-64.091771,46.025282],[-64.09178,46.025732],[-64.092426,46.025726],[-64.092453,46.027076],[-64.093745,46.027064]],[[-64.093072,46.02572],[-64.092426,46.025726],[-64.092417,46.025276],[-64.093063,46.02527],[-64.093072,46.02572]]]},"properties":{"feature_id":"dorian-s1-0064","event_id":"dorian","category":"low_backscatter_no_longer_present","area_ha":3.25,"center_lon":-64.092104,"center_lat":46.025729,"threshold_db":-18.086,"sensor":"Sentinel-1","polarization":"HV","interpretation":"candidate only; requires validation"}},{"type":"Feature","id":"dorian-s1-0065","geometry":{"type":"Polygon","coordinates":[[[-64.130544,46.025805],[-64.130525,46.024906],[-64.131171,46.024899],[-64.131153,46.023999],[-64.130507,46.024006],[-64.130516,46.024456],[-64.12987,46.024462],[-64.129898,46.025812],[-64.130544,46.025805]]]},"properties":{"feature_id":"dorian-s1-0065","event_id":"dorian","category":"persistent_low_backscatter","area_ha":1.25,"center_lon":-64.13052,"center_lat":46.024906,"threshold_db":-18.086,"sensor":"Sentinel-1","polarization":"HV","interpretation":"candidate only; requires validation"}},{"type":"Feature","id":"dorian-s1-0066","geometry":{"type":"Polygon","coordinates":[[[-64.136347,46.025298],[-64.136329,46.024398],[-64.135683,46.024404],[-64.135674,46.023954],[-64.135028,46.023961],[-64.135046,46.024861],[-64.135692,46.024854],[-64.135702,46.025304],[-64.136347,46.025298]]]},"properties":{"feature_id":"dorian-s1-0066","event_id":"dorian","category":"new_low_backscatter_after_dorian","area_ha":1.0,"center_lon":-64.135688,"center_lat":46.024629,"threshold_db":-18.086,"sensor":"Sentinel-1","polarization":"HV","interpretation":"candidate only; requires validation"}},{"type":"Feature","id":"dorian-s1-0067","geometry":{"type":"Polygon","coordinates":[[[-64.085304,46.024894],[-64.085295,46.024444],[-64.085941,46.024438],[-64.085932,46.023988],[-64.086578,46.023982],[-64.086569,46.023532],[-64.085923,46.023538],[-64.085932,46.023988],[-64.085286,46.023994],[-64.085295,46.024444],[-64.084003,46.024456],[-64.083994,46.024006],[-64.083348,46.024012],[-64.083357,46.024462],[-64.082711,46.024469],[-64.08272,46.024918],[-64.085304,46.024894]]]},"properties":{"feature_id":"dorian-s1-0067","event_id":"dorian","category":"low_backscatter_no_longer_present","area_ha":1.75,"center_lon":-64.084644,"center_lat":46.024225,"threshold_db":-18.086,"sensor":"Sentinel-1","polarization":"HV","interpretation":"candidate only; requires validation"}},{"type":"Feature","id":"dorian-s1-0068","geometry":{"type":"Polygon","coordinates":[[[-64.235136,46.022923],[-64.235126,46.022473],[-64.236418,46.022459],[-64.236408,46.022009],[-64.23447,46.02203],[-64.23449,46.02293],[-64.235136,46.022923]]]},"properties":{"feature_id":"dorian-s1-0068","event_id":"dorian","category":"new_low_backscatter_after_dorian","area_ha":1.0,"center_lon":-64.235444,"center_lat":46.022469,"threshold_db":-18.086,"sensor":"Sentinel-1","polarization":"HV","interpretation":"candidate only; requires validation"}},{"type":"Feature","id":"dorian-s1-0069","geometry":{"type":"Polygon","coordinates":[[[-64.133081,46.02353],[-64.133072,46.02308],[-64.132426,46.023087],[-64.132417,46.022637],[-64.131771,46.022643],[-64.13178,46.023093],[-64.130489,46.023106],[-64.130498,46.023556],[-64.131789,46.023543],[-64.13178,46.023093],[-64.132426,46.023087],[-64.132435,46.023537],[-64.133081,46.02353]]]},"properties":{"feature_id":"dorian-s1-0069","event_id":"dorian","category":"persistent_low_backscatter","area_ha":1.0,"center_lon":-64.131785,"center_lat":46.023097,"threshold_db":-18.086,"sensor":"Sentinel-1","polarization":"HV","interpretation":"candidate only; requires validation"}},{"type":"Feature","id":"dorian-s1-0070","geometry":{"type":"Polygon","coordinates":[[[-64.327489,46.021887],[-64.327478,46.021437],[-64.326833,46.021445],[-64.326822,46.020995],[-64.326176,46.021002],[-64.326165,46.020553],[-64.324228,46.020575],[-64.324217,46.020125],[-64.323571,46.020133],[-64.323582,46.020582],[-64.324228,46.020575],[-64.324249,46.021475],[-64.326833,46.021445],[-64.326843,46.021895],[-64.327489,46.021887]]]},"properties":{"feature_id":"dorian-s1-0070","event_id":"dorian","category":"new_low_backscatter_after_dorian","area_ha":2.25,"center_lon":-64.32553,"center_lat":46.02101,"threshold_db":-18.086,"sensor":"Sentinel-1","polarization":"HV","interpretation":"candidate only; requires validation"}},{"type":"Feature","id":"dorian-s1-0071","geometry":{"type":"Polygon","coordinates":[[[-64.10346,46.02832],[-64.103442,46.02742],[-64.102797,46.027427],[-64.102788,46.026977],[-64.102142,46.026983],[-64.102133,46.026533],[-64.102779,46.026527],[-64.10277,46.026077],[-64.103416,46.026071],[-64.103389,46.024721],[-64.104035,46.024715],[-64.104026,46.024265],[-64.104672,46.024258],[-64.104654,46.023358],[-64.105945,46.023346],[-64.105936,46.022896],[-64.106582,46.02289],[-64.106573,46.02244],[-64.105927,46.022446],[-64.105936,46.022896],[-64.104645,46.022909],[-64.104636,46.022459],[-64.10399,46.022465],[-64.103999,46.022915],[-64.104645,46.022909],[-64.104654,46.023358],[-64.104008,46.023365],[-64.104017,46.023815],[-64.103371,46.023821],[-64.103389,46.024721],[-64.102743,46.024727],[-64.102725,46.023827],[-64.101433,46.02384],[-64.101442,46.02429],[-64.102088,46.024283],[-64.102097,46.024733],[-64.102743,46.024727],[-64.10277,46.026077],[-64.102124,46.026083],[-64.102115,46.025633],[-64.099531,46.025658],[-64.099522,46.025208],[-64.09823,46.02522],[-64.098213,46.024321],[-64.098859,46.024314],[-64.098867,46.024764],[-64.099513,46.024758],[-64.099504,46.024308],[-64.100796,46.024296],[-64.100787,46.023846],[-64.099496,46.023858],[-64.099487,46.023408],[-64.098841,46.023415],[-64.098832,46.022965],[-64.098186,46.022971],[-64.098177,46.022521],[-64.097531,46.022527],[-64.097522,46.022077],[-64.096231,46.02209],[-64.096239,46.022539],[-64.097531,46.022527],[-64.09754,46.022977],[-64.096248,46.022989],[-64.096257,46.023439],[-64.095611,46.023446],[-64.09562,46.023895],[-64.096266,46.023889],[-64.096257,46.023439],[-64.097549,46.023427],[-64.09754,46.022977],[-64.098186,46.022971],[-64.098213,46.024321],[-64.097567,46.024327],[-64.097558,46.023877],[-64.096912,46.023883],[-64.096921,46.024333],[-64.096275,46.024339],[-64.096284,46.024789],[-64.09693,46.024783],[-64.096921,46.024333],[-64.097567,46.024327],[-64.097593,46.025677],[-64.096948,46.025683],[-64.096939,46.025233],[-64.096293,46.025239],[-64.096302,46.025689],[-64.096948,46.025683],[-64.096956,46.026133],[-64.097602,46.026127],[-64.097593,46.025677],[-64.099531,46.025658],[-64.09954,46.026108],[-64.098248,46.02612],[-64.098257,46.02657],[-64.097611,46.026576],[-64.09762,46.027026],[-64.098266,46.02702],[-64.098257,46.02657],[-64.101487,46.026539],[-64.101496,46.026989],[-64.102142,46.026983],[-64.10216,46.027883],[-64.102805,46.027877],[-64.102814,46.028326],[-64.10346,46.02832]],[[-64.102133,46.026533],[-64.101487,46.026539],[-64.101478,46.026089],[-64.102124,46.026083],[-64.102133,46.026533]],[[-64.099504,46.024308],[-64.098859,46.024314],[-64.09885,46.023864],[-64.099496,46.023858],[-64.099504,46.024308]]]},"properties":{"feature_id":"dorian-s1-0071","event_id":"dorian","category":"low_backscatter_no_longer_present","area_ha":13.0,"center_lon":-64.101097,"center_lat":46.025202,"threshold_db":-18.086,"sensor":"Sentinel-1","polarization":"HV","interpretation":"candidate only; requires validation"}},{"type":"Feature","id":"dorian-s1-0072","geometry":{"type":"Polygon","coordinates":[[[-64.093674,46.023464],[-64.093665,46.023014],[-64.094311,46.023008],[-64.094293,46.022108],[-64.092355,46.022127],[-64.092364,46.022577],[-64.091072,46.022589],[-64.091081,46.023039],[-64.092373,46.023027],[-64.092382,46.023476],[-64.093674,46.023464]],[[-64.093665,46.023014],[-64.093019,46.02302],[-64.09301,46.02257],[-64.093656,46.022564],[-64.093665,46.023014]]]},"properties":{"feature_id":"dorian-s1-0072","event_id":"dorian","category":"low_backscatter_no_longer_present","area_ha":2.25,"center_lon":-64.092692,"center_lat":46.022792,"threshold_db":-18.086,"sensor":"Sentinel-1","polarization":"HV","interpretation":"candidate only; requires validation"}},{"type":"Feature","id":"dorian-s1-0073","geometry":{"type":"Polygon","coordinates":[[[-64.12796,46.025831],[-64.127951,46.025381],[-64.128597,46.025375],[-64.128588,46.024925],[-64.129233,46.024918],[-64.129243,46.025368],[-64.129888,46.025362],[-64.12987,46.024462],[-64.130516,46.024456],[-64.130507,46.024006],[-64.131153,46.023999],[-64.131171,46.024899],[-64.130525,46.024906],[-64.130534,46.025355],[-64.13118,46.025349],[-64.131171,46.024899],[-64.131817,46.024893],[-64.131808,46.024443],[-64.132454,46.024436],[-64.132426,46.023087],[-64.133718,46.023074],[-64.133709,46.022624],[-64.134355,46.022618],[-64.134345,46.022168],[-64.135637,46.022155],[-64.135628,46.021705],[-64.134336,46.021718],[-64.134345,46.022168],[-64.133699,46.022174],[-64.13369,46.021724],[-64.133044,46.02173],[-64.133063,46.02263],[-64.132417,46.022637],[-64.132408,46.022187],[-64.131762,46.022193],[-64.131771,46.022643],[-64.132417,46.022637],[-64.132426,46.023087],[-64.13178,46.023093],[-64.131789,46.023543],[-64.130498,46.023556],[-64.130489,46.023106],[-64.129843,46.023112],[-64.129852,46.023562],[-64.130498,46.023556],[-64.130507,46.024006],[-64.129861,46.024012],[-64.12987,46.024462],[-64.128578,46.024475],[-64.128588,46.024925],[-64.127296,46.024937],[-64.127314,46.025837],[-64.12796,46.025831]]]},"properties":{"feature_id":"dorian-s1-0073","event_id":"dorian","category":"new_low_backscatter_after_dorian","area_ha":6.0,"center_lon":-64.131467,"center_lat":46.023771,"threshold_db":-18.086,"sensor":"Sentinel-1","polarization":"HV","interpretation":"candidate only; requires validation"}},{"type":"Feature","id":"dorian-s1-0074","geometry":{"type":"Polygon","coordinates":[[[-64.087861,46.02352],[-64.087834,46.02217],[-64.086543,46.022182],[-64.086534,46.021732],[-64.085242,46.021744],[-64.085251,46.022194],[-64.086543,46.022182],[-64.086551,46.022632],[-64.085905,46.022638],[-64.085914,46.023088],[-64.087206,46.023076],[-64.087215,46.023526],[-64.087861,46.02352]]]},"properties":{"feature_id":"dorian-s1-0074","event_id":"dorian","category":"low_backscatter_no_longer_present","area_ha":2.0,"center_lon":-64.086551,"center_lat":46.022629,"threshold_db":-18.086,"sensor":"Sentinel-1","polarization":"HV","interpretation":"candidate only; requires validation"}},{"type":"Feature","id":"dorian-s1-0075","geometry":{"type":"Polygon","coordinates":[[[-64.090427,46.022595],[-64.090418,46.022145],[-64.089772,46.022151],[-64.089763,46.021701],[-64.088471,46.021714],[-64.08848,46.022164],[-64.089126,46.022157],[-64.089135,46.022607],[-64.090427,46.022595]]]},"properties":{"feature_id":"dorian-s1-0075","event_id":"dorian","category":"low_backscatter_no_longer_present","area_ha":1.0,"center_lon":-64.089449,"center_lat":46.022154,"threshold_db":-18.086,"sensor":"Sentinel-1","polarization":"HV","interpretation":"candidate only; requires validation"}},{"type":"Feature","id":"dorian-s1-0076","geometry":{"type":"Polygon","coordinates":[[[-64.104017,46.023815],[-64.104008,46.023365],[-64.104654,46.023358],[-64.104645,46.022909],[-64.105936,46.022896],[-64.105927,46.022446],[-64.107219,46.022434],[-64.10721,46.021984],[-64.107856,46.021977],[-64.107847,46.021528],[-64.108493,46.021521],[-64.108484,46.021071],[-64.107838,46.021078],[-64.107847,46.021528],[-64.105909,46.021546],[-64.105918,46.021996],[-64.105273,46.022002],[-64.105282,46.022452],[-64.104636,46.022459],[-64.104645,46.022909],[-64.103999,46.022915],[-64.104008,46.023365],[-64.103362,46.023371],[-64.103371,46.023821],[-64.104017,46.023815]]]},"properties":{"feature_id":"dorian-s1-0076","event_id":"dorian","category":"persistent_low_backscatter","area_ha":2.75,"center_lon":-64.105928,"center_lat":46.022446,"threshold_db":-18.086,"sensor":"Sentinel-1","polarization":"HV","interpretation":"candidate only; requires validation"}},{"type":"Feature","id":"dorian-s1-0077","geometry":{"type":"Polygon","coordinates":[[[-64.105282,46.022452],[-64.105273,46.022002],[-64.104627,46.022009],[-64.104609,46.021109],[-64.103963,46.021115],[-64.103972,46.021565],[-64.103326,46.021571],[-64.103344,46.022471],[-64.10399,46.022465],[-64.103981,46.022015],[-64.104627,46.022009],[-64.104636,46.022459],[-64.105282,46.022452]]]},"properties":{"feature_id":"dorian-s1-0077","event_id":"dorian","category":"new_low_backscatter_after_dorian","area_ha":1.25,"center_lon":-64.104304,"center_lat":46.02179,"threshold_db":-18.086,"sensor":"Sentinel-1","polarization":"HV","interpretation":"candidate only; requires validation"}},{"type":"Feature","id":"dorian-s1-0078","geometry":{"type":"Polygon","coordinates":[[[-64.236398,46.021559],[-64.236378,46.020659],[-64.237024,46.020652],[-64.236993,46.019302],[-64.237639,46.019295],[-64.237629,46.018846],[-64.238275,46.018839],[-64.238265,46.018389],[-64.237619,46.018396],[-64.237629,46.018846],[-64.236338,46.01886],[-64.236328,46.01841],[-64.235682,46.018417],[-64.235702,46.019316],[-64.236348,46.019309],[-64.236358,46.019759],[-64.235066,46.019773],[-64.235086,46.020673],[-64.23444,46.02068],[-64.23445,46.02113],[-64.235096,46.021123],[-64.235106,46.021573],[-64.236398,46.021559]]]},"properties":{"feature_id":"dorian-s1-0078","event_id":"dorian","category":"new_low_backscatter_after_dorian","area_ha":4.25,"center_lon":-64.236357,"center_lat":46.019981,"threshold_db":-18.086,"sensor":"Sentinel-1","polarization":"HV","interpretation":"candidate only; requires validation"}},{"type":"Feature","id":"dorian-s1-0079","geometry":{"type":"Polygon","coordinates":[[[-64.085224,46.020845],[-64.085216,46.020395],[-64.083924,46.020407],[-64.083915,46.019957],[-64.083269,46.019963],[-64.08326,46.019513],[-64.081323,46.019531],[-64.081332,46.019981],[-64.083269,46.019963],[-64.083278,46.020413],[-64.083924,46.020407],[-64.083933,46.020857],[-64.085224,46.020845]]]},"properties":{"feature_id":"dorian-s1-0079","event_id":"dorian","category":"low_backscatter_no_longer_present","area_ha":1.5,"center_lon":-64.083273,"center_lat":46.020185,"threshold_db":-18.086,"sensor":"Sentinel-1","polarization":"HV","interpretation":"candidate only; requires validation"}},{"type":"Feature","id":"dorian-s1-0080","geometry":{"type":"Polygon","coordinates":[[[-64.324206,46.019675],[-64.324196,46.019225],[-64.324841,46.019218],[-64.32482,46.018318],[-64.324174,46.018326],[-64.324163,46.017876],[-64.324809,46.017868],[-64.324777,46.016518],[-64.324131,46.016526],[-64.324142,46.016976],[-64.323496,46.016983],[-64.323518,46.017883],[-64.322872,46.017891],[-64.322883,46.01834],[-64.323528,46.018333],[-64.323539,46.018783],[-64.322893,46.01879],[-64.322915,46.01969],[-64.324206,46.019675]]]},"properties":{"feature_id":"dorian-s1-0080","event_id":"dorian","category":"persistent_low_backscatter","area_ha":3.5,"center_lon":-64.323857,"center_lat":46.018104,"threshold_db":-18.086,"sensor":"Sentinel-1","polarization":"HV","interpretation":"candidate only; requires validation"}},{"type":"Feature","id":"dorian-s1-0081","geometry":{"type":"Polygon","coordinates":[[[-64.237629,46.018846],[-64.237609,46.017946],[-64.238901,46.017932],[-64.238891,46.017482],[-64.237599,46.017496],[-64.237609,46.017946],[-64.236963,46.017953],[-64.236973,46.018403],[-64.236328,46.01841],[-64.236338,46.01886],[-64.237629,46.018846]]]},"properties":{"feature_id":"dorian-s1-0081","event_id":"dorian","category":"persistent_low_backscatter","area_ha":1.25,"center_lon":-64.237615,"center_lat":46.018171,"threshold_db":-18.086,"sensor":"Sentinel-1","polarization":"HV","interpretation":"candidate only; requires validation"}},{"type":"Feature","id":"dorian-s1-0082","geometry":{"type":"Polygon","coordinates":[[[-64.087825,46.02172],[-64.087772,46.01902],[-64.087127,46.019026],[-64.087118,46.018576],[-64.086472,46.018583],[-64.086481,46.019033],[-64.085189,46.019045],[-64.085198,46.019495],[-64.084552,46.019501],[-64.084561,46.019951],[-64.085207,46.019945],[-64.085198,46.019495],[-64.08649,46.019482],[-64.086481,46.019033],[-64.087127,46.019026],[-64.087162,46.020826],[-64.086516,46.020832],[-64.086525,46.021282],[-64.087171,46.021276],[-64.08718,46.021726],[-64.087825,46.02172]]]},"properties":{"feature_id":"dorian-s1-0082","event_id":"dorian","category":"low_backscatter_no_longer_present","area_ha":2.75,"center_lon":-64.086188,"center_lat":46.020151,"threshold_db":-18.086,"sensor":"Sentinel-1","polarization":"HV","interpretation":"candidate only; requires validation"}},{"type":"Feature","id":"dorian-s1-0083","geometry":{"type":"Polygon","coordinates":[[[-64.33061,46.017351],[-64.330589,46.016451],[-64.33188,46.016436],[-64.331869,46.015986],[-64.330578,46.016001],[-64.330589,46.016451],[-64.329943,46.016458],[-64.329964,46.017358],[-64.33061,46.017351]]]},"properties":{"feature_id":"dorian-s1-0083","event_id":"dorian","category":"new_low_backscatter_after_dorian","area_ha":1.0,"center_lon":-64.330911,"center_lat":46.016672,"threshold_db":-18.086,"sensor":"Sentinel-1","polarization":"HV","interpretation":"candidate only; requires validation"}},{"type":"Feature","id":"dorian-s1-0084","geometry":{"type":"Polygon","coordinates":[[[-64.110394,46.019703],[-64.110376,46.018803],[-64.112314,46.018784],[-64.112305,46.018334],[-64.110367,46.018353],[-64.110376,46.018803],[-64.109731,46.018809],[-64.10974,46.019259],[-64.109094,46.019265],[-64.109103,46.019715],[-64.110394,46.019703]]]},"properties":{"feature_id":"dorian-s1-0084","event_id":"dorian","category":"persistent_low_backscatter","area_ha":1.5,"center_lon":-64.110704,"center_lat":46.019025,"threshold_db":-18.086,"sensor":"Sentinel-1","polarization":"HV","interpretation":"candidate only; requires validation"}},{"type":"Feature","id":"dorian-s1-0085","geometry":{"type":"Polygon","coordinates":[[[-64.322904,46.01924],[-64.322893,46.01879],[-64.323539,46.018783],[-64.323528,46.018333],[-64.322883,46.01834],[-64.322872,46.017891],[-64.323518,46.017883],[-64.323496,46.016983],[-64.324142,46.016976],[-64.32412,46.016076],[-64.323475,46.016084],[-64.323485,46.016533],[-64.32284,46.016541],[-64.322829,46.016091],[-64.322183,46.016098],[-64.322173,46.015649],[-64.321527,46.015656],[-64.321537,46.016106],[-64.3196,46.016128],[-64.319664,46.018828],[-64.32031,46.01882],[-64.3203,46.01837],[-64.320945,46.018363],[-64.320956,46.018813],[-64.321602,46.018805],[-64.321613,46.019255],[-64.322904,46.01924]],[[-64.322248,46.018798],[-64.321602,46.018805],[-64.321591,46.018355],[-64.322237,46.018348],[-64.322248,46.018798]]]},"properties":{"feature_id":"dorian-s1-0085","event_id":"dorian","category":"new_low_backscatter_after_dorian","area_ha":9.25,"center_lon":-64.321871,"center_lat":46.017452,"threshold_db":-18.086,"sensor":"Sentinel-1","polarization":"HV","interpretation":"candidate only; requires validation"}},{"type":"Feature","id":"dorian-s1-0086","geometry":{"type":"Polygon","coordinates":[[[-64.094231,46.018959],[-64.094222,46.018509],[-64.092284,46.018527],[-64.092276,46.018077],[-64.09163,46.018083],[-64.091639,46.018533],[-64.092284,46.018527],[-64.092293,46.018977],[-64.094231,46.018959]]]},"properties":{"feature_id":"dorian-s1-0086","event_id":"dorian","category":"new_low_backscatter_after_dorian","area_ha":1.0,"center_lon":-64.09293,"center_lat":46.018527,"threshold_db":-18.086,"sensor":"Sentinel-1","polarization":"HV","interpretation":"candidate only; requires validation"}},{"type":"Feature","id":"dorian-s1-0087","geometry":{"type":"Polygon","coordinates":[[[-64.089754,46.021251],[-64.089745,46.020802],[-64.090391,46.020795],[-64.090373,46.019895],[-64.091019,46.019889],[-64.09101,46.019439],[-64.091656,46.019433],[-64.091647,46.018983],[-64.092293,46.018977],[-64.092284,46.018527],[-64.091639,46.018533],[-64.09163,46.018083],[-64.090984,46.01809],[-64.090975,46.01764],[-64.090329,46.017646],[-64.090347,46.018546],[-64.089701,46.018552],[-64.089692,46.018102],[-64.088401,46.018114],[-64.088427,46.019464],[-64.089073,46.019458],[-64.089055,46.018558],[-64.089701,46.018552],[-64.08971,46.019002],[-64.090356,46.018996],[-64.090373,46.019895],[-64.088436,46.019914],[-64.088445,46.020364],[-64.089091,46.020358],[-64.089108,46.021258],[-64.089754,46.021251]],[[-64.091002,46.018989],[-64.090356,46.018996],[-64.090347,46.018546],[-64.090993,46.01854],[-64.091002,46.018989]]]},"properties":{"feature_id":"dorian-s1-0087","event_id":"dorian","category":"low_backscatter_no_longer_present","area_ha":4.75,"center_lon":-64.090347,"center_lat":46.019449,"threshold_db":-18.086,"sensor":"Sentinel-1","polarization":"HV","interpretation":"candidate only; requires validation"}},{"type":"Feature","id":"dorian-s1-0088","geometry":{"type":"Polygon","coordinates":[[[-64.330589,46.016451],[-64.330578,46.016001],[-64.331224,46.015994],[-64.331213,46.015544],[-64.330567,46.015551],[-64.330556,46.015101],[-64.329911,46.015109],[-64.329943,46.016458],[-64.330589,46.016451]]]},"properties":{"feature_id":"dorian-s1-0088","event_id":"dorian","category":"persistent_low_backscatter","area_ha":1.0,"center_lon":-64.330568,"center_lat":46.01578,"threshold_db":-18.086,"sensor":"Sentinel-1","polarization":"HV","interpretation":"candidate only; requires validation"}},{"type":"Feature","id":"dorian-s1-0089","geometry":{"type":"Polygon","coordinates":[[[-64.11296,46.018778],[-64.112951,46.018328],[-64.113596,46.018321],[-64.113587,46.017872],[-64.114879,46.017859],[-64.11487,46.017409],[-64.112933,46.017428],[-64.112951,46.018328],[-64.112305,46.018334],[-64.112314,46.018784],[-64.11296,46.018778]]]},"properties":{"feature_id":"dorian-s1-0089","event_id":"dorian","category":"new_low_backscatter_after_dorian","area_ha":1.25,"center_lon":-64.113592,"center_lat":46.018096,"threshold_db":-18.086,"sensor":"Sentinel-1","polarization":"HV","interpretation":"candidate only; requires validation"}},{"type":"Feature","id":"dorian-s1-0090","geometry":{"type":"Polygon","coordinates":[[[-64.074856,46.019142],[-64.074838,46.018243],[-64.075484,46.018237],[-64.075476,46.017787],[-64.074184,46.017799],[-64.074175,46.017349],[-64.072884,46.017361],[-64.072901,46.018261],[-64.074193,46.018249],[-64.07421,46.019149],[-64.074856,46.019142]]]},"properties":{"feature_id":"dorian-s1-0090","event_id":"dorian","category":"low_backscatter_no_longer_present","area_ha":2.0,"center_lon":-64.074184,"center_lat":46.018249,"threshold_db":-18.086,"sensor":"Sentinel-1","polarization":"HV","interpretation":"candidate only; requires validation"}},{"type":"Feature","id":"dorian-s1-0091","geometry":{"type":"Polygon","coordinates":[[[-64.09815,46.021171],[-64.098141,46.020721],[-64.098787,46.020715],[-64.098778,46.020265],[-64.099424,46.020259],[-64.099397,46.018909],[-64.100689,46.018897],[-64.10068,46.018447],[-64.101326,46.01844],[-64.101317,46.01799],[-64.100671,46.017997],[-64.100644,46.016647],[-64.099999,46.016653],[-64.100016,46.017553],[-64.099371,46.017559],[-64.09938,46.018009],[-64.097442,46.018028],[-64.097469,46.019378],[-64.096823,46.019384],[-64.096832,46.019834],[-64.096186,46.01984],[-64.096195,46.02029],[-64.096841,46.020284],[-64.096832,46.019834],[-64.098124,46.019821],[-64.098115,46.019371],[-64.09876,46.019365],[-64.098778,46.020265],[-64.098132,46.020271],[-64.098141,46.020721],[-64.097496,46.020727],[-64.097504,46.021177],[-64.09815,46.021171]]]},"properties":{"feature_id":"dorian-s1-0091","event_id":"dorian","category":"low_backscatter_no_longer_present","area_ha":6.25,"center_lon":-64.098756,"center_lat":46.018912,"threshold_db":-18.086,"sensor":"Sentinel-1","polarization":"HV","interpretation":"candidate only; requires validation"}},{"type":"Feature","id":"dorian-s1-0092","geometry":{"type":"Polygon","coordinates":[[[-64.322818,46.015641],[-64.322808,46.015191],[-64.322162,46.015199],[-64.322151,46.014749],[-64.321505,46.014756],[-64.321516,46.015206],[-64.32087,46.015214],[-64.320849,46.014314],[-64.320203,46.014321],[-64.320225,46.015221],[-64.32087,46.015214],[-64.320881,46.015664],[-64.322818,46.015641]]]},"properties":{"feature_id":"dorian-s1-0092","event_id":"dorian","category":"low_backscatter_no_longer_present","area_ha":1.5,"center_lon":-64.321511,"center_lat":46.014989,"threshold_db":-18.086,"sensor":"Sentinel-1","polarization":"HV","interpretation":"candidate only; requires validation"}},{"type":"Feature","id":"dorian-s1-0093","geometry":{"type":"Polygon","coordinates":[[[-64.116807,46.01739],[-64.116798,46.01694],[-64.117444,46.016934],[-64.117435,46.016484],[-64.115498,46.016503],[-64.115516,46.017403],[-64.116807,46.01739]]]},"properties":{"feature_id":"dorian-s1-0093","event_id":"dorian","category":"new_low_backscatter_after_dorian","area_ha":1.25,"center_lon":-64.116471,"center_lat":46.016943,"threshold_db":-18.086,"sensor":"Sentinel-1","polarization":"HV","interpretation":"candidate only; requires validation"}},{"type":"Feature","id":"dorian-s1-0094","geometry":{"type":"Polygon","coordinates":[[[-64.087755,46.01812],[-64.087746,46.01767],[-64.088392,46.017664],[-64.088383,46.017214],[-64.09032,46.017196],[-64.090312,46.016746],[-64.088374,46.016764],[-64.088383,46.017214],[-64.087737,46.01722],[-64.087746,46.01767],[-64.0871,46.017677],[-64.087109,46.018127],[-64.087755,46.01812]]]},"properties":{"feature_id":"dorian-s1-0094","event_id":"dorian","category":"low_backscatter_no_longer_present","area_ha":1.25,"center_lon":-64.08871,"center_lat":46.017437,"threshold_db":-18.086,"sensor":"Sentinel-1","polarization":"HV","interpretation":"candidate only; requires validation"}},{"type":"Feature","id":"dorian-s1-0095","geometry":{"type":"Polygon","coordinates":[[[-64.324099,46.015176],[-64.324067,46.013827],[-64.323421,46.013834],[-64.323432,46.014284],[-64.322786,46.014291],[-64.322797,46.014741],[-64.323443,46.014734],[-64.323453,46.015184],[-64.324099,46.015176]]]},"properties":{"feature_id":"dorian-s1-0095","event_id":"dorian","category":"low_backscatter_no_longer_present","area_ha":1.0,"center_lon":-64.323442,"center_lat":46.014505,"threshold_db":-18.086,"sensor":"Sentinel-1","polarization":"HV","interpretation":"candidate only; requires validation"}},{"type":"Feature","id":"dorian-s1-0096","geometry":{"type":"Polygon","coordinates":[[[-64.105829,46.017497],[-64.10582,46.017047],[-64.106466,46.017041],[-64.106457,46.016591],[-64.105811,46.016597],[-64.105802,46.016147],[-64.105156,46.016153],[-64.105147,46.015703],[-64.104501,46.01571],[-64.10451,46.01616],[-64.103864,46.016166],[-64.103873,46.016616],[-64.104519,46.01661],[-64.104528,46.017059],[-64.105174,46.017053],[-64.105183,46.017503],[-64.105829,46.017497]]]},"properties":{"feature_id":"dorian-s1-0096","event_id":"dorian","category":"persistent_low_backscatter","area_ha":2.0,"center_lon":-64.105165,"center_lat":46.016603,"threshold_db":-18.086,"sensor":"Sentinel-1","polarization":"HV","interpretation":"candidate only; requires validation"}},{"type":"Feature","id":"dorian-s1-0097","geometry":{"type":"Polygon","coordinates":[[[-64.103873,46.016616],[-64.103864,46.016166],[-64.10451,46.01616],[-64.104501,46.01571],[-64.103855,46.015716],[-64.103864,46.016166],[-64.101927,46.016185],[-64.101918,46.015735],[-64.102564,46.015728],[-64.102555,46.015278],[-64.100618,46.015297],[-64.100627,46.015747],[-64.099981,46.015753],[-64.09999,46.016203],[-64.101927,46.016185],[-64.101936,46.016634],[-64.103873,46.016616]]]},"properties":{"feature_id":"dorian-s1-0097","event_id":"dorian","category":"low_backscatter_no_longer_present","area_ha":2.5,"center_lon":-64.102246,"center_lat":46.015956,"threshold_db":-18.086,"sensor":"Sentinel-1","polarization":"HV","interpretation":"candidate only; requires validation"}},{"type":"Feature","id":"dorian-s1-0098","geometry":{"type":"Polygon","coordinates":[[[-64.080677,46.019538],[-64.080668,46.019088],[-64.081314,46.019082],[-64.081297,46.018182],[-64.080005,46.018194],[-64.07997,46.016394],[-64.080616,46.016388],[-64.080598,46.015488],[-64.081244,46.015482],[-64.081235,46.015032],[-64.079944,46.015044],[-64.079961,46.015944],[-64.079315,46.01595],[-64.079324,46.0164],[-64.078678,46.016406],[-64.078696,46.017306],[-64.077404,46.017318],[-64.077395,46.016868],[-64.07675,46.016875],[-64.076758,46.017324],[-64.077404,46.017318],[-64.077422,46.018218],[-64.078068,46.018212],[-64.078085,46.019112],[-64.078731,46.019106],[-64.078722,46.018656],[-64.08066,46.018638],[-64.080668,46.019088],[-64.080023,46.019094],[-64.080031,46.019544],[-64.080677,46.019538]]]},"properties":{"feature_id":"dorian-s1-0098","event_id":"dorian","category":"low_backscatter_no_longer_present","area_ha":6.5,"center_lon":-64.079032,"center_lat":46.017288,"threshold_db":-18.086,"sensor":"Sentinel-1","polarization":"HV","interpretation":"candidate only; requires validation"}},{"type":"Feature","id":"dorian-s1-0099","geometry":{"type":"Polygon","coordinates":[[[-64.109031,46.016116],[-64.109022,46.015666],[-64.109668,46.01566],[-64.10965,46.01476],[-64.108358,46.014772],[-64.108367,46.015222],[-64.107075,46.015235],[-64.107066,46.014785],[-64.105775,46.014797],[-64.105784,46.015247],[-64.107075,46.015235],[-64.107084,46.015685],[-64.10773,46.015678],[-64.107739,46.016128],[-64.109031,46.016116]]]},"properties":{"feature_id":"dorian-s1-0099","event_id":"dorian","category":"new_low_backscatter_after_dorian","area_ha":2.5,"center_lon":-64.107721,"center_lat":46.015444,"threshold_db":-18.086,"sensor":"Sentinel-1","polarization":"HV","interpretation":"candidate only; requires validation"}},{"type":"Feature","id":"dorian-s1-0100","geometry":{"type":"Polygon","coordinates":[[[-64.099981,46.015753],[-64.099972,46.015303],[-64.099326,46.01531],[-64.099317,46.01486],[-64.098671,46.014866],[-64.098662,46.014416],[-64.097371,46.014428],[-64.097389,46.015328],[-64.096743,46.015334],[-64.096752,46.015784],[-64.098043,46.015772],[-64.098034,46.015322],[-64.099326,46.01531],[-64.099335,46.015759],[-64.099981,46.015753]]]},"properties":{"feature_id":"dorian-s1-0100","event_id":"dorian","category":"new_low_backscatter_after_dorian","area_ha":2.0,"center_lon":-64.098362,"center_lat":46.0151,"threshold_db":-18.086,"sensor":"Sentinel-1","polarization":"HV","interpretation":"candidate only; requires validation"}},{"type":"Feature","id":"dorian-s1-0101","geometry":{"type":"Polygon","coordinates":[[[-64.329889,46.014209],[-64.329878,46.013759],[-64.330524,46.013752],[-64.330502,46.012852],[-64.329857,46.012859],[-64.329846,46.012409],[-64.331137,46.012394],[-64.331126,46.011944],[-64.329835,46.011959],[-64.329846,46.012409],[-64.3292,46.012417],[-64.329211,46.012867],[-64.328565,46.012874],[-64.328554,46.012424],[-64.327909,46.012432],[-64.327898,46.011982],[-64.328544,46.011975],[-64.328533,46.011525],[-64.327887,46.011532],[-64.327898,46.011982],[-64.327252,46.01199],[-64.327274,46.012889],[-64.328565,46.012874],[-64.328576,46.013324],[-64.329222,46.013317],[-64.329232,46.013767],[-64.328587,46.013774],[-64.328598,46.014224],[-64.329889,46.014209]],[[-64.329867,46.013309],[-64.329222,46.013317],[-64.329211,46.012867],[-64.329857,46.012859],[-64.329867,46.013309]]]},"properties":{"feature_id":"dorian-s1-0101","event_id":"dorian","category":"low_backscatter_no_longer_present","area_ha":3.25,"center_lon":-64.329194,"center_lat":46.012874,"threshold_db":-18.086,"sensor":"Sentinel-1","polarization":"HV","interpretation":"candidate only; requires validation"}},{"type":"Feature","id":"dorian-s1-0102","geometry":{"type":"Polygon","coordinates":[[[-64.078015,46.015513],[-64.078006,46.015063],[-64.078652,46.015057],[-64.078643,46.014607],[-64.079289,46.0146],[-64.07928,46.014151],[-64.078635,46.014157],[-64.078626,46.013707],[-64.07798,46.013713],[-64.077971,46.013263],[-64.077326,46.013269],[-64.077334,46.013719],[-64.076689,46.013725],[-64.076697,46.014175],[-64.077343,46.014169],[-64.077369,46.015519],[-64.078015,46.015513]],[[-64.077989,46.014163],[-64.077343,46.014169],[-64.077334,46.013719],[-64.07798,46.013713],[-64.077989,46.014163]]]},"properties":{"feature_id":"dorian-s1-0102","event_id":"dorian","category":"low_backscatter_no_longer_present","area_ha":2.25,"center_lon":-64.077989,"center_lat":46.014391,"threshold_db":-18.086,"sensor":"Sentinel-1","polarization":"HV","interpretation":"candidate only; requires validation"}},{"type":"Feature","id":"dorian-s1-0103","geometry":{"type":"Polygon","coordinates":[[[-64.323389,46.012484],[-64.323378,46.012034],[-64.322732,46.012042],[-64.322722,46.011592],[-64.322076,46.0116],[-64.322055,46.0107],[-64.320763,46.010715],[-64.320774,46.011165],[-64.32142,46.011157],[-64.32143,46.011607],[-64.320785,46.011614],[-64.320795,46.012064],[-64.322087,46.012049],[-64.322097,46.012499],[-64.323389,46.012484]]]},"properties":{"feature_id":"dorian-s1-0103","event_id":"dorian","category":"new_low_backscatter_after_dorian","area_ha":2.0,"center_lon":-64.322076,"center_lat":46.0116,"threshold_db":-18.086,"sensor":"Sentinel-1","polarization":"HV","interpretation":"candidate only; requires validation"}},{"type":"Feature","id":"dorian-s1-0104","geometry":{"type":"Polygon","coordinates":[[[-64.09477,46.013553],[-64.094761,46.013103],[-64.094115,46.013109],[-64.094107,46.01266],[-64.093461,46.012666],[-64.093452,46.012216],[-64.092806,46.012222],[-64.092815,46.012672],[-64.092169,46.012678],[-64.09216,46.012228],[-64.091515,46.012234],[-64.091524,46.012684],[-64.092169,46.012678],[-64.092178,46.013128],[-64.092824,46.013122],[-64.092833,46.013572],[-64.09477,46.013553]]]},"properties":{"feature_id":"dorian-s1-0104","event_id":"dorian","category":"persistent_low_backscatter","area_ha":2.0,"center_lon":-64.093142,"center_lat":46.012894,"threshold_db":-18.086,"sensor":"Sentinel-1","polarization":"HV","interpretation":"candidate only; requires validation"}},{"type":"Feature","id":"dorian-s1-0105","geometry":{"type":"Polygon","coordinates":[[[-64.329157,46.010617],[-64.329146,46.010167],[-64.329792,46.01016],[-64.329781,46.00971],[-64.329135,46.009718],[-64.329125,46.009268],[-64.328479,46.009275],[-64.328511,46.010625],[-64.329157,46.010617]]]},"properties":{"feature_id":"dorian-s1-0105","event_id":"dorian","category":"low_backscatter_no_longer_present","area_ha":1.0,"center_lon":-64.329136,"center_lat":46.009946,"threshold_db":-18.086,"sensor":"Sentinel-1","polarization":"HV","interpretation":"candidate only; requires validation"}},{"type":"Feature","id":"dorian-s1-0106","geometry":{"type":"Polygon","coordinates":[[[-64.114771,46.01246],[-64.114743,46.01111],[-64.114098,46.011116],[-64.114107,46.011566],[-64.113461,46.011573],[-64.11347,46.012022],[-64.114116,46.012016],[-64.114125,46.012466],[-64.114771,46.01246]]]},"properties":{"feature_id":"dorian-s1-0106","event_id":"dorian","category":"new_low_backscatter_after_dorian","area_ha":1.0,"center_lon":-64.114116,"center_lat":46.011788,"threshold_db":-18.086,"sensor":"Sentinel-1","polarization":"HV","interpretation":"candidate only; requires validation"}},{"type":"Feature","id":"dorian-s1-0107","geometry":{"type":"Polygon","coordinates":[[[-64.170285,46.011005],[-64.170276,46.010555],[-64.170921,46.010548],[-64.170902,46.009648],[-64.170257,46.009655],[-64.170266,46.010105],[-64.16962,46.010111],[-64.169639,46.011011],[-64.170285,46.011005]]]},"properties":{"feature_id":"dorian-s1-0107","event_id":"dorian","category":"new_low_backscatter_after_dorian","area_ha":1.0,"center_lon":-64.170271,"center_lat":46.010329,"threshold_db":-18.086,"sensor":"Sentinel-1","polarization":"HV","interpretation":"candidate only; requires validation"}},{"type":"Feature","id":"dorian-s1-0108","geometry":{"type":"Polygon","coordinates":[[[-64.104403,46.01076],[-64.104394,46.01031],[-64.10504,46.010304],[-64.105031,46.009854],[-64.103739,46.009867],[-64.103748,46.010317],[-64.103102,46.010323],[-64.103111,46.010773],[-64.104403,46.01076]]]},"properties":{"feature_id":"dorian-s1-0108","event_id":"dorian","category":"new_low_backscatter_after_dorian","area_ha":1.0,"center_lon":-64.104071,"center_lat":46.010313,"threshold_db":-18.086,"sensor":"Sentinel-1","polarization":"HV","interpretation":"candidate only; requires validation"}},{"type":"Feature","id":"dorian-s1-0109","geometry":{"type":"Polygon","coordinates":[[[-64.11538,46.010654],[-64.115362,46.009754],[-64.114716,46.00976],[-64.114707,46.00931],[-64.113416,46.009323],[-64.113425,46.009773],[-64.114716,46.00976],[-64.114734,46.01066],[-64.11538,46.010654]]]},"properties":{"feature_id":"dorian-s1-0109","event_id":"dorian","category":"persistent_low_backscatter","area_ha":1.0,"center_lon":-64.114398,"center_lat":46.009985,"threshold_db":-18.086,"sensor":"Sentinel-1","polarization":"HV","interpretation":"candidate only; requires validation"}},{"type":"Feature","id":"dorian-s1-0110","geometry":{"type":"Polygon","coordinates":[[[-64.099246,46.01126],[-64.099237,46.01081],[-64.100528,46.010798],[-64.100519,46.010348],[-64.099874,46.010354],[-64.099865,46.009904],[-64.099219,46.00991],[-64.09921,46.00946],[-64.098564,46.009467],[-64.098582,46.010366],[-64.099228,46.01036],[-64.099237,46.01081],[-64.098591,46.010816],[-64.0986,46.011266],[-64.099246,46.01126]]]},"properties":{"feature_id":"dorian-s1-0110","event_id":"dorian","category":"new_low_backscatter_after_dorian","area_ha":1.5,"center_lon":-64.099546,"center_lat":46.010363,"threshold_db":-18.086,"sensor":"Sentinel-1","polarization":"HV","interpretation":"candidate only; requires validation"}},{"type":"Feature","id":"dorian-s1-0111","geometry":{"type":"Polygon","coordinates":[[[-64.084315,46.007353],[-64.084297,46.006453],[-64.084943,46.006447],[-64.084934,46.005997],[-64.084288,46.006003],[-64.084297,46.006453],[-64.083006,46.006465],[-64.083023,46.007365],[-64.084315,46.007353]]]},"properties":{"feature_id":"dorian-s1-0111","event_id":"dorian","category":"new_low_backscatter_after_dorian","area_ha":1.25,"center_lon":-64.083974,"center_lat":46.006681,"threshold_db":-18.086,"sensor":"Sentinel-1","polarization":"HV","interpretation":"candidate only; requires validation"}},{"type":"Feature","id":"dorian-s1-0112","geometry":{"type":"Polygon","coordinates":[[[-64.082413,46.009171],[-64.082404,46.008721],[-64.081758,46.008727],[-64.081749,46.008277],[-64.081104,46.008283],[-64.081095,46.007833],[-64.081741,46.007827],[-64.081723,46.006927],[-64.082369,46.006921],[-64.082378,46.007371],[-64.083023,46.007365],[-64.083014,46.006915],[-64.082369,46.006921],[-64.08236,46.006471],[-64.081714,46.006477],[-64.081697,46.005577],[-64.082342,46.005571],[-64.082334,46.005121],[-64.081688,46.005127],[-64.081697,46.005577],[-64.079114,46.005602],[-64.079097,46.004702],[-64.079742,46.004696],[-64.079734,46.004246],[-64.079088,46.004252],[-64.079079,46.003802],[-64.078433,46.003808],[-64.078442,46.004258],[-64.079088,46.004252],[-64.079097,46.004702],[-64.078451,46.004708],[-64.07846,46.005158],[-64.077814,46.005164],[-64.077805,46.004714],[-64.076514,46.004726],[-64.076505,46.004276],[-64.07586,46.004282],[-64.075851,46.003832],[-64.075205,46.003839],[-64.075214,46.004288],[-64.07586,46.004282],[-64.075868,46.004732],[-64.074577,46.004744],[-64.074568,46.004295],[-64.073923,46.004301],[-64.073931,46.004751],[-64.073286,46.004757],[-64.073294,46.005207],[-64.075877,46.005182],[-64.075886,46.005632],[-64.07524,46.005638],[-64.075249,46.006088],[-64.075894,46.006082],[-64.075886,46.005632],[-64.077177,46.00562],[-64.077168,46.00517],[-64.077814,46.005164],[-64.077823,46.005614],[-64.079114,46.005602],[-64.079123,46.006052],[-64.079769,46.006046],[-64.079777,46.006496],[-64.078486,46.006508],[-64.078495,46.006958],[-64.079786,46.006945],[-64.079795,46.007395],[-64.079149,46.007402],[-64.079158,46.007851],[-64.079804,46.007845],[-64.079812,46.008295],[-64.080458,46.008289],[-64.080467,46.008739],[-64.081758,46.008727],[-64.081767,46.009177],[-64.082413,46.009171]],[[-64.081095,46.007833],[-64.079804,46.007845],[-64.079795,46.007395],[-64.081086,46.007383],[-64.081095,46.007833]]]},"properties":{"feature_id":"dorian-s1-0112","event_id":"dorian","category":"low_backscatter_no_longer_present","area_ha":10.75,"center_lon":-64.078154,"center_lat":46.00649,"threshold_db":-18.086,"sensor":"Sentinel-1","polarization":"HV","interpretation":"candidate only; requires validation"}},{"type":"Feature","id":"dorian-s1-0113","geometry":{"type":"Polygon","coordinates":[[[-64.071994,46.004769],[-64.071986,46.004319],[-64.072631,46.004313],[-64.072623,46.003863],[-64.070686,46.003881],[-64.070694,46.004331],[-64.07134,46.004325],[-64.071349,46.004775],[-64.071994,46.004769]]]},"properties":{"feature_id":"dorian-s1-0113","event_id":"dorian","category":"new_low_backscatter_after_dorian","area_ha":1.0,"center_lon":-64.071658,"center_lat":46.004319,"threshold_db":-18.086,"sensor":"Sentinel-1","polarization":"HV","interpretation":"candidate only; requires validation"}},{"type":"Feature","id":"dorian-s1-0114","geometry":{"type":"Polygon","coordinates":[[[-64.07716,46.00472],[-64.077133,46.00337],[-64.076488,46.003376],[-64.076479,46.002926],[-64.075833,46.002933],[-64.075842,46.003383],[-64.075196,46.003389],[-64.075205,46.003839],[-64.075851,46.003832],[-64.07586,46.004282],[-64.076505,46.004276],[-64.076514,46.004726],[-64.07716,46.00472]]]},"properties":{"feature_id":"dorian-s1-0114","event_id":"dorian","category":"new_low_backscatter_after_dorian","area_ha":1.75,"center_lon":-64.076178,"center_lat":46.003826,"threshold_db":-18.086,"sensor":"Sentinel-1","polarization":"HV","interpretation":"candidate only; requires validation"}},{"type":"Feature","id":"dorian-s1-0115","geometry":{"type":"Polygon","coordinates":[[[-64.321195,46.001709],[-64.321184,46.001259],[-64.321829,46.001252],[-64.321808,46.000352],[-64.321162,46.00036],[-64.321173,46.000809],[-64.320528,46.000817],[-64.320549,46.001717],[-64.321195,46.001709]]]},"properties":{"feature_id":"dorian-s1-0115","event_id":"dorian","category":"new_low_backscatter_after_dorian","area_ha":1.0,"center_lon":-64.321179,"center_lat":46.001035,"threshold_db":-18.086,"sensor":"Sentinel-1","polarization":"HV","interpretation":"candidate only; requires validation"}},{"type":"Feature","id":"dorian-s1-0116","geometry":{"type":"Polygon","coordinates":[[[-64.307701,46.004565],[-64.307691,46.004115],[-64.308336,46.004107],[-64.308326,46.003657],[-64.309617,46.003643],[-64.309606,46.003193],[-64.310897,46.003178],[-64.310887,46.002728],[-64.311532,46.002721],[-64.311543,46.00317],[-64.312188,46.003163],[-64.312178,46.002713],[-64.312823,46.002706],[-64.312813,46.002256],[-64.313458,46.002248],[-64.313448,46.001799],[-64.314093,46.001791],[-64.314083,46.001341],[-64.313437,46.001349],[-64.313426,46.000899],[-64.312781,46.000906],[-64.31277,46.000456],[-64.312125,46.000464],[-64.312114,46.000014],[-64.311468,46.000021],[-64.311479,46.000471],[-64.310834,46.000479],[-64.310844,46.000928],[-64.310199,46.000936],[-64.310209,46.001386],[-64.309564,46.001393],[-64.309574,46.001843],[-64.308929,46.00185],[-64.308939,46.0023],[-64.307648,46.002315],[-64.307669,46.003215],[-64.307024,46.003222],[-64.307056,46.004572],[-64.307701,46.004565]]]},"properties":{"feature_id":"dorian-s1-0116","event_id":"dorian","category":"persistent_low_backscatter","area_ha":11.0,"center_lon":-64.310558,"center_lat":46.002293,"threshold_db":-18.086,"sensor":"Sentinel-1","polarization":"HV","interpretation":"candidate only; requires validation"}},{"type":"Feature","id":"dorian-s1-0117","geometry":{"type":"Polygon","coordinates":[[[-64.066175,46.004373],[-64.066166,46.003923],[-64.066812,46.003917],[-64.066803,46.003467],[-64.068094,46.003455],[-64.068077,46.002555],[-64.067431,46.002561],[-64.06744,46.003011],[-64.066794,46.003017],[-64.066803,46.003467],[-64.066157,46.003473],[-64.066166,46.003923],[-64.06552,46.003929],[-64.065529,46.004379],[-64.066175,46.004373]]]},"properties":{"feature_id":"dorian-s1-0117","event_id":"dorian","category":"low_backscatter_no_longer_present","area_ha":1.25,"center_lon":-64.066807,"center_lat":46.003467,"threshold_db":-18.086,"sensor":"Sentinel-1","polarization":"HV","interpretation":"candidate only; requires validation"}},{"type":"Feature","id":"dorian-s1-0118","geometry":{"type":"Polygon","coordinates":[[[-64.112635,46.00258],[-64.112626,46.00213],[-64.113917,46.002118],[-64.113908,46.001668],[-64.111971,46.001687],[-64.111989,46.002586],[-64.112635,46.00258]]]},"properties":{"feature_id":"dorian-s1-0118","event_id":"dorian","category":"new_low_backscatter_after_dorian","area_ha":1.0,"center_lon":-64.112944,"center_lat":46.002127,"threshold_db":-18.086,"sensor":"Sentinel-1","polarization":"HV","interpretation":"candidate only; requires validation"}},{"type":"Feature","id":"dorian-s1-0119","geometry":{"type":"Polygon","coordinates":[[[-64.072614,46.003413],[-64.072605,46.002963],[-64.073251,46.002957],[-64.073242,46.002507],[-64.074533,46.002495],[-64.074525,46.002045],[-64.073233,46.002057],[-64.073242,46.002507],[-64.072596,46.002513],[-64.072605,46.002963],[-64.070023,46.002987],[-64.070031,46.003437],[-64.072614,46.003413]]]},"properties":{"feature_id":"dorian-s1-0119","event_id":"dorian","category":"new_low_backscatter_after_dorian","area_ha":1.75,"center_lon":-64.072278,"center_lat":46.002741,"threshold_db":-18.086,"sensor":"Sentinel-1","polarization":"HV","interpretation":"candidate only; requires validation"}},{"type":"Feature","id":"dorian-s1-0120","geometry":{"type":"Polygon","coordinates":[[[-64.288239,46.000735],[-64.288228,46.000286],[-64.287583,46.000293],[-64.287572,45.999843],[-64.288218,45.999836],[-64.288207,45.999386],[-64.286916,45.9994],[-64.286927,45.99985],[-64.286281,45.999857],[-64.286292,46.000307],[-64.285646,46.000315],[-64.285656,46.000765],[-64.286302,46.000757],[-64.286292,46.000307],[-64.287583,46.000293],[-64.287593,46.000743],[-64.288239,46.000735]]]},"properties":{"feature_id":"dorian-s1-0120","event_id":"dorian","category":"new_low_backscatter_after_dorian","area_ha":1.5,"center_lon":-64.286943,"center_lat":46.000076,"threshold_db":-18.086,"sensor":"Sentinel-1","polarization":"HV","interpretation":"candidate only; requires validation"}},{"type":"Feature","id":"dorian-s1-0121","geometry":{"type":"Polygon","coordinates":[[[-64.115208,46.002105],[-64.115199,46.001655],[-64.114554,46.001661],[-64.114545,46.001212],[-64.11519,46.001205],[-64.115181,46.000755],[-64.114536,46.000762],[-64.114545,46.001212],[-64.113899,46.001218],[-64.113917,46.002118],[-64.115208,46.002105]]]},"properties":{"feature_id":"dorian-s1-0121","event_id":"dorian","category":"low_backscatter_no_longer_present","area_ha":1.0,"center_lon":-64.114553,"center_lat":46.001436,"threshold_db":-18.086,"sensor":"Sentinel-1","polarization":"HV","interpretation":"candidate only; requires validation"}},{"type":"Feature","id":"dorian-s1-0122","geometry":{"type":"Polygon","coordinates":[[[-64.28953,46.000721],[-64.289509,45.999821],[-64.290155,45.999814],[-64.290144,45.999364],[-64.29079,45.999357],[-64.290769,45.998457],[-64.290123,45.998464],[-64.290144,45.999364],[-64.289499,45.999371],[-64.289509,45.999821],[-64.288863,45.999828],[-64.288884,46.000728],[-64.28953,46.000721]]]},"properties":{"feature_id":"dorian-s1-0122","event_id":"dorian","category":"new_low_backscatter_after_dorian","area_ha":1.25,"center_lon":-64.289827,"center_lat":45.999593,"threshold_db":-18.086,"sensor":"Sentinel-1","polarization":"HV","interpretation":"candidate only; requires validation"}},{"type":"Feature","id":"dorian-s1-0123","geometry":{"type":"Polygon","coordinates":[[[-64.236572,46.000406],[-64.236562,45.999956],[-64.237208,45.999949],[-64.237198,45.999499],[-64.236552,45.999506],[-64.236532,45.998607],[-64.235887,45.998614],[-64.235907,45.999513],[-64.236552,45.999506],[-64.236562,45.999956],[-64.235917,45.999963],[-64.235927,46.000413],[-64.236572,46.000406]]]},"properties":{"feature_id":"dorian-s1-0123","event_id":"dorian","category":"new_low_backscatter_after_dorian","area_ha":1.0,"center_lon":-64.236548,"center_lat":45.99951,"threshold_db":-18.086,"sensor":"Sentinel-1","polarization":"HV","interpretation":"candidate only; requires validation"}},{"type":"Feature","id":"dorian-s1-0124","geometry":{"type":"Polygon","coordinates":[[[-64.069997,46.001637],[-64.069988,46.001187],[-64.068697,46.001199],[-64.068679,46.0003],[-64.068034,46.000306],[-64.068051,46.001205],[-64.068697,46.001199],[-64.068705,46.001649],[-64.069997,46.001637]]]},"properties":{"feature_id":"dorian-s1-0124","event_id":"dorian","category":"low_backscatter_no_longer_present","area_ha":1.0,"center_lon":-64.069016,"center_lat":46.000974,"threshold_db":-18.086,"sensor":"Sentinel-1","polarization":"HV","interpretation":"candidate only; requires validation"}},{"type":"Feature","id":"dorian-s1-0125","geometry":{"type":"Polygon","coordinates":[[[-64.07709,46.001121],[-64.077081,46.000671],[-64.07579,46.000683],[-64.075781,46.000233],[-64.07449,46.000245],[-64.074499,46.000695],[-64.075144,46.000689],[-64.075153,46.001139],[-64.07709,46.001121]]]},"properties":{"feature_id":"dorian-s1-0125","event_id":"dorian","category":"new_low_backscatter_after_dorian","area_ha":1.25,"center_lon":-64.07579,"center_lat":46.000686,"threshold_db":-18.086,"sensor":"Sentinel-1","polarization":"HV","interpretation":"candidate only; requires validation"}},{"type":"Feature","id":"dorian-s1-0126","geometry":{"type":"Polygon","coordinates":[[[-64.035124,46.001508],[-64.035107,46.000609],[-64.034461,46.000614],[-64.03447,46.001064],[-64.033178,46.001076],[-64.033187,46.001526],[-64.035124,46.001508]]]},"properties":{"feature_id":"dorian-s1-0126","event_id":"dorian","category":"new_low_backscatter_after_dorian","area_ha":1.0,"center_lon":-64.034151,"center_lat":46.001067,"threshold_db":-18.086,"sensor":"Sentinel-1","polarization":"HV","interpretation":"candidate only; requires validation"}},{"type":"Feature","id":"dorian-s1-0127","geometry":{"type":"Polygon","coordinates":[[[-64.025447,46.002046],[-64.025431,46.001146],[-64.026076,46.00114],[-64.026085,46.00159],[-64.02673,46.001584],[-64.026722,46.001134],[-64.026076,46.00114],[-64.026068,46.00069],[-64.024777,46.000702],[-64.024802,46.002052],[-64.025447,46.002046]]]},"properties":{"feature_id":"dorian-s1-0127","event_id":"dorian","category":"new_low_backscatter_after_dorian","area_ha":1.25,"center_lon":-64.025754,"center_lat":46.001371,"threshold_db":-18.086,"sensor":"Sentinel-1","polarization":"HV","interpretation":"candidate only; requires validation"}},{"type":"Feature","id":"dorian-s1-0128","geometry":{"type":"Polygon","coordinates":[[[-64.241071,45.999457],[-64.241061,45.999007],[-64.240416,45.999014],[-64.240385,45.997665],[-64.23974,45.997672],[-64.23977,45.999021],[-64.240416,45.999014],[-64.240426,45.999464],[-64.241071,45.999457]]]},"properties":{"feature_id":"dorian-s1-0128","event_id":"dorian","category":"new_low_backscatter_after_dorian","area_ha":1.0,"center_lon":-64.240406,"center_lat":45.998565,"threshold_db":-18.086,"sensor":"Sentinel-1","polarization":"HV","interpretation":"candidate only; requires validation"}},{"type":"Feature","id":"dorian-s1-0129","geometry":{"type":"Polygon","coordinates":[[[-64.122256,45.999336],[-64.122228,45.997986],[-64.121583,45.997993],[-64.121601,45.998892],[-64.120955,45.998899],[-64.120964,45.999349],[-64.122256,45.999336]]]},"properties":{"feature_id":"dorian-s1-0129","event_id":"dorian","category":"persistent_low_backscatter","area_ha":1.0,"center_lon":-64.121605,"center_lat":45.998667,"threshold_db":-18.086,"sensor":"Sentinel-1","polarization":"HV","interpretation":"candidate only; requires validation"}},{"type":"Feature","id":"dorian-s1-0130","geometry":{"type":"Polygon","coordinates":[[[-64.126756,45.998392],[-64.126747,45.997942],[-64.127393,45.997935],[-64.127384,45.997485],[-64.126093,45.997498],[-64.126102,45.997948],[-64.125456,45.997954],[-64.125465,45.998404],[-64.126756,45.998392]]]},"properties":{"feature_id":"dorian-s1-0130","event_id":"dorian","category":"persistent_low_backscatter","area_ha":1.0,"center_lon":-64.126424,"center_lat":45.997945,"threshold_db":-18.086,"sensor":"Sentinel-1","polarization":"HV","interpretation":"candidate only; requires validation"}},{"type":"Feature","id":"dorian-s1-0131","geometry":{"type":"Polygon","coordinates":[[[-64.071236,45.998926],[-64.071218,45.998026],[-64.069927,45.998038],[-64.069936,45.998488],[-64.06929,45.998494],[-64.069299,45.998944],[-64.069944,45.998938],[-64.069936,45.998488],[-64.070581,45.998482],[-64.07059,45.998932],[-64.071236,45.998926]]]},"properties":{"feature_id":"dorian-s1-0131","event_id":"dorian","category":"low_backscatter_no_longer_present","area_ha":1.0,"center_lon":-64.070263,"center_lat":45.998485,"threshold_db":-18.086,"sensor":"Sentinel-1","polarization":"HV","interpretation":"candidate only; requires validation"}},{"type":"Feature","id":"dorian-s1-0132","geometry":{"type":"Polygon","coordinates":[[[-64.12742,45.999285],[-64.127411,45.998835],[-64.128057,45.998829],[-64.128048,45.998379],[-64.128693,45.998373],[-64.128684,45.997923],[-64.128039,45.997929],[-64.12802,45.997029],[-64.127375,45.997035],[-64.127393,45.997935],[-64.126747,45.997942],[-64.126756,45.998392],[-64.126111,45.998398],[-64.12612,45.998848],[-64.125474,45.998854],[-64.125484,45.999304],[-64.12742,45.999285]]]},"properties":{"feature_id":"dorian-s1-0132","event_id":"dorian","category":"new_low_backscatter_after_dorian","area_ha":2.75,"center_lon":-64.127083,"center_lat":45.998166,"threshold_db":-18.086,"sensor":"Sentinel-1","polarization":"HV","interpretation":"candidate only; requires validation"}},{"type":"Feature","id":"dorian-s1-0133","geometry":{"type":"Polygon","coordinates":[[[-64.155162,45.998108],[-64.155153,45.997658],[-64.153861,45.997671],[-64.153843,45.996771],[-64.153197,45.996778],[-64.153206,45.997228],[-64.152561,45.997234],[-64.15257,45.997684],[-64.153861,45.997671],[-64.153871,45.998121],[-64.155162,45.998108]]]},"properties":{"feature_id":"dorian-s1-0133","event_id":"dorian","category":"new_low_backscatter_after_dorian","area_ha":1.25,"center_lon":-64.153862,"center_lat":45.997446,"threshold_db":-18.086,"sensor":"Sentinel-1","polarization":"HV","interpretation":"candidate only; requires validation"}},{"type":"Feature","id":"dorian-s1-0134","geometry":{"type":"Polygon","coordinates":[[[-64.120974,45.999799],[-64.120955,45.998899],[-64.121601,45.998892],[-64.121583,45.997993],[-64.122228,45.997986],[-64.122219,45.997536],[-64.122865,45.99753],[-64.122874,45.99798],[-64.124165,45.997967],[-64.124174,45.998417],[-64.125465,45.998404],[-64.125456,45.997954],[-64.126102,45.997948],[-64.126093,45.997498],[-64.126738,45.997492],[-64.126729,45.997042],[-64.126084,45.997048],[-64.126093,45.997498],[-64.125447,45.997504],[-64.125456,45.997954],[-64.124811,45.997961],[-64.124802,45.997511],[-64.122865,45.99753],[-64.122847,45.99663],[-64.122201,45.996636],[-64.122219,45.997536],[-64.121574,45.997543],[-64.121565,45.997093],[-64.120919,45.997099],[-64.120955,45.998899],[-64.12031,45.998905],[-64.120328,45.999805],[-64.120974,45.999799]]]},"properties":{"feature_id":"dorian-s1-0134","event_id":"dorian","category":"new_low_backscatter_after_dorian","area_ha":4.0,"center_lon":-64.123524,"center_lat":45.998218,"threshold_db":-18.086,"sensor":"Sentinel-1","polarization":"HV","interpretation":"candidate only; requires validation"}},{"type":"Feature","id":"dorian-s1-0135","geometry":{"type":"Polygon","coordinates":[[[-64.140267,45.996008],[-64.140258,45.995558],[-64.137676,45.995583],[-64.137685,45.996033],[-64.140267,45.996008]]]},"properties":{"feature_id":"dorian-s1-0135","event_id":"dorian","category":"low_backscatter_no_longer_present","area_ha":1.0,"center_lon":-64.138971,"center_lat":45.995795,"threshold_db":-18.086,"sensor":"Sentinel-1","polarization":"HV","interpretation":"candidate only; requires validation"}},{"type":"Feature","id":"dorian-s1-0136","geometry":{"type":"Polygon","coordinates":[[[-64.316009,46.000869],[-64.315977,45.999519],[-64.317913,45.999497],[-64.317892,45.998597],[-64.319829,45.998575],[-64.319807,45.997675],[-64.320453,45.997668],[-64.320442,45.997218],[-64.321088,45.99721],[-64.321077,45.99676],[-64.320431,45.996768],[-64.320421,45.996318],[-64.319775,45.996325],[-64.319754,45.995426],[-64.319108,45.995433],[-64.319098,45.994983],[-64.320388,45.994968],[-64.320367,45.994068],[-64.319076,45.994083],[-64.319065,45.993633],[-64.319711,45.993626],[-64.3197,45.993176],[-64.317764,45.993198],[-64.317774,45.993648],[-64.317129,45.993656],[-64.31714,45.994106],[-64.318431,45.994091],[-64.318452,45.994991],[-64.317161,45.995005],[-64.317172,45.995455],[-64.318463,45.995441],[-64.318473,45.99589],[-64.317182,45.995905],[-64.317204,45.996805],[-64.315913,45.99682],[-64.315955,45.99862],[-64.314019,45.998642],[-64.314029,45.999092],[-64.312738,45.999107],[-64.312749,45.999556],[-64.311458,45.999571],[-64.311468,46.000021],[-64.312114,46.000014],[-64.312125,46.000464],[-64.313416,46.000449],[-64.313405,45.999999],[-64.314696,45.999984],[-64.314718,46.000884],[-64.316009,46.000869]]]},"properties":{"feature_id":"dorian-s1-0136","event_id":"dorian","category":"new_low_backscatter_after_dorian","area_ha":20.0,"center_lon":-64.316273,"center_lat":45.99703,"threshold_db":-18.086,"sensor":"Sentinel-1","polarization":"HV","interpretation":"candidate only; requires validation"}},{"type":"Feature","id":"dorian-s1-0137","geometry":{"type":"Polygon","coordinates":[[[-64.12672,45.996592],[-64.126711,45.996142],[-64.127356,45.996136],[-64.127347,45.995686],[-64.126702,45.995692],[-64.126693,45.995242],[-64.124756,45.995261],[-64.124765,45.995711],[-64.124119,45.995717],[-64.124138,45.996617],[-64.125429,45.996605],[-64.12542,45.996155],[-64.124774,45.996161],[-64.124765,45.995711],[-64.126056,45.995698],[-64.126074,45.996598],[-64.12672,45.996592]]]},"properties":{"feature_id":"dorian-s1-0137","event_id":"dorian","category":"new_low_backscatter_after_dorian","area_ha":2.25,"center_lon":-64.125737,"center_lat":45.99593,"threshold_db":-18.086,"sensor":"Sentinel-1","polarization":"HV","interpretation":"candidate only; requires validation"}},{"type":"Feature","id":"dorian-s1-0138","geometry":{"type":"Polygon","coordinates":[[[-64.058307,45.998146],[-64.058298,45.997696],[-64.058944,45.99769],[-64.058918,45.99634],[-64.060209,45.996328],[-64.0602,45.995878],[-64.058909,45.99589],[-64.058918,45.99634],[-64.058272,45.996346],[-64.058298,45.997696],[-64.057652,45.997702],[-64.057661,45.998152],[-64.058307,45.998146]]]},"properties":{"feature_id":"dorian-s1-0138","event_id":"dorian","category":"low_backscatter_no_longer_present","area_ha":1.5,"center_lon":-64.058931,"center_lat":45.997015,"threshold_db":-18.086,"sensor":"Sentinel-1","polarization":"HV","interpretation":"candidate only; requires validation"}},{"type":"Feature","id":"dorian-s1-0139","geometry":{"type":"Polygon","coordinates":[[[-64.152524,45.995435],[-64.152505,45.994535],[-64.151214,45.994548],[-64.151232,45.995448],[-64.152524,45.995435]]]},"properties":{"feature_id":"dorian-s1-0139","event_id":"dorian","category":"new_low_backscatter_after_dorian","area_ha":1.0,"center_lon":-64.151869,"center_lat":45.994991,"threshold_db":-18.086,"sensor":"Sentinel-1","polarization":"HV","interpretation":"candidate only; requires validation"}},{"type":"Feature","id":"dorian-s1-0140","geometry":{"type":"Polygon","coordinates":[[[-64.292601,45.993936],[-64.292559,45.992136],[-64.29385,45.992122],[-64.293839,45.991672],[-64.292548,45.991686],[-64.292559,45.992136],[-64.291913,45.992144],[-64.291924,45.992593],[-64.291278,45.992601],[-64.291289,45.993051],[-64.291934,45.993043],[-64.291955,45.993943],[-64.292601,45.993936]]]},"properties":{"feature_id":"dorian-s1-0140","event_id":"dorian","category":"persistent_low_backscatter","area_ha":1.75,"center_lon":-64.292564,"center_lat":45.992807,"threshold_db":-18.086,"sensor":"Sentinel-1","polarization":"HV","interpretation":"candidate only; requires validation"}},{"type":"Feature","id":"dorian-s1-0141","geometry":{"type":"Polygon","coordinates":[[[-64.137049,45.99649],[-64.13703,45.99559],[-64.137676,45.995583],[-64.137667,45.995133],[-64.138312,45.995127],[-64.138285,45.993777],[-64.139576,45.993764],[-64.139566,45.993314],[-64.13763,45.993334],[-64.137658,45.994683],[-64.136367,45.994696],[-64.136357,45.994246],[-64.135712,45.994253],[-64.13573,45.995153],[-64.136376,45.995146],[-64.136385,45.995596],[-64.134448,45.995615],[-64.134457,45.996065],[-64.135103,45.996059],[-64.135112,45.996509],[-64.135758,45.996502],[-64.135749,45.996053],[-64.136394,45.996046],[-64.136403,45.996496],[-64.137049,45.99649]]]},"properties":{"feature_id":"dorian-s1-0141","event_id":"dorian","category":"new_low_backscatter_after_dorian","area_ha":4.5,"center_lon":-64.137012,"center_lat":45.994912,"threshold_db":-18.086,"sensor":"Sentinel-1","polarization":"HV","interpretation":"candidate only; requires validation"}},{"type":"Feature","id":"dorian-s1-0142","geometry":{"type":"Polygon","coordinates":[[[-64.31387,45.992343],[-64.313859,45.991893],[-64.314504,45.991886],[-64.314483,45.990986],[-64.313192,45.991001],[-64.313224,45.992351],[-64.31387,45.992343]]]},"properties":{"feature_id":"dorian-s1-0142","event_id":"dorian","category":"new_low_backscatter_after_dorian","area_ha":1.25,"center_lon":-64.313848,"center_lat":45.991669,"threshold_db":-18.086,"sensor":"Sentinel-1","polarization":"HV","interpretation":"candidate only; requires validation"}},{"type":"Feature","id":"dorian-s1-0143","geometry":{"type":"Polygon","coordinates":[[[-64.29513,45.991657],[-64.29512,45.991207],[-64.292538,45.991236],[-64.292548,45.991686],[-64.29513,45.991657]]]},"properties":{"feature_id":"dorian-s1-0143","event_id":"dorian","category":"new_low_backscatter_after_dorian","area_ha":1.0,"center_lon":-64.293834,"center_lat":45.991447,"threshold_db":-18.086,"sensor":"Sentinel-1","polarization":"HV","interpretation":"candidate only; requires validation"}},{"type":"Feature","id":"dorian-s1-0144","geometry":{"type":"Polygon","coordinates":[[[-64.248686,45.993524],[-64.248666,45.992624],[-64.248021,45.992631],[-64.248011,45.992181],[-64.247365,45.992189],[-64.247345,45.991289],[-64.246054,45.991303],[-64.246074,45.992203],[-64.247365,45.992189],[-64.247375,45.992638],[-64.24673,45.992645],[-64.24674,45.993095],[-64.247385,45.993088],[-64.247395,45.993538],[-64.248686,45.993524]]]},"properties":{"feature_id":"dorian-s1-0144","event_id":"dorian","category":"new_low_backscatter_after_dorian","area_ha":2.5,"center_lon":-64.24737,"center_lat":45.992413,"threshold_db":-18.086,"sensor":"Sentinel-1","polarization":"HV","interpretation":"candidate only; requires validation"}},{"type":"Feature","id":"dorian-s1-0145","geometry":{"type":"Polygon","coordinates":[[[-64.29512,45.991207],[-64.295109,45.990757],[-64.295754,45.99075],[-64.295744,45.9903],[-64.296389,45.990293],[-64.296368,45.989393],[-64.295723,45.9894],[-64.295712,45.98895],[-64.296358,45.988943],[-64.296347,45.988493],[-64.295702,45.988501],[-64.295712,45.98895],[-64.295067,45.988958],[-64.295078,45.989408],[-64.294432,45.989415],[-64.294453,45.990315],[-64.293162,45.990329],[-64.293183,45.991229],[-64.29512,45.991207]],[[-64.295109,45.990757],[-64.294464,45.990765],[-64.294453,45.990315],[-64.295099,45.990307],[-64.295109,45.990757]],[[-64.295744,45.9903],[-64.295099,45.990307],[-64.295088,45.989858],[-64.295733,45.98985],[-64.295744,45.9903]]]},"properties":{"feature_id":"dorian-s1-0145","event_id":"dorian","category":"persistent_low_backscatter","area_ha":3.25,"center_lon":-64.294776,"center_lat":45.989861,"threshold_db":-18.086,"sensor":"Sentinel-1","polarization":"HV","interpretation":"candidate only; requires validation"}},{"type":"Feature","id":"dorian-s1-0146","geometry":{"type":"Polygon","coordinates":[[[-64.145966,45.99055],[-64.145957,45.9901],[-64.146602,45.990094],[-64.146593,45.989644],[-64.144656,45.989663],[-64.144666,45.990113],[-64.145311,45.990107],[-64.14532,45.990557],[-64.145966,45.99055]]]},"properties":{"feature_id":"dorian-s1-0146","event_id":"dorian","category":"new_low_backscatter_after_dorian","area_ha":1.0,"center_lon":-64.145629,"center_lat":45.9901,"threshold_db":-18.086,"sensor":"Sentinel-1","polarization":"HV","interpretation":"candidate only; requires validation"}},{"type":"Feature","id":"dorian-s1-0147","geometry":{"type":"Polygon","coordinates":[[[-64.09949,45.991007],[-64.099481,45.990557],[-64.097545,45.990576],[-64.097536,45.990126],[-64.096891,45.990132],[-64.096899,45.990582],[-64.097545,45.990576],[-64.097554,45.991025],[-64.09949,45.991007]]]},"properties":{"feature_id":"dorian-s1-0147","event_id":"dorian","category":"new_low_backscatter_after_dorian","area_ha":1.0,"center_lon":-64.098191,"center_lat":45.990575,"threshold_db":-18.086,"sensor":"Sentinel-1","polarization":"HV","interpretation":"candidate only; requires validation"}},{"type":"Feature","id":"dorian-s1-0148","geometry":{"type":"Polygon","coordinates":[[[-64.325348,45.98636],[-64.325327,45.985461],[-64.325972,45.985453],[-64.325962,45.985003],[-64.326607,45.984996],[-64.326596,45.984546],[-64.325305,45.984561],[-64.325327,45.985461],[-64.324682,45.985468],[-64.324692,45.985918],[-64.324047,45.985925],[-64.324058,45.986375],[-64.325348,45.98636]]]},"properties":{"feature_id":"dorian-s1-0148","event_id":"dorian","category":"new_low_backscatter_after_dorian","area_ha":1.5,"center_lon":-64.325327,"center_lat":45.985461,"threshold_db":-18.086,"sensor":"Sentinel-1","polarization":"HV","interpretation":"candidate only; requires validation"}},{"type":"Feature","id":"dorian-s1-0149","geometry":{"type":"Polygon","coordinates":[[[-64.14591,45.987851],[-64.145901,45.987401],[-64.146546,45.987394],[-64.146537,45.986944],[-64.145246,45.986957],[-64.145237,45.986507],[-64.144591,45.986514],[-64.144601,45.986964],[-64.145246,45.986957],[-64.145265,45.987857],[-64.14591,45.987851]]]},"properties":{"feature_id":"dorian-s1-0149","event_id":"dorian","category":"persistent_low_backscatter","area_ha":1.0,"center_lon":-64.145568,"center_lat":45.987182,"threshold_db":-18.086,"sensor":"Sentinel-1","polarization":"HV","interpretation":"candidate only; requires validation"}},{"type":"Feature","id":"dorian-s1-0150","geometry":{"type":"Polygon","coordinates":[[[-64.038753,45.988425],[-64.038745,45.987975],[-64.03939,45.987969],[-64.039382,45.987519],[-64.038091,45.987531],[-64.038099,45.987981],[-64.037454,45.987987],[-64.037462,45.988437],[-64.038753,45.988425]]]},"properties":{"feature_id":"dorian-s1-0150","event_id":"dorian","category":"new_low_backscatter_after_dorian","area_ha":1.0,"center_lon":-64.038422,"center_lat":45.987978,"threshold_db":-18.086,"sensor":"Sentinel-1","polarization":"HV","interpretation":"candidate only; requires validation"}},{"type":"Feature","id":"dorian-s1-0151","geometry":{"type":"Polygon","coordinates":[[[-64.098783,45.987864],[-64.098765,45.986964],[-64.100701,45.986945],[-64.100692,45.986495],[-64.101983,45.986483],[-64.101974,45.986033],[-64.100683,45.986045],[-64.100692,45.986495],[-64.098756,45.986514],[-64.098765,45.986964],[-64.098119,45.98697],[-64.098137,45.98787],[-64.098783,45.987864]]]},"properties":{"feature_id":"dorian-s1-0151","event_id":"dorian","category":"new_low_backscatter_after_dorian","area_ha":1.75,"center_lon":-64.100051,"center_lat":45.986952,"threshold_db":-18.086,"sensor":"Sentinel-1","polarization":"HV","interpretation":"candidate only; requires validation"}},{"type":"Feature","id":"dorian-s1-0152","geometry":{"type":"Polygon","coordinates":[[[-64.090374,45.987044],[-64.090365,45.986594],[-64.092301,45.986576],[-64.092292,45.986126],[-64.090356,45.986144],[-64.090365,45.986594],[-64.08972,45.9866],[-64.089728,45.98705],[-64.090374,45.987044]]]},"properties":{"feature_id":"dorian-s1-0152","event_id":"dorian","category":"new_low_backscatter_after_dorian","area_ha":1.0,"center_lon":-64.091011,"center_lat":45.986588,"threshold_db":-18.086,"sensor":"Sentinel-1","polarization":"HV","interpretation":"candidate only; requires validation"}},{"type":"Feature","id":"dorian-s1-0153","geometry":{"type":"Polygon","coordinates":[[[-64.353034,45.983336],[-64.353023,45.982886],[-64.352378,45.982894],[-64.352367,45.982444],[-64.351722,45.982451],[-64.351733,45.982901],[-64.351087,45.982909],[-64.351098,45.983359],[-64.353034,45.983336]]]},"properties":{"feature_id":"dorian-s1-0153","event_id":"dorian","category":"new_low_backscatter_after_dorian","area_ha":1.0,"center_lon":-64.35206,"center_lat":45.982901,"threshold_db":-18.086,"sensor":"Sentinel-1","polarization":"HV","interpretation":"candidate only; requires validation"}},{"type":"Feature","id":"dorian-s1-0154","geometry":{"type":"Polygon","coordinates":[[[-64.321369,45.981906],[-64.321358,45.981456],[-64.320713,45.981464],[-64.320692,45.980564],[-64.322627,45.980542],[-64.322617,45.980092],[-64.320035,45.980122],[-64.320068,45.981471],[-64.320713,45.981464],[-64.320724,45.981914],[-64.321369,45.981906]]]},"properties":{"feature_id":"dorian-s1-0154","event_id":"dorian","category":"new_low_backscatter_after_dorian","area_ha":1.75,"center_lon":-64.321331,"center_lat":45.981003,"threshold_db":-18.086,"sensor":"Sentinel-1","polarization":"HV","interpretation":"candidate only; requires validation"}},{"type":"Feature","id":"dorian-s1-0155","geometry":{"type":"Polygon","coordinates":[[[-64.376178,45.979459],[-64.376166,45.979009],[-64.377457,45.978994],[-64.377446,45.978544],[-64.376801,45.978552],[-64.376789,45.978102],[-64.376144,45.97811],[-64.376166,45.979009],[-64.375521,45.979017],[-64.375532,45.979467],[-64.376178,45.979459]]]},"properties":{"feature_id":"dorian-s1-0155","event_id":"dorian","category":"new_low_backscatter_after_dorian","area_ha":1.0,"center_lon":-64.376489,"center_lat":45.978785,"threshold_db":-18.086,"sensor":"Sentinel-1","polarization":"HV","interpretation":"candidate only; requires validation"}},{"type":"Feature","id":"dorian-s1-0156","geometry":{"type":"Polygon","coordinates":[[[-64.289684,45.979568],[-64.289653,45.978218],[-64.289008,45.978226],[-64.289028,45.979126],[-64.288383,45.979133],[-64.288394,45.979583],[-64.289684,45.979568]]]},"properties":{"feature_id":"dorian-s1-0156","event_id":"dorian","category":"new_low_backscatter_after_dorian","area_ha":1.0,"center_lon":-64.289033,"center_lat":45.9789,"threshold_db":-18.086,"sensor":"Sentinel-1","polarization":"HV","interpretation":"candidate only; requires validation"}},{"type":"Feature","id":"dorian-s1-0157","geometry":{"type":"Polygon","coordinates":[[[-64.053684,46.060741],[-64.053667,46.059841],[-64.053021,46.059847],[-64.053003,46.058947],[-64.05365,46.058941],[-64.053641,46.058491],[-64.054288,46.058486],[-64.054279,46.058036],[-64.054925,46.05803],[-64.054917,46.05758],[-64.055563,46.057574],[-64.055546,46.056674],[-64.056192,46.056668],[-64.056175,46.055768],[-64.056821,46.055762],[-64.056813,46.055312],[-64.057459,46.055306],[-64.05745,46.054856],[-64.058097,46.05485],[-64.058088,46.0544],[-64.058734,46.054394],[-64.058717,46.053494],[-64.058071,46.0535],[-64.058062,46.05305],[-64.062586,46.053008],[-64.062594,46.053458],[-64.064533,46.05344],[-64.064542,46.05389],[-64.065188,46.053884],[-64.065179,46.053434],[-64.065826,46.053428],[-64.0658,46.052079],[-64.067738,46.05206],[-64.06773,46.05161],[-64.069668,46.051592],[-64.069677,46.052042],[-64.070323,46.052036],[-64.070341,46.052936],[-64.070987,46.05293],[-64.071022,46.05473],[-64.070375,46.054736],[-64.070393,46.055636],[-64.071685,46.055624],[-64.071694,46.056074],[-64.07234,46.056067],[-64.072331,46.055618],[-64.072978,46.055611],[-64.072995,46.056511],[-64.073641,46.056505],[-64.073633,46.056055],[-64.074279,46.056049],[-64.074262,46.055149],[-64.072969,46.055162],[-64.072943,46.053812],[-64.072297,46.053818],[-64.072288,46.053368],[-64.075519,46.053338],[-64.07551,46.052888],[-64.076157,46.052881],[-64.076148,46.052432],[-64.076794,46.052425],[-64.076785,46.051976],[-64.078724,46.051957],[-64.078715,46.051507],[-64.079361,46.051501],[-64.07937,46.051951],[-64.083247,46.051914],[-64.083256,46.052364],[-64.083902,46.052358],[-64.083885,46.051458],[-64.084531,46.051452],[-64.084513,46.050552],[-64.083221,46.050565],[-64.083212,46.050115],[-64.08192,46.050127],[-64.081929,46.050577],[-64.081282,46.050583],[-64.081274,46.050133],[-64.078689,46.050158],[-64.078698,46.050607],[-64.074174,46.05065],[-64.074148,46.0493],[-64.074794,46.049294],[-64.074759,46.047494],[-64.075406,46.047488],[-64.075388,46.046589],[-64.074742,46.046595],[-64.07469,46.043895],[-64.073397,46.043907],[-64.073389,46.043457],[-64.072743,46.043463],[-64.072734,46.043013],[-64.072088,46.043019],[-64.072079,46.042569],[-64.073371,46.042557],[-64.073354,46.041657],[-64.074,46.041651],[-64.073991,46.041201],[-64.074637,46.041195],[-64.074629,46.040745],[-64.075275,46.040739],[-64.075266,46.040289],[-64.075912,46.040283],[-64.075894,46.039383],[-64.076541,46.039377],[-64.076523,46.038478],[-64.077169,46.038471],[-64.07716,46.038021],[-64.077806,46.038015],[-64.077789,46.037116],[-64.078435,46.037109],[-64.078417,46.03621],[-64.07971,46.036197],[-64.079701,46.035747],[-64.082285,46.035723],[-64.082276,46.035273],[-64.083568,46.035261],[-64.083551,46.034361],[-64.086135,46.034336],[-64.086126,46.033886],[-64.088064,46.033868],[-64.088055,46.033418],[-64.088701,46.033412],[-64.088683,46.032512],[-64.088037,46.032518],[-64.088028,46.032068],[-64.088674,46.032062],[-64.088648,46.030712],[-64.090586,46.030694],[-64.090604,46.031594],[-64.09125,46.031588],[-64.091232,46.030688],[-64.090586,46.030694],[-64.090577,46.030244],[-64.091223,46.030238],[-64.091214,46.029788],[-64.09186,46.029782],[-64.091869,46.030232],[-64.092515,46.030225],[-64.092497,46.029326],[-64.093789,46.029313],[-64.09378,46.028863],[-64.092488,46.028876],[-64.092462,46.027526],[-64.093108,46.02752],[-64.093099,46.02707],[-64.092453,46.027076],[-64.092426,46.025726],[-64.093072,46.02572],[-64.093063,46.02527],[-64.092417,46.025276],[-64.092426,46.025726],[-64.09178,46.025732],[-64.091771,46.025282],[-64.091126,46.025289],[-64.091117,46.024839],[-64.090471,46.024845],[-64.090462,46.024395],[-64.091754,46.024382],[-64.091763,46.024832],[-64.0937,46.024814],[-64.093718,46.025714],[-64.09501,46.025701],[-64.094992,46.024802],[-64.095638,46.024795],[-64.095656,46.025695],[-64.096302,46.025689],[-64.096293,46.025239],[-64.096939,46.025233],[-64.096948,46.025683],[-64.097593,46.025677],[-64.097602,46.026127],[-64.096956,46.026133],[-64.096965,46.026583],[-64.098257,46.02657],[-64.098248,46.02612],[-64.09954,46.026108],[-64.099531,46.025658],[-64.102115,46.025633],[-64.102124,46.026083],[-64.101478,46.026089],[-64.101487,46.026539],[-64.100841,46.026545],[-64.100859,46.027445],[-64.101505,46.027439],[-64.101487,46.026539],[-64.102133,46.026533],[-64.102124,46.026083],[-64.10277,46.026077],[-64.102743,46.024727],[-64.102097,46.024733],[-64.102088,46.024283],[-64.101442,46.02429],[-64.101424,46.02339],[-64.100778,46.023396],[-64.100769,46.022946],[-64.100124,46.022952],[-64.100115,46.022502],[-64.098823,46.022515],[-64.098814,46.022065],[-64.098168,46.022071],[-64.09815,46.021171],[-64.098796,46.021165],[-64.098787,46.020715],[-64.098141,46.020721],[-64.098124,46.019821],[-64.096832,46.019834],[-64.096841,46.020284],[-64.096195,46.02029],[-64.096204,46.02074],[-64.094912,46.020752],[-64.09493,46.021652],[-64.093638,46.021664],[-64.093647,46.022114],[-64.094293,46.022108],[-64.094311,46.023008],[-64.093665,46.023014],[-64.093656,46.022564],[-64.09301,46.02257],[-64.093019,46.02302],[-64.093665,46.023014],[-64.093674,46.023464],[-64.092382,46.023476],[-64.092373,46.023027],[-64.091081,46.023039],[-64.091072,46.022589],[-64.089135,46.022607],[-64.089126,46.022157],[-64.08848,46.022164],[-64.088471,46.021714],[-64.089763,46.021701],[-64.089754,46.021251],[-64.089108,46.021258],[-64.089091,46.020358],[-64.088445,46.020364],[-64.088436,46.019914],[-64.090373,46.019895],[-64.090356,46.018996],[-64.091002,46.018989],[-64.090993,46.01854],[-64.090347,46.018546],[-64.09032,46.017196],[-64.088383,46.017214],[-64.088392,46.017664],[-64.087746,46.01767],[-64.087755,46.01812],[-64.087109,46.018127],[-64.087127,46.019026],[-64.086481,46.019033],[-64.08649,46.019482],[-64.085844,46.019489],[-64.085853,46.019939],[-64.085207,46.019945],[-64.085224,46.020845],[-64.083933,46.020857],[-64.083924,46.020407],[-64.083278,46.020413],[-64.083269,46.019963],[-64.081332,46.019981],[-64.081323,46.019531],[-64.081969,46.019525],[-64.08196,46.019075],[-64.080668,46.019088],[-64.08066,46.018638],[-64.078722,46.018656],[-64.07874,46.019556],[-64.079385,46.01955],[-64.079394,46.02],[-64.077457,46.020018],[-64.077448,46.019568],[-64.078094,46.019562],[-64.078085,46.019112],[-64.076793,46.019124],[-64.076802,46.019574],[-64.076156,46.01958],[-64.076165,46.02003],[-64.075519,46.020036],[-64.07551,46.019586],[-64.074219,46.019598],[-64.074193,46.018249],[-64.072901,46.018261],[-64.072884,46.017361],[-64.074175,46.017349],[-64.074184,46.017799],[-64.07483,46.017793],[-64.074821,46.017343],[-64.075467,46.017337],[-64.075458,46.016887],[-64.077395,46.016868],[-64.077404,46.017318],[-64.078696,46.017306],[-64.078687,46.016856],[-64.077395,46.016868],[-64.077378,46.015969],[-64.076732,46.015975],[-64.076715,46.015075],[-64.077361,46.015069],[-64.077343,46.014169],[-64.076697,46.014175],[-64.076689,46.013725],[-64.077334,46.013719],[-64.077282,46.011019],[-64.077928,46.011013],[-64.077919,46.010563],[-64.078565,46.010557],[-64.078556,46.010107],[-64.079202,46.010101],[-64.079184,46.009201],[-64.07983,46.009195],[-64.079821,46.008745],[-64.080467,46.008739],[-64.080458,46.008289],[-64.079812,46.008295],[-64.079804,46.007845],[-64.081095,46.007833],[-64.081086,46.007383],[-64.079795,46.007395],[-64.079786,46.006945],[-64.078495,46.006958],[-64.078486,46.006508],[-64.079777,46.006496],[-64.079769,46.006046],[-64.079123,46.006052],[-64.079114,46.005602],[-64.081697,46.005577],[-64.081714,46.006477],[-64.08236,46.006471],[-64.082369,46.006921],[-64.083014,46.006915],[-64.083006,46.006465],[-64.083651,46.006459],[-64.083643,46.006009],[-64.082997,46.006015],[-64.082988,46.005565],[-64.081697,46.005577],[-64.081688,46.005127],[-64.079105,46.005152],[-64.079114,46.005602],[-64.077823,46.005614],[-64.077814,46.005164],[-64.077168,46.00517],[-64.077177,46.00562],[-64.075886,46.005632],[-64.075921,46.007432],[-64.074629,46.007444],[-64.074621,46.006994],[-64.072683,46.007012],[-64.072675,46.006562],[-64.071383,46.006575],[-64.071366,46.005675],[-64.072012,46.005669],[-64.07202,46.006119],[-64.072666,46.006112],[-64.072657,46.005663],[-64.072012,46.005669],[-64.071994,46.004769],[-64.071349,46.004775],[-64.071366,46.005675],[-64.068783,46.005699],[-64.068792,46.006149],[-64.067501,46.006161],[-64.067509,46.006611],[-64.066218,46.006623],[-64.066209,46.006173],[-64.065564,46.006179],[-64.065572,46.006629],[-64.064281,46.006641],[-64.064264,46.005741],[-64.063618,46.005747],[-64.063609,46.005297],[-64.064901,46.005285],[-64.064892,46.004835],[-64.065538,46.004829],[-64.06552,46.003929],[-64.066166,46.003923],[-64.066157,46.003473],[-64.066803,46.003467],[-64.066794,46.003017],[-64.06744,46.003011],[-64.067431,46.002561],[-64.068723,46.002549],[-64.068714,46.002099],[-64.06936,46.002093],[-64.069351,46.001643],[-64.068705,46.001649],[-64.068697,46.001199],[-64.068051,46.001205],[-64.068034,46.000306],[-64.068679,46.0003],[-64.068671,45.99985],[-64.069962,45.999838],[-64.069944,45.998938],[-64.068653,45.99895],[-64.068662,45.9994],[-64.066725,45.999418],[-64.066734,45.999868],[-64.066088,45.999874],[-64.066097,46.000324],[-64.065451,46.00033],[-64.06546,46.00078],[-64.063523,46.000798],[-64.063514,46.000348],[-64.059641,46.000384],[-64.059632,45.999934],[-64.058341,45.999946],[-64.058332,45.999496],[-64.057687,45.999502],[-64.057678,45.999052],[-64.057032,45.999058],[-64.057024,45.998608],[-64.057669,45.998602],[-64.057652,45.997702],[-64.058298,45.997696],[-64.058272,45.996346],[-64.058918,45.99634],[-64.058901,45.99544],[-64.057609,45.995452],[-64.057601,45.995002],[-64.055664,45.99502],[-64.055656,45.99457],[-64.053719,45.994588],[-64.05371,45.994138],[-64.051774,45.994156],[-64.051765,45.993706],[-64.050474,45.993718],[-64.050483,45.994168],[-64.049837,45.994174],[-64.049846,45.994624],[-64.044681,45.994671],[-64.044673,45.994221],[-64.044027,45.994227],[-64.044002,45.992877],[-64.044647,45.992871],[-64.044639,45.992422],[-64.04593,45.99241],[-64.045922,45.99196],[-64.047858,45.991942],[-64.047833,45.990592],[-64.047187,45.990598],[-64.04717,45.989698],[-64.046525,45.989704],[-64.046482,45.987454],[-64.049064,45.987431],[-64.049056,45.986981],[-64.049701,45.986975],[-64.049693,45.986525],[-64.050338,45.986519],[-64.050304,45.984719],[-64.049659,45.984725],[-64.049642,45.983825],[-64.048996,45.983831],[-64.048988,45.983381],[-64.048342,45.983387],[-64.048334,45.982937],[-64.047043,45.982949],[-64.047051,45.983399],[-64.045115,45.983417],[-64.045098,45.982517],[-64.045744,45.982511],[-64.045735,45.982061],[-64.048962,45.982031],[-64.048954,45.981581],[-64.051535,45.981558],[-64.051527,45.981108],[-64.047654,45.981143],[-64.047646,45.980693],[-64.047,45.980699],[-64.047009,45.981149],[-64.045073,45.981167],[-64.045081,45.981617],[-64.044436,45.981623],[-64.044461,45.982973],[-64.043816,45.982979],[-64.043824,45.983429],[-64.04447,45.983423],[-64.044487,45.984323],[-64.046423,45.984305],[-64.046431,45.984755],[-64.047077,45.984749],[-64.047085,45.985199],[-64.049022,45.985181],[-64.04903,45.985631],[-64.045157,45.985666],[-64.045149,45.985217],[-64.044503,45.985222],[-64.044512,45.985672],[-64.045157,45.985666],[-64.045166,45.986116],[-64.045811,45.98611],[-64.04582,45.98656],[-64.045174,45.986566],[-64.045191,45.987466],[-64.044546,45.987472],[-64.044571,45.988822],[-64.045217,45.988816],[-64.045259,45.991066],[-64.044614,45.991072],[-64.044622,45.991522],[-64.043331,45.991533],[-64.043339,45.991983],[-64.041403,45.992001],[-64.041428,45.993351],[-64.040783,45.993357],[-64.040791,45.993807],[-64.040145,45.993813],[-64.040179,45.995612],[-64.039534,45.995618],[-64.039542,45.996068],[-64.040188,45.996062],[-64.040238,45.998762],[-64.038947,45.998774],[-64.038955,45.999224],[-64.037664,45.999235],[-64.037673,45.999685],[-64.037027,45.999691],[-64.037035,46.000141],[-64.03639,46.000147],[-64.036407,46.001047],[-64.035115,46.001059],[-64.035124,46.001508],[-64.033832,46.00152],[-64.033841,46.00197],[-64.03255,46.001982],[-64.032558,46.002432],[-64.031267,46.002443],[-64.031275,46.002893],[-64.029984,46.002905],[-64.029992,46.003355],[-64.029346,46.003361],[-64.029355,46.003811],[-64.028709,46.003817],[-64.028726,46.004716],[-64.02808,46.004722],[-64.028088,46.005172],[-64.027443,46.005178],[-64.027451,46.005628],[-64.026805,46.005634],[-64.026797,46.005184],[-64.026151,46.00519],[-64.026135,46.00429],[-64.025489,46.004295],[-64.025481,46.003846],[-64.024835,46.003851],[-64.024818,46.002951],[-64.024173,46.002957],[-64.024156,46.002057],[-64.023511,46.002063],[-64.023494,46.001163],[-64.018329,46.001209],[-64.018321,46.000759],[-64.017675,46.000765],[-64.017658,45.999865],[-64.01443,45.999894],[-64.014422,45.999444],[-64.013777,45.99945],[-64.013768,45.999],[-64.013123,45.999006],[-64.013114,45.998556],[-64.011823,45.998567],[-64.011815,45.998117],[-64.009878,45.998134],[-64.00987,45.997684],[-64.008579,45.997696],[-64.008571,45.997246],[-64.009216,45.99724],[-64.009192,45.99589],[-64.008546,45.995896],[-64.008538,45.995446],[-64.007892,45.995452],[-64.007884,45.995002],[-64.006593,45.995013],[-64.006585,45.994563],[-64.004648,45.99458],[-64.00464,45.99413],[-64.002703,45.994147],[-64.002712,45.994597],[-64.002066,45.994603],[-64.002074,45.995053],[-63.999492,45.995075],[-63.999484,45.994625],[-63.998193,45.994637],[-63.998185,45.994187],[-63.997539,45.994192],[-63.997547,45.994642],[-63.996902,45.994648],[-63.99691,45.995098],[-63.996264,45.995104],[-63.996272,45.995554],[-63.995627,45.995559],[-63.995635,45.996009],[-63.994989,45.996015],[-63.994997,45.996465],[-63.993706,45.996476],[-63.993714,45.996926],[-63.992423,45.996937],[-63.992431,45.997387],[-63.991785,45.997393],[-63.991777,45.996943],[-63.98984,45.996959],[-63.989872,45.998759],[-63.989227,45.998765],[-63.989267,46.001015],[-63.988621,46.00102],[-63.988653,46.00282],[-63.988008,46.002826],[-63.988048,46.005075],[-63.987402,46.005081],[-63.987442,46.007331],[-63.986796,46.007336],[-63.986836,46.009586],[-63.986191,46.009592],[-63.986223,46.011391],[-63.985577,46.011397],[-63.985617,46.013647],[-63.984971,46.013652],[-63.985011,46.015902],[-63.984365,46.015908],[-63.984397,46.017707],[-63.983751,46.017713],[-63.983791,46.019963],[-63.983145,46.019968],[-63.983185,46.022218],[-63.982539,46.022224],[-63.982571,46.024023],[-63.981925,46.024029],[-63.981965,46.026279],[-63.981319,46.026284],[-63.981359,46.028534],[-63.980713,46.028539],[-63.980753,46.030789],[-63.980107,46.030795],[-63.980139,46.032595],[-63.979493,46.0326],[-63.979532,46.03485],[-63.978886,46.034855],[-63.978926,46.037105],[-63.97828,46.037111],[-63.978312,46.03891],[-63.977666,46.038916],[-63.977705,46.041166],[-63.977059,46.041171],[-63.977099,46.043421],[-63.976453,46.043426],[-63.976492,46.045676],[-63.975846,46.045682],[-63.975878,46.047482],[-63.975232,46.047487],[-63.975271,46.049737],[-63.974625,46.049742],[-63.974665,46.051992],[-63.974019,46.051998],[-63.97405,46.053797],[-63.973404,46.053803],[-63.97342,46.054703],[-63.975359,46.054686],[-63.975366,46.055136],[-63.980537,46.055092],[-63.980545,46.055542],[-63.981837,46.055531],[-63.981829,46.055081],[-63.986353,46.055042],[-63.986345,46.054592],[-63.988284,46.054575],[-63.988276,46.054125],[-63.992153,46.054092],[-63.992145,46.053642],[-63.994084,46.053625],[-63.994076,46.053175],[-63.997954,46.053141],[-63.997962,46.053591],[-64.000547,46.053568],[-64.000555,46.054018],[-64.006371,46.053967],[-64.006379,46.054417],[-64.008318,46.0544],[-64.008326,46.05485],[-64.010911,46.054827],[-64.010919,46.055277],[-64.012858,46.05526],[-64.012866,46.05571],[-64.013513,46.055704],[-64.013521,46.056154],[-64.014167,46.056148],[-64.014176,46.056598],[-64.014822,46.056593],[-64.01483,46.057043],[-64.016123,46.057031],[-64.016114,46.056581],[-64.014822,46.056593],[-64.014814,46.056143],[-64.017399,46.05612],[-64.01739,46.05567],[-64.018683,46.055658],[-64.018666,46.054758],[-64.019313,46.054753],[-64.019304,46.054303],[-64.020597,46.054291],[-64.020589,46.053841],[-64.022527,46.053824],[-64.022519,46.053374],[-64.023812,46.053362],[-64.023803,46.052912],[-64.024449,46.052907],[-64.024441,46.052457],[-64.025087,46.052451],[-64.025079,46.052001],[-64.026371,46.051989],[-64.026363,46.051539],[-64.03024,46.051505],[-64.030232,46.051055],[-64.031525,46.051043],[-64.031516,46.050593],[-64.032162,46.050587],[-64.032154,46.050137],[-64.034093,46.05012],[-64.034084,46.04967],[-64.03473,46.049664],[-64.034722,46.049214],[-64.035368,46.049208],[-64.03536,46.048758],[-64.036652,46.048747],[-64.036644,46.048297],[-64.038582,46.048279],[-64.038574,46.047829],[-64.03922,46.047823],[-64.039228,46.048273],[-64.040521,46.048261],[-64.040512,46.047811],[-64.041805,46.0478],[-64.041796,46.04735],[-64.043735,46.047332],[-64.043726,46.046882],[-64.044372,46.046876],[-64.044364,46.046426],[-64.04501,46.04642],[-64.045044,46.04822],[-64.044398,46.048226],[-64.044389,46.047776],[-64.043743,46.047782],[-64.04376,46.048682],[-64.044406,46.048676],[-64.044415,46.049126],[-64.045061,46.04912],[-64.04507,46.04957],[-64.045716,46.049564],[-64.045724,46.050014],[-64.047663,46.049996],[-64.047671,46.050446],[-64.048318,46.05044],[-64.048309,46.04999],[-64.048955,46.049984],[-64.048947,46.049534],[-64.049593,46.049528],[-64.049601,46.049978],[-64.050248,46.049972],[-64.050256,46.050422],[-64.050902,46.050416],[-64.050894,46.049966],[-64.05154,46.049961],[-64.051549,46.05041],[-64.055426,46.050375],[-64.055434,46.050825],[-64.056081,46.050819],[-64.056115,46.052618],[-64.055469,46.052624],[-64.055494,46.053974],[-64.056141,46.053968],[-64.056166,46.055318],[-64.054874,46.05533],[-64.054882,46.05578],[-64.054236,46.055786],[-64.05427,46.057586],[-64.053624,46.057592],[-64.053633,46.058042],[-64.052986,46.058048],[-64.052995,46.058497],[-64.052349,46.058503],[-64.052357,46.058953],[-64.051711,46.058959],[-64.051719,46.059409],[-64.052366,46.059403],[-64.052383,46.060303],[-64.053029,46.060297],[-64.053038,46.060747],[-64.053684,46.060741]],[[-64.072331,46.055618],[-64.071685,46.055624],[-64.071677,46.055174],[-64.07103,46.05518],[-64.071022,46.05473],[-64.072314,46.054718],[-64.072331,46.055618]],[[-64.050894,46.049966],[-64.050248,46.049972],[-64.050239,46.049522],[-64.049593,46.049528],[-64.049567,46.048179],[-64.05086,46.048167],[-64.050868,46.048617],[-64.050222,46.048623],[-64.050231,46.049073],[-64.050877,46.049067],[-64.050894,46.049966]],[[-64.045707,46.049114],[-64.045061,46.04912],[-64.045044,46.04822],[-64.04569,46.048214],[-64.045707,46.049114]],[[-64.046336,46.048208],[-64.04569,46.048214],[-64.045673,46.047314],[-64.046319,46.047308],[-64.046336,46.048208]],[[-64.052781,46.047249],[-64.051489,46.047261],[-64.05148,46.046811],[-64.050834,46.046817],[-64.050826,46.046367],[-64.049533,46.046379],[-64.049525,46.045929],[-64.051463,46.045911],[-64.051472,46.046361],[-64.052118,46.046355],[-64.052126,46.046805],[-64.052773,46.046799],[-64.052781,46.047249]],[[-64.072096,46.043469],[-64.07145,46.043475],[-64.071442,46.043025],[-64.072088,46.043019],[-64.072096,46.043469]],[[-64.092497,46.029326],[-64.091851,46.029332],[-64.091842,46.028882],[-64.092488,46.028876],[-64.092497,46.029326]],[[-64.099531,46.025658],[-64.097593,46.025677],[-64.097567,46.024327],[-64.098213,46.024321],[-64.09823,46.02522],[-64.098876,46.025214],[-64.098859,46.024314],[-64.099504,46.024308],[-64.099496,46.023858],[-64.100787,46.023846],[-64.100805,46.024746],[-64.101451,46.024739],[-64.10146,46.025189],[-64.099522,46.025208],[-64.099531,46.025658]],[[-64.09693,46.024783],[-64.096284,46.024789],[-64.096275,46.024339],[-64.096921,46.024333],[-64.09693,46.024783]],[[-64.085304,46.024894],[-64.08272,46.024918],[-64.082711,46.024469],[-64.083357,46.024462],[-64.083348,46.024012],[-64.083994,46.024006],[-64.083985,46.023556],[-64.084631,46.02355],[-64.084614,46.02265],[-64.08526,46.022644],[-64.085242,46.021744],[-64.085888,46.021738],[-64.085853,46.019939],[-64.086498,46.019932],[-64.086507,46.020382],[-64.087153,46.020376],[-64.087127,46.019026],[-64.087772,46.01902],[-64.087825,46.02172],[-64.08718,46.021726],[-64.087188,46.022176],[-64.087834,46.02217],[-64.087861,46.02352],[-64.086569,46.023532],[-64.086578,46.023982],[-64.085932,46.023988],[-64.085914,46.023088],[-64.085268,46.023094],[-64.085286,46.023994],[-64.085932,46.023988],[-64.085941,46.024438],[-64.085295,46.024444],[-64.085304,46.024894]],[[-64.098859,46.024314],[-64.098213,46.024321],[-64.098186,46.022971],[-64.098832,46.022965],[-64.098841,46.023415],[-64.099487,46.023408],[-64.099496,46.023858],[-64.09885,46.023864],[-64.098859,46.024314]],[[-64.097567,46.024327],[-64.096921,46.024333],[-64.096912,46.023883],[-64.097558,46.023877],[-64.097567,46.024327]],[[-64.096266,46.023889],[-64.09562,46.023895],[-64.095611,46.023446],[-64.096257,46.023439],[-64.096266,46.023889]],[[-64.097549,46.023427],[-64.096257,46.023439],[-64.096248,46.022989],[-64.09754,46.022977],[-64.097549,46.023427]],[[-64.098186,46.022971],[-64.09754,46.022977],[-64.097531,46.022527],[-64.098177,46.022521],[-64.098186,46.022971]],[[-64.097531,46.022527],[-64.096239,46.022539],[-64.096231,46.02209],[-64.097522,46.022077],[-64.097531,46.022527]],[[-64.09815,46.021171],[-64.097504,46.021177],[-64.097496,46.020727],[-64.098141,46.020721],[-64.09815,46.021171]],[[-64.089073,46.019458],[-64.088427,46.019464],[-64.088401,46.018114],[-64.089692,46.018102],[-64.089701,46.018552],[-64.089055,46.018558],[-64.089073,46.019458]],[[-64.080677,46.019538],[-64.080031,46.019544],[-64.080023,46.019094],[-64.080668,46.019088],[-64.080677,46.019538]],[[-64.090356,46.018996],[-64.08971,46.019002],[-64.089701,46.018552],[-64.090347,46.018546],[-64.090356,46.018996]],[[-64.079804,46.007845],[-64.079158,46.007851],[-64.079149,46.007402],[-64.079795,46.007395],[-64.079804,46.007845]]]},"properties":{"feature_id":"dorian-s1-0157","event_id":"dorian","category":"persistent_low_backscatter","area_ha":4644.5,"center_lon":-64.038087,"center_lat":46.02072,"threshold_db":-18.086,"sensor":"Sentinel-1","polarization":"HV","interpretation":"candidate only; requires validation"}},{"type":"Feature","id":"dorian-s1-0158","geometry":{"type":"Polygon","coordinates":[[[-64.37551,45.978567],[-64.375499,45.978117],[-64.374854,45.978125],[-64.374842,45.977675],[-64.374197,45.977683],[-64.374186,45.977233],[-64.375477,45.977218],[-64.375465,45.976768],[-64.374175,45.976783],[-64.374186,45.977233],[-64.371605,45.977264],[-64.371616,45.977714],[-64.372261,45.977706],[-64.372272,45.978156],[-64.372918,45.978148],[-64.372929,45.978598],[-64.373574,45.978591],[-64.373563,45.978141],[-64.372918,45.978148],[-64.372907,45.977698],[-64.374197,45.977683],[-64.374208,45.978133],[-64.374854,45.978125],[-64.374865,45.978575],[-64.37551,45.978567]]]},"properties":{"feature_id":"dorian-s1-0158","event_id":"dorian","category":"new_low_backscatter_after_dorian","area_ha":2.5,"center_lon":-64.373558,"center_lat":45.977683,"threshold_db":-18.086,"sensor":"Sentinel-1","polarization":"HV","interpretation":"candidate only; requires validation"}},{"type":"Feature","id":"dorian-s1-0159","geometry":{"type":"Polygon","coordinates":[[[-64.242565,45.97964],[-64.242555,45.97919],[-64.2432,45.979183],[-64.24318,45.978283],[-64.243825,45.978276],[-64.243815,45.977827],[-64.24317,45.977834],[-64.24318,45.978283],[-64.242535,45.97829],[-64.242555,45.97919],[-64.241909,45.979197],[-64.241919,45.979647],[-64.242565,45.97964]]]},"properties":{"feature_id":"dorian-s1-0159","event_id":"dorian","category":"new_low_backscatter_after_dorian","area_ha":1.0,"center_lon":-64.242867,"center_lat":45.978737,"threshold_db":-18.086,"sensor":"Sentinel-1","polarization":"HV","interpretation":"candidate only; requires validation"}},{"type":"Feature","id":"dorian-s1-0160","geometry":{"type":"Polygon","coordinates":[[[-64.379993,45.977163],[-64.379971,45.976263],[-64.378035,45.976287],[-64.378058,45.977186],[-64.379993,45.977163]]]},"properties":{"feature_id":"dorian-s1-0160","event_id":"dorian","category":"new_low_backscatter_after_dorian","area_ha":1.5,"center_lon":-64.379014,"center_lat":45.976725,"threshold_db":-18.086,"sensor":"Sentinel-1","polarization":"HV","interpretation":"candidate only; requires validation"}},{"type":"Feature","id":"dorian-s1-0161","geometry":{"type":"Polygon","coordinates":[[[-64.307721,45.978013],[-64.307711,45.977563],[-64.308356,45.977556],[-64.308345,45.977106],[-64.3077,45.977113],[-64.30769,45.976663],[-64.306399,45.976678],[-64.30641,45.977128],[-64.3077,45.977113],[-64.307711,45.977563],[-64.30642,45.977578],[-64.306431,45.978028],[-64.307721,45.978013]]]},"properties":{"feature_id":"dorian-s1-0161","event_id":"dorian","category":"persistent_low_backscatter","area_ha":1.25,"center_lon":-64.307378,"center_lat":45.977345,"threshold_db":-18.086,"sensor":"Sentinel-1","polarization":"HV","interpretation":"candidate only; requires validation"}},{"type":"Feature","id":"dorian-s1-0162","geometry":{"type":"Polygon","coordinates":[[[-64.29162,45.979546],[-64.29161,45.979096],[-64.292255,45.979089],[-64.292245,45.978639],[-64.290954,45.978654],[-64.290943,45.978204],[-64.292879,45.978182],[-64.292858,45.977282],[-64.291568,45.977297],[-64.291557,45.976847],[-64.290267,45.976861],[-64.290277,45.977311],[-64.290923,45.977304],[-64.290943,45.978204],[-64.290298,45.978211],[-64.290309,45.978661],[-64.289663,45.978668],[-64.289684,45.979568],[-64.29162,45.979546]]]},"properties":{"feature_id":"dorian-s1-0162","event_id":"dorian","category":"persistent_low_backscatter","area_ha":4.0,"center_lon":-64.291271,"center_lat":45.978207,"threshold_db":-18.086,"sensor":"Sentinel-1","polarization":"HV","interpretation":"candidate only; requires validation"}},{"type":"Feature","id":"dorian-s1-0163","geometry":{"type":"Polygon","coordinates":[[[-64.321929,45.9783],[-64.321907,45.9774],[-64.323198,45.977385],[-64.323187,45.976935],[-64.322542,45.976942],[-64.322531,45.976493],[-64.321241,45.976507],[-64.321283,45.978307],[-64.321929,45.9783]]]},"properties":{"feature_id":"dorian-s1-0163","event_id":"dorian","category":"new_low_backscatter_after_dorian","area_ha":1.75,"center_lon":-64.32222,"center_lat":45.9774,"threshold_db":-18.086,"sensor":"Sentinel-1","polarization":"HV","interpretation":"candidate only; requires validation"}},{"type":"Feature","id":"dorian-s1-0164","geometry":{"type":"Polygon","coordinates":[[[-64.37739,45.976294],[-64.377368,45.975395],[-64.376077,45.97541],[-64.376088,45.97586],[-64.375443,45.975868],[-64.375454,45.976318],[-64.3761,45.97631],[-64.376088,45.97586],[-64.376734,45.975852],[-64.376745,45.976302],[-64.37739,45.976294]]]},"properties":{"feature_id":"dorian-s1-0164","event_id":"dorian","category":"new_low_backscatter_after_dorian","area_ha":1.0,"center_lon":-64.376417,"center_lat":45.975856,"threshold_db":-18.086,"sensor":"Sentinel-1","polarization":"HV","interpretation":"candidate only; requires validation"}},{"type":"Feature","id":"dorian-s1-0165","geometry":{"type":"Polygon","coordinates":[[[-64.147015,45.978839],[-64.146987,45.977489],[-64.144406,45.977515],[-64.144434,45.978865],[-64.145079,45.978859],[-64.14507,45.978409],[-64.145715,45.978402],[-64.145725,45.978852],[-64.147015,45.978839]]]},"properties":{"feature_id":"dorian-s1-0165","event_id":"dorian","category":"persistent_low_backscatter","area_ha":2.75,"center_lon":-64.145711,"center_lat":45.978177,"threshold_db":-18.086,"sensor":"Sentinel-1","polarization":"HV","interpretation":"candidate only; requires validation"}},{"type":"Feature","id":"dorian-s1-0166","geometry":{"type":"Polygon","coordinates":[[[-64.059237,45.979237],[-64.059229,45.978787],[-64.058583,45.978793],[-64.058575,45.978343],[-64.05922,45.978337],[-64.059211,45.977887],[-64.058566,45.977893],[-64.058575,45.978343],[-64.057929,45.978349],[-64.057921,45.977899],[-64.057275,45.977905],[-64.057284,45.978355],[-64.057929,45.978349],[-64.057938,45.978799],[-64.058583,45.978793],[-64.058592,45.979243],[-64.059237,45.979237]]]},"properties":{"feature_id":"dorian-s1-0166","event_id":"dorian","category":"low_backscatter_no_longer_present","area_ha":1.0,"center_lon":-64.058256,"center_lat":45.978565,"threshold_db":-18.086,"sensor":"Sentinel-1","polarization":"HV","interpretation":"candidate only; requires validation"}},{"type":"Feature","id":"dorian-s1-0167","geometry":{"type":"Polygon","coordinates":[[[-64.268972,45.9771],[-64.268962,45.97665],[-64.270252,45.976636],[-64.270242,45.976186],[-64.268951,45.9762],[-64.268941,45.97575],[-64.268296,45.975757],[-64.268327,45.977107],[-64.268972,45.9771]]]},"properties":{"feature_id":"dorian-s1-0167","event_id":"dorian","category":"persistent_low_backscatter","area_ha":1.25,"center_lon":-64.269274,"center_lat":45.976428,"threshold_db":-18.086,"sensor":"Sentinel-1","polarization":"HV","interpretation":"candidate only; requires validation"}},{"type":"Feature","id":"dorian-s1-0168","geometry":{"type":"Polygon","coordinates":[[[-64.242504,45.976941],[-64.242494,45.976491],[-64.243785,45.976477],[-64.243775,45.976027],[-64.242484,45.976041],[-64.242494,45.976491],[-64.241204,45.976505],[-64.241214,45.976955],[-64.242504,45.976941]]]},"properties":{"feature_id":"dorian-s1-0168","event_id":"dorian","category":"new_low_backscatter_after_dorian","area_ha":1.0,"center_lon":-64.242494,"center_lat":45.976491,"threshold_db":-18.086,"sensor":"Sentinel-1","polarization":"HV","interpretation":"candidate only; requires validation"}},{"type":"Feature","id":"dorian-s1-0169","geometry":{"type":"Polygon","coordinates":[[[-64.34446,45.975787],[-64.344449,45.975337],[-64.343803,45.975344],[-64.343793,45.974894],[-64.343147,45.974902],[-64.343136,45.974452],[-64.342491,45.97446],[-64.342502,45.97491],[-64.341857,45.974917],[-64.341868,45.975367],[-64.343158,45.975352],[-64.343169,45.975802],[-64.34446,45.975787]]]},"properties":{"feature_id":"dorian-s1-0169","event_id":"dorian","category":"new_low_backscatter_after_dorian","area_ha":1.5,"center_lon":-64.343159,"center_lat":45.975127,"threshold_db":-18.086,"sensor":"Sentinel-1","polarization":"HV","interpretation":"candidate only; requires validation"}},{"type":"Feature","id":"dorian-s1-0170","geometry":{"type":"Polygon","coordinates":[[[-64.301226,45.976287],[-64.301205,45.975387],[-64.30056,45.975395],[-64.300549,45.974945],[-64.299259,45.974959],[-64.299269,45.975409],[-64.30056,45.975395],[-64.30057,45.975845],[-64.299925,45.975852],[-64.299936,45.976302],[-64.301226,45.976287]]]},"properties":{"feature_id":"dorian-s1-0170","event_id":"dorian","category":"new_low_backscatter_after_dorian","area_ha":1.25,"center_lon":-64.300242,"center_lat":45.975623,"threshold_db":-18.086,"sensor":"Sentinel-1","polarization":"HV","interpretation":"candidate only; requires validation"}},{"type":"Feature","id":"dorian-s1-0171","geometry":{"type":"Polygon","coordinates":[[[-64.309001,45.977548],[-64.308991,45.977098],[-64.309636,45.977091],[-64.309625,45.976641],[-64.30898,45.976649],[-64.308959,45.975749],[-64.310249,45.975734],[-64.310239,45.975284],[-64.307013,45.975321],[-64.307002,45.974871],[-64.305711,45.974886],[-64.305733,45.975786],[-64.307023,45.975771],[-64.307034,45.976221],[-64.307679,45.976213],[-64.30769,45.976663],[-64.30898,45.976649],[-64.308991,45.977098],[-64.308345,45.977106],[-64.308356,45.977556],[-64.309001,45.977548]]]},"properties":{"feature_id":"dorian-s1-0171","event_id":"dorian","category":"new_low_backscatter_after_dorian","area_ha":4.0,"center_lon":-64.30798,"center_lat":45.976214,"threshold_db":-18.086,"sensor":"Sentinel-1","polarization":"HV","interpretation":"candidate only; requires validation"}},{"type":"Feature","id":"dorian-s1-0172","geometry":{"type":"Polygon","coordinates":[[[-64.154731,45.977411],[-64.154722,45.976961],[-64.155367,45.976955],[-64.155358,45.976505],[-64.154067,45.976518],[-64.154077,45.976968],[-64.153431,45.976975],[-64.153441,45.977424],[-64.154731,45.977411]]]},"properties":{"feature_id":"dorian-s1-0172","event_id":"dorian","category":"persistent_low_backscatter","area_ha":1.0,"center_lon":-64.154399,"center_lat":45.976965,"threshold_db":-18.086,"sensor":"Sentinel-1","polarization":"HV","interpretation":"candidate only; requires validation"}},{"type":"Feature","id":"dorian-s1-0173","geometry":{"type":"Polygon","coordinates":[[[-64.046941,45.97755],[-64.046933,45.9771],[-64.044351,45.977123],[-64.04436,45.977573],[-64.046941,45.97755]]]},"properties":{"feature_id":"dorian-s1-0173","event_id":"dorian","category":"persistent_low_backscatter","area_ha":1.0,"center_lon":-64.045646,"center_lat":45.977336,"threshold_db":-18.086,"sensor":"Sentinel-1","polarization":"HV","interpretation":"candidate only; requires validation"}},{"type":"Feature","id":"dorian-s1-0174","geometry":{"type":"Polygon","coordinates":[[[-64.350245,45.974818],[-64.350234,45.974368],[-64.350879,45.974361],[-64.350847,45.973011],[-64.350201,45.973019],[-64.350212,45.973469],[-64.348922,45.973484],[-64.348933,45.973934],[-64.348287,45.973941],[-64.348277,45.973492],[-64.347631,45.973499],[-64.347642,45.973949],[-64.348287,45.973941],[-64.348298,45.974391],[-64.347008,45.974407],[-64.347019,45.974856],[-64.350245,45.974818]]]},"properties":{"feature_id":"dorian-s1-0174","event_id":"dorian","category":"new_low_backscatter_after_dorian","area_ha":3.5,"center_lon":-64.348944,"center_lat":45.973934,"threshold_db":-18.086,"sensor":"Sentinel-1","polarization":"HV","interpretation":"candidate only; requires validation"}},{"type":"Feature","id":"dorian-s1-0175","geometry":{"type":"Polygon","coordinates":[[[-64.294752,45.975461],[-64.294731,45.974561],[-64.294086,45.974568],[-64.294076,45.974118],[-64.294721,45.974111],[-64.29471,45.973661],[-64.29342,45.973676],[-64.293409,45.973226],[-64.292764,45.973233],[-64.292785,45.974133],[-64.29214,45.97414],[-64.29215,45.97459],[-64.292796,45.974583],[-64.292817,45.975483],[-64.293462,45.975475],[-64.293441,45.974575],[-64.294086,45.974568],[-64.294107,45.975468],[-64.294752,45.975461]]]},"properties":{"feature_id":"dorian-s1-0175","event_id":"dorian","category":"persistent_low_backscatter","area_ha":2.75,"center_lon":-64.293446,"center_lat":45.974354,"threshold_db":-18.086,"sensor":"Sentinel-1","polarization":"HV","interpretation":"candidate only; requires validation"}},{"type":"Feature","id":"dorian-s1-0176","geometry":{"type":"Polygon","coordinates":[[[-64.287613,45.973741],[-64.287602,45.973291],[-64.288893,45.973277],[-64.288882,45.972827],[-64.289527,45.97282],[-64.289517,45.97237],[-64.288872,45.972377],[-64.288882,45.972827],[-64.287592,45.972841],[-64.287602,45.973291],[-64.286957,45.973299],[-64.286967,45.973748],[-64.287613,45.973741]]]},"properties":{"feature_id":"dorian-s1-0176","event_id":"dorian","category":"new_low_backscatter_after_dorian","area_ha":1.0,"center_lon":-64.288242,"center_lat":45.973059,"threshold_db":-18.086,"sensor":"Sentinel-1","polarization":"HV","interpretation":"candidate only; requires validation"}},{"type":"Feature","id":"dorian-s1-0177","geometry":{"type":"Polygon","coordinates":[[[-64.161774,45.97464],[-64.161755,45.97374],[-64.1624,45.973733],[-64.162391,45.973284],[-64.1611,45.973297],[-64.161128,45.974646],[-64.161774,45.97464]]]},"properties":{"feature_id":"dorian-s1-0177","event_id":"dorian","category":"persistent_low_backscatter","area_ha":1.0,"center_lon":-64.16175,"center_lat":45.973965,"threshold_db":-18.086,"sensor":"Sentinel-1","polarization":"HV","interpretation":"candidate only; requires validation"}},{"type":"Feature","id":"dorian-s1-0178","geometry":{"type":"Polygon","coordinates":[[[-64.328887,45.972369],[-64.328876,45.971919],[-64.328231,45.971926],[-64.32822,45.971476],[-64.327575,45.971484],[-64.327586,45.971934],[-64.326941,45.971941],[-64.326951,45.972391],[-64.328887,45.972369]]]},"properties":{"feature_id":"dorian-s1-0178","event_id":"dorian","category":"new_low_backscatter_after_dorian","area_ha":1.0,"center_lon":-64.327914,"center_lat":45.971934,"threshold_db":-18.086,"sensor":"Sentinel-1","polarization":"HV","interpretation":"candidate only; requires validation"}},{"type":"Feature","id":"dorian-s1-0179","geometry":{"type":"Polygon","coordinates":[[[-64.309572,45.974392],[-64.309551,45.973492],[-64.308906,45.973499],[-64.308885,45.972599],[-64.308239,45.972607],[-64.308229,45.972157],[-64.309519,45.972142],[-64.309509,45.971692],[-64.308864,45.9717],[-64.308853,45.97125],[-64.307562,45.971265],[-64.307594,45.972614],[-64.308239,45.972607],[-64.30825,45.973057],[-64.307605,45.973064],[-64.307615,45.973514],[-64.308906,45.973499],[-64.308917,45.973949],[-64.308271,45.973957],[-64.308282,45.974406],[-64.309572,45.974392]]]},"properties":{"feature_id":"dorian-s1-0179","event_id":"dorian","category":"new_low_backscatter_after_dorian","area_ha":3.0,"center_lon":-64.308567,"center_lat":45.972828,"threshold_db":-18.086,"sensor":"Sentinel-1","polarization":"HV","interpretation":"candidate only; requires validation"}},{"type":"Feature","id":"dorian-s1-0180","geometry":{"type":"Polygon","coordinates":[[[-64.248221,45.972828],[-64.248211,45.972378],[-64.248856,45.972371],[-64.248846,45.971921],[-64.247556,45.971935],[-64.247566,45.972385],[-64.246921,45.972392],[-64.246931,45.972842],[-64.248221,45.972828]]]},"properties":{"feature_id":"dorian-s1-0180","event_id":"dorian","category":"low_backscatter_no_longer_present","area_ha":1.0,"center_lon":-64.247889,"center_lat":45.972381,"threshold_db":-18.086,"sensor":"Sentinel-1","polarization":"HV","interpretation":"candidate only; requires validation"}},{"type":"Feature","id":"dorian-s1-0181","geometry":{"type":"Polygon","coordinates":[[[-64.346374,45.974864],[-64.346363,45.974414],[-64.347653,45.974399],[-64.347631,45.973499],[-64.348277,45.973492],[-64.348266,45.973042],[-64.34762,45.973049],[-64.347609,45.972599],[-64.346964,45.972607],[-64.346942,45.971707],[-64.345652,45.971722],[-64.345663,45.972172],[-64.344372,45.972187],[-64.344362,45.971738],[-64.345007,45.97173],[-64.344996,45.97128],[-64.34306,45.971303],[-64.343038,45.970403],[-64.340458,45.970433],[-64.340469,45.970883],[-64.339178,45.970898],[-64.339189,45.971348],[-64.337253,45.971371],[-64.337242,45.970921],[-64.336597,45.970929],[-64.336586,45.970479],[-64.335941,45.970486],[-64.335952,45.970936],[-64.335307,45.970944],[-64.335339,45.972293],[-64.334694,45.972301],[-64.334716,45.973201],[-64.333425,45.973216],[-64.333436,45.973666],[-64.332791,45.973673],[-64.332802,45.974123],[-64.332156,45.974131],[-64.332167,45.974581],[-64.335393,45.974543],[-64.335383,45.974093],[-64.336673,45.974078],[-64.336684,45.974528],[-64.337974,45.974513],[-64.337964,45.974063],[-64.339254,45.974048],[-64.339243,45.973598],[-64.340534,45.973583],[-64.340545,45.974033],[-64.341835,45.974017],[-64.341846,45.974467],[-64.344427,45.974437],[-64.344438,45.974887],[-64.346374,45.974864]],[[-64.341125,45.971326],[-64.340479,45.971333],[-64.340469,45.970883],[-64.341114,45.970876],[-64.341125,45.971326]]]},"properties":{"feature_id":"dorian-s1-0181","event_id":"dorian","category":"persistent_low_backscatter","area_ha":36.5,"center_lon":-64.340216,"center_lat":45.972645,"threshold_db":-18.086,"sensor":"Sentinel-1","polarization":"HV","interpretation":"candidate only; requires validation"}},{"type":"Feature","id":"dorian-s1-0182","geometry":{"type":"Polygon","coordinates":[[[-64.009469,45.975637],[-64.009453,45.974737],[-64.008808,45.974743],[-64.008799,45.974293],[-64.008154,45.974298],[-64.008146,45.973848],[-64.007501,45.973854],[-64.007509,45.974304],[-64.006863,45.97431],[-64.00688,45.97521],[-64.007525,45.975204],[-64.007533,45.975654],[-64.009469,45.975637]]]},"properties":{"feature_id":"dorian-s1-0182","event_id":"dorian","category":"new_low_backscatter_after_dorian","area_ha":2.75,"center_lon":-64.008166,"center_lat":45.974751,"threshold_db":-18.086,"sensor":"Sentinel-1","polarization":"HV","interpretation":"candidate only; requires validation"}},{"type":"Feature","id":"dorian-s1-0183","geometry":{"type":"Polygon","coordinates":[[[-64.347588,45.9717],[-64.347577,45.97125],[-64.346932,45.971257],[-64.34691,45.970357],[-64.345619,45.970373],[-64.34563,45.970823],[-64.344985,45.97083],[-64.344996,45.97128],[-64.346286,45.971265],[-64.346297,45.971715],[-64.347588,45.9717]]]},"properties":{"feature_id":"dorian-s1-0183","event_id":"dorian","category":"new_low_backscatter_after_dorian","area_ha":1.75,"center_lon":-64.346286,"center_lat":45.971036,"threshold_db":-18.086,"sensor":"Sentinel-1","polarization":"HV","interpretation":"candidate only; requires validation"}},{"type":"Feature","id":"dorian-s1-0184","geometry":{"type":"Polygon","coordinates":[[[-64.286936,45.972399],[-64.286905,45.971049],[-64.284324,45.971078],[-64.284334,45.971528],[-64.28498,45.971521],[-64.28499,45.971971],[-64.284345,45.971978],[-64.284355,45.972428],[-64.286936,45.972399]]]},"properties":{"feature_id":"dorian-s1-0184","event_id":"dorian","category":"new_low_backscatter_after_dorian","area_ha":2.75,"center_lon":-64.28563,"center_lat":45.971739,"threshold_db":-18.086,"sensor":"Sentinel-1","polarization":"HV","interpretation":"candidate only; requires validation"}},{"type":"Feature","id":"dorian-s1-0185","geometry":{"type":"Polygon","coordinates":[[[-64.263082,45.973565],[-64.263062,45.972665],[-64.264352,45.972651],[-64.264342,45.972201],[-64.264987,45.972194],[-64.264977,45.971744],[-64.265622,45.971737],[-64.265602,45.970837],[-64.264957,45.970844],[-64.264967,45.971294],[-64.264322,45.971301],[-64.264342,45.972201],[-64.263052,45.972215],[-64.263062,45.972665],[-64.262417,45.972672],[-64.262437,45.973572],[-64.263082,45.973565]]]},"properties":{"feature_id":"dorian-s1-0185","event_id":"dorian","category":"new_low_backscatter_after_dorian","area_ha":2.0,"center_lon":-64.264019,"center_lat":45.972205,"threshold_db":-18.086,"sensor":"Sentinel-1","polarization":"HV","interpretation":"candidate only; requires validation"}},{"type":"Feature","id":"dorian-s1-0186","geometry":{"type":"Polygon","coordinates":[[[-64.043664,45.97488],[-64.043655,45.97443],[-64.0443,45.974424],[-64.044292,45.973974],[-64.043647,45.97398],[-64.043638,45.97353],[-64.042993,45.973536],[-64.042984,45.973086],[-64.042339,45.973092],[-64.042348,45.973542],[-64.042993,45.973536],[-64.043018,45.974885],[-64.043664,45.97488]]]},"properties":{"feature_id":"dorian-s1-0186","event_id":"dorian","category":"new_low_backscatter_after_dorian","area_ha":1.25,"center_lon":-64.043319,"center_lat":45.973985,"threshold_db":-18.086,"sensor":"Sentinel-1","polarization":"HV","interpretation":"candidate only; requires validation"}},{"type":"Feature","id":"dorian-s1-0187","geometry":{"type":"Polygon","coordinates":[[[-64.288851,45.971477],[-64.28884,45.971027],[-64.289486,45.97102],[-64.289465,45.97012],[-64.28882,45.970127],[-64.28883,45.970577],[-64.288185,45.970585],[-64.288206,45.971484],[-64.288851,45.971477]]]},"properties":{"feature_id":"dorian-s1-0187","event_id":"dorian","category":"new_low_backscatter_after_dorian","area_ha":1.0,"center_lon":-64.288836,"center_lat":45.970802,"threshold_db":-18.086,"sensor":"Sentinel-1","polarization":"HV","interpretation":"candidate only; requires validation"}},{"type":"Feature","id":"dorian-s1-0188","geometry":{"type":"Polygon","coordinates":[[[-64.006855,45.97386],[-64.006839,45.97296],[-64.006194,45.972966],[-64.006185,45.972516],[-64.00554,45.972521],[-64.005556,45.973421],[-64.006202,45.973416],[-64.00621,45.973865],[-64.006855,45.97386]]]},"properties":{"feature_id":"dorian-s1-0188","event_id":"dorian","category":"new_low_backscatter_after_dorian","area_ha":1.0,"center_lon":-64.006197,"center_lat":45.973191,"threshold_db":-18.086,"sensor":"Sentinel-1","polarization":"HV","interpretation":"candidate only; requires validation"}},{"type":"Feature","id":"dorian-s1-0189","geometry":{"type":"Polygon","coordinates":[[[-64.259795,45.970901],[-64.259785,45.970451],[-64.26043,45.970444],[-64.26042,45.969994],[-64.259129,45.970008],[-64.259139,45.970458],[-64.258494,45.970465],[-64.258504,45.970915],[-64.259795,45.970901]]]},"properties":{"feature_id":"dorian-s1-0189","event_id":"dorian","category":"new_low_backscatter_after_dorian","area_ha":1.0,"center_lon":-64.259462,"center_lat":45.970455,"threshold_db":-18.086,"sensor":"Sentinel-1","polarization":"HV","interpretation":"candidate only; requires validation"}},{"type":"Feature","id":"dorian-s1-0190","geometry":{"type":"Polygon","coordinates":[[[-64.045549,45.972162],[-64.04554,45.971712],[-64.042314,45.971742],[-64.042322,45.972192],[-64.045549,45.972162]]]},"properties":{"feature_id":"dorian-s1-0190","event_id":"dorian","category":"new_low_backscatter_after_dorian","area_ha":1.25,"center_lon":-64.043931,"center_lat":45.971952,"threshold_db":-18.086,"sensor":"Sentinel-1","polarization":"HV","interpretation":"candidate only; requires validation"}},{"type":"Feature","id":"dorian-s1-0191","geometry":{"type":"Polygon","coordinates":[[[-64.345598,45.969473],[-64.345576,45.968573],[-64.344285,45.968588],[-64.344274,45.968138],[-64.343629,45.968146],[-64.34364,45.968596],[-64.344285,45.968588],[-64.344296,45.969038],[-64.344941,45.969031],[-64.344952,45.96948],[-64.345598,45.969473]]]},"properties":{"feature_id":"dorian-s1-0191","event_id":"dorian","category":"new_low_backscatter_after_dorian","area_ha":1.0,"center_lon":-64.344614,"center_lat":45.968809,"threshold_db":-18.086,"sensor":"Sentinel-1","polarization":"HV","interpretation":"candidate only; requires validation"}},{"type":"Feature","id":"dorian-s1-0192","geometry":{"type":"Polygon","coordinates":[[[-64.339791,45.969541],[-64.33978,45.969091],[-64.340425,45.969084],[-64.340414,45.968634],[-64.341059,45.968626],[-64.341049,45.968176],[-64.339758,45.968191],[-64.339769,45.968641],[-64.339124,45.968649],[-64.339146,45.969549],[-64.339791,45.969541]]]},"properties":{"feature_id":"dorian-s1-0192","event_id":"dorian","category":"new_low_backscatter_after_dorian","area_ha":1.25,"center_lon":-64.340091,"center_lat":45.968863,"threshold_db":-18.086,"sensor":"Sentinel-1","polarization":"HV","interpretation":"candidate only; requires validation"}},{"type":"Feature","id":"dorian-s1-0193","geometry":{"type":"Polygon","coordinates":[[[-64.303046,45.971316],[-64.303025,45.970416],[-64.30367,45.970409],[-64.303659,45.969959],[-64.30495,45.969944],[-64.304939,45.969494],[-64.304294,45.969502],[-64.304284,45.969052],[-64.303638,45.969059],[-64.303649,45.969509],[-64.303004,45.969517],[-64.302993,45.969067],[-64.302348,45.969074],[-64.302337,45.968624],[-64.301047,45.968639],[-64.301058,45.969089],[-64.302348,45.969074],[-64.302359,45.969524],[-64.301713,45.969531],[-64.301724,45.969981],[-64.300433,45.969996],[-64.300465,45.971346],[-64.303046,45.971316]]]},"properties":{"feature_id":"dorian-s1-0193","event_id":"dorian","category":"persistent_low_backscatter","area_ha":5.5,"center_lon":-64.302692,"center_lat":45.969985,"threshold_db":-18.086,"sensor":"Sentinel-1","polarization":"HV","interpretation":"candidate only; requires validation"}},{"type":"Feature","id":"dorian-s1-0194","geometry":{"type":"Polygon","coordinates":[[[-64.288174,45.970135],[-64.288154,45.969235],[-64.285573,45.969264],[-64.285562,45.968814],[-64.284917,45.968821],[-64.284927,45.969271],[-64.285573,45.969264],[-64.285583,45.969714],[-64.284938,45.969721],[-64.284948,45.970171],[-64.286239,45.970156],[-64.286228,45.969707],[-64.287519,45.969692],[-64.287529,45.970142],[-64.288174,45.970135]]]},"properties":{"feature_id":"dorian-s1-0194","event_id":"dorian","category":"new_low_backscatter_after_dorian","area_ha":2.0,"center_lon":-64.286545,"center_lat":45.969493,"threshold_db":-18.086,"sensor":"Sentinel-1","polarization":"HV","interpretation":"candidate only; requires validation"}},{"type":"Feature","id":"dorian-s1-0195","geometry":{"type":"Polygon","coordinates":[[[-64.284948,45.970171],[-64.284938,45.969721],[-64.285583,45.969714],[-64.285573,45.969264],[-64.284927,45.969271],[-64.284917,45.968821],[-64.284272,45.968829],[-64.284303,45.970178],[-64.284948,45.970171]]]},"properties":{"feature_id":"dorian-s1-0195","event_id":"dorian","category":"persistent_low_backscatter","area_ha":1.0,"center_lon":-64.284928,"center_lat":45.969499,"threshold_db":-18.086,"sensor":"Sentinel-1","polarization":"HV","interpretation":"candidate only; requires validation"}},{"type":"Feature","id":"dorian-s1-0196","geometry":{"type":"Polygon","coordinates":[[[-64.21978,45.970885],[-64.21976,45.969985],[-64.217825,45.970006],[-64.217815,45.969556],[-64.21717,45.969563],[-64.217189,45.970463],[-64.217835,45.970456],[-64.217845,45.970906],[-64.21978,45.970885]]]},"properties":{"feature_id":"dorian-s1-0196","event_id":"dorian","category":"new_low_backscatter_after_dorian","area_ha":2.0,"center_lon":-64.218475,"center_lat":45.970231,"threshold_db":-18.086,"sensor":"Sentinel-1","polarization":"HV","interpretation":"candidate only; requires validation"}},{"type":"Feature","id":"dorian-s1-0197","geometry":{"type":"Polygon","coordinates":[[[-64.144295,45.972116],[-64.144286,45.971666],[-64.145576,45.971653],[-64.145567,45.971203],[-64.146212,45.971197],[-64.146203,45.970747],[-64.145558,45.970753],[-64.145548,45.970303],[-64.144903,45.97031],[-64.144912,45.97076],[-64.143622,45.970773],[-64.143631,45.971223],[-64.142986,45.971229],[-64.143004,45.972129],[-64.144295,45.972116]]]},"properties":{"feature_id":"dorian-s1-0197","event_id":"dorian","category":"persistent_low_backscatter","area_ha":2.75,"center_lon":-64.144599,"center_lat":45.971216,"threshold_db":-18.086,"sensor":"Sentinel-1","polarization":"HV","interpretation":"candidate only; requires validation"}},{"type":"Feature","id":"dorian-s1-0198","geometry":{"type":"Polygon","coordinates":[[[-64.332683,45.969174],[-64.332672,45.968724],[-64.331382,45.968739],[-64.331371,45.968289],[-64.330081,45.968305],[-64.330102,45.969204],[-64.330747,45.969197],[-64.330736,45.968747],[-64.331382,45.968739],[-64.331392,45.969189],[-64.332683,45.969174]]]},"properties":{"feature_id":"dorian-s1-0198","event_id":"dorian","category":"new_low_backscatter_after_dorian","area_ha":1.25,"center_lon":-64.331382,"center_lat":45.968746,"threshold_db":-18.086,"sensor":"Sentinel-1","polarization":"HV","interpretation":"candidate only; requires validation"}},{"type":"Feature","id":"dorian-s1-0199","geometry":{"type":"Polygon","coordinates":[[[-64.301724,45.969981],[-64.301713,45.969531],[-64.302359,45.969524],[-64.302348,45.969074],[-64.302993,45.969067],[-64.303004,45.969517],[-64.303649,45.969509],[-64.303638,45.969059],[-64.302993,45.969067],[-64.302983,45.968617],[-64.302337,45.968624],[-64.302348,45.969074],[-64.300412,45.969096],[-64.300433,45.969996],[-64.301724,45.969981]]]},"properties":{"feature_id":"dorian-s1-0199","event_id":"dorian","category":"low_backscatter_no_longer_present","area_ha":1.75,"center_lon":-64.302031,"center_lat":45.969307,"threshold_db":-18.086,"sensor":"Sentinel-1","polarization":"HV","interpretation":"candidate only; requires validation"}},{"type":"Feature","id":"dorian-s1-0200","geometry":{"type":"Polygon","coordinates":[[[-64.260471,45.972244],[-64.260461,45.971794],[-64.259815,45.971801],[-64.259805,45.971351],[-64.26045,45.971344],[-64.26044,45.970894],[-64.261731,45.97088],[-64.26172,45.97043],[-64.262366,45.970423],[-64.262355,45.969973],[-64.26171,45.96998],[-64.2617,45.96953],[-64.262345,45.969523],[-64.262335,45.969073],[-64.26169,45.96908],[-64.26168,45.96863],[-64.261034,45.968637],[-64.261045,45.969087],[-64.260399,45.969094],[-64.26042,45.969994],[-64.261065,45.969987],[-64.261075,45.970437],[-64.259785,45.970451],[-64.259795,45.970901],[-64.258504,45.970915],[-64.258515,45.971365],[-64.25916,45.971358],[-64.25918,45.972258],[-64.260471,45.972244]]]},"properties":{"feature_id":"dorian-s1-0200","event_id":"dorian","category":"persistent_low_backscatter","area_ha":4.25,"center_lon":-64.260435,"center_lat":45.970444,"threshold_db":-18.086,"sensor":"Sentinel-1","polarization":"HV","interpretation":"candidate only; requires validation"}},{"type":"Feature","id":"dorian-s1-0201","geometry":{"type":"Polygon","coordinates":[[[-64.308821,45.9699],[-64.3088,45.969],[-64.309445,45.968993],[-64.309456,45.969443],[-64.310101,45.969435],[-64.31009,45.968985],[-64.310736,45.968978],[-64.310725,45.968528],[-64.31008,45.968536],[-64.310069,45.968086],[-64.309424,45.968093],[-64.309435,45.968543],[-64.308144,45.968558],[-64.308176,45.969907],[-64.308821,45.9699]],[[-64.31009,45.968985],[-64.309445,45.968993],[-64.309435,45.968543],[-64.31008,45.968536],[-64.31009,45.968985]]]},"properties":{"feature_id":"dorian-s1-0201","event_id":"dorian","category":"new_low_backscatter_after_dorian","area_ha":1.75,"center_lon":-64.30944,"center_lat":45.968997,"threshold_db":-18.086,"sensor":"Sentinel-1","polarization":"HV","interpretation":"candidate only; requires validation"}},{"type":"Feature","id":"dorian-s1-0202","geometry":{"type":"Polygon","coordinates":[[[-64.328801,45.968769],[-64.328779,45.96787],[-64.327489,45.967885],[-64.327478,45.967435],[-64.326833,45.967442],[-64.326844,45.967892],[-64.327489,45.967885],[-64.3275,45.968335],[-64.326855,45.968342],[-64.326865,45.968792],[-64.327511,45.968784],[-64.3275,45.968335],[-64.328145,45.968327],[-64.328156,45.968777],[-64.328801,45.968769]]]},"properties":{"feature_id":"dorian-s1-0202","event_id":"dorian","category":"new_low_backscatter_after_dorian","area_ha":1.25,"center_lon":-64.327817,"center_lat":45.968114,"threshold_db":-18.086,"sensor":"Sentinel-1","polarization":"HV","interpretation":"candidate only; requires validation"}},{"type":"Feature","id":"dorian-s1-0203","geometry":{"type":"Polygon","coordinates":[[[-64.305585,45.969487],[-64.305574,45.969037],[-64.306864,45.969022],[-64.306833,45.967673],[-64.305542,45.967687],[-64.305553,45.968137],[-64.304262,45.968152],[-64.304273,45.968602],[-64.303628,45.968609],[-64.303638,45.969059],[-64.304284,45.969052],[-64.304294,45.969502],[-64.305585,45.969487]]]},"properties":{"feature_id":"dorian-s1-0203","event_id":"dorian","category":"new_low_backscatter_after_dorian","area_ha":3.25,"center_lon":-64.305246,"center_lat":45.968587,"threshold_db":-18.086,"sensor":"Sentinel-1","polarization":"HV","interpretation":"candidate only; requires validation"}},{"type":"Feature","id":"dorian-s1-0204","geometry":{"type":"Polygon","coordinates":[[[-64.297821,45.968675],[-64.2978,45.967776],[-64.295864,45.967798],[-64.295875,45.968248],[-64.29523,45.968255],[-64.29524,45.968705],[-64.297821,45.968675]]]},"properties":{"feature_id":"dorian-s1-0204","event_id":"dorian","category":"new_low_backscatter_after_dorian","area_ha":1.75,"center_lon":-64.296526,"center_lat":45.968241,"threshold_db":-18.086,"sensor":"Sentinel-1","polarization":"HV","interpretation":"candidate only; requires validation"}},{"type":"Feature","id":"dorian-s1-0205","geometry":{"type":"Polygon","coordinates":[[[-64.219115,45.969992],[-64.219105,45.969542],[-64.219751,45.969536],[-64.219741,45.969086],[-64.221031,45.969072],[-64.221021,45.968622],[-64.219731,45.968636],[-64.219741,45.969086],[-64.21845,45.969099],[-64.21847,45.969999],[-64.219115,45.969992]]]},"properties":{"feature_id":"dorian-s1-0205","event_id":"dorian","category":"low_backscatter_no_longer_present","area_ha":1.25,"center_lon":-64.219741,"center_lat":45.969311,"threshold_db":-18.086,"sensor":"Sentinel-1","polarization":"HV","interpretation":"candidate only; requires validation"}},{"type":"Feature","id":"dorian-s1-0206","geometry":{"type":"Polygon","coordinates":[[[-64.266862,45.969473],[-64.266841,45.968573],[-64.267486,45.968566],[-64.267476,45.968116],[-64.266831,45.968123],[-64.266821,45.967673],[-64.266175,45.96768],[-64.266206,45.96903],[-64.265561,45.969037],[-64.265571,45.969487],[-64.266862,45.969473]]]},"properties":{"feature_id":"dorian-s1-0206","event_id":"dorian","category":"new_low_backscatter_after_dorian","area_ha":1.5,"center_lon":-64.266524,"center_lat":45.96858,"threshold_db":-18.086,"sensor":"Sentinel-1","polarization":"HV","interpretation":"candidate only; requires validation"}},{"type":"Feature","id":"dorian-s1-0207","geometry":{"type":"Polygon","coordinates":[[[-64.175875,45.969995],[-64.175865,45.969546],[-64.176511,45.969539],[-64.176501,45.969089],[-64.177146,45.969082],[-64.177137,45.968632],[-64.175846,45.968646],[-64.175865,45.969546],[-64.17522,45.969552],[-64.17523,45.970002],[-64.175875,45.969995]]]},"properties":{"feature_id":"dorian-s1-0207","event_id":"dorian","category":"new_low_backscatter_after_dorian","area_ha":1.0,"center_lon":-64.176183,"center_lat":45.969317,"threshold_db":-18.086,"sensor":"Sentinel-1","polarization":"HV","interpretation":"candidate only; requires validation"}},{"type":"Feature","id":"dorian-s1-0208","geometry":{"type":"Polygon","coordinates":[[[-64.351371,45.968055],[-64.351328,45.966255],[-64.350037,45.96627],[-64.35007,45.96762],[-64.350715,45.967612],[-64.350726,45.968062],[-64.351371,45.968055]]]},"properties":{"feature_id":"dorian-s1-0208","event_id":"dorian","category":"new_low_backscatter_after_dorian","area_ha":1.75,"center_lon":-64.350704,"center_lat":45.967158,"threshold_db":-18.086,"sensor":"Sentinel-1","polarization":"HV","interpretation":"candidate only; requires validation"}},{"type":"Feature","id":"dorian-s1-0209","geometry":{"type":"Polygon","coordinates":[[[-64.290713,45.968306],[-64.290703,45.967856],[-64.290058,45.967863],[-64.290047,45.967413],[-64.290693,45.967406],[-64.290682,45.966956],[-64.289392,45.966971],[-64.289413,45.967871],[-64.288767,45.967878],[-64.288778,45.968328],[-64.289423,45.968321],[-64.289413,45.967871],[-64.290058,45.967863],[-64.290068,45.968313],[-64.290713,45.968306]]]},"properties":{"feature_id":"dorian-s1-0209","event_id":"dorian","category":"new_low_backscatter_after_dorian","area_ha":1.25,"center_lon":-64.28974,"center_lat":45.967642,"threshold_db":-18.086,"sensor":"Sentinel-1","polarization":"HV","interpretation":"candidate only; requires validation"}},{"type":"Feature","id":"dorian-s1-0210","geometry":{"type":"Polygon","coordinates":[[[-64.326855,45.968342],[-64.326844,45.967892],[-64.326199,45.9679],[-64.326188,45.96745],[-64.328123,45.967427],[-64.328113,45.966977],[-64.326177,45.967],[-64.326188,45.96745],[-64.324898,45.967465],[-64.324876,45.966565],[-64.324231,45.966572],[-64.324252,45.967472],[-64.324898,45.967465],[-64.324908,45.967915],[-64.326199,45.9679],[-64.326209,45.968349],[-64.326855,45.968342]]]},"properties":{"feature_id":"dorian-s1-0210","event_id":"dorian","category":"low_backscatter_no_longer_present","area_ha":2.0,"center_lon":-64.326177,"center_lat":45.967457,"threshold_db":-18.086,"sensor":"Sentinel-1","polarization":"HV","interpretation":"candidate only; requires validation"}},{"type":"Feature","id":"dorian-s1-0211","geometry":{"type":"Polygon","coordinates":[[[-64.306833,45.967673],[-64.306811,45.966773],[-64.305521,45.966788],[-64.305542,45.967687],[-64.306833,45.967673]]]},"properties":{"feature_id":"dorian-s1-0211","event_id":"dorian","category":"persistent_low_backscatter","area_ha":1.0,"center_lon":-64.306177,"center_lat":45.96723,"threshold_db":-18.086,"sensor":"Sentinel-1","polarization":"HV","interpretation":"candidate only; requires validation"}},{"type":"Feature","id":"dorian-s1-0212","geometry":{"type":"Polygon","coordinates":[[[-64.342984,45.968154],[-64.342973,45.967704],[-64.341683,45.967719],[-64.341672,45.967269],[-64.341027,45.967277],[-64.341016,45.966827],[-64.341661,45.966819],[-64.34165,45.966369],[-64.342295,45.966362],[-64.342285,45.965912],[-64.340349,45.965934],[-64.34036,45.966384],[-64.341005,45.966377],[-64.341016,45.966827],[-64.339081,45.966849],[-64.339113,45.968199],[-64.341049,45.968176],[-64.341038,45.967726],[-64.341683,45.967719],[-64.341694,45.968169],[-64.342984,45.968154]],[[-64.341038,45.967726],[-64.339747,45.967742],[-64.339737,45.967292],[-64.341027,45.967277],[-64.341038,45.967726]]]},"properties":{"feature_id":"dorian-s1-0212","event_id":"dorian","category":"persistent_low_backscatter","area_ha":3.5,"center_lon":-64.341032,"center_lat":45.967056,"threshold_db":-18.086,"sensor":"Sentinel-1","polarization":"HV","interpretation":"candidate only; requires validation"}},{"type":"Feature","id":"dorian-s1-0213","geometry":{"type":"Polygon","coordinates":[[[-64.226183,45.968567],[-64.226163,45.967667],[-64.226808,45.96766],[-64.226798,45.96721],[-64.225508,45.967224],[-64.225518,45.967674],[-64.224873,45.967681],[-64.224893,45.96858],[-64.226183,45.968567]]]},"properties":{"feature_id":"dorian-s1-0213","event_id":"dorian","category":"new_low_backscatter_after_dorian","area_ha":1.5,"center_lon":-64.225841,"center_lat":45.967895,"threshold_db":-18.086,"sensor":"Sentinel-1","polarization":"HV","interpretation":"candidate only; requires validation"}},{"type":"Feature","id":"dorian-s1-0214","geometry":{"type":"Polygon","coordinates":[[[-64.334608,45.968702],[-64.334597,45.968252],[-64.335242,45.968244],[-64.33522,45.967345],[-64.335866,45.967337],[-64.335855,45.966887],[-64.33521,45.966895],[-64.335199,45.966445],[-64.335844,45.966437],[-64.335822,45.965537],[-64.335177,45.965545],[-64.335166,45.965095],[-64.334521,45.965103],[-64.334575,45.967352],[-64.33264,45.967375],[-64.332661,45.968274],[-64.333952,45.968259],[-64.333962,45.968709],[-64.334608,45.968702]]]},"properties":{"feature_id":"dorian-s1-0214","event_id":"dorian","category":"persistent_low_backscatter","area_ha":4.25,"center_lon":-64.334253,"center_lat":45.966902,"threshold_db":-18.086,"sensor":"Sentinel-1","polarization":"HV","interpretation":"candidate only; requires validation"}},{"type":"Feature","id":"dorian-s1-0215","geometry":{"type":"Polygon","coordinates":[[[-64.339113,45.968199],[-64.33907,45.966399],[-64.339715,45.966392],[-64.339726,45.966842],[-64.340371,45.966834],[-64.34036,45.966384],[-64.339715,45.966392],[-64.339704,45.965942],[-64.342285,45.965912],[-64.342274,45.965462],[-64.339693,45.965492],[-64.339682,45.965042],[-64.339037,45.96505],[-64.339048,45.9655],[-64.339693,45.965492],[-64.339704,45.965942],[-64.339059,45.96595],[-64.33907,45.966399],[-64.338425,45.966407],[-64.338435,45.966857],[-64.33779,45.966864],[-64.337801,45.967314],[-64.338446,45.967307],[-64.338457,45.967757],[-64.337812,45.967764],[-64.337823,45.968214],[-64.339113,45.968199]]]},"properties":{"feature_id":"dorian-s1-0215","event_id":"dorian","category":"new_low_backscatter_after_dorian","area_ha":3.25,"center_lon":-64.340037,"center_lat":45.966628,"threshold_db":-18.086,"sensor":"Sentinel-1","polarization":"HV","interpretation":"candidate only; requires validation"}},{"type":"Feature","id":"dorian-s1-0216","geometry":{"type":"Polygon","coordinates":[[[-64.266155,45.966781],[-64.266145,45.966331],[-64.264854,45.966345],[-64.264844,45.965895],[-64.264199,45.965902],[-64.264209,45.966352],[-64.263564,45.966359],[-64.263554,45.965909],[-64.262909,45.965916],[-64.262919,45.966366],[-64.263564,45.966359],[-64.263574,45.966809],[-64.264219,45.966802],[-64.264209,45.966352],[-64.264854,45.966345],[-64.264865,45.966795],[-64.266155,45.966781]]]},"properties":{"feature_id":"dorian-s1-0216","event_id":"dorian","category":"new_low_backscatter_after_dorian","area_ha":1.25,"center_lon":-64.264532,"center_lat":45.966352,"threshold_db":-18.086,"sensor":"Sentinel-1","polarization":"HV","interpretation":"candidate only; requires validation"}},{"type":"Feature","id":"dorian-s1-0217","geometry":{"type":"Polygon","coordinates":[[[-64.220366,45.968179],[-64.220356,45.967729],[-64.221002,45.967722],[-64.220992,45.967272],[-64.221637,45.967265],[-64.221627,45.966815],[-64.220982,45.966822],[-64.220972,45.966372],[-64.220327,45.966379],[-64.220317,45.965929],[-64.219026,45.965943],[-64.219046,45.966843],[-64.218401,45.96685],[-64.218411,45.9673],[-64.219056,45.967293],[-64.219046,45.966843],[-64.220337,45.966829],[-64.220356,45.967729],[-64.219711,45.967736],[-64.219721,45.968186],[-64.220366,45.968179]]]},"properties":{"feature_id":"dorian-s1-0217","event_id":"dorian","category":"new_low_backscatter_after_dorian","area_ha":2.5,"center_lon":-64.220019,"center_lat":45.967058,"threshold_db":-18.086,"sensor":"Sentinel-1","polarization":"HV","interpretation":"candidate only; requires validation"}},{"type":"Feature","id":"dorian-s1-0218","geometry":{"type":"Polygon","coordinates":[[[-64.033892,45.970018],[-64.033883,45.969568],[-64.032593,45.96958],[-64.032584,45.96913],[-64.03323,45.969124],[-64.033221,45.968674],[-64.032576,45.96868],[-64.032559,45.96778],[-64.031914,45.967786],[-64.031947,45.969586],[-64.032593,45.96958],[-64.032601,45.97003],[-64.033892,45.970018]]]},"properties":{"feature_id":"dorian-s1-0218","event_id":"dorian","category":"persistent_low_backscatter","area_ha":1.75,"center_lon":-64.032903,"center_lat":45.968905,"threshold_db":-18.086,"sensor":"Sentinel-1","polarization":"HV","interpretation":"candidate only; requires validation"}},{"type":"Feature","id":"dorian-s1-0219","geometry":{"type":"Polygon","coordinates":[[[-64.395186,45.965278],[-64.395175,45.964828],[-64.396465,45.964812],[-64.396442,45.963913],[-64.395152,45.963928],[-64.395164,45.964378],[-64.394518,45.964386],[-64.394507,45.963936],[-64.393862,45.963944],[-64.393873,45.964394],[-64.394518,45.964386],[-64.39453,45.964836],[-64.392594,45.96486],[-64.392606,45.965309],[-64.395186,45.965278]]]},"properties":{"feature_id":"dorian-s1-0219","event_id":"dorian","category":"new_low_backscatter_after_dorian","area_ha":2.5,"center_lon":-64.39453,"center_lat":45.964611,"threshold_db":-18.086,"sensor":"Sentinel-1","polarization":"HV","interpretation":"candidate only; requires validation"}},{"type":"Feature","id":"dorian-s1-0220","geometry":{"type":"Polygon","coordinates":[[[-64.052596,45.969397],[-64.05257,45.968048],[-64.053215,45.968042],[-64.053198,45.967142],[-64.052553,45.967148],[-64.05257,45.968048],[-64.051925,45.968054],[-64.051951,45.969403],[-64.052596,45.969397]]]},"properties":{"feature_id":"dorian-s1-0220","event_id":"dorian","category":"persistent_low_backscatter","area_ha":1.25,"center_lon":-64.05257,"center_lat":45.968272,"threshold_db":-18.086,"sensor":"Sentinel-1","polarization":"HV","interpretation":"candidate only; requires validation"}},{"type":"Feature","id":"dorian-s1-0221","geometry":{"type":"Polygon","coordinates":[[[-64.090639,45.967691],[-64.09063,45.967241],[-64.089985,45.967247],[-64.089976,45.966797],[-64.089331,45.966803],[-64.08934,45.967253],[-64.088695,45.967259],[-64.088704,45.967709],[-64.090639,45.967691]]]},"properties":{"feature_id":"dorian-s1-0221","event_id":"dorian","category":"new_low_backscatter_after_dorian","area_ha":1.0,"center_lon":-64.089667,"center_lat":45.967253,"threshold_db":-18.086,"sensor":"Sentinel-1","polarization":"HV","interpretation":"candidate only; requires validation"}},{"type":"Feature","id":"dorian-s1-0222","geometry":{"type":"Polygon","coordinates":[[[-64.355166,45.96486],[-64.355155,45.96441],[-64.35451,45.964417],[-64.354488,45.963518],[-64.353842,45.963525],[-64.353832,45.963075],[-64.352541,45.963091],[-64.352552,45.96354],[-64.353197,45.963533],[-64.353208,45.963983],[-64.352563,45.96399],[-64.352585,45.96489],[-64.355166,45.96486]]]},"properties":{"feature_id":"dorian-s1-0222","event_id":"dorian","category":"new_low_backscatter_after_dorian","area_ha":2.75,"center_lon":-64.353853,"center_lat":45.963983,"threshold_db":-18.086,"sensor":"Sentinel-1","polarization":"HV","interpretation":"candidate only; requires validation"}},{"type":"Feature","id":"dorian-s1-0223","geometry":{"type":"Polygon","coordinates":[[[-64.286114,45.964758],[-64.286093,45.963858],[-64.285448,45.963865],[-64.285458,45.964315],[-64.284168,45.964329],[-64.284178,45.964779],[-64.286114,45.964758]]]},"properties":{"feature_id":"dorian-s1-0223","event_id":"dorian","category":"new_low_backscatter_after_dorian","area_ha":1.0,"center_lon":-64.285141,"center_lat":45.964319,"threshold_db":-18.086,"sensor":"Sentinel-1","polarization":"HV","interpretation":"candidate only; requires validation"}},{"type":"Feature","id":"dorian-s1-0224","geometry":{"type":"Polygon","coordinates":[[[-64.158378,45.966574],[-64.158369,45.966124],[-64.160304,45.966104],[-64.160295,45.965654],[-64.15965,45.965661],[-64.15964,45.965211],[-64.158995,45.965218],[-64.159005,45.965668],[-64.158359,45.965674],[-64.15835,45.965224],[-64.15706,45.965237],[-64.157078,45.966137],[-64.157724,45.966131],[-64.157733,45.96658],[-64.158378,45.966574]],[[-64.158369,45.966124],[-64.157724,45.966131],[-64.157714,45.965681],[-64.158359,45.965674],[-64.158369,45.966124]]]},"properties":{"feature_id":"dorian-s1-0224","event_id":"dorian","category":"persistent_low_backscatter","area_ha":2.0,"center_lon":-64.158682,"center_lat":45.965896,"threshold_db":-18.086,"sensor":"Sentinel-1","polarization":"HV","interpretation":"candidate only; requires validation"}},{"type":"Feature","id":"dorian-s1-0225","geometry":{"type":"Polygon","coordinates":[[[-64.157742,45.96703],[-64.157724,45.966131],[-64.158369,45.966124],[-64.158378,45.966574],[-64.159023,45.966567],[-64.159014,45.966117],[-64.158369,45.966124],[-64.158359,45.965674],[-64.159005,45.965668],[-64.158986,45.964768],[-64.158341,45.964774],[-64.158359,45.965674],[-64.157714,45.965681],[-64.157724,45.966131],[-64.157078,45.966137],[-64.157069,45.965687],[-64.156424,45.965694],[-64.156433,45.966144],[-64.155788,45.96615],[-64.155797,45.9666],[-64.156443,45.966594],[-64.156433,45.966144],[-64.157078,45.966137],[-64.157097,45.967037],[-64.157742,45.96703]]]},"properties":{"feature_id":"dorian-s1-0225","event_id":"dorian","category":"new_low_backscatter_after_dorian","area_ha":2.0,"center_lon":-64.157406,"center_lat":45.965902,"threshold_db":-18.086,"sensor":"Sentinel-1","polarization":"HV","interpretation":"candidate only; requires validation"}},{"type":"Feature","id":"dorian-s1-0226","geometry":{"type":"Polygon","coordinates":[[[-64.335822,45.965537],[-64.335811,45.965087],[-64.336457,45.96508],[-64.336446,45.96463],[-64.337091,45.964622],[-64.337058,45.963273],[-64.337704,45.963265],[-64.337682,45.962365],[-64.335747,45.962388],[-64.335768,45.963288],[-64.335123,45.963295],[-64.335134,45.963745],[-64.335779,45.963738],[-64.33579,45.964188],[-64.335145,45.964195],[-64.335177,45.965545],[-64.335822,45.965537]],[[-64.337058,45.963273],[-64.336413,45.96328],[-64.336402,45.96283],[-64.337048,45.962823],[-64.337058,45.963273]]]},"properties":{"feature_id":"dorian-s1-0226","event_id":"dorian","category":"new_low_backscatter_after_dorian","area_ha":4.0,"center_lon":-64.336413,"center_lat":45.963955,"threshold_db":-18.086,"sensor":"Sentinel-1","polarization":"HV","interpretation":"candidate only; requires validation"}},{"type":"Feature","id":"dorian-s1-0227","geometry":{"type":"Polygon","coordinates":[[[-64.335134,45.963745],[-64.335123,45.963295],[-64.335768,45.963288],[-64.335747,45.962388],[-64.335101,45.962396],[-64.335112,45.962846],[-64.333822,45.962861],[-64.333833,45.963311],[-64.334478,45.963303],[-64.334489,45.963753],[-64.335134,45.963745]]]},"properties":{"feature_id":"dorian-s1-0227","event_id":"dorian","category":"persistent_low_backscatter","area_ha":1.25,"center_lon":-64.334795,"center_lat":45.963071,"threshold_db":-18.086,"sensor":"Sentinel-1","polarization":"HV","interpretation":"candidate only; requires validation"}},{"type":"Feature","id":"dorian-s1-0228","geometry":{"type":"Polygon","coordinates":[[[-64.348135,45.967643],[-64.348124,45.967193],[-64.348769,45.967185],[-64.348758,45.966735],[-64.349403,45.966728],[-64.349392,45.966278],[-64.348747,45.966286],[-64.348725,45.965386],[-64.34808,45.965393],[-64.348069,45.964944],[-64.348714,45.964936],[-64.348703,45.964486],[-64.348058,45.964494],[-64.348047,45.964044],[-64.348692,45.964036],[-64.348681,45.963586],[-64.348036,45.963594],[-64.348004,45.962244],[-64.347359,45.962252],[-64.347348,45.961802],[-64.346057,45.961817],[-64.346101,45.963617],[-64.346746,45.963609],[-64.346768,45.964509],[-64.347413,45.964501],[-64.347435,45.965401],[-64.34808,45.965393],[-64.348091,45.965843],[-64.347446,45.965851],[-64.347489,45.967651],[-64.348135,45.967643]]]},"properties":{"feature_id":"dorian-s1-0228","event_id":"dorian","category":"new_low_backscatter_after_dorian","area_ha":7.0,"center_lon":-64.34773,"center_lat":45.964726,"threshold_db":-18.086,"sensor":"Sentinel-1","polarization":"HV","interpretation":"candidate only; requires validation"}},{"type":"Feature","id":"dorian-s1-0229","geometry":{"type":"Polygon","coordinates":[[[-64.253937,45.968715],[-64.253927,45.968266],[-64.254572,45.968258],[-64.254562,45.967809],[-64.255207,45.967801],[-64.255187,45.966902],[-64.255832,45.966895],[-64.255822,45.966445],[-64.256467,45.966438],[-64.256426,45.964638],[-64.255781,45.964645],[-64.255771,45.964195],[-64.253836,45.964216],[-64.253825,45.963766],[-64.254471,45.963759],[-64.25445,45.96286],[-64.253805,45.962867],[-64.253815,45.963316],[-64.252525,45.963331],[-64.252535,45.963781],[-64.25189,45.963788],[-64.2519,45.964238],[-64.253836,45.964216],[-64.253846,45.964666],[-64.255136,45.964652],[-64.255146,45.965102],[-64.255791,45.965095],[-64.255801,45.965545],[-64.255156,45.965552],[-64.255187,45.966902],[-64.254542,45.966909],[-64.254562,45.967809],[-64.253917,45.967816],[-64.253927,45.968266],[-64.253282,45.968273],[-64.253292,45.968723],[-64.253937,45.968715]]]},"properties":{"feature_id":"dorian-s1-0229","event_id":"dorian","category":"new_low_backscatter_after_dorian","area_ha":5.5,"center_lon":-64.254178,"center_lat":45.965791,"threshold_db":-18.086,"sensor":"Sentinel-1","polarization":"HV","interpretation":"candidate only; requires validation"}},{"type":"Feature","id":"dorian-s1-0230","geometry":{"type":"Polygon","coordinates":[[[-64.333854,45.96421],[-64.333844,45.96376],[-64.334489,45.963753],[-64.334478,45.963303],[-64.333833,45.963311],[-64.333822,45.962861],[-64.335112,45.962846],[-64.335101,45.962396],[-64.333811,45.962411],[-64.3338,45.961961],[-64.333155,45.961968],[-64.333198,45.963768],[-64.332553,45.963775],[-64.332564,45.964225],[-64.333854,45.96421]]]},"properties":{"feature_id":"dorian-s1-0230","event_id":"dorian","category":"new_low_backscatter_after_dorian","area_ha":2.25,"center_lon":-64.333832,"center_lat":45.963093,"threshold_db":-18.086,"sensor":"Sentinel-1","polarization":"HV","interpretation":"candidate only; requires validation"}},{"type":"Feature","id":"dorian-s1-0231","geometry":{"type":"Polygon","coordinates":[[[-64.300275,45.963247],[-64.300265,45.962797],[-64.301555,45.962783],[-64.301545,45.962333],[-64.299609,45.962355],[-64.29963,45.963255],[-64.300275,45.963247]]]},"properties":{"feature_id":"dorian-s1-0231","event_id":"dorian","category":"low_backscatter_no_longer_present","area_ha":1.0,"center_lon":-64.300582,"center_lat":45.962794,"threshold_db":-18.086,"sensor":"Sentinel-1","polarization":"HV","interpretation":"candidate only; requires validation"}},{"type":"Feature","id":"dorian-s1-0232","geometry":{"type":"Polygon","coordinates":[[[-64.148654,45.964422],[-64.148644,45.963972],[-64.146064,45.963998],[-64.146073,45.964448],[-64.148654,45.964422]]]},"properties":{"feature_id":"dorian-s1-0232","event_id":"dorian","category":"persistent_low_backscatter","area_ha":1.0,"center_lon":-64.147359,"center_lat":45.96421,"threshold_db":-18.086,"sensor":"Sentinel-1","polarization":"HV","interpretation":"candidate only; requires validation"}},{"type":"Feature","id":"dorian-s1-0233","geometry":{"type":"Polygon","coordinates":[[[-64.282222,45.963901],[-64.282181,45.962102],[-64.281535,45.962109],[-64.281546,45.962559],[-64.280256,45.962573],[-64.280287,45.963923],[-64.282222,45.963901]]]},"properties":{"feature_id":"dorian-s1-0233","event_id":"dorian","category":"new_low_backscatter_after_dorian","area_ha":2.5,"center_lon":-64.281239,"center_lat":45.963013,"threshold_db":-18.086,"sensor":"Sentinel-1","polarization":"HV","interpretation":"candidate only; requires validation"}},{"type":"Feature","id":"dorian-s1-0234","geometry":{"type":"Polygon","coordinates":[[[-64.279631,45.96348],[-64.279621,45.96303],[-64.280266,45.963023],[-64.280235,45.961673],[-64.278299,45.961695],[-64.27831,45.962145],[-64.2796,45.962131],[-64.279621,45.96303],[-64.278976,45.963038],[-64.278986,45.963488],[-64.279631,45.96348]]]},"properties":{"feature_id":"dorian-s1-0234","event_id":"dorian","category":"low_backscatter_no_longer_present","area_ha":1.5,"center_lon":-64.279282,"center_lat":45.962581,"threshold_db":-18.086,"sensor":"Sentinel-1","polarization":"HV","interpretation":"candidate only; requires validation"}},{"type":"Feature","id":"dorian-s1-0235","geometry":{"type":"Polygon","coordinates":[[[-64.267363,45.963167],[-64.267353,45.962717],[-64.266708,45.962724],[-64.266698,45.962274],[-64.267343,45.962267],[-64.267332,45.961817],[-64.266042,45.961832],[-64.266063,45.962731],[-64.266708,45.962724],[-64.266718,45.963174],[-64.267363,45.963167]]]},"properties":{"feature_id":"dorian-s1-0235","event_id":"dorian","category":"new_low_backscatter_after_dorian","area_ha":1.0,"center_lon":-64.266703,"center_lat":45.962496,"threshold_db":-18.086,"sensor":"Sentinel-1","polarization":"HV","interpretation":"candidate only; requires validation"}},{"type":"Feature","id":"dorian-s1-0236","geometry":{"type":"Polygon","coordinates":[[[-64.197687,45.963919],[-64.197677,45.963469],[-64.197032,45.963475],[-64.197013,45.962576],[-64.196367,45.962582],[-64.196377,45.963032],[-64.195732,45.963039],[-64.195742,45.963489],[-64.196387,45.963482],[-64.196396,45.963932],[-64.197687,45.963919]]]},"properties":{"feature_id":"dorian-s1-0236","event_id":"dorian","category":"new_low_backscatter_after_dorian","area_ha":1.25,"center_lon":-64.196709,"center_lat":45.963254,"threshold_db":-18.086,"sensor":"Sentinel-1","polarization":"HV","interpretation":"candidate only; requires validation"}},{"type":"Feature","id":"dorian-s1-0237","geometry":{"type":"Polygon","coordinates":[[[-64.269923,45.962239],[-64.269913,45.961789],[-64.269268,45.961796],[-64.269258,45.961346],[-64.267967,45.96136],[-64.267988,45.96226],[-64.269923,45.962239]]]},"properties":{"feature_id":"dorian-s1-0237","event_id":"dorian","category":"new_low_backscatter_after_dorian","area_ha":1.25,"center_lon":-64.268945,"center_lat":45.961803,"threshold_db":-18.086,"sensor":"Sentinel-1","polarization":"HV","interpretation":"candidate only; requires validation"}},{"type":"Feature","id":"dorian-s1-0238","geometry":{"type":"Polygon","coordinates":[[[-64.221548,45.963216],[-64.221538,45.962766],[-64.222828,45.962752],[-64.222818,45.962302],[-64.223463,45.962295],[-64.223454,45.961846],[-64.222163,45.961859],[-64.222173,45.962309],[-64.221528,45.962316],[-64.221538,45.962766],[-64.220893,45.962773],[-64.220903,45.963223],[-64.221548,45.963216]]]},"properties":{"feature_id":"dorian-s1-0238","event_id":"dorian","category":"new_low_backscatter_after_dorian","area_ha":1.25,"center_lon":-64.222178,"center_lat":45.962535,"threshold_db":-18.086,"sensor":"Sentinel-1","polarization":"HV","interpretation":"candidate only; requires validation"}},{"type":"Feature","id":"dorian-s1-0239","geometry":{"type":"Polygon","coordinates":[[[-64.195732,45.963039],[-64.195713,45.962139],[-64.194422,45.962153],[-64.194442,45.963053],[-64.195732,45.963039]]]},"properties":{"feature_id":"dorian-s1-0239","event_id":"dorian","category":"low_backscatter_no_longer_present","area_ha":1.0,"center_lon":-64.195077,"center_lat":45.962596,"threshold_db":-18.086,"sensor":"Sentinel-1","polarization":"HV","interpretation":"candidate only; requires validation"}},{"type":"Feature","id":"dorian-s1-0240","geometry":{"type":"Polygon","coordinates":[[[-64.270589,45.963131],[-64.270568,45.962231],[-64.271213,45.962224],[-64.271183,45.960874],[-64.270537,45.960882],[-64.270568,45.962231],[-64.269923,45.962239],[-64.269944,45.963138],[-64.270589,45.963131]]]},"properties":{"feature_id":"dorian-s1-0240","event_id":"dorian","category":"low_backscatter_no_longer_present","area_ha":1.25,"center_lon":-64.270568,"center_lat":45.962006,"threshold_db":-18.086,"sensor":"Sentinel-1","polarization":"HV","interpretation":"candidate only; requires validation"}},{"type":"Feature","id":"dorian-s1-0241","geometry":{"type":"Polygon","coordinates":[[[-64.301587,45.964132],[-64.301555,45.962783],[-64.3022,45.962775],[-64.302211,45.963225],[-64.303501,45.963211],[-64.303459,45.961411],[-64.304104,45.961404],[-64.304115,45.961853],[-64.30476,45.961846],[-64.304749,45.961396],[-64.304104,45.961404],[-64.304093,45.960954],[-64.303448,45.960961],[-64.303438,45.960511],[-64.302148,45.960526],[-64.302158,45.960976],[-64.301513,45.960983],[-64.301524,45.961433],[-64.302169,45.961426],[-64.302158,45.960976],[-64.302803,45.960968],[-64.302845,45.962768],[-64.3022,45.962775],[-64.30219,45.962325],[-64.301545,45.962333],[-64.301555,45.962783],[-64.30091,45.96279],[-64.300942,45.96414],[-64.301587,45.964132]]]},"properties":{"feature_id":"dorian-s1-0241","event_id":"dorian","category":"new_low_backscatter_after_dorian","area_ha":3.75,"center_lon":-64.302835,"center_lat":45.962325,"threshold_db":-18.086,"sensor":"Sentinel-1","polarization":"HV","interpretation":"candidate only; requires validation"}},{"type":"Feature","id":"dorian-s1-0242","geometry":{"type":"Polygon","coordinates":[[[-64.282181,45.962102],[-64.282149,45.960752],[-64.280214,45.960774],[-64.280224,45.961224],[-64.28087,45.961216],[-64.28088,45.961666],[-64.281525,45.961659],[-64.281535,45.962109],[-64.282181,45.962102]]]},"properties":{"feature_id":"dorian-s1-0242","event_id":"dorian","category":"persistent_low_backscatter","area_ha":1.5,"center_lon":-64.281197,"center_lat":45.96143,"threshold_db":-18.086,"sensor":"Sentinel-1","polarization":"HV","interpretation":"candidate only; requires validation"}},{"type":"Feature","id":"dorian-s1-0243","geometry":{"type":"Polygon","coordinates":[[[-64.266052,45.962282],[-64.266042,45.961832],[-64.266687,45.961824],[-64.266677,45.961375],[-64.265387,45.961389],[-64.265377,45.960939],[-64.264731,45.960946],[-64.264742,45.961396],[-64.265387,45.961389],[-64.265397,45.961839],[-64.264752,45.961846],[-64.264762,45.962296],[-64.266052,45.962282]]]},"properties":{"feature_id":"dorian-s1-0243","event_id":"dorian","category":"persistent_low_backscatter","area_ha":1.25,"center_lon":-64.265709,"center_lat":45.961618,"threshold_db":-18.086,"sensor":"Sentinel-1","polarization":"HV","interpretation":"candidate only; requires validation"}},{"type":"Feature","id":"dorian-s1-0244","geometry":{"type":"Polygon","coordinates":[[[-64.270558,45.961781],[-64.270537,45.960882],[-64.269247,45.960896],[-64.269268,45.961796],[-64.270558,45.961781]]]},"properties":{"feature_id":"dorian-s1-0244","event_id":"dorian","category":"persistent_low_backscatter","area_ha":1.0,"center_lon":-64.269903,"center_lat":45.961339,"threshold_db":-18.086,"sensor":"Sentinel-1","polarization":"HV","interpretation":"candidate only; requires validation"}},{"type":"Feature","id":"dorian-s1-0245","geometry":{"type":"Polygon","coordinates":[[[-64.265397,45.961839],[-64.265387,45.961389],[-64.266677,45.961375],[-64.266667,45.960925],[-64.265377,45.960939],[-64.265387,45.961389],[-64.263451,45.96141],[-64.263462,45.96186],[-64.265397,45.961839]]]},"properties":{"feature_id":"dorian-s1-0245","event_id":"dorian","category":"new_low_backscatter_after_dorian","area_ha":1.25,"center_lon":-64.265064,"center_lat":45.961393,"threshold_db":-18.086,"sensor":"Sentinel-1","polarization":"HV","interpretation":"candidate only; requires validation"}},{"type":"Feature","id":"dorian-s1-0246","geometry":{"type":"Polygon","coordinates":[[[-64.194442,45.963053],[-64.194422,45.962153],[-64.193777,45.962159],[-64.193758,45.96126],[-64.192468,45.961273],[-64.192477,45.961723],[-64.193122,45.961716],[-64.193142,45.962616],[-64.193787,45.962609],[-64.193796,45.963059],[-64.194442,45.963053]]]},"properties":{"feature_id":"dorian-s1-0246","event_id":"dorian","category":"persistent_low_backscatter","area_ha":1.5,"center_lon":-64.193455,"center_lat":45.962159,"threshold_db":-18.086,"sensor":"Sentinel-1","polarization":"HV","interpretation":"candidate only; requires validation"}},{"type":"Feature","id":"dorian-s1-0247","geometry":{"type":"Polygon","coordinates":[[[-64.184764,45.963153],[-64.184755,45.962703],[-64.1854,45.962697],[-64.185381,45.961797],[-64.184735,45.961803],[-64.184726,45.961354],[-64.184081,45.96136],[-64.1841,45.96226],[-64.184745,45.962253],[-64.184755,45.962703],[-64.184109,45.96271],[-64.184119,45.96316],[-64.184764,45.963153]]]},"properties":{"feature_id":"dorian-s1-0247","event_id":"dorian","category":"new_low_backscatter_after_dorian","area_ha":1.25,"center_lon":-64.184741,"center_lat":45.962257,"threshold_db":-18.086,"sensor":"Sentinel-1","polarization":"HV","interpretation":"candidate only; requires validation"}},{"type":"Feature","id":"dorian-s1-0248","geometry":{"type":"Polygon","coordinates":[[[-64.335069,45.961046],[-64.335047,45.960146],[-64.334402,45.960154],[-64.334391,45.959704],[-64.333746,45.959711],[-64.333768,45.960611],[-64.334413,45.960604],[-64.334424,45.961053],[-64.335069,45.961046]]]},"properties":{"feature_id":"dorian-s1-0248","event_id":"dorian","category":"new_low_backscatter_after_dorian","area_ha":1.0,"center_lon":-64.334407,"center_lat":45.960379,"threshold_db":-18.086,"sensor":"Sentinel-1","polarization":"HV","interpretation":"candidate only; requires validation"}},{"type":"Feature","id":"dorian-s1-0249","geometry":{"type":"Polygon","coordinates":[[[-64.326038,45.961151],[-64.326027,45.960701],[-64.325382,45.960709],[-64.325371,45.960259],[-64.326016,45.960251],[-64.326005,45.959801],[-64.32536,45.959809],[-64.325371,45.960259],[-64.324081,45.960274],[-64.324092,45.960724],[-64.325382,45.960709],[-64.325393,45.961159],[-64.326038,45.961151]]]},"properties":{"feature_id":"dorian-s1-0249","event_id":"dorian","category":"new_low_backscatter_after_dorian","area_ha":1.0,"center_lon":-64.32506,"center_lat":45.96048,"threshold_db":-18.086,"sensor":"Sentinel-1","polarization":"HV","interpretation":"candidate only; requires validation"}},{"type":"Feature","id":"dorian-s1-0250","geometry":{"type":"Polygon","coordinates":[[[-64.401501,45.9598],[-64.40149,45.959351],[-64.400845,45.959358],[-64.400834,45.958909],[-64.398898,45.958932],[-64.39891,45.959382],[-64.4002,45.959366],[-64.400211,45.959816],[-64.401501,45.9598]]]},"properties":{"feature_id":"dorian-s1-0250","event_id":"dorian","category":"new_low_backscatter_after_dorian","area_ha":1.25,"center_lon":-64.400199,"center_lat":45.959362,"threshold_db":-18.086,"sensor":"Sentinel-1","polarization":"HV","interpretation":"candidate only; requires validation"}},{"type":"Feature","id":"dorian-s1-0251","geometry":{"type":"Polygon","coordinates":[[[-64.320887,45.961661],[-64.320877,45.961211],[-64.322167,45.961196],[-64.322156,45.960746],[-64.322801,45.960739],[-64.322791,45.960289],[-64.321501,45.960304],[-64.32149,45.959854],[-64.320845,45.959861],[-64.320834,45.959411],[-64.320189,45.959419],[-64.32021,45.960319],[-64.320855,45.960311],[-64.320866,45.960761],[-64.320221,45.960768],[-64.320242,45.961668],[-64.320887,45.961661]]]},"properties":{"feature_id":"dorian-s1-0251","event_id":"dorian","category":"persistent_low_backscatter","area_ha":2.5,"center_lon":-64.321495,"center_lat":45.96054,"threshold_db":-18.086,"sensor":"Sentinel-1","polarization":"HV","interpretation":"candidate only; requires validation"}},{"type":"Feature","id":"dorian-s1-0252","geometry":{"type":"Polygon","coordinates":[[[-64.188616,45.962213],[-64.188587,45.960863],[-64.187942,45.96087],[-64.187952,45.96132],[-64.187306,45.961327],[-64.187326,45.962227],[-64.188616,45.962213]]]},"properties":{"feature_id":"dorian-s1-0252","event_id":"dorian","category":"new_low_backscatter_after_dorian","area_ha":1.25,"center_lon":-64.187961,"center_lat":45.961545,"threshold_db":-18.086,"sensor":"Sentinel-1","polarization":"HV","interpretation":"candidate only; requires validation"}},{"type":"Feature","id":"dorian-s1-0253","geometry":{"type":"Polygon","coordinates":[[[-64.143492,45.964474],[-64.143474,45.963574],[-64.144119,45.963567],[-64.144091,45.962218],[-64.144736,45.962211],[-64.144727,45.961761],[-64.146017,45.961748],[-64.146008,45.961298],[-64.144718,45.961311],[-64.144727,45.961761],[-64.143437,45.961774],[-64.143446,45.962224],[-64.140865,45.96225],[-64.140874,45.9627],[-64.139584,45.962713],[-64.139603,45.963613],[-64.138957,45.963619],[-64.138967,45.964069],[-64.138321,45.964075],[-64.138331,45.964525],[-64.139621,45.964512],[-64.139612,45.964063],[-64.142193,45.964037],[-64.142202,45.964487],[-64.143492,45.964474]]]},"properties":{"feature_id":"dorian-s1-0253","event_id":"dorian","category":"persistent_low_backscatter","area_ha":8.5,"center_lon":-64.142169,"center_lat":45.962912,"threshold_db":-18.086,"sensor":"Sentinel-1","polarization":"HV","interpretation":"candidate only; requires validation"}},{"type":"Feature","id":"dorian-s1-0254","geometry":{"type":"Polygon","coordinates":[[[-64.270517,45.959982],[-64.270507,45.959532],[-64.269862,45.959539],[-64.269851,45.959089],[-64.267271,45.959118],[-64.267281,45.959568],[-64.267926,45.959561],[-64.267936,45.960011],[-64.268582,45.960003],[-64.268571,45.959553],[-64.269216,45.959546],[-64.269227,45.959996],[-64.270517,45.959982]]]},"properties":{"feature_id":"dorian-s1-0254","event_id":"dorian","category":"persistent_low_backscatter","area_ha":1.75,"center_lon":-64.268894,"center_lat":45.95955,"threshold_db":-18.086,"sensor":"Sentinel-1","polarization":"HV","interpretation":"candidate only; requires validation"}},{"type":"Feature","id":"dorian-s1-0255","geometry":{"type":"Polygon","coordinates":[[[-64.224883,45.968131],[-64.224873,45.967681],[-64.225518,45.967674],[-64.225508,45.967224],[-64.226153,45.967217],[-64.226123,45.965867],[-64.225478,45.965874],[-64.225468,45.965424],[-64.226759,45.96541],[-64.226749,45.96496],[-64.227394,45.964953],[-64.227384,45.964504],[-64.228674,45.96449],[-64.228664,45.96404],[-64.22931,45.964033],[-64.22929,45.963133],[-64.23058,45.963119],[-64.23059,45.963569],[-64.231235,45.963562],[-64.231225,45.963112],[-64.23187,45.963105],[-64.23186,45.962655],[-64.232505,45.962648],[-64.232465,45.960849],[-64.233111,45.960842],[-64.233101,45.960392],[-64.233746,45.960385],[-64.233736,45.959935],[-64.235026,45.959921],[-64.235016,45.959471],[-64.233081,45.959492],[-64.233091,45.959942],[-64.231155,45.959963],[-64.231165,45.960413],[-64.229875,45.960427],[-64.229885,45.960876],[-64.22924,45.960883],[-64.22925,45.961333],[-64.228605,45.96134],[-64.228615,45.96179],[-64.227969,45.961797],[-64.227979,45.962247],[-64.226689,45.962261],[-64.226699,45.962711],[-64.226054,45.962718],[-64.226074,45.963618],[-64.224783,45.963631],[-64.224793,45.964081],[-64.224148,45.964088],[-64.224158,45.964538],[-64.223513,45.964545],[-64.223553,45.966345],[-64.222907,45.966352],[-64.222927,45.967251],[-64.223572,45.967245],[-64.223582,45.967694],[-64.224228,45.967688],[-64.224237,45.968137],[-64.224883,45.968131]]]},"properties":{"feature_id":"dorian-s1-0255","event_id":"dorian","category":"persistent_low_backscatter","area_ha":25.0,"center_lon":-64.228967,"center_lat":45.963804,"threshold_db":-18.086,"sensor":"Sentinel-1","polarization":"HV","interpretation":"candidate only; requires validation"}},{"type":"Feature","id":"dorian-s1-0256","geometry":{"type":"Polygon","coordinates":[[[-64.295041,45.960157],[-64.29502,45.959257],[-64.295665,45.959249],[-64.295655,45.9588],[-64.29501,45.958807],[-64.294999,45.958357],[-64.293709,45.958372],[-64.293719,45.958821],[-64.29501,45.958807],[-64.29502,45.959257],[-64.294375,45.959264],[-64.294385,45.959714],[-64.29374,45.959721],[-64.293751,45.960171],[-64.295041,45.960157]]]},"properties":{"feature_id":"dorian-s1-0256","event_id":"dorian","category":"new_low_backscatter_after_dorian","area_ha":1.5,"center_lon":-64.294687,"center_lat":45.959264,"threshold_db":-18.086,"sensor":"Sentinel-1","polarization":"HV","interpretation":"candidate only; requires validation"}},{"type":"Feature","id":"dorian-s1-0257","geometry":{"type":"Polygon","coordinates":[[[-64.262776,45.960068],[-64.262755,45.959168],[-64.264045,45.959154],[-64.264056,45.959603],[-64.264701,45.959596],[-64.26469,45.959146],[-64.264045,45.959154],[-64.264035,45.958704],[-64.26339,45.958711],[-64.26338,45.958261],[-64.262735,45.958268],[-64.262755,45.959168],[-64.26211,45.959175],[-64.262131,45.960075],[-64.262776,45.960068]]]},"properties":{"feature_id":"dorian-s1-0257","event_id":"dorian","category":"new_low_backscatter_after_dorian","area_ha":1.5,"center_lon":-64.263406,"center_lat":45.959168,"threshold_db":-18.086,"sensor":"Sentinel-1","polarization":"HV","interpretation":"candidate only; requires validation"}},{"type":"Feature","id":"dorian-s1-0258","geometry":{"type":"Polygon","coordinates":[[[-64.311782,45.958616],[-64.311771,45.958166],[-64.312416,45.958158],[-64.312405,45.957708],[-64.31176,45.957716],[-64.31175,45.957266],[-64.311105,45.957273],[-64.311137,45.958623],[-64.311782,45.958616]]]},"properties":{"feature_id":"dorian-s1-0258","event_id":"dorian","category":"persistent_low_backscatter","area_ha":1.0,"center_lon":-64.31176,"center_lat":45.957944,"threshold_db":-18.086,"sensor":"Sentinel-1","polarization":"HV","interpretation":"candidate only; requires validation"}},{"type":"Feature","id":"dorian-s1-0259","geometry":{"type":"Polygon","coordinates":[[[-64.338273,45.960108],[-64.338262,45.959659],[-64.336972,45.959674],[-64.336961,45.959224],[-64.336316,45.959231],[-64.336305,45.958781],[-64.337595,45.958766],[-64.337606,45.959216],[-64.338251,45.959209],[-64.33824,45.958759],[-64.337595,45.958766],[-64.337584,45.958316],[-64.340165,45.958286],[-64.340176,45.958736],[-64.341466,45.958721],[-64.341455,45.958271],[-64.340165,45.958286],[-64.340154,45.957836],[-64.338219,45.957859],[-64.338208,45.957409],[-64.338853,45.957401],[-64.338842,45.956952],[-64.338197,45.956959],[-64.338186,45.956509],[-64.337541,45.956517],[-64.337552,45.956967],[-64.338197,45.956959],[-64.338208,45.957409],[-64.337563,45.957417],[-64.337584,45.958316],[-64.336294,45.958331],[-64.336305,45.958781],[-64.33566,45.958789],[-64.335671,45.959239],[-64.335026,45.959246],[-64.335037,45.959696],[-64.336972,45.959674],[-64.336983,45.960124],[-64.338273,45.960108]]]},"properties":{"feature_id":"dorian-s1-0259","event_id":"dorian","category":"new_low_backscatter_after_dorian","area_ha":4.5,"center_lon":-64.338246,"center_lat":45.958316,"threshold_db":-18.086,"sensor":"Sentinel-1","polarization":"HV","interpretation":"candidate only; requires validation"}},{"type":"Feature","id":"dorian-s1-0260","geometry":{"type":"Polygon","coordinates":[[[-64.189839,45.95905],[-64.189829,45.9586],[-64.188539,45.958614],[-64.188529,45.958164],[-64.186594,45.958184],[-64.186604,45.958634],[-64.188539,45.958614],[-64.188549,45.959064],[-64.189839,45.95905]]]},"properties":{"feature_id":"dorian-s1-0260","event_id":"dorian","category":"low_backscatter_no_longer_present","area_ha":1.25,"center_lon":-64.188217,"center_lat":45.958614,"threshold_db":-18.086,"sensor":"Sentinel-1","polarization":"HV","interpretation":"candidate only; requires validation"}},{"type":"Feature","id":"dorian-s1-0261","geometry":{"type":"Polygon","coordinates":[[[-64.271121,45.958175],[-64.271111,45.957725],[-64.271756,45.957718],[-64.271745,45.957268],[-64.270455,45.957282],[-64.270445,45.956832],[-64.2698,45.95684],[-64.269831,45.958189],[-64.271121,45.958175]]]},"properties":{"feature_id":"dorian-s1-0261","event_id":"dorian","category":"new_low_backscatter_after_dorian","area_ha":1.5,"center_lon":-64.270778,"center_lat":45.95751,"threshold_db":-18.086,"sensor":"Sentinel-1","polarization":"HV","interpretation":"candidate only; requires validation"}},{"type":"Feature","id":"dorian-s1-0262","geometry":{"type":"Polygon","coordinates":[[[-64.265336,45.959139],[-64.265325,45.958689],[-64.26468,45.958697],[-64.26467,45.958247],[-64.264025,45.958254],[-64.264015,45.957804],[-64.265305,45.95779],[-64.265295,45.95734],[-64.26594,45.957333],[-64.265929,45.956883],[-64.265284,45.95689],[-64.265295,45.95734],[-64.264004,45.957354],[-64.264015,45.957804],[-64.26337,45.957811],[-64.26338,45.958261],[-64.264025,45.958254],[-64.264045,45.959154],[-64.265336,45.959139]]]},"properties":{"feature_id":"dorian-s1-0262","event_id":"dorian","category":"persistent_low_backscatter","area_ha":1.75,"center_lon":-64.264655,"center_lat":45.958018,"threshold_db":-18.086,"sensor":"Sentinel-1","polarization":"HV","interpretation":"candidate only; requires validation"}},{"type":"Feature","id":"dorian-s1-0263","geometry":{"type":"Polygon","coordinates":[[[-64.32278,45.959839],[-64.322769,45.959389],[-64.322124,45.959396],[-64.322113,45.958946],[-64.321468,45.958954],[-64.321458,45.958504],[-64.319523,45.958526],[-64.31949,45.957177],[-64.318845,45.957184],[-64.318835,45.956734],[-64.31819,45.956742],[-64.318179,45.956292],[-64.317534,45.956299],[-64.317523,45.955849],[-64.316878,45.955857],[-64.316889,45.956307],[-64.316244,45.956314],[-64.316265,45.957214],[-64.31691,45.957206],[-64.316921,45.957656],[-64.318211,45.957641],[-64.3182,45.957192],[-64.318845,45.957184],[-64.318877,45.958534],[-64.319523,45.958526],[-64.319533,45.958976],[-64.321468,45.958954],[-64.321479,45.959404],[-64.322124,45.959396],[-64.322135,45.959846],[-64.32278,45.959839]],[[-64.3182,45.957192],[-64.31691,45.957206],[-64.316889,45.956307],[-64.317534,45.956299],[-64.317545,45.956749],[-64.31819,45.956742],[-64.3182,45.957192]]]},"properties":{"feature_id":"dorian-s1-0263","event_id":"dorian","category":"new_low_backscatter_after_dorian","area_ha":3.75,"center_lon":-64.319512,"center_lat":45.957847,"threshold_db":-18.086,"sensor":"Sentinel-1","polarization":"HV","interpretation":"candidate only; requires validation"}},{"type":"Feature","id":"dorian-s1-0264","geometry":{"type":"Polygon","coordinates":[[[-64.256939,45.958782],[-64.256929,45.958332],[-64.257574,45.958325],[-64.257564,45.957875],[-64.256919,45.957882],[-64.256909,45.957432],[-64.257554,45.957425],[-64.257533,45.956525],[-64.256888,45.956532],[-64.256909,45.957432],[-64.256264,45.957439],[-64.256294,45.958789],[-64.256939,45.958782]]]},"properties":{"feature_id":"dorian-s1-0264","event_id":"dorian","category":"new_low_backscatter_after_dorian","area_ha":1.5,"center_lon":-64.256919,"center_lat":45.957657,"threshold_db":-18.086,"sensor":"Sentinel-1","polarization":"HV","interpretation":"candidate only; requires validation"}},{"type":"Feature","id":"dorian-s1-0265","geometry":{"type":"Polygon","coordinates":[[[-64.31562,45.957221],[-64.315599,45.956322],[-64.314954,45.956329],[-64.314943,45.955879],[-64.314298,45.955886],[-64.314309,45.956336],[-64.314954,45.956329],[-64.314964,45.956779],[-64.313029,45.956801],[-64.31304,45.957251],[-64.31562,45.957221]]]},"properties":{"feature_id":"dorian-s1-0265","event_id":"dorian","category":"new_low_backscatter_after_dorian","area_ha":1.5,"center_lon":-64.314324,"center_lat":45.956565,"threshold_db":-18.086,"sensor":"Sentinel-1","polarization":"HV","interpretation":"candidate only; requires validation"}},{"type":"Feature","id":"dorian-s1-0266","geometry":{"type":"Polygon","coordinates":[[[-64.261455,45.958732],[-64.261445,45.958282],[-64.26209,45.958275],[-64.262079,45.957825],[-64.264015,45.957804],[-64.264025,45.958254],[-64.265315,45.958239],[-64.265305,45.95779],[-64.266595,45.957775],[-64.266575,45.956875],[-64.265929,45.956883],[-64.26594,45.957333],[-64.265295,45.95734],[-64.265305,45.95779],[-64.264015,45.957804],[-64.264004,45.957354],[-64.263359,45.957361],[-64.263339,45.956461],[-64.262049,45.956475],[-64.262059,45.956925],[-64.262704,45.956918],[-64.262714,45.957368],[-64.260779,45.95739],[-64.260789,45.957839],[-64.260144,45.957847],[-64.260134,45.957397],[-64.259489,45.957404],[-64.259509,45.958304],[-64.258864,45.958311],[-64.258874,45.958761],[-64.25952,45.958754],[-64.259509,45.958304],[-64.2608,45.958289],[-64.26081,45.958739],[-64.261455,45.958732]]]},"properties":{"feature_id":"dorian-s1-0266","event_id":"dorian","category":"new_low_backscatter_after_dorian","area_ha":5.0,"center_lon":-64.26273,"center_lat":45.957611,"threshold_db":-18.086,"sensor":"Sentinel-1","polarization":"HV","interpretation":"candidate only; requires validation"}},{"type":"Feature","id":"dorian-s1-0267","geometry":{"type":"Polygon","coordinates":[[[-64.265284,45.95689],[-64.265274,45.95644],[-64.265919,45.956433],[-64.265909,45.955983],[-64.265264,45.95599],[-64.265274,45.95644],[-64.264629,45.956447],[-64.264619,45.955997],[-64.263974,45.956004],[-64.263994,45.956904],[-64.265284,45.95689]]]},"properties":{"feature_id":"dorian-s1-0267","event_id":"dorian","category":"new_low_backscatter_after_dorian","area_ha":1.0,"center_lon":-64.264947,"center_lat":45.956444,"threshold_db":-18.086,"sensor":"Sentinel-1","polarization":"HV","interpretation":"candidate only; requires validation"}},{"type":"Feature","id":"dorian-s1-0268","geometry":{"type":"Polygon","coordinates":[[[-64.155638,45.958951],[-64.155629,45.958501],[-64.156274,45.958495],[-64.156237,45.956695],[-64.155592,45.956702],[-64.15561,45.957602],[-64.154965,45.957608],[-64.154956,45.957158],[-64.154311,45.957165],[-64.154329,45.958064],[-64.153684,45.958071],[-64.153694,45.958521],[-64.154339,45.958514],[-64.154348,45.958964],[-64.155638,45.958951]]]},"properties":{"feature_id":"dorian-s1-0268","event_id":"dorian","category":"new_low_backscatter_after_dorian","area_ha":3.0,"center_lon":-64.154979,"center_lat":45.95783,"threshold_db":-18.086,"sensor":"Sentinel-1","polarization":"HV","interpretation":"candidate only; requires validation"}},{"type":"Feature","id":"dorian-s1-0269","geometry":{"type":"Polygon","coordinates":[[[-64.389778,45.955443],[-64.389755,45.954544],[-64.388465,45.954559],[-64.388454,45.954109],[-64.387809,45.954117],[-64.38782,45.954567],[-64.388465,45.954559],[-64.388476,45.955009],[-64.389121,45.955001],[-64.389133,45.955451],[-64.389778,45.955443]]]},"properties":{"feature_id":"dorian-s1-0269","event_id":"dorian","category":"low_backscatter_no_longer_present","area_ha":1.0,"center_lon":-64.388794,"center_lat":45.95478,"threshold_db":-18.086,"sensor":"Sentinel-1","polarization":"HV","interpretation":"candidate only; requires validation"}},{"type":"Feature","id":"dorian-s1-0270","geometry":{"type":"Polygon","coordinates":[[[-64.247867,45.957081],[-64.247837,45.955732],[-64.247192,45.955739],[-64.247212,45.956638],[-64.246567,45.956645],[-64.246577,45.957095],[-64.247867,45.957081]]]},"properties":{"feature_id":"dorian-s1-0270","event_id":"dorian","category":"new_low_backscatter_after_dorian","area_ha":1.0,"center_lon":-64.247217,"center_lat":45.956413,"threshold_db":-18.086,"sensor":"Sentinel-1","polarization":"HV","interpretation":"candidate only; requires validation"}},{"type":"Feature","id":"dorian-s1-0271","geometry":{"type":"Polygon","coordinates":[[[-64.248947,45.97642],[-64.248937,45.975971],[-64.250228,45.975956],[-64.250218,45.975507],[-64.250863,45.975499],[-64.250843,45.9746],[-64.251488,45.974593],[-64.251478,45.974143],[-64.252123,45.974136],[-64.252093,45.972786],[-64.252738,45.972779],[-64.252718,45.971879],[-64.254008,45.971865],[-64.253998,45.971415],[-64.255288,45.971401],[-64.255278,45.970951],[-64.255924,45.970944],[-64.255913,45.970494],[-64.256559,45.970487],[-64.256528,45.969137],[-64.257173,45.96913],[-64.257153,45.96823],[-64.259088,45.968209],[-64.259078,45.967759],[-64.259723,45.967752],[-64.259713,45.967302],[-64.260358,45.967295],[-64.260369,45.967745],[-64.261014,45.967738],[-64.260993,45.966838],[-64.261639,45.966831],[-64.261628,45.966381],[-64.262919,45.966366],[-64.262909,45.965916],[-64.264844,45.965895],[-64.264854,45.966345],[-64.264209,45.966352],[-64.264219,45.966802],[-64.264865,45.966795],[-64.264854,45.966345],[-64.266145,45.966331],[-64.266134,45.965881],[-64.267425,45.965866],[-64.267414,45.965417],[-64.268705,45.965402],[-64.268695,45.964952],[-64.26934,45.964945],[-64.269319,45.964045],[-64.269964,45.964038],[-64.269923,45.962239],[-64.268633,45.962253],[-64.268643,45.962703],[-64.269288,45.962696],[-64.269309,45.963595],[-64.268664,45.963603],[-64.268674,45.964053],[-64.266739,45.964074],[-64.266749,45.964524],[-64.265459,45.964538],[-64.265469,45.964988],[-64.263533,45.96501],[-64.263523,45.96456],[-64.262878,45.964567],[-64.262857,45.963667],[-64.262212,45.963674],[-64.262202,45.963224],[-64.261557,45.963231],[-64.261506,45.960982],[-64.260861,45.960989],[-64.260851,45.960539],[-64.25956,45.960553],[-64.25955,45.960103],[-64.258905,45.96011],[-64.258895,45.95966],[-64.25825,45.959668],[-64.25824,45.959218],[-64.256949,45.959232],[-64.256939,45.958782],[-64.256294,45.958789],[-64.256264,45.957439],[-64.256909,45.957432],[-64.256888,45.956532],[-64.256243,45.956539],[-64.256233,45.95609],[-64.254298,45.956111],[-64.254288,45.955661],[-64.253643,45.955668],[-64.253633,45.955218],[-64.252987,45.955225],[-64.252977,45.954775],[-64.251687,45.954789],[-64.251677,45.954339],[-64.249742,45.954361],[-64.249752,45.954811],[-64.249107,45.954818],[-64.249158,45.957067],[-64.248513,45.957074],[-64.248523,45.957524],[-64.251103,45.957496],[-64.251093,45.957046],[-64.253028,45.957025],[-64.253048,45.957925],[-64.252403,45.957932],[-64.252444,45.959731],[-64.251799,45.959738],[-64.251809,45.960188],[-64.251164,45.960195],[-64.251194,45.961545],[-64.251839,45.961538],[-64.251849,45.961988],[-64.252495,45.961981],[-64.252525,45.963331],[-64.253815,45.963316],[-64.253805,45.962867],[-64.25445,45.96286],[-64.254471,45.963759],[-64.253825,45.963766],[-64.253836,45.964216],[-64.255771,45.964195],[-64.255781,45.964645],[-64.256426,45.964638],[-64.256467,45.966438],[-64.255822,45.966445],[-64.255832,45.966895],[-64.255187,45.966902],[-64.255207,45.967801],[-64.254562,45.967809],[-64.254572,45.968258],[-64.253927,45.968266],[-64.253937,45.968715],[-64.252647,45.96873],[-64.252687,45.970529],[-64.251397,45.970543],[-64.251417,45.971443],[-64.250772,45.97145],[-64.250782,45.9719],[-64.250137,45.971907],[-64.250157,45.972807],[-64.248866,45.972821],[-64.248877,45.973271],[-64.248231,45.973278],[-64.248241,45.973728],[-64.247596,45.973735],[-64.247616,45.974635],[-64.24568,45.974656],[-64.245721,45.976456],[-64.248947,45.97642]]]},"properties":{"feature_id":"dorian-s1-0271","event_id":"dorian","category":"persistent_low_backscatter","area_ha":113.75,"center_lon":-64.257822,"center_lat":45.965397,"threshold_db":-18.086,"sensor":"Sentinel-1","polarization":"HV","interpretation":"candidate only; requires validation"}},{"type":"Feature","id":"dorian-s1-0272","geometry":{"type":"Polygon","coordinates":[[[-64.191081,45.956787],[-64.191071,45.956337],[-64.191716,45.956331],[-64.191707,45.955881],[-64.190416,45.955894],[-64.190407,45.955444],[-64.189762,45.955451],[-64.189752,45.955001],[-64.189107,45.955008],[-64.189117,45.955458],[-64.188472,45.955464],[-64.188481,45.955914],[-64.190416,45.955894],[-64.190436,45.956794],[-64.191081,45.956787]]]},"properties":{"feature_id":"dorian-s1-0272","event_id":"dorian","category":"low_backscatter_no_longer_present","area_ha":1.75,"center_lon":-64.190094,"center_lat":45.955898,"threshold_db":-18.086,"sensor":"Sentinel-1","polarization":"HV","interpretation":"candidate only; requires validation"}},{"type":"Feature","id":"dorian-s1-0273","geometry":{"type":"Polygon","coordinates":[[[-64.385229,45.954149],[-64.385218,45.953699],[-64.385863,45.953691],[-64.385851,45.953241],[-64.384561,45.953257],[-64.38455,45.952807],[-64.38326,45.952822],[-64.383283,45.953722],[-64.384573,45.953706],[-64.384584,45.954156],[-64.385229,45.954149]]]},"properties":{"feature_id":"dorian-s1-0273","event_id":"dorian","category":"persistent_low_backscatter","area_ha":1.75,"center_lon":-64.384562,"center_lat":45.953481,"threshold_db":-18.086,"sensor":"Sentinel-1","polarization":"HV","interpretation":"candidate only; requires validation"}},{"type":"Feature","id":"dorian-s1-0274","geometry":{"type":"Polygon","coordinates":[[[-64.207198,45.956168],[-64.207179,45.955268],[-64.206533,45.955275],[-64.206524,45.954825],[-64.205234,45.954839],[-64.205243,45.955289],[-64.206533,45.955275],[-64.206553,45.956175],[-64.207198,45.956168]]]},"properties":{"feature_id":"dorian-s1-0274","event_id":"dorian","category":"new_low_backscatter_after_dorian","area_ha":1.0,"center_lon":-64.206216,"center_lat":45.9555,"threshold_db":-18.086,"sensor":"Sentinel-1","polarization":"HV","interpretation":"candidate only; requires validation"}},{"type":"Feature","id":"dorian-s1-0275","geometry":{"type":"Polygon","coordinates":[[[-64.310396,45.954581],[-64.310385,45.954131],[-64.30974,45.954139],[-64.30973,45.953689],[-64.309085,45.953696],[-64.309074,45.953246],[-64.308429,45.953254],[-64.30844,45.953704],[-64.309085,45.953696],[-64.309106,45.954596],[-64.310396,45.954581]]]},"properties":{"feature_id":"dorian-s1-0275","event_id":"dorian","category":"new_low_backscatter_after_dorian","area_ha":1.0,"center_lon":-64.309413,"center_lat":45.953921,"threshold_db":-18.086,"sensor":"Sentinel-1","polarization":"HV","interpretation":"candidate only; requires validation"}},{"type":"Feature","id":"dorian-s1-0276","geometry":{"type":"Polygon","coordinates":[[[-64.210423,45.956134],[-64.210414,45.955684],[-64.211704,45.95567],[-64.211694,45.95522],[-64.210404,45.955234],[-64.210394,45.954784],[-64.209749,45.954791],[-64.209739,45.954341],[-64.209094,45.954348],[-64.209114,45.955248],[-64.209759,45.955241],[-64.209769,45.955691],[-64.209124,45.955698],[-64.209133,45.956148],[-64.210423,45.956134]]]},"properties":{"feature_id":"dorian-s1-0276","event_id":"dorian","category":"new_low_backscatter_after_dorian","area_ha":2.0,"center_lon":-64.210399,"center_lat":45.955244,"threshold_db":-18.086,"sensor":"Sentinel-1","polarization":"HV","interpretation":"candidate only; requires validation"}},{"type":"Feature","id":"dorian-s1-0277","geometry":{"type":"Polygon","coordinates":[[[-64.352956,45.953635],[-64.352934,45.952735],[-64.351644,45.952751],[-64.351634,45.952301],[-64.350989,45.952308],[-64.351,45.952758],[-64.351644,45.952751],[-64.351655,45.953201],[-64.3523,45.953193],[-64.352311,45.953643],[-64.352956,45.953635]]]},"properties":{"feature_id":"dorian-s1-0277","event_id":"dorian","category":"low_backscatter_no_longer_present","area_ha":1.0,"center_lon":-64.351973,"center_lat":45.952972,"threshold_db":-18.086,"sensor":"Sentinel-1","polarization":"HV","interpretation":"candidate only; requires validation"}},{"type":"Feature","id":"dorian-s1-0278","geometry":{"type":"Polygon","coordinates":[[[-64.176215,45.955591],[-64.176206,45.955141],[-64.176851,45.955135],[-64.176841,45.954685],[-64.176196,45.954691],[-64.176187,45.954241],[-64.175542,45.954248],[-64.17557,45.955598],[-64.176215,45.955591]]]},"properties":{"feature_id":"dorian-s1-0278","event_id":"dorian","category":"new_low_backscatter_after_dorian","area_ha":1.0,"center_lon":-64.176197,"center_lat":45.95492,"threshold_db":-18.086,"sensor":"Sentinel-1","polarization":"HV","interpretation":"candidate only; requires validation"}},{"type":"Feature","id":"dorian-s1-0279","geometry":{"type":"Polygon","coordinates":[[[-64.34714,45.953254],[-64.34713,45.952804],[-64.347775,45.952796],[-64.347753,45.951897],[-64.346463,45.951912],[-64.346495,45.953261],[-64.34714,45.953254]]]},"properties":{"feature_id":"dorian-s1-0279","event_id":"dorian","category":"new_low_backscatter_after_dorian","area_ha":1.25,"center_lon":-64.347119,"center_lat":45.952579,"threshold_db":-18.086,"sensor":"Sentinel-1","polarization":"HV","interpretation":"candidate only; requires validation"}},{"type":"Feature","id":"dorian-s1-0280","geometry":{"type":"Polygon","coordinates":[[[-64.34456,45.953284],[-64.344528,45.951935],[-64.342593,45.951957],[-64.342604,45.952407],[-64.343249,45.9524],[-64.34326,45.95285],[-64.343905,45.952842],[-64.343915,45.953292],[-64.34456,45.953284]]]},"properties":{"feature_id":"dorian-s1-0280","event_id":"dorian","category":"persistent_low_backscatter","area_ha":1.5,"center_lon":-64.343576,"center_lat":45.952613,"threshold_db":-18.086,"sensor":"Sentinel-1","polarization":"HV","interpretation":"candidate only; requires validation"}},{"type":"Feature","id":"dorian-s1-0281","geometry":{"type":"Polygon","coordinates":[[[-64.393603,45.953597],[-64.393569,45.952247],[-64.392924,45.952255],[-64.392912,45.951805],[-64.394202,45.951789],[-64.394191,45.951339],[-64.392901,45.951355],[-64.392912,45.951805],[-64.392267,45.951813],[-64.392279,45.952263],[-64.391634,45.952271],[-64.391645,45.95272],[-64.392935,45.952705],[-64.392958,45.953605],[-64.393603,45.953597]]]},"properties":{"feature_id":"dorian-s1-0281","event_id":"dorian","category":"new_low_backscatter_after_dorian","area_ha":2.0,"center_lon":-64.392918,"center_lat":45.952472,"threshold_db":-18.086,"sensor":"Sentinel-1","polarization":"HV","interpretation":"candidate only; requires validation"}},{"type":"Feature","id":"dorian-s1-0282","geometry":{"type":"Polygon","coordinates":[[[-64.391,45.952728],[-64.390978,45.951829],[-64.391623,45.951821],[-64.3916,45.950921],[-64.39031,45.950937],[-64.390321,45.951387],[-64.390966,45.951379],[-64.390978,45.951829],[-64.390333,45.951836],[-64.390355,45.952736],[-64.391,45.952728]]]},"properties":{"feature_id":"dorian-s1-0282","event_id":"dorian","category":"new_low_backscatter_after_dorian","area_ha":1.25,"center_lon":-64.390966,"center_lat":45.951829,"threshold_db":-18.086,"sensor":"Sentinel-1","polarization":"HV","interpretation":"candidate only; requires validation"}},{"type":"Feature","id":"dorian-s1-0283","geometry":{"type":"Polygon","coordinates":[[[-64.309064,45.952796],[-64.309053,45.952346],[-64.307118,45.952369],[-64.307107,45.951919],[-64.306462,45.951926],[-64.306484,45.952826],[-64.309064,45.952796]]]},"properties":{"feature_id":"dorian-s1-0283","event_id":"dorian","category":"new_low_backscatter_after_dorian","area_ha":1.25,"center_lon":-64.307763,"center_lat":45.952372,"threshold_db":-18.086,"sensor":"Sentinel-1","polarization":"HV","interpretation":"candidate only; requires validation"}},{"type":"Feature","id":"dorian-s1-0284","geometry":{"type":"Polygon","coordinates":[[[-64.200708,45.954436],[-64.200689,45.953537],[-64.201334,45.95353],[-64.201344,45.95398],[-64.201989,45.953973],[-64.201979,45.953523],[-64.201334,45.95353],[-64.201324,45.95308],[-64.200034,45.953093],[-64.200063,45.954443],[-64.200708,45.954436]]]},"properties":{"feature_id":"dorian-s1-0284","event_id":"dorian","category":"new_low_backscatter_after_dorian","area_ha":1.25,"center_lon":-64.201011,"center_lat":45.953761,"threshold_db":-18.086,"sensor":"Sentinel-1","polarization":"HV","interpretation":"candidate only; requires validation"}},{"type":"Feature","id":"dorian-s1-0285","geometry":{"type":"Polygon","coordinates":[[[-64.273588,45.953197],[-64.273577,45.952747],[-64.272932,45.952755],[-64.272912,45.951855],[-64.272267,45.951862],[-64.272287,45.952762],[-64.270997,45.952776],[-64.271008,45.953226],[-64.273588,45.953197]]]},"properties":{"feature_id":"dorian-s1-0285","event_id":"dorian","category":"new_low_backscatter_after_dorian","area_ha":1.5,"center_lon":-64.272292,"center_lat":45.95254,"threshold_db":-18.086,"sensor":"Sentinel-1","polarization":"HV","interpretation":"candidate only; requires validation"}},{"type":"Feature","id":"dorian-s1-0286","geometry":{"type":"Polygon","coordinates":[[[-64.171026,45.954294],[-64.170998,45.952945],[-64.170353,45.952951],[-64.170362,45.953401],[-64.169717,45.953408],[-64.169727,45.953858],[-64.170372,45.953851],[-64.170381,45.954301],[-64.171026,45.954294]]]},"properties":{"feature_id":"dorian-s1-0286","event_id":"dorian","category":"persistent_low_backscatter","area_ha":1.0,"center_lon":-64.170372,"center_lat":45.953623,"threshold_db":-18.086,"sensor":"Sentinel-1","polarization":"HV","interpretation":"candidate only; requires validation"}},{"type":"Feature","id":"dorian-s1-0287","geometry":{"type":"Polygon","coordinates":[[[-64.230391,45.954571],[-64.230381,45.954121],[-64.231026,45.954114],[-64.230996,45.952764],[-64.230351,45.952771],[-64.230331,45.951871],[-64.229686,45.951878],[-64.229706,45.952778],[-64.230351,45.952771],[-64.230371,45.953671],[-64.229726,45.953678],[-64.229736,45.954128],[-64.229091,45.954135],[-64.229081,45.953685],[-64.228436,45.953692],[-64.228456,45.954591],[-64.230391,45.954571]]]},"properties":{"feature_id":"dorian-s1-0287","event_id":"dorian","category":"new_low_backscatter_after_dorian","area_ha":2.5,"center_lon":-64.229731,"center_lat":45.953231,"threshold_db":-18.086,"sensor":"Sentinel-1","polarization":"HV","interpretation":"candidate only; requires validation"}},{"type":"Feature","id":"dorian-s1-0288","geometry":{"type":"Polygon","coordinates":[[[-64.178112,45.953772],[-64.178103,45.953322],[-64.178748,45.953315],[-64.178729,45.952415],[-64.178084,45.952422],[-64.178103,45.953322],[-64.176813,45.953335],[-64.176822,45.953785],[-64.178112,45.953772]]]},"properties":{"feature_id":"dorian-s1-0288","event_id":"dorian","category":"low_backscatter_no_longer_present","area_ha":1.0,"center_lon":-64.17778,"center_lat":45.9531,"threshold_db":-18.086,"sensor":"Sentinel-1","polarization":"HV","interpretation":"candidate only; requires validation"}},{"type":"Feature","id":"dorian-s1-0289","geometry":{"type":"Polygon","coordinates":[[[-64.329682,45.951658],[-64.329671,45.951208],[-64.328381,45.951223],[-64.328371,45.950773],[-64.327726,45.950781],[-64.327747,45.951681],[-64.329682,45.951658]]]},"properties":{"feature_id":"dorian-s1-0289","event_id":"dorian","category":"new_low_backscatter_after_dorian","area_ha":1.0,"center_lon":-64.328704,"center_lat":45.951227,"threshold_db":-18.086,"sensor":"Sentinel-1","polarization":"HV","interpretation":"candidate only; requires validation"}},{"type":"Feature","id":"dorian-s1-0290","geometry":{"type":"Polygon","coordinates":[[[-64.14586,45.9541],[-64.14585,45.95365],[-64.146495,45.953643],[-64.146486,45.953193],[-64.149066,45.953167],[-64.149057,45.952717],[-64.145832,45.95275],[-64.14585,45.95365],[-64.14456,45.953663],[-64.144551,45.953213],[-64.143906,45.953219],[-64.143915,45.953669],[-64.14456,45.953663],[-64.144569,45.954112],[-64.14586,45.9541]]]},"properties":{"feature_id":"dorian-s1-0290","event_id":"dorian","category":"new_low_backscatter_after_dorian","area_ha":2.25,"center_lon":-64.146486,"center_lat":45.953415,"threshold_db":-18.086,"sensor":"Sentinel-1","polarization":"HV","interpretation":"candidate only; requires validation"}},{"type":"Feature","id":"dorian-s1-0291","geometry":{"type":"Polygon","coordinates":[[[-64.353569,45.952278],[-64.353547,45.951378],[-64.352257,45.951393],[-64.352224,45.950044],[-64.351579,45.950051],[-64.351623,45.951851],[-64.352268,45.951843],[-64.352279,45.952293],[-64.353569,45.952278]]]},"properties":{"feature_id":"dorian-s1-0291","event_id":"dorian","category":"new_low_backscatter_after_dorian","area_ha":2.0,"center_lon":-64.352574,"center_lat":45.951168,"threshold_db":-18.086,"sensor":"Sentinel-1","polarization":"HV","interpretation":"candidate only; requires validation"}},{"type":"Feature","id":"dorian-s1-0292","geometry":{"type":"Polygon","coordinates":[[[-64.290348,45.952559],[-64.290337,45.952109],[-64.289692,45.952117],[-64.289682,45.951667],[-64.290327,45.951659],[-64.290306,45.95076],[-64.289661,45.950767],[-64.289651,45.950317],[-64.289006,45.950324],[-64.289016,45.950774],[-64.289661,45.950767],[-64.289682,45.951667],[-64.289037,45.951674],[-64.289047,45.952124],[-64.289692,45.952117],[-64.289703,45.952567],[-64.290348,45.952559]]]},"properties":{"feature_id":"dorian-s1-0292","event_id":"dorian","category":"new_low_backscatter_after_dorian","area_ha":1.25,"center_lon":-64.289677,"center_lat":45.951442,"threshold_db":-18.086,"sensor":"Sentinel-1","polarization":"HV","interpretation":"candidate only; requires validation"}},{"type":"Feature","id":"dorian-s1-0293","geometry":{"type":"Polygon","coordinates":[[[-64.275512,45.952726],[-64.275492,45.951826],[-64.274847,45.951833],[-64.274826,45.950933],[-64.275471,45.950926],[-64.275461,45.950476],[-64.273526,45.950498],[-64.273536,45.950948],[-64.272891,45.950955],[-64.272902,45.951405],[-64.272257,45.951412],[-64.272267,45.951862],[-64.272912,45.951855],[-64.272932,45.952755],[-64.275512,45.952726]]]},"properties":{"feature_id":"dorian-s1-0293","event_id":"dorian","category":"persistent_low_backscatter","area_ha":4.5,"center_lon":-64.273885,"center_lat":45.951616,"threshold_db":-18.086,"sensor":"Sentinel-1","polarization":"HV","interpretation":"candidate only; requires validation"}},{"type":"Feature","id":"dorian-s1-0294","geometry":{"type":"Polygon","coordinates":[[[-64.105847,45.953594],[-64.10582,45.952244],[-64.10453,45.952256],[-64.104539,45.952706],[-64.103249,45.952719],[-64.103258,45.953169],[-64.105193,45.95315],[-64.105202,45.9536],[-64.105847,45.953594]]]},"properties":{"feature_id":"dorian-s1-0294","event_id":"dorian","category":"new_low_backscatter_after_dorian","area_ha":1.75,"center_lon":-64.104548,"center_lat":45.952922,"threshold_db":-18.086,"sensor":"Sentinel-1","polarization":"HV","interpretation":"candidate only; requires validation"}},{"type":"Feature","id":"dorian-s1-0295","geometry":{"type":"Polygon","coordinates":[[[-64.264537,45.952398],[-64.264516,45.951498],[-64.263871,45.951505],[-64.263851,45.950605],[-64.262561,45.95062],[-64.262551,45.95017],[-64.261906,45.950177],[-64.261916,45.950627],[-64.262561,45.95062],[-64.262571,45.951069],[-64.263216,45.951062],[-64.263226,45.951512],[-64.263871,45.951505],[-64.263892,45.952405],[-64.264537,45.952398]]]},"properties":{"feature_id":"dorian-s1-0295","event_id":"dorian","category":"new_low_backscatter_after_dorian","area_ha":1.5,"center_lon":-64.263222,"center_lat":45.951287,"threshold_db":-18.086,"sensor":"Sentinel-1","polarization":"HV","interpretation":"candidate only; requires validation"}},{"type":"Feature","id":"dorian-s1-0296","geometry":{"type":"Polygon","coordinates":[[[-64.050362,45.953667],[-64.050345,45.952767],[-64.05099,45.952761],[-64.050982,45.952311],[-64.050337,45.952317],[-64.050328,45.951867],[-64.049683,45.951873],[-64.0497,45.952773],[-64.049055,45.952779],[-64.049072,45.953679],[-64.050362,45.953667]]]},"properties":{"feature_id":"dorian-s1-0296","event_id":"dorian","category":"new_low_backscatter_after_dorian","area_ha":1.75,"center_lon":-64.050022,"center_lat":45.952773,"threshold_db":-18.086,"sensor":"Sentinel-1","polarization":"HV","interpretation":"candidate only; requires validation"}},{"type":"Feature","id":"dorian-s1-0297","geometry":{"type":"Polygon","coordinates":[[[-64.304496,45.950598],[-64.304485,45.950149],[-64.303195,45.950163],[-64.303185,45.949713],[-64.301895,45.949728],[-64.301884,45.949278],[-64.301239,45.949286],[-64.30125,45.949735],[-64.301895,45.949728],[-64.301905,45.950178],[-64.303195,45.950163],[-64.303206,45.950613],[-64.304496,45.950598]]]},"properties":{"feature_id":"dorian-s1-0297","event_id":"dorian","category":"low_backscatter_no_longer_present","area_ha":1.25,"center_lon":-64.302867,"center_lat":45.949945,"threshold_db":-18.086,"sensor":"Sentinel-1","polarization":"HV","interpretation":"candidate only; requires validation"}},{"type":"Feature","id":"dorian-s1-0298","geometry":{"type":"Polygon","coordinates":[[[-64.341249,45.949723],[-64.341238,45.949273],[-64.341883,45.949265],[-64.341872,45.948816],[-64.340582,45.948831],[-64.340593,45.949281],[-64.339948,45.949288],[-64.339959,45.949738],[-64.341249,45.949723]]]},"properties":{"feature_id":"dorian-s1-0298","event_id":"dorian","category":"persistent_low_backscatter","area_ha":1.0,"center_lon":-64.340915,"center_lat":45.949277,"threshold_db":-18.086,"sensor":"Sentinel-1","polarization":"HV","interpretation":"candidate only; requires validation"}},{"type":"Feature","id":"dorian-s1-0299","geometry":{"type":"Polygon","coordinates":[[[-64.105811,45.951794],[-64.105803,45.951344],[-64.103222,45.951369],[-64.103231,45.951819],[-64.105811,45.951794]]]},"properties":{"feature_id":"dorian-s1-0299","event_id":"dorian","category":"new_low_backscatter_after_dorian","area_ha":1.0,"center_lon":-64.104517,"center_lat":45.951582,"threshold_db":-18.086,"sensor":"Sentinel-1","polarization":"HV","interpretation":"candidate only; requires validation"}},{"type":"Feature","id":"dorian-s1-0300","geometry":{"type":"Polygon","coordinates":[[[-64.241507,45.961201],[-64.241467,45.959401],[-64.242112,45.959394],[-64.242102,45.958944],[-64.242747,45.958937],[-64.242737,45.958487],[-64.243382,45.95848],[-64.243372,45.95803],[-64.244017,45.958023],[-64.244007,45.957573],[-64.244652,45.957566],[-64.244612,45.955767],[-64.245257,45.95576],[-64.245227,45.95441],[-64.245872,45.954403],[-64.245852,45.953503],[-64.246497,45.953496],[-64.246487,45.953046],[-64.247132,45.953039],[-64.247121,45.952589],[-64.248412,45.952575],[-64.248401,45.952125],[-64.249046,45.952118],[-64.248996,45.949869],[-64.248351,45.949876],[-64.248341,45.949426],[-64.247051,45.94944],[-64.247061,45.94989],[-64.246416,45.949897],[-64.246426,45.950347],[-64.245781,45.950354],[-64.245801,45.951254],[-64.245156,45.951261],[-64.245217,45.95396],[-64.244572,45.953967],[-64.244592,45.954867],[-64.243947,45.954874],[-64.243967,45.955774],[-64.243322,45.955781],[-64.243342,45.956681],[-64.240762,45.956709],[-64.240752,45.956259],[-64.238816,45.95628],[-64.238826,45.95673],[-64.238181,45.956737],[-64.238191,45.957187],[-64.237546,45.957194],[-64.237556,45.957643],[-64.235621,45.957664],[-64.235651,45.959014],[-64.236941,45.959],[-64.236951,45.95945],[-64.238241,45.959436],[-64.238251,45.959886],[-64.240832,45.959858],[-64.240852,45.960758],[-64.240207,45.960765],[-64.240217,45.961215],[-64.241507,45.961201]]]},"properties":{"feature_id":"dorian-s1-0300","event_id":"dorian","category":"persistent_low_backscatter","area_ha":31.75,"center_lon":-64.242334,"center_lat":45.95532,"threshold_db":-18.086,"sensor":"Sentinel-1","polarization":"HV","interpretation":"candidate only; requires validation"}},{"type":"Feature","id":"dorian-s1-0301","geometry":{"type":"Polygon","coordinates":[[[-64.223901,45.95284],[-64.223881,45.95194],[-64.224526,45.951934],[-64.224516,45.951484],[-64.223871,45.951491],[-64.223861,45.951041],[-64.223216,45.951047],[-64.223226,45.951497],[-64.222581,45.951504],[-64.222571,45.951054],[-64.221926,45.951061],[-64.221916,45.950611],[-64.219981,45.950632],[-64.219961,45.949732],[-64.218671,45.949746],[-64.218681,45.950196],[-64.219326,45.950189],[-64.219336,45.950639],[-64.218691,45.950646],[-64.218711,45.951546],[-64.221291,45.951518],[-64.221301,45.951968],[-64.222591,45.951954],[-64.222601,45.952404],[-64.223246,45.952397],[-64.223256,45.952847],[-64.223901,45.95284]],[[-64.223881,45.95194],[-64.223236,45.951947],[-64.223226,45.951497],[-64.223871,45.951491],[-64.223881,45.95194]],[[-64.221936,45.951511],[-64.221291,45.951518],[-64.221281,45.951068],[-64.221926,45.951061],[-64.221936,45.951511]]]},"properties":{"feature_id":"dorian-s1-0301","event_id":"dorian","category":"new_low_backscatter_after_dorian","area_ha":5.25,"center_lon":-64.221598,"center_lat":45.95129,"threshold_db":-18.086,"sensor":"Sentinel-1","polarization":"HV","interpretation":"candidate only; requires validation"}},{"type":"Feature","id":"dorian-s1-0302","geometry":{"type":"Polygon","coordinates":[[[-64.1394,45.953714],[-64.13939,45.953264],[-64.145196,45.953206],[-64.145187,45.952756],[-64.144542,45.952763],[-64.144514,45.951413],[-64.143869,45.951419],[-64.14386,45.950969],[-64.142569,45.950982],[-64.142588,45.951882],[-64.138718,45.951921],[-64.13869,45.950571],[-64.1374,45.950584],[-64.137409,45.951034],[-64.138054,45.951027],[-64.138082,45.952377],[-64.138727,45.952371],[-64.138755,45.953721],[-64.1394,45.953714]]]},"properties":{"feature_id":"dorian-s1-0302","event_id":"dorian","category":"persistent_low_backscatter","area_ha":9.75,"center_lon":-64.141298,"center_lat":45.952146,"threshold_db":-18.086,"sensor":"Sentinel-1","polarization":"HV","interpretation":"candidate only; requires validation"}},{"type":"Feature","id":"dorian-s1-0303","geometry":{"type":"Polygon","coordinates":[[[-64.209671,45.951192],[-64.209661,45.950742],[-64.210306,45.950735],[-64.210296,45.950285],[-64.209651,45.950292],[-64.209641,45.949842],[-64.208996,45.949849],[-64.209026,45.951199],[-64.209671,45.951192]]]},"properties":{"feature_id":"dorian-s1-0303","event_id":"dorian","category":"low_backscatter_no_longer_present","area_ha":1.0,"center_lon":-64.209651,"center_lat":45.95052,"threshold_db":-18.086,"sensor":"Sentinel-1","polarization":"HV","interpretation":"candidate only; requires validation"}},{"type":"Feature","id":"dorian-s1-0304","geometry":{"type":"Polygon","coordinates":[[[-64.080655,45.952035],[-64.080646,45.951585],[-64.080001,45.951591],[-64.079992,45.951141],[-64.078702,45.951153],[-64.078719,45.952053],[-64.080655,45.952035]]]},"properties":{"feature_id":"dorian-s1-0304","event_id":"dorian","category":"new_low_backscatter_after_dorian","area_ha":1.25,"center_lon":-64.079678,"center_lat":45.951597,"threshold_db":-18.086,"sensor":"Sentinel-1","polarization":"HV","interpretation":"candidate only; requires validation"}},{"type":"Feature","id":"dorian-s1-0305","geometry":{"type":"Polygon","coordinates":[[[-64.178796,45.955565],[-64.178786,45.955115],[-64.179431,45.955108],[-64.179412,45.954208],[-64.180057,45.954201],[-64.180009,45.951952],[-64.180654,45.951945],[-64.180635,45.951045],[-64.17999,45.951052],[-64.18,45.951502],[-64.179355,45.951509],[-64.179345,45.951059],[-64.1787,45.951065],[-64.178691,45.950615],[-64.178046,45.950622],[-64.178027,45.949722],[-64.176737,45.949736],[-64.176756,45.950635],[-64.178046,45.950622],[-64.178074,45.951972],[-64.176784,45.951985],[-64.176794,45.952435],[-64.178084,45.952422],[-64.178074,45.951972],[-64.179364,45.951959],[-64.179383,45.952858],[-64.178738,45.952865],[-64.178757,45.953765],[-64.178112,45.953772],[-64.178122,45.954221],[-64.177477,45.954228],[-64.177486,45.954678],[-64.178131,45.954671],[-64.178151,45.955571],[-64.178796,45.955565]],[[-64.178776,45.954665],[-64.178131,45.954671],[-64.178122,45.954221],[-64.178767,45.954215],[-64.178776,45.954665]]]},"properties":{"feature_id":"dorian-s1-0305","event_id":"dorian","category":"new_low_backscatter_after_dorian","area_ha":7.0,"center_lon":-64.178696,"center_lat":45.952647,"threshold_db":-18.086,"sensor":"Sentinel-1","polarization":"HV","interpretation":"candidate only; requires validation"}},{"type":"Feature","id":"dorian-s1-0306","geometry":{"type":"Polygon","coordinates":[[[-64.368326,45.948952],[-64.368293,45.947602],[-64.367648,45.94761],[-64.36767,45.94851],[-64.367025,45.948517],[-64.367036,45.948967],[-64.368326,45.948952]]]},"properties":{"feature_id":"dorian-s1-0306","event_id":"dorian","category":"new_low_backscatter_after_dorian","area_ha":1.0,"center_lon":-64.367675,"center_lat":45.948284,"threshold_db":-18.086,"sensor":"Sentinel-1","polarization":"HV","interpretation":"candidate only; requires validation"}},{"type":"Feature","id":"dorian-s1-0307","geometry":{"type":"Polygon","coordinates":[[[-64.319309,45.949528],[-64.319298,45.949078],[-64.319943,45.949071],[-64.319933,45.948621],[-64.319288,45.948629],[-64.319277,45.948179],[-64.318632,45.948186],[-64.318643,45.948636],[-64.317998,45.948643],[-64.318008,45.949093],[-64.318653,45.949086],[-64.318664,45.949536],[-64.319309,45.949528]],[[-64.319298,45.949078],[-64.318653,45.949086],[-64.318643,45.948636],[-64.319288,45.948629],[-64.319298,45.949078]]]},"properties":{"feature_id":"dorian-s1-0307","event_id":"dorian","category":"low_backscatter_no_longer_present","area_ha":1.0,"center_lon":-64.318971,"center_lat":45.948858,"threshold_db":-18.086,"sensor":"Sentinel-1","polarization":"HV","interpretation":"candidate only; requires validation"}},{"type":"Feature","id":"dorian-s1-0308","geometry":{"type":"Polygon","coordinates":[[[-64.210941,45.950278],[-64.210912,45.948928],[-64.210267,45.948935],[-64.210277,45.949385],[-64.208987,45.949399],[-64.208996,45.949849],[-64.209641,45.949842],[-64.209651,45.950292],[-64.210941,45.950278]]]},"properties":{"feature_id":"dorian-s1-0308","event_id":"dorian","category":"new_low_backscatter_after_dorian","area_ha":1.5,"center_lon":-64.209964,"center_lat":45.94961,"threshold_db":-18.086,"sensor":"Sentinel-1","polarization":"HV","interpretation":"candidate only; requires validation"}},{"type":"Feature","id":"dorian-s1-0309","geometry":{"type":"Polygon","coordinates":[[[-64.087105,45.951973],[-64.087096,45.951524],[-64.088386,45.951511],[-64.088378,45.951061],[-64.089023,45.951055],[-64.089014,45.950605],[-64.089659,45.950599],[-64.08965,45.950149],[-64.08836,45.950161],[-64.088369,45.950611],[-64.087724,45.950617],[-64.087733,45.951067],[-64.087088,45.951074],[-64.087096,45.951524],[-64.085806,45.951536],[-64.085815,45.951986],[-64.087105,45.951973]]]},"properties":{"feature_id":"dorian-s1-0309","event_id":"dorian","category":"new_low_backscatter_after_dorian","area_ha":2.0,"center_lon":-64.087733,"center_lat":45.951068,"threshold_db":-18.086,"sensor":"Sentinel-1","polarization":"HV","interpretation":"candidate only; requires validation"}},{"type":"Feature","id":"dorian-s1-0310","geometry":{"type":"Polygon","coordinates":[[[-64.323813,45.949026],[-64.323802,45.948576],[-64.325092,45.948561],[-64.325081,45.948111],[-64.324437,45.948119],[-64.324426,45.947669],[-64.323781,45.947677],[-64.323792,45.948126],[-64.323147,45.948134],[-64.323168,45.949034],[-64.323813,45.949026]]]},"properties":{"feature_id":"dorian-s1-0310","event_id":"dorian","category":"low_backscatter_no_longer_present","area_ha":1.25,"center_lon":-64.324119,"center_lat":45.948352,"threshold_db":-18.086,"sensor":"Sentinel-1","polarization":"HV","interpretation":"candidate only; requires validation"}},{"type":"Feature","id":"dorian-s1-0311","geometry":{"type":"Polygon","coordinates":[[[-64.336078,45.949334],[-64.336067,45.948884],[-64.336712,45.948876],[-64.336701,45.948426],[-64.336056,45.948434],[-64.336046,45.947984],[-64.337335,45.947969],[-64.337325,45.947519],[-64.336035,45.947534],[-64.336046,45.947984],[-64.335401,45.947991],[-64.335433,45.949341],[-64.336078,45.949334]]]},"properties":{"feature_id":"dorian-s1-0311","event_id":"dorian","category":"new_low_backscatter_after_dorian","area_ha":1.5,"center_lon":-64.336368,"center_lat":45.94843,"threshold_db":-18.086,"sensor":"Sentinel-1","polarization":"HV","interpretation":"candidate only; requires validation"}},{"type":"Feature","id":"dorian-s1-0312","geometry":{"type":"Polygon","coordinates":[[[-64.221896,45.949712],[-64.221886,45.949262],[-64.223176,45.949248],[-64.223166,45.948798],[-64.221231,45.948819],[-64.221241,45.949269],[-64.220596,45.949275],[-64.220606,45.949725],[-64.221896,45.949712]]]},"properties":{"feature_id":"dorian-s1-0312","event_id":"dorian","category":"new_low_backscatter_after_dorian","area_ha":1.25,"center_lon":-64.221886,"center_lat":45.949261,"threshold_db":-18.086,"sensor":"Sentinel-1","polarization":"HV","interpretation":"candidate only; requires validation"}},{"type":"Feature","id":"dorian-s1-0313","geometry":{"type":"Polygon","coordinates":[[[-64.255476,45.951148],[-64.255456,45.950248],[-64.256101,45.950241],[-64.256081,45.949341],[-64.255436,45.949348],[-64.255415,45.948448],[-64.25606,45.948441],[-64.25605,45.947991],[-64.25476,45.948005],[-64.25477,45.948455],[-64.25348,45.948469],[-64.253491,45.948919],[-64.252201,45.948933],[-64.252211,45.949383],[-64.253501,45.949369],[-64.253521,45.950269],[-64.254166,45.950262],[-64.254135,45.948912],[-64.25478,45.948905],[-64.254791,45.949355],[-64.255436,45.949348],[-64.255456,45.950248],[-64.254811,45.950255],[-64.254831,45.951155],[-64.255476,45.951148]]]},"properties":{"feature_id":"dorian-s1-0313","event_id":"dorian","category":"new_low_backscatter_after_dorian","area_ha":3.75,"center_lon":-64.254151,"center_lat":45.949573,"threshold_db":-18.086,"sensor":"Sentinel-1","polarization":"HV","interpretation":"candidate only; requires validation"}},{"type":"Feature","id":"dorian-s1-0314","geometry":{"type":"Polygon","coordinates":[[[-64.39797,45.947693],[-64.397948,45.946793],[-64.398593,45.946785],[-64.398581,45.946335],[-64.397292,45.946351],[-64.397326,45.947701],[-64.39797,45.947693]]]},"properties":{"feature_id":"dorian-s1-0314","event_id":"dorian","category":"new_low_backscatter_after_dorian","area_ha":1.0,"center_lon":-64.397942,"center_lat":45.947018,"threshold_db":-18.086,"sensor":"Sentinel-1","polarization":"HV","interpretation":"candidate only; requires validation"}},{"type":"Feature","id":"dorian-s1-0315","geometry":{"type":"Polygon","coordinates":[[[-64.315418,45.948673],[-64.315397,45.947773],[-64.314752,45.947781],[-64.314741,45.947331],[-64.313451,45.947346],[-64.313462,45.947796],[-64.314752,45.947781],[-64.314762,45.948231],[-64.314117,45.948238],[-64.314128,45.948688],[-64.315418,45.948673]]]},"properties":{"feature_id":"dorian-s1-0315","event_id":"dorian","category":"low_backscatter_no_longer_present","area_ha":1.25,"center_lon":-64.314435,"center_lat":45.948009,"threshold_db":-18.086,"sensor":"Sentinel-1","polarization":"HV","interpretation":"candidate only; requires validation"}},{"type":"Feature","id":"dorian-s1-0316","geometry":{"type":"Polygon","coordinates":[[[-64.300594,45.949293],[-64.300584,45.948843],[-64.301874,45.948828],[-64.301863,45.948378],[-64.299928,45.9484],[-64.299907,45.947501],[-64.299262,45.947508],[-64.299283,45.948408],[-64.299928,45.9484],[-64.299949,45.9493],[-64.300594,45.949293]]]},"properties":{"feature_id":"dorian-s1-0316","event_id":"dorian","category":"new_low_backscatter_after_dorian","area_ha":1.5,"center_lon":-64.300568,"center_lat":45.948401,"threshold_db":-18.086,"sensor":"Sentinel-1","polarization":"HV","interpretation":"candidate only; requires validation"}},{"type":"Feature","id":"dorian-s1-0317","geometry":{"type":"Polygon","coordinates":[[[-64.269646,45.950091],[-64.269635,45.949641],[-64.26899,45.949648],[-64.26898,45.949198],[-64.27027,45.949184],[-64.27026,45.948734],[-64.270905,45.948727],[-64.270895,45.948277],[-64.272184,45.948263],[-64.272195,45.948713],[-64.27284,45.948705],[-64.272829,45.948255],[-64.273474,45.948248],[-64.273464,45.947798],[-64.270884,45.947827],[-64.270895,45.948277],[-64.27025,45.948284],[-64.27026,45.948734],[-64.269615,45.948741],[-64.269605,45.948291],[-64.268315,45.948306],[-64.268325,45.948756],[-64.26768,45.948763],[-64.26769,45.949213],[-64.268335,45.949205],[-64.268345,45.949655],[-64.26899,45.949648],[-64.269001,45.950098],[-64.269646,45.950091]]]},"properties":{"feature_id":"dorian-s1-0317","event_id":"dorian","category":"new_low_backscatter_after_dorian","area_ha":3.5,"center_lon":-64.270577,"center_lat":45.948948,"threshold_db":-18.086,"sensor":"Sentinel-1","polarization":"HV","interpretation":"candidate only; requires validation"}},{"type":"Feature","id":"dorian-s1-0318","geometry":{"type":"Polygon","coordinates":[[[-64.240611,45.94996],[-64.240581,45.94861],[-64.239936,45.948617],[-64.239926,45.948167],[-64.239281,45.948174],[-64.239271,45.947724],[-64.238626,45.947731],[-64.238636,45.948181],[-64.239281,45.948174],[-64.239321,45.949974],[-64.240611,45.94996]]]},"properties":{"feature_id":"dorian-s1-0318","event_id":"dorian","category":"new_low_backscatter_after_dorian","area_ha":2.0,"center_lon":-64.239619,"center_lat":45.948849,"threshold_db":-18.086,"sensor":"Sentinel-1","polarization":"HV","interpretation":"candidate only; requires validation"}},{"type":"Feature","id":"dorian-s1-0319","geometry":{"type":"Polygon","coordinates":[[[-64.167052,45.949385],[-64.167033,45.948485],[-64.166388,45.948492],[-64.166398,45.948941],[-64.165108,45.948955],[-64.165117,45.949405],[-64.167052,45.949385]]]},"properties":{"feature_id":"dorian-s1-0319","event_id":"dorian","category":"persistent_low_backscatter","area_ha":1.0,"center_lon":-64.16608,"center_lat":45.948945,"threshold_db":-18.086,"sensor":"Sentinel-1","polarization":"HV","interpretation":"candidate only; requires validation"}},{"type":"Feature","id":"dorian-s1-0320","geometry":{"type":"Polygon","coordinates":[[[-64.161247,45.949444],[-64.161238,45.948994],[-64.159948,45.949007],[-64.159938,45.948557],[-64.158648,45.94857],[-64.158658,45.94902],[-64.158013,45.949027],[-64.158022,45.949477],[-64.161247,45.949444]]]},"properties":{"feature_id":"dorian-s1-0320","event_id":"dorian","category":"persistent_low_backscatter","area_ha":1.75,"center_lon":-64.15963,"center_lat":45.949017,"threshold_db":-18.086,"sensor":"Sentinel-1","polarization":"HV","interpretation":"candidate only; requires validation"}},{"type":"Feature","id":"dorian-s1-0321","geometry":{"type":"Polygon","coordinates":[[[-64.232861,45.949594],[-64.232851,45.949144],[-64.233496,45.949137],[-64.233486,45.948687],[-64.232196,45.948701],[-64.232176,45.947801],[-64.231531,45.947808],[-64.231521,45.947358],[-64.230876,45.947365],[-64.230896,45.948265],[-64.230251,45.948272],[-64.230261,45.948722],[-64.230906,45.948715],[-64.230896,45.948265],[-64.231541,45.948258],[-64.231551,45.948708],[-64.232196,45.948701],[-64.232206,45.949151],[-64.231561,45.949158],[-64.231571,45.949608],[-64.232861,45.949594]]]},"properties":{"feature_id":"dorian-s1-0321","event_id":"dorian","category":"new_low_backscatter_after_dorian","area_ha":2.25,"center_lon":-64.231874,"center_lat":45.948483,"threshold_db":-18.086,"sensor":"Sentinel-1","polarization":"HV","interpretation":"candidate only; requires validation"}},{"type":"Feature","id":"dorian-s1-0322","geometry":{"type":"Polygon","coordinates":[[[-64.27026,45.948734],[-64.27025,45.948284],[-64.270895,45.948277],[-64.270864,45.946927],[-64.270219,45.946934],[-64.270229,45.947384],[-64.269584,45.947392],[-64.269594,45.947841],[-64.268949,45.947849],[-64.26896,45.948299],[-64.269605,45.948291],[-64.269615,45.948741],[-64.27026,45.948734]]]},"properties":{"feature_id":"dorian-s1-0322","event_id":"dorian","category":"persistent_low_backscatter","area_ha":1.75,"center_lon":-64.269922,"center_lat":45.947834,"threshold_db":-18.086,"sensor":"Sentinel-1","polarization":"HV","interpretation":"candidate only; requires validation"}},{"type":"Feature","id":"dorian-s1-0323","geometry":{"type":"Polygon","coordinates":[[[-64.321201,45.947706],[-64.32119,45.947256],[-64.320545,45.947264],[-64.320535,45.946814],[-64.31989,45.946822],[-64.319879,45.946372],[-64.319234,45.946379],[-64.319256,45.947279],[-64.320545,45.947264],[-64.320556,45.947714],[-64.321201,45.947706]]]},"properties":{"feature_id":"dorian-s1-0323","event_id":"dorian","category":"new_low_backscatter_after_dorian","area_ha":1.0,"center_lon":-64.320217,"center_lat":45.947043,"threshold_db":-18.086,"sensor":"Sentinel-1","polarization":"HV","interpretation":"candidate only; requires validation"}},{"type":"Feature","id":"dorian-s1-0324","geometry":{"type":"Polygon","coordinates":[[[-64.181925,45.951032],[-64.181877,45.948782],[-64.181232,45.948789],[-64.181213,45.947889],[-64.179923,45.947903],[-64.179914,45.947453],[-64.179269,45.947459],[-64.179317,45.949709],[-64.179962,45.949702],[-64.179971,45.950152],[-64.181261,45.950139],[-64.18128,45.951039],[-64.181925,45.951032]]]},"properties":{"feature_id":"dorian-s1-0324","event_id":"dorian","category":"persistent_low_backscatter","area_ha":5.0,"center_lon":-64.180597,"center_lat":45.949246,"threshold_db":-18.086,"sensor":"Sentinel-1","polarization":"HV","interpretation":"candidate only; requires validation"}},{"type":"Feature","id":"dorian-s1-0325","geometry":{"type":"Polygon","coordinates":[[[-64.318621,45.947736],[-64.3186,45.946836],[-64.317955,45.946844],[-64.317934,45.945944],[-64.317289,45.945951],[-64.317299,45.946401],[-64.316654,45.946409],[-64.316665,45.946859],[-64.317955,45.946844],[-64.317966,45.947294],[-64.317321,45.947301],[-64.317331,45.947751],[-64.318621,45.947736]]]},"properties":{"feature_id":"dorian-s1-0325","event_id":"dorian","category":"new_low_backscatter_after_dorian","area_ha":1.5,"center_lon":-64.317637,"center_lat":45.946847,"threshold_db":-18.086,"sensor":"Sentinel-1","polarization":"HV","interpretation":"candidate only; requires validation"}},{"type":"Feature","id":"dorian-s1-0326","geometry":{"type":"Polygon","coordinates":[[[-64.268304,45.947856],[-64.268294,45.947406],[-64.267649,45.947413],[-64.267629,45.946513],[-64.266984,45.94652],[-64.266994,45.94697],[-64.265704,45.946985],[-64.265714,45.947434],[-64.266359,45.947427],[-64.26637,45.947877],[-64.268304,45.947856]]]},"properties":{"feature_id":"dorian-s1-0326","event_id":"dorian","category":"new_low_backscatter_after_dorian","area_ha":1.75,"center_lon":-64.267004,"center_lat":45.947195,"threshold_db":-18.086,"sensor":"Sentinel-1","polarization":"HV","interpretation":"candidate only; requires validation"}},{"type":"Feature","id":"dorian-s1-0327","geometry":{"type":"Polygon","coordinates":[[[-64.254115,45.948012],[-64.254105,45.947562],[-64.252815,45.947577],[-64.252805,45.947127],[-64.25345,45.94712],[-64.25344,45.94667],[-64.252795,45.946677],[-64.252805,45.947127],[-64.25216,45.947134],[-64.25218,45.948034],[-64.254115,45.948012]]]},"properties":{"feature_id":"dorian-s1-0327","event_id":"dorian","category":"new_low_backscatter_after_dorian","area_ha":1.25,"center_lon":-64.253138,"center_lat":45.947352,"threshold_db":-18.086,"sensor":"Sentinel-1","polarization":"HV","interpretation":"candidate only; requires validation"}},{"type":"Feature","id":"dorian-s1-0328","geometry":{"type":"Polygon","coordinates":[[[-64.219287,45.948389],[-64.219277,45.947939],[-64.219922,45.947933],[-64.219902,45.947033],[-64.218612,45.947046],[-64.218622,45.947496],[-64.219267,45.947489],[-64.219277,45.947939],[-64.217987,45.947953],[-64.217997,45.948403],[-64.219287,45.948389]]]},"properties":{"feature_id":"dorian-s1-0328","event_id":"dorian","category":"persistent_low_backscatter","area_ha":1.25,"center_lon":-64.218954,"center_lat":45.947718,"threshold_db":-18.086,"sensor":"Sentinel-1","polarization":"HV","interpretation":"candidate only; requires validation"}},{"type":"Feature","id":"dorian-s1-0329","geometry":{"type":"Polygon","coordinates":[[[-64.346365,45.947863],[-64.346354,45.947413],[-64.346999,45.947405],[-64.346988,45.946955],[-64.346343,45.946963],[-64.346332,45.946513],[-64.347622,45.946498],[-64.347611,45.946048],[-64.346321,45.946063],[-64.34631,45.945613],[-64.345665,45.945621],[-64.345676,45.946071],[-64.346321,45.946063],[-64.346332,45.946513],[-64.345687,45.946521],[-64.345698,45.94697],[-64.345053,45.946978],[-64.345064,45.947428],[-64.345709,45.94742],[-64.34572,45.94787],[-64.346365,45.947863]]]},"properties":{"feature_id":"dorian-s1-0329","event_id":"dorian","category":"new_low_backscatter_after_dorian","area_ha":2.0,"center_lon":-64.346338,"center_lat":45.946742,"threshold_db":-18.086,"sensor":"Sentinel-1","polarization":"HV","interpretation":"candidate only; requires validation"}},{"type":"Feature","id":"dorian-s1-0330","geometry":{"type":"Polygon","coordinates":[[[-64.129632,45.949311],[-64.129623,45.948861],[-64.130913,45.948848],[-64.130904,45.948398],[-64.131549,45.948392],[-64.13154,45.947942],[-64.13025,45.947955],[-64.130259,45.948405],[-64.129614,45.948411],[-64.129623,45.948861],[-64.128978,45.948867],[-64.128987,45.949317],[-64.129632,45.949311]]]},"properties":{"feature_id":"dorian-s1-0330","event_id":"dorian","category":"new_low_backscatter_after_dorian","area_ha":1.25,"center_lon":-64.130264,"center_lat":45.948629,"threshold_db":-18.086,"sensor":"Sentinel-1","polarization":"HV","interpretation":"candidate only; requires validation"}},{"type":"Feature","id":"dorian-s1-0331","geometry":{"type":"Polygon","coordinates":[[[-64.210902,45.948479],[-64.210873,45.947129],[-64.209583,45.947142],[-64.209573,45.946692],[-64.208283,45.946706],[-64.208293,45.947156],[-64.208938,45.947149],[-64.208947,45.947599],[-64.210237,45.947585],[-64.210257,45.948485],[-64.210902,45.948479]]]},"properties":{"feature_id":"dorian-s1-0331","event_id":"dorian","category":"persistent_low_backscatter","area_ha":1.75,"center_lon":-64.209592,"center_lat":45.947588,"threshold_db":-18.086,"sensor":"Sentinel-1","polarization":"HV","interpretation":"candidate only; requires validation"}},{"type":"Feature","id":"dorian-s1-0332","geometry":{"type":"Polygon","coordinates":[[[-64.143177,45.949176],[-64.143159,45.948276],[-64.143804,45.94827],[-64.143795,45.94782],[-64.14444,45.947813],[-64.14443,45.947363],[-64.143785,45.94737],[-64.143795,45.94782],[-64.14186,45.947839],[-64.141869,45.948289],[-64.142514,45.948283],[-64.142532,45.949183],[-64.143177,45.949176]]]},"properties":{"feature_id":"dorian-s1-0332","event_id":"dorian","category":"new_low_backscatter_after_dorian","area_ha":1.5,"center_lon":-64.14315,"center_lat":45.948273,"threshold_db":-18.086,"sensor":"Sentinel-1","polarization":"HV","interpretation":"candidate only; requires validation"}},{"type":"Feature","id":"dorian-s1-0333","geometry":{"type":"Polygon","coordinates":[[[-64.32506,45.947212],[-64.325049,45.946762],[-64.326984,45.946739],[-64.326963,45.94584],[-64.327608,45.945832],[-64.327597,45.945382],[-64.326952,45.94539],[-64.326963,45.94584],[-64.325673,45.945855],[-64.325684,45.946304],[-64.325039,45.946312],[-64.325049,45.946762],[-64.324404,45.946769],[-64.324415,45.947219],[-64.32506,45.947212]]]},"properties":{"feature_id":"dorian-s1-0333","event_id":"dorian","category":"new_low_backscatter_after_dorian","area_ha":1.75,"center_lon":-64.326006,"center_lat":45.9463,"threshold_db":-18.086,"sensor":"Sentinel-1","polarization":"HV","interpretation":"candidate only; requires validation"}},{"type":"Feature","id":"dorian-s1-0334","geometry":{"type":"Polygon","coordinates":[[[-64.293447,45.947124],[-64.293426,45.946224],[-64.294071,45.946217],[-64.294061,45.945767],[-64.292771,45.945781],[-64.292781,45.946231],[-64.292136,45.946239],[-64.292147,45.946689],[-64.292792,45.946681],[-64.292802,45.947131],[-64.293447,45.947124]]]},"properties":{"feature_id":"dorian-s1-0334","event_id":"dorian","category":"new_low_backscatter_after_dorian","area_ha":1.25,"center_lon":-64.293104,"center_lat":45.946449,"threshold_db":-18.086,"sensor":"Sentinel-1","polarization":"HV","interpretation":"candidate only; requires validation"}},{"type":"Feature","id":"dorian-s1-0335","geometry":{"type":"Polygon","coordinates":[[[-64.439832,45.944923],[-64.43982,45.944473],[-64.439175,45.944481],[-64.439164,45.944031],[-64.437874,45.944048],[-64.437885,45.944497],[-64.43853,45.944489],[-64.438542,45.944939],[-64.439832,45.944923]]]},"properties":{"feature_id":"dorian-s1-0335","event_id":"dorian","category":"new_low_backscatter_after_dorian","area_ha":1.0,"center_lon":-64.438853,"center_lat":45.944485,"threshold_db":-18.086,"sensor":"Sentinel-1","polarization":"HV","interpretation":"candidate only; requires validation"}},{"type":"Feature","id":"dorian-s1-0336","geometry":{"type":"Polygon","coordinates":[[[-64.268284,45.946956],[-64.268253,45.945606],[-64.266963,45.945621],[-64.266984,45.94652],[-64.267629,45.946513],[-64.267639,45.946963],[-64.268284,45.946956]]]},"properties":{"feature_id":"dorian-s1-0336","event_id":"dorian","category":"persistent_low_backscatter","area_ha":1.25,"center_lon":-64.267623,"center_lat":45.946284,"threshold_db":-18.086,"sensor":"Sentinel-1","polarization":"HV","interpretation":"candidate only; requires validation"}},{"type":"Feature","id":"dorian-s1-0337","geometry":{"type":"Polygon","coordinates":[[[-64.339303,45.949296],[-64.33927,45.947946],[-64.339915,45.947938],[-64.339894,45.947039],[-64.340538,45.947031],[-64.340495,45.945232],[-64.34114,45.945224],[-64.341118,45.944324],[-64.340473,45.944332],[-64.340495,45.945232],[-64.33985,45.945239],[-64.339872,45.946139],[-64.338582,45.946154],[-64.338571,45.945704],[-64.337926,45.945712],[-64.337937,45.946162],[-64.338582,45.946154],[-64.338593,45.946604],[-64.339883,45.946589],[-64.339894,45.947039],[-64.338604,45.947054],[-64.338647,45.948853],[-64.338002,45.948861],[-64.338013,45.949311],[-64.339303,45.949296]]]},"properties":{"feature_id":"dorian-s1-0337","event_id":"dorian","category":"new_low_backscatter_after_dorian","area_ha":4.25,"center_lon":-64.339533,"center_lat":45.946818,"threshold_db":-18.086,"sensor":"Sentinel-1","polarization":"HV","interpretation":"candidate only; requires validation"}},{"type":"Feature","id":"dorian-s1-0338","geometry":{"type":"Polygon","coordinates":[[[-64.278624,45.947741],[-64.278613,45.947291],[-64.280548,45.947269],[-64.280538,45.946819],[-64.279893,45.946826],[-64.279872,45.945927],[-64.279227,45.945934],[-64.279217,45.945484],[-64.278572,45.945491],[-64.278562,45.945041],[-64.277917,45.945049],[-64.277927,45.945498],[-64.275347,45.945527],[-64.275358,45.945977],[-64.274713,45.945984],[-64.274723,45.946434],[-64.276013,45.94642],[-64.276023,45.94687],[-64.276668,45.946863],[-64.276679,45.947312],[-64.277968,45.947298],[-64.277979,45.947748],[-64.278624,45.947741]]]},"properties":{"feature_id":"dorian-s1-0338","event_id":"dorian","category":"persistent_low_backscatter","area_ha":7.0,"center_lon":-64.277631,"center_lat":45.946394,"threshold_db":-18.086,"sensor":"Sentinel-1","polarization":"HV","interpretation":"candidate only; requires validation"}},{"type":"Feature","id":"dorian-s1-0339","geometry":{"type":"Polygon","coordinates":[[[-64.237961,45.946838],[-64.237951,45.946389],[-64.237306,45.946396],[-64.237296,45.945946],[-64.236651,45.945953],[-64.236641,45.945503],[-64.235996,45.94551],[-64.236006,45.94596],[-64.235361,45.945967],[-64.235371,45.946416],[-64.236016,45.946409],[-64.236026,45.946859],[-64.236671,45.946852],[-64.236661,45.946403],[-64.237306,45.946396],[-64.237316,45.946845],[-64.237961,45.946838]]]},"properties":{"feature_id":"dorian-s1-0339","event_id":"dorian","category":"new_low_backscatter_after_dorian","area_ha":1.5,"center_lon":-64.236661,"center_lat":45.946181,"threshold_db":-18.086,"sensor":"Sentinel-1","polarization":"HV","interpretation":"candidate only; requires validation"}},{"type":"Feature","id":"dorian-s1-0340","geometry":{"type":"Polygon","coordinates":[[[-64.217322,45.94706],[-64.217312,45.94661],[-64.216022,45.946624],[-64.216003,45.945724],[-64.215358,45.945731],[-64.215368,45.946181],[-64.214723,45.946188],[-64.214732,45.946638],[-64.215377,45.946631],[-64.215387,45.947081],[-64.217322,45.94706]]]},"properties":{"feature_id":"dorian-s1-0340","event_id":"dorian","category":"new_low_backscatter_after_dorian","area_ha":1.5,"center_lon":-64.216023,"center_lat":45.946402,"threshold_db":-18.086,"sensor":"Sentinel-1","polarization":"HV","interpretation":"candidate only; requires validation"}},{"type":"Feature","id":"dorian-s1-0341","geometry":{"type":"Polygon","coordinates":[[[-64.330176,45.945352],[-64.330166,45.944902],[-64.328876,45.944917],[-64.328865,45.944467],[-64.326286,45.944497],[-64.326296,45.944947],[-64.328876,45.944917],[-64.328887,45.945367],[-64.330176,45.945352]]]},"properties":{"feature_id":"dorian-s1-0341","event_id":"dorian","category":"new_low_backscatter_after_dorian","area_ha":1.5,"center_lon":-64.328231,"center_lat":45.944917,"threshold_db":-18.086,"sensor":"Sentinel-1","polarization":"HV","interpretation":"candidate only; requires validation"}},{"type":"Feature","id":"dorian-s1-0342","geometry":{"type":"Polygon","coordinates":[[[-64.182484,45.946976],[-64.182475,45.946526],[-64.181185,45.946539],[-64.181175,45.94609],[-64.179885,45.946103],[-64.179895,45.946553],[-64.18054,45.946546],[-64.180549,45.946996],[-64.182484,45.946976]]]},"properties":{"feature_id":"dorian-s1-0342","event_id":"dorian","category":"persistent_low_backscatter","area_ha":1.25,"center_lon":-64.181185,"center_lat":45.946543,"threshold_db":-18.086,"sensor":"Sentinel-1","polarization":"HV","interpretation":"candidate only; requires validation"}},{"type":"Feature","id":"dorian-s1-0343","geometry":{"type":"Polygon","coordinates":[[[-64.321803,45.945899],[-64.321793,45.945449],[-64.320503,45.945464],[-64.320492,45.945014],[-64.322427,45.944992],[-64.322416,45.944542],[-64.320481,45.944565],[-64.320492,45.945014],[-64.319847,45.945022],[-64.319858,45.945472],[-64.320503,45.945464],[-64.320513,45.945914],[-64.321803,45.945899]]]},"properties":{"feature_id":"dorian-s1-0343","event_id":"dorian","category":"new_low_backscatter_after_dorian","area_ha":1.5,"center_lon":-64.321137,"center_lat":45.945228,"threshold_db":-18.086,"sensor":"Sentinel-1","polarization":"HV","interpretation":"candidate only; requires validation"}},{"type":"Feature","id":"dorian-s1-0344","geometry":{"type":"Polygon","coordinates":[[[-64.321148,45.945457],[-64.321137,45.945007],[-64.320492,45.945014],[-64.320471,45.944115],[-64.319826,45.944122],[-64.319836,45.944572],[-64.319192,45.944579],[-64.319202,45.945029],[-64.320492,45.945014],[-64.320503,45.945464],[-64.321148,45.945457]]]},"properties":{"feature_id":"dorian-s1-0344","event_id":"dorian","category":"low_backscatter_no_longer_present","area_ha":1.0,"center_lon":-64.32017,"center_lat":45.944789,"threshold_db":-18.086,"sensor":"Sentinel-1","polarization":"HV","interpretation":"candidate only; requires validation"}},{"type":"Feature","id":"dorian-s1-0345","geometry":{"type":"Polygon","coordinates":[[[-64.314053,45.945539],[-64.314043,45.945089],[-64.314688,45.945081],[-64.314677,45.944631],[-64.315322,45.944624],[-64.315311,45.944174],[-64.314667,45.944182],[-64.314677,45.944631],[-64.312742,45.944654],[-64.312753,45.945104],[-64.313398,45.945096],[-64.313409,45.945546],[-64.314053,45.945539]]]},"properties":{"feature_id":"dorian-s1-0345","event_id":"dorian","category":"new_low_backscatter_after_dorian","area_ha":1.25,"center_lon":-64.314032,"center_lat":45.94486,"threshold_db":-18.086,"sensor":"Sentinel-1","polarization":"HV","interpretation":"candidate only; requires validation"}},{"type":"Feature","id":"dorian-s1-0346","geometry":{"type":"Polygon","coordinates":[[[-64.211508,45.946672],[-64.211498,45.946222],[-64.210853,45.946229],[-64.210833,45.945329],[-64.210188,45.945336],[-64.210218,45.946686],[-64.211508,45.946672]]]},"properties":{"feature_id":"dorian-s1-0346","event_id":"dorian","category":"new_low_backscatter_after_dorian","area_ha":1.0,"center_lon":-64.210848,"center_lat":45.946008,"threshold_db":-18.086,"sensor":"Sentinel-1","polarization":"HV","interpretation":"candidate only; requires validation"}},{"type":"Feature","id":"dorian-s1-0347","geometry":{"type":"Polygon","coordinates":[[[-64.293405,45.945324],[-64.293384,45.944424],[-64.292095,45.944439],[-64.292116,45.945339],[-64.293405,45.945324]]]},"properties":{"feature_id":"dorian-s1-0347","event_id":"dorian","category":"new_low_backscatter_after_dorian","area_ha":1.0,"center_lon":-64.29275,"center_lat":45.944881,"threshold_db":-18.086,"sensor":"Sentinel-1","polarization":"HV","interpretation":"candidate only; requires validation"}},{"type":"Feature","id":"dorian-s1-0348","geometry":{"type":"Polygon","coordinates":[[[-64.129587,45.947061],[-64.129577,45.946611],[-64.128932,45.946618],[-64.128923,45.946168],[-64.128278,45.946174],[-64.128287,45.946624],[-64.125708,45.946649],[-64.125717,45.947099],[-64.129587,45.947061]]]},"properties":{"feature_id":"dorian-s1-0348","event_id":"dorian","category":"new_low_backscatter_after_dorian","area_ha":1.75,"center_lon":-64.127647,"center_lat":45.946634,"threshold_db":-18.086,"sensor":"Sentinel-1","polarization":"HV","interpretation":"candidate only; requires validation"}},{"type":"Feature","id":"dorian-s1-0349","geometry":{"type":"Polygon","coordinates":[[[-64.172174,45.947532],[-64.172155,45.946632],[-64.1728,45.946626],[-64.172791,45.946176],[-64.173436,45.946169],[-64.173417,45.945269],[-64.174062,45.945263],[-64.174052,45.944813],[-64.173407,45.944819],[-64.173417,45.945269],[-64.172772,45.945276],[-64.172781,45.945726],[-64.172136,45.945733],[-64.172146,45.946182],[-64.170856,45.946196],[-64.170875,45.947096],[-64.17152,45.947089],[-64.171529,45.947539],[-64.172174,45.947532]]]},"properties":{"feature_id":"dorian-s1-0349","event_id":"dorian","category":"persistent_low_backscatter","area_ha":2.5,"center_lon":-64.172459,"center_lat":45.946176,"threshold_db":-18.086,"sensor":"Sentinel-1","polarization":"HV","interpretation":"candidate only; requires validation"}},{"type":"Feature","id":"dorian-s1-0350","geometry":{"type":"Polygon","coordinates":[[[-64.360465,45.944095],[-64.360443,45.943196],[-64.359798,45.943203],[-64.359787,45.942753],[-64.358498,45.942769],[-64.358509,45.943219],[-64.359798,45.943203],[-64.35982,45.944103],[-64.360465,45.944095]]]},"properties":{"feature_id":"dorian-s1-0350","event_id":"dorian","category":"new_low_backscatter_after_dorian","area_ha":1.0,"center_lon":-64.359482,"center_lat":45.943428,"threshold_db":-18.086,"sensor":"Sentinel-1","polarization":"HV","interpretation":"candidate only; requires validation"}},{"type":"Feature","id":"dorian-s1-0351","geometry":{"type":"Polygon","coordinates":[[[-64.388829,45.943304],[-64.388818,45.942854],[-64.389463,45.942846],[-64.389451,45.942397],[-64.388162,45.942412],[-64.388173,45.942862],[-64.387528,45.94287],[-64.387539,45.94332],[-64.388829,45.943304]]]},"properties":{"feature_id":"dorian-s1-0351","event_id":"dorian","category":"new_low_backscatter_after_dorian","area_ha":1.0,"center_lon":-64.388496,"center_lat":45.942858,"threshold_db":-18.086,"sensor":"Sentinel-1","polarization":"HV","interpretation":"candidate only; requires validation"}},{"type":"Feature","id":"dorian-s1-0352","geometry":{"type":"Polygon","coordinates":[[[-64.303079,45.945214],[-64.303058,45.944315],[-64.304348,45.9443],[-64.304337,45.94385],[-64.303693,45.943857],[-64.303682,45.943407],[-64.303037,45.943415],[-64.303058,45.944315],[-64.302413,45.944322],[-64.302434,45.945222],[-64.303079,45.945214]]]},"properties":{"feature_id":"dorian-s1-0352","event_id":"dorian","category":"new_low_backscatter_after_dorian","area_ha":1.25,"center_lon":-64.303381,"center_lat":45.944315,"threshold_db":-18.086,"sensor":"Sentinel-1","polarization":"HV","interpretation":"candidate only; requires validation"}},{"type":"Feature","id":"dorian-s1-0353","geometry":{"type":"Polygon","coordinates":[[[-64.375298,45.943918],[-64.375253,45.942118],[-64.374608,45.942126],[-64.374619,45.942576],[-64.373975,45.942584],[-64.374008,45.943933],[-64.375298,45.943918]]]},"properties":{"feature_id":"dorian-s1-0353","event_id":"dorian","category":"new_low_backscatter_after_dorian","area_ha":1.75,"center_lon":-64.374637,"center_lat":45.943026,"threshold_db":-18.086,"sensor":"Sentinel-1","polarization":"HV","interpretation":"candidate only; requires validation"}},{"type":"Feature","id":"dorian-s1-0354","geometry":{"type":"Polygon","coordinates":[[[-64.149572,45.946412],[-64.149562,45.945962],[-64.148917,45.945968],[-64.14889,45.944619],[-64.148245,45.944625],[-64.148272,45.945975],[-64.148917,45.945968],[-64.148927,45.946418],[-64.149572,45.946412]]]},"properties":{"feature_id":"dorian-s1-0354","event_id":"dorian","category":"new_low_backscatter_after_dorian","area_ha":1.0,"center_lon":-64.148909,"center_lat":45.945519,"threshold_db":-18.086,"sensor":"Sentinel-1","polarization":"HV","interpretation":"candidate only; requires validation"}},{"type":"Feature","id":"dorian-s1-0355","geometry":{"type":"Polygon","coordinates":[[[-64.078606,45.946204],[-64.078597,45.945754],[-64.077952,45.94576],[-64.077935,45.94486],[-64.07729,45.944866],[-64.077316,45.946216],[-64.078606,45.946204]]]},"properties":{"feature_id":"dorian-s1-0355","event_id":"dorian","category":"new_low_backscatter_after_dorian","area_ha":1.0,"center_lon":-64.077948,"center_lat":45.945538,"threshold_db":-18.086,"sensor":"Sentinel-1","polarization":"HV","interpretation":"candidate only; requires validation"}},{"type":"Feature","id":"dorian-s1-0356","geometry":{"type":"Polygon","coordinates":[[[-64.315946,45.943717],[-64.315935,45.943267],[-64.31658,45.943259],[-64.316559,45.94236],[-64.317204,45.942352],[-64.317193,45.941902],[-64.315903,45.941917],[-64.315935,45.943267],[-64.31529,45.943274],[-64.315301,45.943724],[-64.315946,45.943717]]]},"properties":{"feature_id":"dorian-s1-0356","event_id":"dorian","category":"new_low_backscatter_after_dorian","area_ha":1.25,"center_lon":-64.316247,"center_lat":45.942813,"threshold_db":-18.086,"sensor":"Sentinel-1","polarization":"HV","interpretation":"candidate only; requires validation"}},{"type":"Feature","id":"dorian-s1-0357","geometry":{"type":"Polygon","coordinates":[[[-64.304972,45.943393],[-64.304951,45.942493],[-64.304306,45.9425],[-64.304295,45.94205],[-64.303005,45.942065],[-64.303016,45.942515],[-64.304306,45.9425],[-64.304327,45.9434],[-64.304972,45.943393]]]},"properties":{"feature_id":"dorian-s1-0357","event_id":"dorian","category":"new_low_backscatter_after_dorian","area_ha":1.0,"center_lon":-64.303989,"center_lat":45.942725,"threshold_db":-18.086,"sensor":"Sentinel-1","polarization":"HV","interpretation":"candidate only; requires validation"}},{"type":"Feature","id":"dorian-s1-0358","geometry":{"type":"Polygon","coordinates":[[[-64.185661,45.944693],[-64.185632,45.943343],[-64.184342,45.943357],[-64.184362,45.944256],[-64.185007,45.94425],[-64.185016,45.9447],[-64.185661,45.944693]]]},"properties":{"feature_id":"dorian-s1-0358","event_id":"dorian","category":"persistent_low_backscatter","area_ha":1.25,"center_lon":-64.185001,"center_lat":45.944021,"threshold_db":-18.086,"sensor":"Sentinel-1","polarization":"HV","interpretation":"candidate only; requires validation"}},{"type":"Feature","id":"dorian-s1-0359","geometry":{"type":"Polygon","coordinates":[[[-64.352683,45.942388],[-64.352672,45.941938],[-64.353317,45.94193],[-64.353306,45.94148],[-64.352016,45.941496],[-64.352027,45.941945],[-64.351382,45.941953],[-64.351393,45.942403],[-64.352683,45.942388]]]},"properties":{"feature_id":"dorian-s1-0359","event_id":"dorian","category":"new_low_backscatter_after_dorian","area_ha":1.0,"center_lon":-64.35235,"center_lat":45.941941,"threshold_db":-18.086,"sensor":"Sentinel-1","polarization":"HV","interpretation":"candidate only; requires validation"}},{"type":"Feature","id":"dorian-s1-0360","geometry":{"type":"Polygon","coordinates":[[[-64.220498,45.944776],[-64.220488,45.944326],[-64.221133,45.944319],[-64.221103,45.94297],[-64.221748,45.942963],[-64.221738,45.942513],[-64.221093,45.94252],[-64.221103,45.94297],[-64.220458,45.942977],[-64.220488,45.944326],[-64.219198,45.94434],[-64.219208,45.94479],[-64.220498,45.944776]]]},"properties":{"feature_id":"dorian-s1-0360","event_id":"dorian","category":"new_low_backscatter_after_dorian","area_ha":1.5,"center_lon":-64.220473,"center_lat":45.943652,"threshold_db":-18.086,"sensor":"Sentinel-1","polarization":"HV","interpretation":"candidate only; requires validation"}},{"type":"Feature","id":"dorian-s1-0361","geometry":{"type":"Polygon","coordinates":[[[-64.225647,45.944271],[-64.225627,45.943371],[-64.224982,45.943378],[-64.224973,45.942928],[-64.224328,45.942935],[-64.224318,45.942485],[-64.223673,45.942492],[-64.223683,45.942942],[-64.224328,45.942935],[-64.224347,45.943835],[-64.224992,45.943828],[-64.225002,45.944278],[-64.225647,45.944271]]]},"properties":{"feature_id":"dorian-s1-0361","event_id":"dorian","category":"low_backscatter_no_longer_present","area_ha":1.25,"center_lon":-64.22466,"center_lat":45.943382,"threshold_db":-18.086,"sensor":"Sentinel-1","polarization":"HV","interpretation":"candidate only; requires validation"}},{"type":"Feature","id":"dorian-s1-0362","geometry":{"type":"Polygon","coordinates":[[[-64.213393,45.944402],[-64.213384,45.943952],[-64.214029,45.943945],[-64.214019,45.943495],[-64.213374,45.943502],[-64.213354,45.942602],[-64.212709,45.942609],[-64.212749,45.944409],[-64.213393,45.944402]]]},"properties":{"feature_id":"dorian-s1-0362","event_id":"dorian","category":"low_backscatter_no_longer_present","area_ha":1.25,"center_lon":-64.213369,"center_lat":45.943506,"threshold_db":-18.086,"sensor":"Sentinel-1","polarization":"HV","interpretation":"candidate only; requires validation"}},{"type":"Feature","id":"dorian-s1-0363","geometry":{"type":"Polygon","coordinates":[[[-64.359776,45.942304],[-64.359765,45.941854],[-64.361055,45.941838],[-64.361033,45.940939],[-64.360388,45.940946],[-64.360399,45.941396],[-64.359754,45.941404],[-64.359732,45.940504],[-64.358443,45.940519],[-64.358454,45.940969],[-64.359098,45.940962],[-64.359131,45.942311],[-64.359776,45.942304]]]},"properties":{"feature_id":"dorian-s1-0363","event_id":"dorian","category":"new_low_backscatter_after_dorian","area_ha":2.0,"center_lon":-64.359749,"center_lat":45.941407,"threshold_db":-18.086,"sensor":"Sentinel-1","polarization":"HV","interpretation":"candidate only; requires validation"}},{"type":"Feature","id":"dorian-s1-0364","geometry":{"type":"Polygon","coordinates":[[[-64.232711,45.942845],[-64.232692,45.941945],[-64.231402,45.941959],[-64.231422,45.942859],[-64.232711,45.942845]]]},"properties":{"feature_id":"dorian-s1-0364","event_id":"dorian","category":"new_low_backscatter_after_dorian","area_ha":1.0,"center_lon":-64.232056,"center_lat":45.942402,"threshold_db":-18.086,"sensor":"Sentinel-1","polarization":"HV","interpretation":"candidate only; requires validation"}},{"type":"Feature","id":"dorian-s1-0365","geometry":{"type":"Polygon","coordinates":[[[-64.332681,45.942173],[-64.33267,45.941723],[-64.333315,45.941715],[-64.333282,45.940366],[-64.331993,45.940381],[-64.332003,45.940831],[-64.332648,45.940823],[-64.33267,45.941723],[-64.332025,45.94173],[-64.332036,45.94218],[-64.332681,45.942173]]]},"properties":{"feature_id":"dorian-s1-0365","event_id":"dorian","category":"new_low_backscatter_after_dorian","area_ha":1.25,"center_lon":-64.332654,"center_lat":45.941273,"threshold_db":-18.086,"sensor":"Sentinel-1","polarization":"HV","interpretation":"candidate only; requires validation"}},{"type":"Feature","id":"dorian-s1-0366","geometry":{"type":"Polygon","coordinates":[[[-64.260453,45.942992],[-64.260432,45.942093],[-64.261077,45.942085],[-64.261067,45.941636],[-64.260422,45.941643],[-64.260412,45.941193],[-64.259122,45.941207],[-64.259153,45.942557],[-64.259798,45.94255],[-64.259808,45.942999],[-64.260453,45.942992]]]},"properties":{"feature_id":"dorian-s1-0366","event_id":"dorian","category":"persistent_low_backscatter","area_ha":2.0,"center_lon":-64.260099,"center_lat":45.942096,"threshold_db":-18.086,"sensor":"Sentinel-1","polarization":"HV","interpretation":"candidate only; requires validation"}},{"type":"Feature","id":"dorian-s1-0367","geometry":{"type":"Polygon","coordinates":[[[-64.391386,45.942373],[-64.391375,45.941923],[-64.390085,45.941939],[-64.390063,45.941039],[-64.390707,45.941031],[-64.390696,45.940581],[-64.391986,45.940566],[-64.391997,45.941016],[-64.393287,45.941],[-64.393276,45.94055],[-64.392631,45.940558],[-64.392619,45.940108],[-64.39133,45.940124],[-64.391319,45.939674],[-64.390674,45.939682],[-64.390685,45.940131],[-64.389395,45.940147],[-64.389407,45.940597],[-64.388762,45.940605],[-64.388773,45.941055],[-64.389418,45.941047],[-64.389429,45.941497],[-64.388784,45.941505],[-64.388795,45.941955],[-64.390085,45.941939],[-64.390096,45.942389],[-64.391386,45.942373]]]},"properties":{"feature_id":"dorian-s1-0367","event_id":"dorian","category":"new_low_backscatter_after_dorian","area_ha":4.0,"center_lon":-64.391025,"center_lat":45.941031,"threshold_db":-18.086,"sensor":"Sentinel-1","polarization":"HV","interpretation":"candidate only; requires validation"}},{"type":"Feature","id":"dorian-s1-0368","geometry":{"type":"Polygon","coordinates":[[[-64.151451,45.943693],[-64.151432,45.942793],[-64.152077,45.942786],[-64.152068,45.942336],[-64.151423,45.942343],[-64.151432,45.942793],[-64.150142,45.942806],[-64.150133,45.942356],[-64.149488,45.942362],[-64.149507,45.943262],[-64.150152,45.943256],[-64.150161,45.943706],[-64.151451,45.943693]]]},"properties":{"feature_id":"dorian-s1-0368","event_id":"dorian","category":"new_low_backscatter_after_dorian","area_ha":1.75,"center_lon":-64.150783,"center_lat":45.943021,"threshold_db":-18.086,"sensor":"Sentinel-1","polarization":"HV","interpretation":"candidate only; requires validation"}},{"type":"Feature","id":"dorian-s1-0369","geometry":{"type":"Polygon","coordinates":[[[-64.324276,45.94137],[-64.324254,45.940471],[-64.32361,45.940478],[-64.32362,45.940928],[-64.322975,45.940935],[-64.322965,45.940486],[-64.32232,45.940493],[-64.322341,45.941393],[-64.324276,45.94137]]]},"properties":{"feature_id":"dorian-s1-0369","event_id":"dorian","category":"low_backscatter_no_longer_present","area_ha":1.25,"center_lon":-64.323298,"center_lat":45.940932,"threshold_db":-18.086,"sensor":"Sentinel-1","polarization":"HV","interpretation":"candidate only; requires validation"}},{"type":"Feature","id":"dorian-s1-0370","geometry":{"type":"Polygon","coordinates":[[[-64.295267,45.942153],[-64.295256,45.941703],[-64.295901,45.941696],[-64.295891,45.941246],[-64.29718,45.941231],[-64.29717,45.940781],[-64.29588,45.940796],[-64.295891,45.941246],[-64.295246,45.941253],[-64.295256,45.941703],[-64.294611,45.94171],[-64.294601,45.94126],[-64.292666,45.941282],[-64.292677,45.941732],[-64.293967,45.941718],[-64.293977,45.942168],[-64.295267,45.942153]]]},"properties":{"feature_id":"dorian-s1-0370","event_id":"dorian","category":"new_low_backscatter_after_dorian","area_ha":2.0,"center_lon":-64.294923,"center_lat":45.941474,"threshold_db":-18.086,"sensor":"Sentinel-1","polarization":"HV","interpretation":"candidate only; requires validation"}},{"type":"Feature","id":"dorian-s1-0371","geometry":{"type":"Polygon","coordinates":[[[-64.230112,45.941973],[-64.230102,45.941523],[-64.227522,45.941551],[-64.227532,45.942001],[-64.230112,45.941973]]]},"properties":{"feature_id":"dorian-s1-0371","event_id":"dorian","category":"new_low_backscatter_after_dorian","area_ha":1.0,"center_lon":-64.228817,"center_lat":45.941762,"threshold_db":-18.086,"sensor":"Sentinel-1","polarization":"HV","interpretation":"candidate only; requires validation"}},{"type":"Feature","id":"dorian-s1-0372","geometry":{"type":"Polygon","coordinates":[[[-64.319751,45.940973],[-64.31974,45.940523],[-64.320385,45.940515],[-64.320375,45.940066],[-64.31973,45.940073],[-64.31974,45.940523],[-64.317806,45.940545],[-64.317816,45.940995],[-64.319751,45.940973]]]},"properties":{"feature_id":"dorian-s1-0372","event_id":"dorian","category":"low_backscatter_no_longer_present","area_ha":1.0,"center_lon":-64.319096,"center_lat":45.940531,"threshold_db":-18.086,"sensor":"Sentinel-1","polarization":"HV","interpretation":"candidate only; requires validation"}},{"type":"Feature","id":"dorian-s1-0373","geometry":{"type":"Polygon","coordinates":[[[-64.362968,45.940915],[-64.362935,45.939566],[-64.363579,45.939558],[-64.363557,45.938658],[-64.362913,45.938666],[-64.362935,45.939566],[-64.36229,45.939573],[-64.362323,45.940923],[-64.362968,45.940915]]]},"properties":{"feature_id":"dorian-s1-0373","event_id":"dorian","category":"new_low_backscatter_after_dorian","area_ha":1.25,"center_lon":-64.362934,"center_lat":45.939791,"threshold_db":-18.086,"sensor":"Sentinel-1","polarization":"HV","interpretation":"candidate only; requires validation"}},{"type":"Feature","id":"dorian-s1-0374","geometry":{"type":"Polygon","coordinates":[[[-64.328113,45.939976],[-64.328102,45.939526],[-64.328747,45.939518],[-64.328736,45.939069],[-64.327446,45.939084],[-64.327457,45.939533],[-64.326812,45.939541],[-64.326823,45.939991],[-64.328113,45.939976]]]},"properties":{"feature_id":"dorian-s1-0374","event_id":"dorian","category":"new_low_backscatter_after_dorian","area_ha":1.0,"center_lon":-64.32778,"center_lat":45.93953,"threshold_db":-18.086,"sensor":"Sentinel-1","polarization":"HV","interpretation":"candidate only; requires validation"}},{"type":"Feature","id":"dorian-s1-0375","geometry":{"type":"Polygon","coordinates":[[[-64.233306,45.940588],[-64.233297,45.940139],[-64.230072,45.940173],[-64.230082,45.940623],[-64.233306,45.940588]]]},"properties":{"feature_id":"dorian-s1-0375","event_id":"dorian","category":"new_low_backscatter_after_dorian","area_ha":1.25,"center_lon":-64.231689,"center_lat":45.940381,"threshold_db":-18.086,"sensor":"Sentinel-1","polarization":"HV","interpretation":"candidate only; requires validation"}},{"type":"Feature","id":"dorian-s1-0376","geometry":{"type":"Polygon","coordinates":[[[-64.238766,45.95403],[-64.238756,45.95358],[-64.239401,45.953573],[-64.239391,45.953123],[-64.240681,45.953109],[-64.240671,45.952659],[-64.241316,45.952652],[-64.241306,45.952202],[-64.241951,45.952195],[-64.241911,45.950396],[-64.242556,45.950389],[-64.242516,45.948589],[-64.243161,45.948582],[-64.243151,45.948132],[-64.244441,45.948118],[-64.244431,45.947668],[-64.245721,45.947654],[-64.2457,45.946754],[-64.24699,45.94674],[-64.24698,45.94629],[-64.247625,45.946283],[-64.247605,45.945384],[-64.24825,45.945376],[-64.24824,45.944927],[-64.24953,45.944912],[-64.24952,45.944463],[-64.250809,45.944448],[-64.250799,45.943999],[-64.252089,45.943984],[-64.252079,45.943534],[-64.254014,45.943513],[-64.254004,45.943063],[-64.252714,45.943077],[-64.252704,45.942628],[-64.253993,45.942613],[-64.253983,45.942164],[-64.253338,45.942171],[-64.253328,45.941721],[-64.252683,45.941728],[-64.252673,45.941278],[-64.253318,45.941271],[-64.253308,45.940821],[-64.253953,45.940814],[-64.253933,45.939914],[-64.253288,45.939921],[-64.253278,45.939471],[-64.251988,45.939485],[-64.251998,45.939935],[-64.251353,45.939942],[-64.251343,45.939492],[-64.249408,45.939513],[-64.249449,45.941313],[-64.248804,45.94132],[-64.248814,45.94177],[-64.249459,45.941763],[-64.249469,45.942213],[-64.248824,45.94222],[-64.248834,45.94267],[-64.248189,45.942677],[-64.248209,45.943577],[-64.247565,45.943584],[-64.247575,45.944034],[-64.24693,45.944041],[-64.24694,45.944491],[-64.246295,45.944498],[-64.246325,45.945847],[-64.24439,45.945869],[-64.2444,45.946318],[-64.24311,45.946333],[-64.243121,45.946782],[-64.241831,45.946796],[-64.241841,45.947246],[-64.241196,45.947253],[-64.241206,45.947703],[-64.240561,45.94771],[-64.240571,45.94816],[-64.239926,45.948167],[-64.239936,45.948617],[-64.240581,45.94861],[-64.240611,45.94996],[-64.239321,45.949974],[-64.239281,45.948174],[-64.238636,45.948181],[-64.238626,45.947731],[-64.239271,45.947724],[-64.239261,45.947274],[-64.238616,45.947281],[-64.238606,45.946831],[-64.237316,45.946845],[-64.237306,45.946396],[-64.236661,45.946403],[-64.236691,45.947752],[-64.237336,45.947745],[-64.237346,45.948195],[-64.236056,45.948209],[-64.236066,45.948659],[-64.234776,45.948673],[-64.234786,45.949123],[-64.234141,45.94913],[-64.234151,45.94958],[-64.236086,45.949559],[-64.236116,45.950909],[-64.235471,45.950916],[-64.235461,45.950466],[-64.232881,45.950494],[-64.232911,45.951843],[-64.233556,45.951836],[-64.233576,45.952736],[-64.234866,45.952722],[-64.234876,45.953172],[-64.237456,45.953144],[-64.237466,45.953594],[-64.238111,45.953587],[-64.238121,45.954037],[-64.238766,45.95403]],[[-64.249489,45.943113],[-64.248844,45.94312],[-64.248834,45.94267],[-64.249479,45.942663],[-64.249489,45.943113]]]},"properties":{"feature_id":"dorian-s1-0376","event_id":"dorian","category":"persistent_low_backscatter","area_ha":62.75,"center_lon":-64.243448,"center_lat":45.946754,"threshold_db":-18.086,"sensor":"Sentinel-1","polarization":"HV","interpretation":"candidate only; requires validation"}},{"type":"Feature","id":"dorian-s1-0377","geometry":{"type":"Polygon","coordinates":[[[-64.301684,45.94073],[-64.301663,45.93983],[-64.302308,45.939823],[-64.302297,45.939373],[-64.301652,45.93938],[-64.301642,45.93893],[-64.300997,45.938938],[-64.301029,45.940287],[-64.300384,45.940295],[-64.300373,45.939845],[-64.299728,45.939852],[-64.299739,45.940302],[-64.300384,45.940295],[-64.300394,45.940745],[-64.301684,45.94073]]]},"properties":{"feature_id":"dorian-s1-0377","event_id":"dorian","category":"new_low_backscatter_after_dorian","area_ha":1.75,"center_lon":-64.301018,"center_lat":45.939837,"threshold_db":-18.086,"sensor":"Sentinel-1","polarization":"HV","interpretation":"candidate only; requires validation"}},{"type":"Feature","id":"dorian-s1-0378","geometry":{"type":"Polygon","coordinates":[[[-64.353284,45.940581],[-64.353251,45.939231],[-64.353896,45.939223],[-64.353907,45.939673],[-64.354552,45.939665],[-64.354541,45.939216],[-64.35583,45.9392],[-64.355808,45.9383],[-64.353874,45.938323],[-64.353885,45.938773],[-64.35324,45.938781],[-64.353229,45.938331],[-64.351939,45.938346],[-64.35195,45.938796],[-64.35324,45.938781],[-64.353251,45.939231],[-64.352606,45.939238],[-64.352617,45.939688],[-64.351327,45.939704],[-64.351338,45.940154],[-64.351983,45.940146],[-64.351994,45.940596],[-64.353284,45.940581]],[[-64.354541,45.939216],[-64.353896,45.939223],[-64.353885,45.938773],[-64.35453,45.938766],[-64.354541,45.939216]]]},"properties":{"feature_id":"dorian-s1-0378","event_id":"dorian","category":"new_low_backscatter_after_dorian","area_ha":3.75,"center_lon":-64.353578,"center_lat":45.939448,"threshold_db":-18.086,"sensor":"Sentinel-1","polarization":"HV","interpretation":"candidate only; requires validation"}},{"type":"Feature","id":"dorian-s1-0379","geometry":{"type":"Polygon","coordinates":[[[-64.393898,45.939642],[-64.393875,45.938742],[-64.395165,45.938727],[-64.395142,45.937827],[-64.395787,45.937819],[-64.395776,45.937369],[-64.395131,45.937377],[-64.395142,45.937827],[-64.394498,45.937835],[-64.394509,45.938285],[-64.393864,45.938293],[-64.393875,45.938742],[-64.392586,45.938758],[-64.392608,45.939658],[-64.393898,45.939642]]]},"properties":{"feature_id":"dorian-s1-0379","event_id":"dorian","category":"new_low_backscatter_after_dorian","area_ha":2.0,"center_lon":-64.394186,"center_lat":45.938513,"threshold_db":-18.086,"sensor":"Sentinel-1","polarization":"HV","interpretation":"candidate only; requires validation"}},{"type":"Feature","id":"dorian-s1-0380","geometry":{"type":"Polygon","coordinates":[[[-64.321062,45.941858],[-64.321051,45.941408],[-64.320407,45.941415],[-64.320385,45.940515],[-64.31974,45.940523],[-64.31973,45.940073],[-64.320375,45.940066],[-64.320364,45.939616],[-64.321009,45.939608],[-64.320998,45.939158],[-64.322933,45.939136],[-64.322911,45.938236],[-64.322266,45.938244],[-64.322277,45.938693],[-64.320987,45.938708],[-64.320998,45.939158],[-64.320353,45.939166],[-64.320364,45.939616],[-64.319719,45.939623],[-64.31973,45.940073],[-64.319085,45.94008],[-64.319095,45.94053],[-64.31974,45.940523],[-64.319772,45.941873],[-64.321062,45.941858]]]},"properties":{"feature_id":"dorian-s1-0380","event_id":"dorian","category":"new_low_backscatter_after_dorian","area_ha":2.75,"center_lon":-64.321009,"center_lat":45.940055,"threshold_db":-18.086,"sensor":"Sentinel-1","polarization":"HV","interpretation":"candidate only; requires validation"}},{"type":"Feature","id":"dorian-s1-0381","geometry":{"type":"Polygon","coordinates":[[[-64.215269,45.941682],[-64.215259,45.941232],[-64.215904,45.941225],[-64.215885,45.940325],[-64.21653,45.940318],[-64.21652,45.939868],[-64.217809,45.939855],[-64.2178,45.939405],[-64.21651,45.939418],[-64.21652,45.939868],[-64.21523,45.939882],[-64.215259,45.941232],[-64.214615,45.941239],[-64.214624,45.941689],[-64.215269,45.941682]]]},"properties":{"feature_id":"dorian-s1-0381","event_id":"dorian","category":"persistent_low_backscatter","area_ha":1.75,"center_lon":-64.216212,"center_lat":45.940547,"threshold_db":-18.086,"sensor":"Sentinel-1","polarization":"HV","interpretation":"candidate only; requires validation"}},{"type":"Feature","id":"dorian-s1-0382","geometry":{"type":"Polygon","coordinates":[[[-64.297149,45.939882],[-64.297138,45.939432],[-64.296494,45.939439],[-64.296483,45.938989],[-64.295838,45.938996],[-64.295828,45.938546],[-64.296473,45.938539],[-64.296462,45.938089],[-64.295817,45.938097],[-64.295828,45.938546],[-64.294538,45.938561],[-64.294549,45.939011],[-64.295193,45.939004],[-64.295204,45.939454],[-64.296494,45.939439],[-64.296504,45.939889],[-64.297149,45.939882]]]},"properties":{"feature_id":"dorian-s1-0382","event_id":"dorian","category":"new_low_backscatter_after_dorian","area_ha":1.5,"center_lon":-64.295844,"center_lat":45.938989,"threshold_db":-18.086,"sensor":"Sentinel-1","polarization":"HV","interpretation":"candidate only; requires validation"}},{"type":"Feature","id":"dorian-s1-0383","geometry":{"type":"Polygon","coordinates":[[[-64.292624,45.939483],[-64.292614,45.939033],[-64.291969,45.93904],[-64.291959,45.93859],[-64.293248,45.938576],[-64.293259,45.939026],[-64.294549,45.939011],[-64.294528,45.938111],[-64.291948,45.93814],[-64.291959,45.93859],[-64.291314,45.938598],[-64.291324,45.939047],[-64.291969,45.93904],[-64.29198,45.93949],[-64.292624,45.939483]]]},"properties":{"feature_id":"dorian-s1-0383","event_id":"dorian","category":"persistent_low_backscatter","area_ha":2.0,"center_lon":-64.292932,"center_lat":45.9388,"threshold_db":-18.086,"sensor":"Sentinel-1","polarization":"HV","interpretation":"candidate only; requires validation"}},{"type":"Feature","id":"dorian-s1-0384","geometry":{"type":"Polygon","coordinates":[[[-64.342256,45.93801],[-64.342234,45.937111],[-64.340945,45.937126],[-64.340956,45.937576],[-64.339666,45.937591],[-64.339677,45.938041],[-64.340966,45.938026],[-64.340956,45.937576],[-64.3416,45.937568],[-64.341611,45.938018],[-64.342256,45.93801]]]},"properties":{"feature_id":"dorian-s1-0384","event_id":"dorian","category":"new_low_backscatter_after_dorian","area_ha":1.25,"center_lon":-64.340961,"center_lat":45.937576,"threshold_db":-18.086,"sensor":"Sentinel-1","polarization":"HV","interpretation":"candidate only; requires validation"}},{"type":"Feature","id":"dorian-s1-0385","geometry":{"type":"Polygon","coordinates":[[[-64.317182,45.941452],[-64.317161,45.940553],[-64.318451,45.940538],[-64.31844,45.940088],[-64.317795,45.940095],[-64.317784,45.939645],[-64.318429,45.939638],[-64.318419,45.939188],[-64.317774,45.939195],[-64.317763,45.938746],[-64.316473,45.93876],[-64.316463,45.938311],[-64.318397,45.938288],[-64.318376,45.937388],[-64.317731,45.937396],[-64.317742,45.937846],[-64.317097,45.937853],[-64.317086,45.937403],[-64.316441,45.937411],[-64.316463,45.938311],[-64.315818,45.938318],[-64.315807,45.937868],[-64.314518,45.937883],[-64.314528,45.938333],[-64.315173,45.938325],[-64.315184,45.938775],[-64.316473,45.93876],[-64.316484,45.93921],[-64.315839,45.939218],[-64.31585,45.939668],[-64.315205,45.939675],[-64.315194,45.939225],[-64.31455,45.939233],[-64.314539,45.938783],[-64.313894,45.93879],[-64.313905,45.93924],[-64.31455,45.939233],[-64.31456,45.939683],[-64.315205,45.939675],[-64.315216,45.940125],[-64.314571,45.940132],[-64.314581,45.940582],[-64.315226,45.940575],[-64.315216,45.940125],[-64.316505,45.94011],[-64.316495,45.93966],[-64.31714,45.939653],[-64.317161,45.940553],[-64.316516,45.94056],[-64.316527,45.94101],[-64.315237,45.941025],[-64.315248,45.941475],[-64.317182,45.941452]],[[-64.317784,45.939645],[-64.31714,45.939653],[-64.317129,45.939203],[-64.317774,45.939195],[-64.317784,45.939645]]]},"properties":{"feature_id":"dorian-s1-0385","event_id":"dorian","category":"new_low_backscatter_after_dorian","area_ha":6.5,"center_lon":-64.316172,"center_lat":45.939431,"threshold_db":-18.086,"sensor":"Sentinel-1","polarization":"HV","interpretation":"candidate only; requires validation"}},{"type":"Feature","id":"dorian-s1-0386","geometry":{"type":"Polygon","coordinates":[[[-64.287445,45.938641],[-64.287424,45.937741],[-64.285489,45.937763],[-64.2855,45.938213],[-64.28679,45.938199],[-64.2868,45.938648],[-64.287445,45.938641]]]},"properties":{"feature_id":"dorian-s1-0386","event_id":"dorian","category":"low_backscatter_no_longer_present","area_ha":1.0,"center_lon":-64.286467,"center_lat":45.938195,"threshold_db":-18.086,"sensor":"Sentinel-1","polarization":"HV","interpretation":"candidate only; requires validation"}},{"type":"Feature","id":"dorian-s1-0387","geometry":{"type":"Polygon","coordinates":[[[-64.334529,45.938551],[-64.334497,45.937201],[-64.335141,45.937194],[-64.335131,45.936744],[-64.334486,45.936751],[-64.334497,45.937201],[-64.333852,45.937209],[-64.333884,45.938559],[-64.334529,45.938551]]]},"properties":{"feature_id":"dorian-s1-0387","event_id":"dorian","category":"new_low_backscatter_after_dorian","area_ha":1.0,"center_lon":-64.334497,"center_lat":45.937652,"threshold_db":-18.086,"sensor":"Sentinel-1","polarization":"HV","interpretation":"candidate only; requires validation"}},{"type":"Feature","id":"dorian-s1-0388","geometry":{"type":"Polygon","coordinates":[[[-64.169481,45.94216],[-64.169471,45.94171],[-64.170116,45.941703],[-64.170088,45.940353],[-64.170733,45.940347],[-64.170723,45.939897],[-64.172658,45.939877],[-64.172629,45.938527],[-64.17134,45.93854],[-64.171349,45.93899],[-64.170704,45.938997],[-64.170695,45.938547],[-64.169405,45.93856],[-64.169414,45.93901],[-64.168125,45.939023],[-64.168134,45.939473],[-64.165555,45.9395],[-64.165564,45.939949],[-64.164919,45.939956],[-64.164928,45.940406],[-64.165573,45.940399],[-64.165583,45.940849],[-64.167518,45.94083],[-64.167546,45.942179],[-64.169481,45.94216]]]},"properties":{"feature_id":"dorian-s1-0388","event_id":"dorian","category":"persistent_low_backscatter","area_ha":12.25,"center_lon":-64.168789,"center_lat":45.940353,"threshold_db":-18.086,"sensor":"Sentinel-1","polarization":"HV","interpretation":"candidate only; requires validation"}},{"type":"Feature","id":"dorian-s1-0389","geometry":{"type":"Polygon","coordinates":[[[-64.234576,45.939675],[-64.234546,45.938325],[-64.235191,45.938318],[-64.235181,45.937868],[-64.234536,45.937875],[-64.234526,45.937425],[-64.233237,45.937439],[-64.233247,45.937889],[-64.232602,45.937896],[-64.232612,45.938346],[-64.233257,45.938339],[-64.233267,45.938789],[-64.232622,45.938796],[-64.232642,45.939696],[-64.233287,45.939689],[-64.233277,45.939239],[-64.233921,45.939232],[-64.233931,45.939682],[-64.234576,45.939675]],[[-64.234546,45.938325],[-64.233257,45.938339],[-64.233247,45.937889],[-64.234536,45.937875],[-64.234546,45.938325]]]},"properties":{"feature_id":"dorian-s1-0389","event_id":"dorian","category":"new_low_backscatter_after_dorian","area_ha":2.75,"center_lon":-64.233897,"center_lat":45.93856,"threshold_db":-18.086,"sensor":"Sentinel-1","polarization":"HV","interpretation":"candidate only; requires validation"}},{"type":"Feature","id":"dorian-s1-0390","geometry":{"type":"Polygon","coordinates":[[[-64.125562,45.93945],[-64.125553,45.939001],[-64.126198,45.938994],[-64.126189,45.938544],[-64.125544,45.938551],[-64.125535,45.938101],[-64.12489,45.938107],[-64.124908,45.939007],[-64.124263,45.939013],[-64.124272,45.939463],[-64.125562,45.93945]]]},"properties":{"feature_id":"dorian-s1-0390","event_id":"dorian","category":"new_low_backscatter_after_dorian","area_ha":1.25,"center_lon":-64.125231,"center_lat":45.938782,"threshold_db":-18.086,"sensor":"Sentinel-1","polarization":"HV","interpretation":"candidate only; requires validation"}},{"type":"Feature","id":"dorian-s1-0391","geometry":{"type":"Polygon","coordinates":[[[-64.421533,45.935702],[-64.42151,45.934802],[-64.419576,45.934826],[-64.419588,45.935276],[-64.420877,45.93526],[-64.420889,45.93571],[-64.421533,45.935702]]]},"properties":{"feature_id":"dorian-s1-0391","event_id":"dorian","category":"low_backscatter_no_longer_present","area_ha":1.0,"center_lon":-64.420555,"center_lat":45.935256,"threshold_db":-18.086,"sensor":"Sentinel-1","polarization":"HV","interpretation":"candidate only; requires validation"}},{"type":"Feature","id":"dorian-s1-0392","geometry":{"type":"Polygon","coordinates":[[[-64.355765,45.936501],[-64.355754,45.936051],[-64.356398,45.936043],[-64.356387,45.935593],[-64.355743,45.935601],[-64.355754,45.936051],[-64.353819,45.936074],[-64.353808,45.935624],[-64.353163,45.935632],[-64.353174,45.936082],[-64.353819,45.936074],[-64.35383,45.936524],[-64.355765,45.936501]]]},"properties":{"feature_id":"dorian-s1-0392","event_id":"dorian","category":"new_low_backscatter_after_dorian","area_ha":1.25,"center_lon":-64.354781,"center_lat":45.936059,"threshold_db":-18.086,"sensor":"Sentinel-1","polarization":"HV","interpretation":"candidate only; requires validation"}},{"type":"Feature","id":"dorian-s1-0393","geometry":{"type":"Polygon","coordinates":[[[-64.21906,45.938041],[-64.21905,45.937591],[-64.218405,45.937598],[-64.218385,45.936698],[-64.217741,45.936705],[-64.21775,45.937155],[-64.217106,45.937162],[-64.217125,45.938062],[-64.21777,45.938055],[-64.21776,45.937605],[-64.218405,45.937598],[-64.218415,45.938048],[-64.21906,45.938041]]]},"properties":{"feature_id":"dorian-s1-0393","event_id":"dorian","category":"low_backscatter_no_longer_present","area_ha":1.25,"center_lon":-64.218083,"center_lat":45.93738,"threshold_db":-18.086,"sensor":"Sentinel-1","polarization":"HV","interpretation":"candidate only; requires validation"}},{"type":"Feature","id":"dorian-s1-0394","geometry":{"type":"Polygon","coordinates":[[[-64.17005,45.938554],[-64.170031,45.937654],[-64.170676,45.937647],[-64.170666,45.937197],[-64.169377,45.93721],[-64.169405,45.93856],[-64.17005,45.938554]]]},"properties":{"feature_id":"dorian-s1-0394","event_id":"dorian","category":"new_low_backscatter_after_dorian","area_ha":1.0,"center_lon":-64.170027,"center_lat":45.937878,"threshold_db":-18.086,"sensor":"Sentinel-1","polarization":"HV","interpretation":"candidate only; requires validation"}},{"type":"Feature","id":"dorian-s1-0395","geometry":{"type":"Polygon","coordinates":[[[-64.35253,45.936089],[-64.352519,45.935639],[-64.351874,45.935647],[-64.351863,45.935197],[-64.352508,45.935189],[-64.352497,45.93474],[-64.350562,45.934762],[-64.350573,45.935212],[-64.351218,45.935205],[-64.351229,45.935655],[-64.351874,45.935647],[-64.351885,45.936097],[-64.35253,45.936089]]]},"properties":{"feature_id":"dorian-s1-0395","event_id":"dorian","category":"new_low_backscatter_after_dorian","area_ha":1.25,"center_lon":-64.351546,"center_lat":45.935418,"threshold_db":-18.086,"sensor":"Sentinel-1","polarization":"HV","interpretation":"candidate only; requires validation"}},{"type":"Feature","id":"dorian-s1-0396","geometry":{"type":"Polygon","coordinates":[[[-64.26033,45.937593],[-64.26031,45.936694],[-64.260955,45.936686],[-64.260934,45.935787],[-64.261579,45.93578],[-64.261569,45.93533],[-64.260279,45.935344],[-64.26029,45.935794],[-64.259645,45.935801],[-64.259665,45.936701],[-64.25902,45.936708],[-64.25903,45.937158],[-64.259675,45.937151],[-64.259685,45.937601],[-64.26033,45.937593]]]},"properties":{"feature_id":"dorian-s1-0396","event_id":"dorian","category":"new_low_backscatter_after_dorian","area_ha":2.25,"center_lon":-64.2603,"center_lat":45.936465,"threshold_db":-18.086,"sensor":"Sentinel-1","polarization":"HV","interpretation":"candidate only; requires validation"}},{"type":"Feature","id":"dorian-s1-0397","geometry":{"type":"Polygon","coordinates":[[[-64.17979,45.941604],[-64.179771,45.940704],[-64.179126,45.94071],[-64.179116,45.94026],[-64.179761,45.940254],[-64.179752,45.939804],[-64.181041,45.939791],[-64.181032,45.939341],[-64.182322,45.939327],[-64.182312,45.938877],[-64.181022,45.938891],[-64.181013,45.938441],[-64.181658,45.938434],[-64.181629,45.937084],[-64.182274,45.937078],[-64.182264,45.936628],[-64.179685,45.936654],[-64.179666,45.935755],[-64.179021,45.935761],[-64.179049,45.937111],[-64.178405,45.937118],[-64.178414,45.937568],[-64.177769,45.937574],[-64.177788,45.938474],[-64.177143,45.938481],[-64.177153,45.938931],[-64.177798,45.938924],[-64.177826,45.940274],[-64.178471,45.940267],[-64.17849,45.941167],[-64.179135,45.94116],[-64.179145,45.94161],[-64.17979,45.941604]],[[-64.179069,45.938011],[-64.178424,45.938017],[-64.178414,45.937568],[-64.179059,45.937561],[-64.179069,45.938011]]]},"properties":{"feature_id":"dorian-s1-0397","event_id":"dorian","category":"persistent_low_backscatter","area_ha":12.0,"center_lon":-64.179733,"center_lat":45.938682,"threshold_db":-18.086,"sensor":"Sentinel-1","polarization":"HV","interpretation":"candidate only; requires validation"}},{"type":"Feature","id":"dorian-s1-0398","geometry":{"type":"Polygon","coordinates":[[[-64.320934,45.936459],[-64.320923,45.936009],[-64.320278,45.936016],[-64.320268,45.935566],[-64.321557,45.935552],[-64.321547,45.935102],[-64.320902,45.935109],[-64.320891,45.934659],[-64.320246,45.934667],[-64.320236,45.934217],[-64.319591,45.934224],[-64.319612,45.935124],[-64.320257,45.935117],[-64.320268,45.935566],[-64.318333,45.935589],[-64.318344,45.936039],[-64.320278,45.936016],[-64.320289,45.936466],[-64.320934,45.936459]]]},"properties":{"feature_id":"dorian-s1-0398","event_id":"dorian","category":"new_low_backscatter_after_dorian","area_ha":2.25,"center_lon":-64.319945,"center_lat":45.935341,"threshold_db":-18.086,"sensor":"Sentinel-1","polarization":"HV","interpretation":"candidate only; requires validation"}},{"type":"Feature","id":"dorian-s1-0399","geometry":{"type":"Polygon","coordinates":[[[-64.220379,45.939377],[-64.220369,45.938927],[-64.221014,45.93892],[-64.221004,45.93847],[-64.221649,45.938464],[-64.22161,45.936664],[-64.222899,45.93665],[-64.222889,45.9362],[-64.222245,45.936207],[-64.222235,45.935757],[-64.22159,45.935764],[-64.22158,45.935314],[-64.220935,45.935321],[-64.220955,45.936221],[-64.2216,45.936214],[-64.22161,45.936664],[-64.220965,45.936671],[-64.220984,45.937571],[-64.219695,45.937584],[-64.219734,45.939384],[-64.220379,45.939377]]]},"properties":{"feature_id":"dorian-s1-0399","event_id":"dorian","category":"persistent_low_backscatter","area_ha":4.0,"center_lon":-64.221297,"center_lat":45.937349,"threshold_db":-18.086,"sensor":"Sentinel-1","polarization":"HV","interpretation":"candidate only; requires validation"}},{"type":"Feature","id":"dorian-s1-0400","geometry":{"type":"Polygon","coordinates":[[[-64.23901,45.936026],[-64.239,45.935577],[-64.239645,45.93557],[-64.239635,45.93512],[-64.23899,45.935127],[-64.23898,45.934677],[-64.237691,45.934691],[-64.237701,45.935141],[-64.238345,45.935134],[-64.238365,45.936033],[-64.23901,45.936026]]]},"properties":{"feature_id":"dorian-s1-0400","event_id":"dorian","category":"new_low_backscatter_after_dorian","area_ha":1.25,"center_lon":-64.238668,"center_lat":45.935355,"threshold_db":-18.086,"sensor":"Sentinel-1","polarization":"HV","interpretation":"candidate only; requires validation"}},{"type":"Feature","id":"dorian-s1-0401","geometry":{"type":"Polygon","coordinates":[[[-64.162909,45.936376],[-64.16289,45.935476],[-64.161601,45.93549],[-64.161591,45.93504],[-64.160946,45.935046],[-64.160956,45.935496],[-64.161601,45.93549],[-64.16161,45.93594],[-64.162255,45.935933],[-64.162264,45.936383],[-64.162909,45.936376]]]},"properties":{"feature_id":"dorian-s1-0401","event_id":"dorian","category":"new_low_backscatter_after_dorian","area_ha":1.0,"center_lon":-64.161927,"center_lat":45.935711,"threshold_db":-18.086,"sensor":"Sentinel-1","polarization":"HV","interpretation":"candidate only; requires validation"}},{"type":"Feature","id":"dorian-s1-0402","geometry":{"type":"Polygon","coordinates":[[[-64.25899,45.935358],[-64.25898,45.934908],[-64.260269,45.934894],[-64.260259,45.934444],[-64.259614,45.934451],[-64.259594,45.933551],[-64.258949,45.933558],[-64.258959,45.934008],[-64.258314,45.934015],[-64.258325,45.934465],[-64.258969,45.934458],[-64.25898,45.934908],[-64.258335,45.934915],[-64.258345,45.935365],[-64.25899,45.935358]]]},"properties":{"feature_id":"dorian-s1-0402","event_id":"dorian","category":"persistent_low_backscatter","area_ha":1.5,"center_lon":-64.259291,"center_lat":45.934458,"threshold_db":-18.086,"sensor":"Sentinel-1","polarization":"HV","interpretation":"candidate only; requires validation"}},{"type":"Feature","id":"dorian-s1-0403","geometry":{"type":"Polygon","coordinates":[[[-64.337645,45.934014],[-64.337634,45.933564],[-64.338279,45.933557],[-64.338268,45.933107],[-64.337623,45.933115],[-64.337612,45.932665],[-64.338257,45.932657],[-64.338246,45.932207],[-64.337602,45.932215],[-64.337591,45.931765],[-64.336946,45.931772],[-64.336957,45.932222],[-64.336312,45.93223],[-64.336334,45.93313],[-64.335689,45.933137],[-64.335678,45.932687],[-64.334389,45.932702],[-64.334399,45.933152],[-64.335689,45.933137],[-64.335711,45.934037],[-64.336355,45.934029],[-64.336345,45.933579],[-64.336989,45.933572],[-64.337,45.934022],[-64.337645,45.934014]],[[-64.337634,45.933564],[-64.336989,45.933572],[-64.336979,45.933122],[-64.337623,45.933115],[-64.337634,45.933564]]]},"properties":{"feature_id":"dorian-s1-0403","event_id":"dorian","category":"new_low_backscatter_after_dorian","area_ha":3.25,"center_lon":-64.336334,"center_lat":45.932901,"threshold_db":-18.086,"sensor":"Sentinel-1","polarization":"HV","interpretation":"candidate only; requires validation"}},{"type":"Feature","id":"dorian-s1-0404","geometry":{"type":"Polygon","coordinates":[[[-64.332465,45.933175],[-64.332454,45.932725],[-64.331165,45.93274],[-64.331154,45.93229],[-64.331799,45.932282],[-64.331777,45.931383],[-64.331132,45.93139],[-64.331154,45.93229],[-64.330509,45.932298],[-64.33052,45.932747],[-64.329875,45.932755],[-64.329886,45.933205],[-64.330531,45.933197],[-64.33052,45.932747],[-64.331165,45.93274],[-64.331176,45.93319],[-64.332465,45.933175]]]},"properties":{"feature_id":"dorian-s1-0404","event_id":"dorian","category":"new_low_backscatter_after_dorian","area_ha":1.5,"center_lon":-64.33117,"center_lat":45.932294,"threshold_db":-18.086,"sensor":"Sentinel-1","polarization":"HV","interpretation":"candidate only; requires validation"}},{"type":"Feature","id":"dorian-s1-0405","geometry":{"type":"Polygon","coordinates":[[[-64.198991,45.934653],[-64.198953,45.932854],[-64.198308,45.93286],[-64.198318,45.93331],[-64.197673,45.933317],[-64.197702,45.934667],[-64.198991,45.934653]]]},"properties":{"feature_id":"dorian-s1-0405","event_id":"dorian","category":"persistent_low_backscatter","area_ha":1.75,"center_lon":-64.198332,"center_lat":45.93376,"threshold_db":-18.086,"sensor":"Sentinel-1","polarization":"HV","interpretation":"candidate only; requires validation"}},{"type":"Feature","id":"dorian-s1-0406","geometry":{"type":"Polygon","coordinates":[[[-64.345339,45.932124],[-64.345328,45.931674],[-64.344038,45.931689],[-64.344028,45.931239],[-64.343383,45.931247],[-64.343404,45.932147],[-64.345339,45.932124]]]},"properties":{"feature_id":"dorian-s1-0406","event_id":"dorian","category":"new_low_backscatter_after_dorian","area_ha":1.0,"center_lon":-64.344361,"center_lat":45.931693,"threshold_db":-18.086,"sensor":"Sentinel-1","polarization":"HV","interpretation":"candidate only; requires validation"}},{"type":"Feature","id":"dorian-s1-0407","geometry":{"type":"Polygon","coordinates":[[[-64.199627,45.934197],[-64.199597,45.932847],[-64.198953,45.932854],[-64.198943,45.932404],[-64.198298,45.93241],[-64.198308,45.93286],[-64.198953,45.932854],[-64.198982,45.934203],[-64.199627,45.934197]]]},"properties":{"feature_id":"dorian-s1-0407","event_id":"dorian","category":"new_low_backscatter_after_dorian","area_ha":1.0,"center_lon":-64.198962,"center_lat":45.933303,"threshold_db":-18.086,"sensor":"Sentinel-1","polarization":"HV","interpretation":"candidate only; requires validation"}},{"type":"Feature","id":"dorian-s1-0408","geometry":{"type":"Polygon","coordinates":[[[-64.248622,45.933222],[-64.248612,45.932772],[-64.249257,45.932765],[-64.249237,45.931865],[-64.248592,45.931872],[-64.248602,45.932322],[-64.247957,45.932329],[-64.247947,45.931879],[-64.247302,45.931886],[-64.247332,45.933236],[-64.248622,45.933222]]]},"properties":{"feature_id":"dorian-s1-0408","event_id":"dorian","category":"new_low_backscatter_after_dorian","area_ha":1.75,"center_lon":-64.248279,"center_lat":45.932551,"threshold_db":-18.086,"sensor":"Sentinel-1","polarization":"HV","interpretation":"candidate only; requires validation"}},{"type":"Feature","id":"dorian-s1-0409","geometry":{"type":"Polygon","coordinates":[[[-64.351819,45.933397],[-64.351808,45.932948],[-64.352453,45.93294],[-64.352442,45.93249],[-64.353732,45.932475],[-64.353721,45.932025],[-64.353076,45.932033],[-64.353065,45.931583],[-64.355644,45.931552],[-64.355666,45.932452],[-64.356311,45.932444],[-64.3563,45.931994],[-64.356944,45.931987],[-64.356933,45.931537],[-64.357578,45.931529],[-64.357567,45.931079],[-64.356922,45.931087],[-64.356933,45.931537],[-64.355644,45.931552],[-64.355633,45.931102],[-64.356278,45.931094],[-64.356267,45.930645],[-64.356911,45.930637],[-64.356901,45.930187],[-64.356256,45.930195],[-64.356267,45.930645],[-64.355622,45.930652],[-64.355633,45.931102],[-64.354988,45.93111],[-64.354977,45.93066],[-64.354333,45.930668],[-64.354343,45.931117],[-64.353054,45.931133],[-64.353065,45.931583],[-64.35242,45.93159],[-64.352442,45.93249],[-64.351153,45.932505],[-64.351163,45.932955],[-64.350519,45.932963],[-64.35053,45.933413],[-64.351819,45.933397]]]},"properties":{"feature_id":"dorian-s1-0409","event_id":"dorian","category":"new_low_backscatter_after_dorian","area_ha":4.5,"center_lon":-64.354049,"center_lat":45.9318,"threshold_db":-18.086,"sensor":"Sentinel-1","polarization":"HV","interpretation":"candidate only; requires validation"}},{"type":"Feature","id":"dorian-s1-0410","geometry":{"type":"Polygon","coordinates":[[[-64.262173,45.933523],[-64.262163,45.933073],[-64.262808,45.933066],[-64.262787,45.932166],[-64.263432,45.932159],[-64.263422,45.931709],[-64.264066,45.931702],[-64.264056,45.931252],[-64.262767,45.931266],[-64.262787,45.932166],[-64.262142,45.932173],[-64.262163,45.933073],[-64.261518,45.93308],[-64.261528,45.93353],[-64.262173,45.933523]]]},"properties":{"feature_id":"dorian-s1-0410","event_id":"dorian","category":"persistent_low_backscatter","area_ha":1.5,"center_lon":-64.262792,"center_lat":45.932391,"threshold_db":-18.086,"sensor":"Sentinel-1","polarization":"HV","interpretation":"candidate only; requires validation"}},{"type":"Feature","id":"dorian-s1-0411","geometry":{"type":"Polygon","coordinates":[[[-64.252481,45.932729],[-64.25245,45.93138],[-64.251806,45.931387],[-64.251816,45.931837],[-64.251171,45.931844],[-64.251191,45.932744],[-64.252481,45.932729]]]},"properties":{"feature_id":"dorian-s1-0411","event_id":"dorian","category":"new_low_backscatter_after_dorian","area_ha":1.25,"center_lon":-64.251826,"center_lat":45.932062,"threshold_db":-18.086,"sensor":"Sentinel-1","polarization":"HV","interpretation":"candidate only; requires validation"}},{"type":"Feature","id":"dorian-s1-0412","geometry":{"type":"Polygon","coordinates":[[[-64.224774,45.93393],[-64.224764,45.93348],[-64.22412,45.933487],[-64.22411,45.933037],[-64.225399,45.933023],[-64.225389,45.932573],[-64.223455,45.932594],[-64.223435,45.931694],[-64.22279,45.931701],[-64.22282,45.933051],[-64.223465,45.933044],[-64.223475,45.933494],[-64.22412,45.933487],[-64.22413,45.933937],[-64.224774,45.93393]]]},"properties":{"feature_id":"dorian-s1-0412","event_id":"dorian","category":"low_backscatter_no_longer_present","area_ha":2.0,"center_lon":-64.224095,"center_lat":45.932816,"threshold_db":-18.086,"sensor":"Sentinel-1","polarization":"HV","interpretation":"candidate only; requires validation"}},{"type":"Feature","id":"dorian-s1-0413","geometry":{"type":"Polygon","coordinates":[[[-64.215309,45.943481],[-64.215299,45.943032],[-64.215944,45.943025],[-64.215924,45.942125],[-64.217214,45.942111],[-64.217204,45.941661],[-64.217849,45.941654],[-64.217839,45.941204],[-64.219774,45.941184],[-64.219764,45.940734],[-64.220409,45.940727],[-64.220399,45.940277],[-64.221689,45.940263],[-64.221679,45.939813],[-64.222969,45.9398],[-64.222959,45.93935],[-64.223603,45.939343],[-64.223594,45.938893],[-64.222949,45.9389],[-64.222939,45.93845],[-64.224873,45.938429],[-64.224864,45.937979],[-64.226798,45.937958],[-64.226788,45.937508],[-64.228078,45.937495],[-64.228068,45.937045],[-64.228713,45.937038],[-64.228703,45.936588],[-64.229348,45.936581],[-64.229338,45.936131],[-64.228693,45.936138],[-64.228683,45.935688],[-64.230617,45.935667],[-64.230598,45.934767],[-64.231242,45.93476],[-64.231232,45.93431],[-64.231877,45.934304],[-64.231857,45.933404],[-64.233147,45.93339],[-64.233157,45.93384],[-64.233802,45.933833],[-64.233792,45.933383],[-64.237016,45.933348],[-64.237006,45.932898],[-64.236361,45.932905],[-64.236351,45.932455],[-64.235706,45.932462],[-64.235696,45.932012],[-64.235051,45.932019],[-64.235061,45.932469],[-64.234417,45.932476],[-64.234427,45.932926],[-64.233782,45.932933],[-64.233772,45.932483],[-64.233127,45.93249],[-64.233137,45.93294],[-64.231847,45.932954],[-64.231837,45.932504],[-64.229258,45.932532],[-64.229238,45.931632],[-64.228594,45.931639],[-64.228584,45.931189],[-64.227939,45.931196],[-64.227959,45.932096],[-64.227314,45.932102],[-64.227324,45.932552],[-64.226679,45.932559],[-64.226689,45.933009],[-64.228623,45.932988],[-64.228613,45.932539],[-64.229258,45.932532],[-64.229268,45.932982],[-64.231847,45.932954],[-64.231857,45.933404],[-64.231212,45.933411],[-64.231222,45.933861],[-64.230578,45.933867],[-64.230568,45.933418],[-64.229278,45.933431],[-64.229288,45.933881],[-64.230578,45.933867],[-64.230588,45.934317],[-64.229943,45.934324],[-64.229953,45.934774],[-64.229308,45.934781],[-64.229318,45.935231],[-64.228028,45.935245],[-64.228018,45.934795],[-64.227373,45.934802],[-64.227393,45.935702],[-64.226748,45.935709],[-64.226758,45.936159],[-64.225469,45.936173],[-64.225479,45.936622],[-64.224834,45.936629],[-64.224844,45.937079],[-64.224199,45.937086],[-64.224219,45.937986],[-64.222929,45.938],[-64.222919,45.93755],[-64.223564,45.937543],[-64.223534,45.936193],[-64.222889,45.9362],[-64.222899,45.93665],[-64.22161,45.936664],[-64.221619,45.937114],[-64.222909,45.9371],[-64.222919,45.93755],[-64.221629,45.937564],[-64.221649,45.938464],[-64.221004,45.93847],[-64.221014,45.93892],[-64.220369,45.938927],[-64.220379,45.939377],[-64.219734,45.939384],[-64.219764,45.940734],[-64.218474,45.940748],[-64.218464,45.940298],[-64.217174,45.940311],[-64.217165,45.939861],[-64.21652,45.939868],[-64.21651,45.939418],[-64.2178,45.939405],[-64.21779,45.938955],[-64.2165,45.938969],[-64.21651,45.939418],[-64.215865,45.939425],[-64.215875,45.939875],[-64.21652,45.939868],[-64.216539,45.940768],[-64.217184,45.940761],[-64.217194,45.941211],[-64.216549,45.941218],[-64.216559,45.941668],[-64.215914,45.941675],[-64.215924,45.942125],[-64.215279,45.942132],[-64.215289,45.942582],[-64.214644,45.942588],[-64.214654,45.943038],[-64.214009,45.943045],[-64.214019,45.943495],[-64.215309,45.943481]],[[-64.221679,45.939813],[-64.221034,45.93982],[-64.221024,45.93937],[-64.221669,45.939363],[-64.221679,45.939813]]]},"properties":{"feature_id":"dorian-s1-0413","event_id":"dorian","category":"new_low_backscatter_after_dorian","area_ha":28.75,"center_lon":-64.225513,"center_lat":45.937342,"threshold_db":-18.086,"sensor":"Sentinel-1","polarization":"HV","interpretation":"candidate only; requires validation"}},{"type":"Feature","id":"dorian-s1-0414","geometry":{"type":"Polygon","coordinates":[[[-64.324717,45.932815],[-64.324706,45.932365],[-64.324062,45.932372],[-64.32404,45.931473],[-64.324685,45.931465],[-64.324696,45.931915],[-64.325985,45.9319],[-64.325974,45.93145],[-64.32533,45.931458],[-64.325319,45.931008],[-64.324029,45.931023],[-64.324008,45.930123],[-64.323363,45.93013],[-64.323395,45.93148],[-64.322751,45.931488],[-64.322772,45.932387],[-64.324062,45.932372],[-64.324072,45.932822],[-64.324717,45.932815]]]},"properties":{"feature_id":"dorian-s1-0414","event_id":"dorian","category":"new_low_backscatter_after_dorian","area_ha":3.0,"center_lon":-64.324368,"center_lat":45.931472,"threshold_db":-18.086,"sensor":"Sentinel-1","polarization":"HV","interpretation":"candidate only; requires validation"}},{"type":"Feature","id":"dorian-s1-0415","geometry":{"type":"Polygon","coordinates":[[[-64.195093,45.933344],[-64.195064,45.931994],[-64.19442,45.932001],[-64.19441,45.931551],[-64.19312,45.931565],[-64.19314,45.932464],[-64.193785,45.932458],[-64.193804,45.933358],[-64.195093,45.933344]]]},"properties":{"feature_id":"dorian-s1-0415","event_id":"dorian","category":"persistent_low_backscatter","area_ha":2.25,"center_lon":-64.194107,"center_lat":45.932454,"threshold_db":-18.086,"sensor":"Sentinel-1","polarization":"HV","interpretation":"candidate only; requires validation"}},{"type":"Feature","id":"dorian-s1-0416","geometry":{"type":"Polygon","coordinates":[[[-64.330488,45.931398],[-64.330477,45.930948],[-64.329832,45.930955],[-64.329821,45.930505],[-64.329177,45.930513],[-64.329166,45.930063],[-64.327232,45.930085],[-64.327242,45.930535],[-64.328532,45.93052],[-64.328543,45.93097],[-64.329187,45.930963],[-64.329198,45.931413],[-64.330488,45.931398]]]},"properties":{"feature_id":"dorian-s1-0416","event_id":"dorian","category":"new_low_backscatter_after_dorian","area_ha":1.75,"center_lon":-64.32886,"center_lat":45.930738,"threshold_db":-18.086,"sensor":"Sentinel-1","polarization":"HV","interpretation":"candidate only; requires validation"}},{"type":"Feature","id":"dorian-s1-0417","geometry":{"type":"Polygon","coordinates":[[[-64.242799,45.932385],[-64.242789,45.931935],[-64.243434,45.931928],[-64.243423,45.931478],[-64.242779,45.931485],[-64.242789,45.931935],[-64.241499,45.931949],[-64.241489,45.931499],[-64.2402,45.931513],[-64.24019,45.931063],[-64.239545,45.93107],[-64.239555,45.93152],[-64.23891,45.931527],[-64.23892,45.931977],[-64.241499,45.931949],[-64.241509,45.932399],[-64.242799,45.932385]]]},"properties":{"feature_id":"dorian-s1-0417","event_id":"dorian","category":"new_low_backscatter_after_dorian","area_ha":2.0,"center_lon":-64.241172,"center_lat":45.931731,"threshold_db":-18.086,"sensor":"Sentinel-1","polarization":"HV","interpretation":"candidate only; requires validation"}},{"type":"Feature","id":"dorian-s1-0418","geometry":{"type":"Polygon","coordinates":[[[-64.248592,45.931872],[-64.248582,45.931422],[-64.249226,45.931415],[-64.249216,45.930965],[-64.248572,45.930972],[-64.248582,45.931422],[-64.246003,45.93145],[-64.246013,45.9319],[-64.248592,45.931872]]]},"properties":{"feature_id":"dorian-s1-0418","event_id":"dorian","category":"low_backscatter_no_longer_present","area_ha":1.25,"center_lon":-64.247614,"center_lat":45.931432,"threshold_db":-18.086,"sensor":"Sentinel-1","polarization":"HV","interpretation":"candidate only; requires validation"}},{"type":"Feature","id":"dorian-s1-0419","geometry":{"type":"Polygon","coordinates":[[[-64.162198,45.933233],[-64.162189,45.932783],[-64.161544,45.93279],[-64.161535,45.93234],[-64.16218,45.932334],[-64.16217,45.931884],[-64.160881,45.931897],[-64.160871,45.931447],[-64.160226,45.931453],[-64.160236,45.931903],[-64.160881,45.931897],[-64.160909,45.933246],[-64.162198,45.933233]]]},"properties":{"feature_id":"dorian-s1-0419","event_id":"dorian","category":"persistent_low_backscatter","area_ha":1.5,"center_lon":-64.161212,"center_lat":45.932346,"threshold_db":-18.086,"sensor":"Sentinel-1","polarization":"HV","interpretation":"candidate only; requires validation"}},{"type":"Feature","id":"dorian-s1-0420","geometry":{"type":"Polygon","coordinates":[[[-64.445895,45.929996],[-64.445883,45.929546],[-64.446528,45.929538],[-64.446516,45.929088],[-64.447161,45.929079],[-64.447172,45.929529],[-64.447817,45.929521],[-64.447805,45.929071],[-64.447161,45.929079],[-64.447149,45.92863],[-64.447794,45.928621],[-64.447782,45.928172],[-64.446492,45.928188],[-64.446516,45.929088],[-64.445871,45.929096],[-64.445859,45.928646],[-64.445215,45.928654],[-64.445226,45.929104],[-64.444582,45.929112],[-64.444593,45.929562],[-64.445238,45.929554],[-64.44525,45.930004],[-64.445895,45.929996]],[[-64.445883,45.929546],[-64.445238,45.929554],[-64.445226,45.929104],[-64.445871,45.929096],[-64.445883,45.929546]]]},"properties":{"feature_id":"dorian-s1-0420","event_id":"dorian","category":"new_low_backscatter_after_dorian","area_ha":2.0,"center_lon":-64.4462,"center_lat":45.929088,"threshold_db":-18.086,"sensor":"Sentinel-1","polarization":"HV","interpretation":"candidate only; requires validation"}},{"type":"Feature","id":"dorian-s1-0421","geometry":{"type":"Polygon","coordinates":[[[-64.220856,45.931722],[-64.220836,45.930822],[-64.219547,45.930836],[-64.219567,45.931735],[-64.220856,45.931722]]]},"properties":{"feature_id":"dorian-s1-0421","event_id":"dorian","category":"new_low_backscatter_after_dorian","area_ha":1.0,"center_lon":-64.220202,"center_lat":45.931279,"threshold_db":-18.086,"sensor":"Sentinel-1","polarization":"HV","interpretation":"candidate only; requires validation"}},{"type":"Feature","id":"dorian-s1-0422","geometry":{"type":"Polygon","coordinates":[[[-64.153162,45.932875],[-64.153152,45.932425],[-64.154442,45.932412],[-64.154423,45.931512],[-64.153778,45.931519],[-64.153788,45.931969],[-64.151209,45.931995],[-64.151218,45.932444],[-64.152508,45.932431],[-64.152517,45.932881],[-64.153162,45.932875]]]},"properties":{"feature_id":"dorian-s1-0422","event_id":"dorian","category":"new_low_backscatter_after_dorian","area_ha":1.75,"center_lon":-64.152826,"center_lat":45.932197,"threshold_db":-18.086,"sensor":"Sentinel-1","polarization":"HV","interpretation":"candidate only; requires validation"}},{"type":"Feature","id":"dorian-s1-0423","geometry":{"type":"Polygon","coordinates":[[[-64.364659,45.930995],[-64.364637,45.930095],[-64.365282,45.930087],[-64.36526,45.929187],[-64.365905,45.92918],[-64.365894,45.92873],[-64.364604,45.928745],[-64.364615,45.929195],[-64.36397,45.929203],[-64.364015,45.931002],[-64.364659,45.930995]]]},"properties":{"feature_id":"dorian-s1-0423","event_id":"dorian","category":"new_low_backscatter_after_dorian","area_ha":2.0,"center_lon":-64.364937,"center_lat":45.929866,"threshold_db":-18.086,"sensor":"Sentinel-1","polarization":"HV","interpretation":"candidate only; requires validation"}},{"type":"Feature","id":"dorian-s1-0424","geometry":{"type":"Polygon","coordinates":[[[-64.316292,45.931112],[-64.316271,45.930212],[-64.316916,45.930205],[-64.316905,45.929755],[-64.31626,45.929762],[-64.31625,45.929312],[-64.315605,45.92932],[-64.315616,45.92977],[-64.31626,45.929762],[-64.316271,45.930212],[-64.315626,45.93022],[-64.315648,45.93112],[-64.316292,45.931112]]]},"properties":{"feature_id":"dorian-s1-0424","event_id":"dorian","category":"new_low_backscatter_after_dorian","area_ha":1.0,"center_lon":-64.31626,"center_lat":45.930216,"threshold_db":-18.086,"sensor":"Sentinel-1","polarization":"HV","interpretation":"candidate only; requires validation"}},{"type":"Feature","id":"dorian-s1-0425","geometry":{"type":"Polygon","coordinates":[[[-64.233762,45.932033],[-64.233742,45.931133],[-64.234387,45.931126],[-64.234377,45.930676],[-64.233732,45.930683],[-64.233722,45.930233],[-64.233077,45.93024],[-64.233097,45.93114],[-64.232452,45.931147],[-64.232432,45.930247],[-64.231143,45.930261],[-64.231163,45.931161],[-64.232452,45.931147],[-64.232472,45.932047],[-64.233762,45.932033]]]},"properties":{"feature_id":"dorian-s1-0425","event_id":"dorian","category":"new_low_backscatter_after_dorian","area_ha":2.75,"center_lon":-64.232765,"center_lat":45.93114,"threshold_db":-18.086,"sensor":"Sentinel-1","polarization":"HV","interpretation":"candidate only; requires validation"}},{"type":"Feature","id":"dorian-s1-0426","geometry":{"type":"Polygon","coordinates":[[[-64.236976,45.931548],[-64.236956,45.930648],[-64.2376,45.930641],[-64.23761,45.931091],[-64.238255,45.931084],[-64.238245,45.930634],[-64.2376,45.930641],[-64.23759,45.930192],[-64.236946,45.930199],[-64.236956,45.930648],[-64.236311,45.930655],[-64.236331,45.931555],[-64.236976,45.931548]]]},"properties":{"feature_id":"dorian-s1-0426","event_id":"dorian","category":"new_low_backscatter_after_dorian","area_ha":1.0,"center_lon":-64.237283,"center_lat":45.930874,"threshold_db":-18.086,"sensor":"Sentinel-1","polarization":"HV","interpretation":"candidate only; requires validation"}},{"type":"Feature","id":"dorian-s1-0427","geometry":{"type":"Polygon","coordinates":[[[-64.374986,45.931321],[-64.374975,45.930871],[-64.37562,45.930863],[-64.375609,45.930413],[-64.374964,45.930421],[-64.374953,45.929971],[-64.375598,45.929963],[-64.375587,45.929514],[-64.374942,45.929521],[-64.374931,45.929071],[-64.375575,45.929064],[-64.375553,45.928164],[-64.374908,45.928172],[-64.374931,45.929071],[-64.374286,45.929079],[-64.374297,45.929529],[-64.374942,45.929521],[-64.374953,45.929971],[-64.374308,45.929979],[-64.374319,45.930429],[-64.374964,45.930421],[-64.374975,45.930871],[-64.37433,45.930879],[-64.374342,45.931329],[-64.374986,45.931321]]]},"properties":{"feature_id":"dorian-s1-0427","event_id":"dorian","category":"new_low_backscatter_after_dorian","area_ha":1.75,"center_lon":-64.374953,"center_lat":45.929747,"threshold_db":-18.086,"sensor":"Sentinel-1","polarization":"HV","interpretation":"candidate only; requires validation"}},{"type":"Feature","id":"dorian-s1-0428","geometry":{"type":"Polygon","coordinates":[[[-64.187972,45.932068],[-64.187962,45.931618],[-64.188607,45.931612],[-64.188578,45.930262],[-64.187289,45.930275],[-64.187298,45.930725],[-64.186653,45.930732],[-64.186663,45.931182],[-64.187308,45.931175],[-64.187327,45.932075],[-64.187972,45.932068]]]},"properties":{"feature_id":"dorian-s1-0428","event_id":"dorian","category":"persistent_low_backscatter","area_ha":2.0,"center_lon":-64.18763,"center_lat":45.931168,"threshold_db":-18.086,"sensor":"Sentinel-1","polarization":"HV","interpretation":"candidate only; requires validation"}},{"type":"Feature","id":"dorian-s1-0429","geometry":{"type":"Polygon","coordinates":[[[-64.046111,45.933455],[-64.046086,45.932105],[-64.04673,45.932099],[-64.046722,45.931649],[-64.046077,45.931655],[-64.046086,45.932105],[-64.045441,45.932111],[-64.045466,45.933461],[-64.046111,45.933455]]]},"properties":{"feature_id":"dorian-s1-0429","event_id":"dorian","category":"persistent_low_backscatter","area_ha":1.0,"center_lon":-64.046086,"center_lat":45.932555,"threshold_db":-18.086,"sensor":"Sentinel-1","polarization":"HV","interpretation":"candidate only; requires validation"}},{"type":"Feature","id":"dorian-s1-0430","geometry":{"type":"Polygon","coordinates":[[[-64.349153,45.929829],[-64.349142,45.929379],[-64.349787,45.929371],[-64.349776,45.928921],[-64.347842,45.928944],[-64.347831,45.928494],[-64.346541,45.928509],[-64.346552,45.928959],[-64.345263,45.928975],[-64.345273,45.929424],[-64.348497,45.929386],[-64.348508,45.929836],[-64.349153,45.929829]]]},"properties":{"feature_id":"dorian-s1-0430","event_id":"dorian","category":"new_low_backscatter_after_dorian","area_ha":2.5,"center_lon":-64.347525,"center_lat":45.929165,"threshold_db":-18.086,"sensor":"Sentinel-1","polarization":"HV","interpretation":"candidate only; requires validation"}},{"type":"Feature","id":"dorian-s1-0431","geometry":{"type":"Polygon","coordinates":[[[-64.342061,45.929912],[-64.34205,45.929462],[-64.341405,45.92947],[-64.341394,45.92902],[-64.34075,45.929028],[-64.340739,45.928578],[-64.340094,45.928585],[-64.340105,45.929035],[-64.34075,45.929028],[-64.340771,45.929927],[-64.342061,45.929912]]]},"properties":{"feature_id":"dorian-s1-0431","event_id":"dorian","category":"new_low_backscatter_after_dorian","area_ha":1.0,"center_lon":-64.341077,"center_lat":45.929253,"threshold_db":-18.086,"sensor":"Sentinel-1","polarization":"HV","interpretation":"candidate only; requires validation"}},{"type":"Feature","id":"dorian-s1-0432","geometry":{"type":"Polygon","coordinates":[[[-64.402676,45.929634],[-64.402665,45.929184],[-64.40202,45.929192],[-64.402009,45.928742],[-64.401364,45.92875],[-64.401341,45.927851],[-64.400696,45.927858],[-64.400685,45.927409],[-64.40004,45.927416],[-64.400052,45.927866],[-64.399407,45.927874],[-64.399418,45.928324],[-64.400063,45.928316],[-64.400052,45.927866],[-64.400696,45.927858],[-64.400719,45.928758],[-64.401364,45.92875],[-64.401375,45.9292],[-64.40202,45.929192],[-64.402031,45.929642],[-64.402676,45.929634]]]},"properties":{"feature_id":"dorian-s1-0432","event_id":"dorian","category":"new_low_backscatter_after_dorian","area_ha":1.5,"center_lon":-64.401041,"center_lat":45.928525,"threshold_db":-18.086,"sensor":"Sentinel-1","polarization":"HV","interpretation":"candidate only; requires validation"}},{"type":"Feature","id":"dorian-s1-0433","geometry":{"type":"Polygon","coordinates":[[[-64.324642,45.929666],[-64.324631,45.929216],[-64.323342,45.929231],[-64.323321,45.928331],[-64.322676,45.928338],[-64.322686,45.928788],[-64.322042,45.928796],[-64.322052,45.929245],[-64.323342,45.929231],[-64.323353,45.92968],[-64.324642,45.929666]]]},"properties":{"feature_id":"dorian-s1-0433","event_id":"dorian","category":"new_low_backscatter_after_dorian","area_ha":1.25,"center_lon":-64.323342,"center_lat":45.929006,"threshold_db":-18.086,"sensor":"Sentinel-1","polarization":"HV","interpretation":"candidate only; requires validation"}},{"type":"Feature","id":"dorian-s1-0434","geometry":{"type":"Polygon","coordinates":[[[-64.299487,45.929504],[-64.299476,45.929054],[-64.300121,45.929047],[-64.30011,45.928597],[-64.298821,45.928612],[-64.29881,45.928162],[-64.298166,45.928169],[-64.298176,45.928619],[-64.298821,45.928612],[-64.298842,45.929512],[-64.299487,45.929504]]]},"properties":{"feature_id":"dorian-s1-0434","event_id":"dorian","category":"new_low_backscatter_after_dorian","area_ha":1.0,"center_lon":-64.299143,"center_lat":45.928837,"threshold_db":-18.086,"sensor":"Sentinel-1","polarization":"HV","interpretation":"candidate only; requires validation"}},{"type":"Feature","id":"dorian-s1-0435","geometry":{"type":"Polygon","coordinates":[[[-64.162843,45.933227],[-64.162834,45.932777],[-64.164123,45.932764],[-64.164114,45.932314],[-64.164759,45.932307],[-64.164749,45.931857],[-64.16346,45.93187],[-64.16345,45.931421],[-64.162161,45.931434],[-64.162142,45.930534],[-64.160208,45.930553],[-64.160198,45.930104],[-64.159554,45.93011],[-64.159544,45.92966],[-64.160189,45.929654],[-64.16018,45.929204],[-64.15889,45.929217],[-64.158909,45.930117],[-64.158264,45.930123],[-64.158273,45.930573],[-64.156339,45.930593],[-64.156348,45.931043],[-64.159572,45.93101],[-64.159582,45.93146],[-64.160871,45.931447],[-64.160881,45.931897],[-64.160236,45.931903],[-64.160255,45.932803],[-64.160899,45.932797],[-64.160881,45.931897],[-64.16217,45.931884],[-64.16218,45.932334],[-64.161535,45.93234],[-64.161544,45.93279],[-64.162189,45.932783],[-64.162198,45.933233],[-64.162843,45.933227]],[[-64.159563,45.93056],[-64.158918,45.930567],[-64.158909,45.930117],[-64.159554,45.93011],[-64.159563,45.93056]]]},"properties":{"feature_id":"dorian-s1-0435","event_id":"dorian","category":"new_low_backscatter_after_dorian","area_ha":8.25,"center_lon":-64.160549,"center_lat":45.931218,"threshold_db":-18.086,"sensor":"Sentinel-1","polarization":"HV","interpretation":"candidate only; requires validation"}},{"type":"Feature","id":"dorian-s1-0436","geometry":{"type":"Polygon","coordinates":[[[-64.351054,45.928456],[-64.351043,45.928006],[-64.351688,45.927999],[-64.351677,45.927549],[-64.352966,45.927534],[-64.352956,45.927084],[-64.351021,45.927107],[-64.351032,45.927556],[-64.349743,45.927572],[-64.349754,45.928022],[-64.349109,45.928029],[-64.34912,45.928479],[-64.351054,45.928456]]]},"properties":{"feature_id":"dorian-s1-0436","event_id":"dorian","category":"new_low_backscatter_after_dorian","area_ha":2.25,"center_lon":-64.351037,"center_lat":45.927782,"threshold_db":-18.086,"sensor":"Sentinel-1","polarization":"HV","interpretation":"candidate only; requires validation"}},{"type":"Feature","id":"dorian-s1-0437","geometry":{"type":"Polygon","coordinates":[[[-64.223415,45.930794],[-64.223406,45.930344],[-64.222761,45.930351],[-64.222751,45.929901],[-64.22404,45.929887],[-64.22405,45.930337],[-64.224695,45.93033],[-64.224665,45.928981],[-64.224021,45.928988],[-64.224001,45.928088],[-64.223356,45.928095],[-64.223376,45.928995],[-64.222731,45.929001],[-64.222741,45.929451],[-64.222096,45.929458],[-64.222106,45.929908],[-64.221461,45.929915],[-64.221471,45.930365],[-64.222116,45.930358],[-64.222126,45.930808],[-64.223415,45.930794]]]},"properties":{"feature_id":"dorian-s1-0437","event_id":"dorian","category":"new_low_backscatter_after_dorian","area_ha":3.5,"center_lon":-64.223078,"center_lat":45.929448,"threshold_db":-18.086,"sensor":"Sentinel-1","polarization":"HV","interpretation":"candidate only; requires validation"}},{"type":"Feature","id":"dorian-s1-0438","geometry":{"type":"Polygon","coordinates":[[[-64.342017,45.928113],[-64.341996,45.927213],[-64.341351,45.92722],[-64.34134,45.926771],[-64.340051,45.926786],[-64.340061,45.927236],[-64.341351,45.92722],[-64.341373,45.92812],[-64.342017,45.928113]]]},"properties":{"feature_id":"dorian-s1-0438","event_id":"dorian","category":"low_backscatter_no_longer_present","area_ha":1.0,"center_lon":-64.341034,"center_lat":45.927446,"threshold_db":-18.086,"sensor":"Sentinel-1","polarization":"HV","interpretation":"candidate only; requires validation"}},{"type":"Feature","id":"dorian-s1-0439","geometry":{"type":"Polygon","coordinates":[[[-64.357208,45.942784],[-64.357186,45.941884],[-64.357831,45.941877],[-64.35782,45.941427],[-64.358465,45.941419],[-64.358443,45.940519],[-64.359732,45.940504],[-64.35971,45.939604],[-64.360355,45.939597],[-64.360344,45.939147],[-64.359699,45.939154],[-64.359677,45.938255],[-64.362257,45.938224],[-64.362246,45.937774],[-64.363535,45.937759],[-64.363568,45.939108],[-64.364858,45.939093],[-64.364825,45.937743],[-64.36547,45.937735],[-64.365448,45.936836],[-64.366092,45.936828],[-64.366081,45.936378],[-64.364792,45.936393],[-64.364803,45.936843],[-64.363513,45.936859],[-64.363502,45.936409],[-64.362857,45.936417],[-64.362846,45.935967],[-64.363491,45.935959],[-64.363436,45.933709],[-64.364081,45.933702],[-64.36407,45.933252],[-64.364715,45.933244],[-64.364726,45.933694],[-64.36537,45.933686],[-64.365348,45.932787],[-64.367283,45.932763],[-64.367294,45.933213],[-64.367938,45.933206],[-64.367927,45.932756],[-64.369862,45.932733],[-64.369906,45.934532],[-64.370551,45.934524],[-64.370584,45.935874],[-64.371229,45.935866],[-64.371251,45.936766],[-64.371896,45.936758],[-64.371918,45.937658],[-64.373208,45.937643],[-64.373219,45.938093],[-64.373863,45.938085],[-64.373919,45.940334],[-64.372629,45.94035],[-64.372663,45.941699],[-64.374597,45.941676],[-64.374608,45.942126],[-64.375898,45.942111],[-64.375876,45.941211],[-64.375231,45.941219],[-64.375209,45.940319],[-64.375854,45.940311],[-64.375831,45.939411],[-64.374542,45.939427],[-64.374531,45.938977],[-64.375175,45.938969],[-64.37512,45.93672],[-64.37383,45.936735],[-64.373819,45.936285],[-64.373174,45.936293],[-64.373163,45.935843],[-64.372518,45.935851],[-64.372496,45.934951],[-64.371851,45.934959],[-64.371807,45.933159],[-64.371162,45.933167],[-64.371118,45.931367],[-64.371763,45.93136],[-64.371751,45.93091],[-64.372396,45.930902],[-64.372385,45.930452],[-64.374319,45.930429],[-64.374286,45.929079],[-64.374931,45.929071],[-64.374908,45.928172],[-64.375553,45.928164],[-64.375542,45.927714],[-64.376187,45.927706],[-64.376176,45.927256],[-64.37682,45.927249],[-64.376809,45.926799],[-64.378743,45.926775],[-64.378732,45.926325],[-64.376153,45.926357],[-64.376164,45.926806],[-64.37552,45.926814],[-64.375531,45.927264],[-64.374242,45.92728],[-64.374253,45.92773],[-64.373608,45.927737],[-64.373619,45.928187],[-64.372974,45.928195],[-64.372997,45.929095],[-64.372352,45.929102],[-64.372363,45.929552],[-64.371073,45.929568],[-64.371085,45.930018],[-64.369795,45.930033],[-64.369751,45.928234],[-64.369106,45.928241],[-64.369117,45.928691],[-64.367183,45.928714],[-64.367194,45.929164],[-64.36526,45.929187],[-64.365304,45.930987],[-64.364659,45.930995],[-64.36467,45.931445],[-64.362736,45.931468],[-64.362714,45.930568],[-64.363359,45.93056],[-64.363337,45.92966],[-64.362692,45.929668],[-64.362681,45.929218],[-64.363326,45.92921],[-64.363304,45.928311],[-64.363948,45.928303],[-64.363926,45.927403],[-64.358769,45.927465],[-64.358758,45.927015],[-64.359402,45.927007],[-64.359391,45.926557],[-64.358747,45.926565],[-64.358758,45.927015],[-64.357468,45.92703],[-64.357479,45.92748],[-64.35619,45.927495],[-64.356201,45.927945],[-64.356846,45.927938],[-64.356857,45.928387],[-64.357501,45.92838],[-64.357512,45.92883],[-64.356868,45.928837],[-64.356922,45.931087],[-64.357567,45.931079],[-64.357578,45.931529],[-64.356933,45.931537],[-64.356944,45.931987],[-64.3563,45.931994],[-64.356344,45.933794],[-64.355699,45.933802],[-64.355743,45.935601],[-64.356387,45.935593],[-64.356409,45.936493],[-64.354475,45.936516],[-64.354486,45.936966],[-64.355131,45.936958],[-64.355142,45.937408],[-64.353852,45.937424],[-64.353863,45.937874],[-64.355153,45.937858],[-64.355164,45.938308],[-64.355808,45.9383],[-64.355841,45.93965],[-64.356486,45.939643],[-64.356519,45.940992],[-64.355874,45.941],[-64.355896,45.9419],[-64.355251,45.941907],[-64.355273,45.942807],[-64.357208,45.942784]]]},"properties":{"feature_id":"dorian-s1-0439","event_id":"dorian","category":"persistent_low_backscatter","area_ha":128.5,"center_lon":-64.366298,"center_lat":45.934566,"threshold_db":-18.086,"sensor":"Sentinel-1","polarization":"HV","interpretation":"candidate only; requires validation"}},{"type":"Feature","id":"dorian-s1-0440","geometry":{"type":"Polygon","coordinates":[[[-64.297531,45.928627],[-64.297521,45.928177],[-64.296876,45.928184],[-64.296866,45.927734],[-64.298155,45.927719],[-64.298145,45.927269],[-64.296855,45.927284],[-64.296866,45.927734],[-64.295576,45.927749],[-64.295587,45.928199],[-64.296876,45.928184],[-64.296887,45.928634],[-64.297531,45.928627]]]},"properties":{"feature_id":"dorian-s1-0440","event_id":"dorian","category":"new_low_backscatter_after_dorian","area_ha":1.25,"center_lon":-64.296865,"center_lat":45.927952,"threshold_db":-18.086,"sensor":"Sentinel-1","polarization":"HV","interpretation":"candidate only; requires validation"}},{"type":"Feature","id":"dorian-s1-0441","geometry":{"type":"Polygon","coordinates":[[[-64.231778,45.929804],[-64.231768,45.929354],[-64.233057,45.929341],[-64.233047,45.928891],[-64.231758,45.928904],[-64.231748,45.928455],[-64.231103,45.928462],[-64.231093,45.928012],[-64.230448,45.928019],[-64.230458,45.928468],[-64.229169,45.928482],[-64.229179,45.928932],[-64.227889,45.928946],[-64.227879,45.928496],[-64.228524,45.928489],[-64.228514,45.928039],[-64.227869,45.928046],[-64.227859,45.927596],[-64.227215,45.927603],[-64.227225,45.928053],[-64.22658,45.92806],[-64.2266,45.92896],[-64.227244,45.928953],[-64.227264,45.929853],[-64.229199,45.929832],[-64.229189,45.929382],[-64.230478,45.929368],[-64.230488,45.929818],[-64.231778,45.929804]]]},"properties":{"feature_id":"dorian-s1-0441","event_id":"dorian","category":"new_low_backscatter_after_dorian","area_ha":6.25,"center_lon":-64.229818,"center_lat":45.928725,"threshold_db":-18.086,"sensor":"Sentinel-1","polarization":"HV","interpretation":"candidate only; requires validation"}},{"type":"Feature","id":"dorian-s1-0442","geometry":{"type":"Polygon","coordinates":[[[-64.446481,45.927738],[-64.446469,45.927288],[-64.447114,45.92728],[-64.447102,45.92683],[-64.447747,45.926822],[-64.447723,45.925922],[-64.448368,45.925914],[-64.448345,45.925014],[-64.4477,45.925022],[-64.447688,45.924573],[-64.446399,45.924589],[-64.446411,45.925039],[-64.445766,45.925047],[-64.445778,45.925497],[-64.444488,45.925513],[-64.4445,45.925963],[-64.443855,45.925971],[-64.443867,45.926421],[-64.444512,45.926413],[-64.4445,45.925963],[-64.445789,45.925947],[-64.445778,45.925497],[-64.447067,45.92548],[-64.44709,45.92638],[-64.445801,45.926397],[-64.445836,45.927746],[-64.446481,45.927738]],[[-64.447712,45.925472],[-64.447067,45.92548],[-64.447055,45.925031],[-64.4477,45.925022],[-64.447712,45.925472]]]},"properties":{"feature_id":"dorian-s1-0442","event_id":"dorian","category":"new_low_backscatter_after_dorian","area_ha":4.25,"center_lon":-64.446112,"center_lat":45.926159,"threshold_db":-18.086,"sensor":"Sentinel-1","polarization":"HV","interpretation":"candidate only; requires validation"}},{"type":"Feature","id":"dorian-s1-0443","geometry":{"type":"Polygon","coordinates":[[[-64.176308,45.929489],[-64.17627,45.927689],[-64.175625,45.927696],[-64.175635,45.928146],[-64.174345,45.928159],[-64.174355,45.928609],[-64.175,45.928602],[-64.175019,45.929502],[-64.176308,45.929489]]]},"properties":{"feature_id":"dorian-s1-0443","event_id":"dorian","category":"persistent_low_backscatter","area_ha":2.0,"center_lon":-64.175327,"center_lat":45.928596,"threshold_db":-18.086,"sensor":"Sentinel-1","polarization":"HV","interpretation":"candidate only; requires validation"}},{"type":"Feature","id":"dorian-s1-0444","geometry":{"type":"Polygon","coordinates":[[[-64.330391,45.927349],[-64.330369,45.926449],[-64.331014,45.926441],[-64.331003,45.925991],[-64.329714,45.926006],[-64.329746,45.927356],[-64.330391,45.927349]]]},"properties":{"feature_id":"dorian-s1-0444","event_id":"dorian","category":"new_low_backscatter_after_dorian","area_ha":1.0,"center_lon":-64.330364,"center_lat":45.926674,"threshold_db":-18.086,"sensor":"Sentinel-1","polarization":"HV","interpretation":"candidate only; requires validation"}},{"type":"Feature","id":"dorian-s1-0445","geometry":{"type":"Polygon","coordinates":[[[-64.240149,45.929264],[-64.240139,45.928814],[-64.239495,45.928821],[-64.239485,45.928371],[-64.241419,45.92835],[-64.241409,45.9279],[-64.238185,45.927935],[-64.238165,45.927035],[-64.236876,45.927049],[-64.236886,45.927499],[-64.23753,45.927492],[-64.23754,45.927942],[-64.238185,45.927935],[-64.238195,45.928385],[-64.23884,45.928378],[-64.23885,45.928828],[-64.239495,45.928821],[-64.239505,45.929271],[-64.240149,45.929264]]]},"properties":{"feature_id":"dorian-s1-0445","event_id":"dorian","category":"new_low_backscatter_after_dorian","area_ha":2.5,"center_lon":-64.239148,"center_lat":45.928153,"threshold_db":-18.086,"sensor":"Sentinel-1","polarization":"HV","interpretation":"candidate only; requires validation"}},{"type":"Feature","id":"dorian-s1-0446","geometry":{"type":"Polygon","coordinates":[[[-64.307224,45.929416],[-64.307202,45.928516],[-64.308492,45.928502],[-64.308481,45.928052],[-64.309771,45.928037],[-64.30976,45.927587],[-64.309115,45.927594],[-64.309105,45.927144],[-64.30846,45.927152],[-64.308439,45.926252],[-64.307794,45.926259],[-64.307815,45.927159],[-64.30846,45.927152],[-64.308481,45.928052],[-64.306547,45.928074],[-64.306537,45.927624],[-64.305247,45.927639],[-64.305237,45.927189],[-64.305881,45.927181],[-64.305871,45.926731],[-64.305226,45.926739],[-64.305237,45.927189],[-64.304592,45.927196],[-64.304581,45.926746],[-64.303292,45.926761],[-64.303271,45.925861],[-64.302626,45.925868],[-64.302637,45.926318],[-64.301992,45.926326],[-64.302002,45.926776],[-64.302647,45.926768],[-64.302658,45.927218],[-64.304592,45.927196],[-64.304602,45.927646],[-64.303958,45.927653],[-64.303968,45.928103],[-64.304613,45.928096],[-64.304602,45.927646],[-64.305247,45.927639],[-64.305258,45.928089],[-64.306547,45.928074],[-64.306579,45.929423],[-64.307224,45.929416]]]},"properties":{"feature_id":"dorian-s1-0446","event_id":"dorian","category":"new_low_backscatter_after_dorian","area_ha":5.25,"center_lon":-64.305881,"center_lat":45.927642,"threshold_db":-18.086,"sensor":"Sentinel-1","polarization":"HV","interpretation":"candidate only; requires validation"}},{"type":"Feature","id":"dorian-s1-0447","geometry":{"type":"Polygon","coordinates":[[[-64.381967,45.926736],[-64.381944,45.925837],[-64.382589,45.925829],[-64.382567,45.924929],[-64.381922,45.924937],[-64.381944,45.925837],[-64.3813,45.925844],[-64.381322,45.926744],[-64.381967,45.926736]]]},"properties":{"feature_id":"dorian-s1-0447","event_id":"dorian","category":"new_low_backscatter_after_dorian","area_ha":1.0,"center_lon":-64.381945,"center_lat":45.925837,"threshold_db":-18.086,"sensor":"Sentinel-1","polarization":"HV","interpretation":"candidate only; requires validation"}},{"type":"Feature","id":"dorian-s1-0448","geometry":{"type":"Polygon","coordinates":[[[-64.3001,45.928147],[-64.300089,45.927697],[-64.301379,45.927683],[-64.301368,45.927233],[-64.300724,45.92724],[-64.300713,45.92679],[-64.301358,45.926783],[-64.301347,45.926333],[-64.300058,45.926348],[-64.300047,45.925898],[-64.299403,45.925905],[-64.299413,45.926355],[-64.298768,45.926362],[-64.298779,45.926812],[-64.299424,45.926805],[-64.299434,45.927255],[-64.298789,45.927262],[-64.2988,45.927712],[-64.299445,45.927705],[-64.299455,45.928155],[-64.3001,45.928147]]]},"properties":{"feature_id":"dorian-s1-0448","event_id":"dorian","category":"new_low_backscatter_after_dorian","area_ha":3.0,"center_lon":-64.300073,"center_lat":45.927026,"threshold_db":-18.086,"sensor":"Sentinel-1","polarization":"HV","interpretation":"candidate only; requires validation"}},{"type":"Feature","id":"dorian-s1-0449","geometry":{"type":"Polygon","coordinates":[[[-64.225945,45.928517],[-64.225915,45.927167],[-64.22656,45.92716],[-64.22655,45.92671],[-64.224616,45.926731],[-64.224636,45.927631],[-64.223991,45.927638],[-64.224011,45.928538],[-64.225945,45.928517]]]},"properties":{"feature_id":"dorian-s1-0449","event_id":"dorian","category":"persistent_low_backscatter","area_ha":2.75,"center_lon":-64.225276,"center_lat":45.927624,"threshold_db":-18.086,"sensor":"Sentinel-1","polarization":"HV","interpretation":"candidate only; requires validation"}},{"type":"Feature","id":"dorian-s1-0450","geometry":{"type":"Polygon","coordinates":[[[-64.249146,45.927816],[-64.249136,45.927366],[-64.24978,45.927359],[-64.24977,45.926909],[-64.249125,45.926916],[-64.249115,45.926466],[-64.247826,45.92648],[-64.247836,45.92693],[-64.249125,45.926916],[-64.249136,45.927366],[-64.247846,45.92738],[-64.247856,45.92783],[-64.249146,45.927816]]]},"properties":{"feature_id":"dorian-s1-0450","event_id":"dorian","category":"new_low_backscatter_after_dorian","area_ha":1.25,"center_lon":-64.248803,"center_lat":45.927148,"threshold_db":-18.086,"sensor":"Sentinel-1","polarization":"HV","interpretation":"candidate only; requires validation"}},{"type":"Feature","id":"dorian-s1-0451","geometry":{"type":"Polygon","coordinates":[[[-64.370996,45.926419],[-64.370985,45.925969],[-64.372274,45.925953],[-64.372252,45.925053],[-64.371607,45.925061],[-64.371618,45.925511],[-64.370329,45.925527],[-64.370351,45.926426],[-64.370996,45.926419]]]},"properties":{"feature_id":"dorian-s1-0451","event_id":"dorian","category":"new_low_backscatter_after_dorian","area_ha":1.25,"center_lon":-64.371302,"center_lat":45.925739,"threshold_db":-18.086,"sensor":"Sentinel-1","polarization":"HV","interpretation":"candidate only; requires validation"}},{"type":"Feature","id":"dorian-s1-0452","geometry":{"type":"Polygon","coordinates":[[[-64.357435,45.92568],[-64.357424,45.925231],[-64.354846,45.925261],[-64.354857,45.925711],[-64.357435,45.92568]]]},"properties":{"feature_id":"dorian-s1-0452","event_id":"dorian","category":"new_low_backscatter_after_dorian","area_ha":1.0,"center_lon":-64.35614,"center_lat":45.925471,"threshold_db":-18.086,"sensor":"Sentinel-1","polarization":"HV","interpretation":"candidate only; requires validation"}},{"type":"Feature","id":"dorian-s1-0453","geometry":{"type":"Polygon","coordinates":[[[-64.316831,45.926606],[-64.31682,45.926156],[-64.318109,45.926141],[-64.318099,45.925691],[-64.31552,45.925721],[-64.315531,45.926171],[-64.316175,45.926163],[-64.316186,45.926613],[-64.316831,45.926606]]]},"properties":{"feature_id":"dorian-s1-0453","event_id":"dorian","category":"new_low_backscatter_after_dorian","area_ha":1.25,"center_lon":-64.316815,"center_lat":45.926152,"threshold_db":-18.086,"sensor":"Sentinel-1","polarization":"HV","interpretation":"candidate only; requires validation"}},{"type":"Feature","id":"dorian-s1-0454","geometry":{"type":"Polygon","coordinates":[[[-64.327866,45.929628],[-64.327834,45.928278],[-64.328478,45.928271],[-64.328457,45.927371],[-64.329101,45.927364],[-64.329091,45.926914],[-64.328446,45.926921],[-64.328435,45.926471],[-64.327791,45.926479],[-64.327801,45.926929],[-64.327157,45.926936],[-64.327124,45.925586],[-64.32648,45.925594],[-64.326469,45.925144],[-64.325824,45.925152],[-64.325835,45.925601],[-64.32648,45.925594],[-64.326512,45.926944],[-64.327157,45.926936],[-64.327167,45.927386],[-64.326523,45.927394],[-64.326533,45.927843],[-64.327178,45.927836],[-64.327167,45.927386],[-64.327812,45.927379],[-64.327834,45.928278],[-64.326544,45.928293],[-64.326555,45.928743],[-64.3272,45.928736],[-64.327221,45.929636],[-64.327866,45.929628]]]},"properties":{"feature_id":"dorian-s1-0454","event_id":"dorian","category":"new_low_backscatter_after_dorian","area_ha":3.75,"center_lon":-64.327462,"center_lat":45.92739,"threshold_db":-18.086,"sensor":"Sentinel-1","polarization":"HV","interpretation":"candidate only; requires validation"}},{"type":"Feature","id":"dorian-s1-0455","geometry":{"type":"Polygon","coordinates":[[[-64.450337,45.927239],[-64.450325,45.926789],[-64.449681,45.926797],[-64.449669,45.926347],[-64.450314,45.926339],[-64.450267,45.92454],[-64.449622,45.924548],[-64.449599,45.923648],[-64.448309,45.923665],[-64.448321,45.924114],[-64.448966,45.924106],[-64.448978,45.924556],[-64.449622,45.924548],[-64.449634,45.924998],[-64.448989,45.925006],[-64.449013,45.925906],[-64.449657,45.925898],[-64.449669,45.926347],[-64.44838,45.926364],[-64.448403,45.927264],[-64.449048,45.927255],[-64.449036,45.926806],[-64.449681,45.926797],[-64.449692,45.927247],[-64.450337,45.927239]]]},"properties":{"feature_id":"dorian-s1-0455","event_id":"dorian","category":"new_low_backscatter_after_dorian","area_ha":3.25,"center_lon":-64.449323,"center_lat":45.925456,"threshold_db":-18.086,"sensor":"Sentinel-1","polarization":"HV","interpretation":"candidate only; requires validation"}},{"type":"Feature","id":"dorian-s1-0456","geometry":{"type":"Polygon","coordinates":[[[-64.336838,45.927273],[-64.336827,45.926823],[-64.336182,45.926831],[-64.336172,45.926381],[-64.336816,45.926374],[-64.336806,45.925924],[-64.336161,45.925931],[-64.33615,45.925481],[-64.335505,45.925489],[-64.335495,45.925039],[-64.33485,45.925046],[-64.334861,45.925496],[-64.335505,45.925489],[-64.335516,45.925939],[-64.336161,45.925931],[-64.336172,45.926381],[-64.335527,45.926389],[-64.335538,45.926839],[-64.336182,45.926831],[-64.336193,45.927281],[-64.336838,45.927273]]]},"properties":{"feature_id":"dorian-s1-0456","event_id":"dorian","category":"new_low_backscatter_after_dorian","area_ha":1.25,"center_lon":-64.335844,"center_lat":45.92616,"threshold_db":-18.086,"sensor":"Sentinel-1","polarization":"HV","interpretation":"candidate only; requires validation"}},{"type":"Feature","id":"dorian-s1-0457","geometry":{"type":"Polygon","coordinates":[[[-64.376153,45.926357],[-64.376142,45.925907],[-64.376787,45.925899],[-64.376765,45.924999],[-64.377409,45.924991],[-64.377398,45.924541],[-64.37482,45.924573],[-64.374831,45.925022],[-64.37612,45.925007],[-64.376131,45.925457],[-64.375486,45.925465],[-64.375509,45.926364],[-64.376153,45.926357]]]},"properties":{"feature_id":"dorian-s1-0457","event_id":"dorian","category":"new_low_backscatter_after_dorian","area_ha":2.0,"center_lon":-64.376114,"center_lat":45.925452,"threshold_db":-18.086,"sensor":"Sentinel-1","polarization":"HV","interpretation":"candidate only; requires validation"}},{"type":"Feature","id":"dorian-s1-0458","geometry":{"type":"Polygon","coordinates":[[[-64.186596,45.928032],[-64.186586,45.927582],[-64.187231,45.927576],[-64.187221,45.927126],[-64.186577,45.927132],[-64.186567,45.926683],[-64.183343,45.926716],[-64.183353,45.927166],[-64.185287,45.927146],[-64.185297,45.927596],[-64.184652,45.927602],[-64.184662,45.928052],[-64.186596,45.928032]],[[-64.186586,45.927582],[-64.185941,45.927589],[-64.185932,45.927139],[-64.186577,45.927132],[-64.186586,45.927582]]]},"properties":{"feature_id":"dorian-s1-0458","event_id":"dorian","category":"new_low_backscatter_after_dorian","area_ha":2.5,"center_lon":-64.185287,"center_lat":45.927368,"threshold_db":-18.086,"sensor":"Sentinel-1","polarization":"HV","interpretation":"candidate only; requires validation"}},{"type":"Feature","id":"dorian-s1-0459","geometry":{"type":"Polygon","coordinates":[[[-64.227205,45.927153],[-64.227185,45.926254],[-64.225251,45.926274],[-64.225261,45.926724],[-64.22655,45.92671],[-64.22656,45.92716],[-64.227205,45.927153]]]},"properties":{"feature_id":"dorian-s1-0459","event_id":"dorian","category":"new_low_backscatter_after_dorian","area_ha":1.0,"center_lon":-64.226228,"center_lat":45.926707,"threshold_db":-18.086,"sensor":"Sentinel-1","polarization":"HV","interpretation":"candidate only; requires validation"}},{"type":"Feature","id":"dorian-s1-0460","geometry":{"type":"Polygon","coordinates":[[[-64.371618,45.925511],[-64.371607,45.925061],[-64.372897,45.925046],[-64.372886,45.924596],[-64.370952,45.924619],[-64.37094,45.924169],[-64.369651,45.924185],[-64.369673,45.925084],[-64.370318,45.925077],[-64.370329,45.925527],[-64.371618,45.925511]]]},"properties":{"feature_id":"dorian-s1-0460","event_id":"dorian","category":"persistent_low_backscatter","area_ha":2.25,"center_lon":-64.371274,"center_lat":45.924848,"threshold_db":-18.086,"sensor":"Sentinel-1","polarization":"HV","interpretation":"candidate only; requires validation"}},{"type":"Feature","id":"dorian-s1-0461","geometry":{"type":"Polygon","coordinates":[[[-64.323256,45.925631],[-64.323246,45.925181],[-64.321956,45.925196],[-64.321946,45.924746],[-64.321301,45.924754],[-64.321322,45.925654],[-64.323256,45.925631]]]},"properties":{"feature_id":"dorian-s1-0461","event_id":"dorian","category":"new_low_backscatter_after_dorian","area_ha":1.0,"center_lon":-64.322279,"center_lat":45.9252,"threshold_db":-18.086,"sensor":"Sentinel-1","polarization":"HV","interpretation":"candidate only; requires validation"}},{"type":"Feature","id":"dorian-s1-0462","geometry":{"type":"Polygon","coordinates":[[[-64.251704,45.926888],[-64.251694,45.926438],[-64.252984,45.926424],[-64.252963,45.925524],[-64.251674,45.925538],[-64.251694,45.926438],[-64.25105,45.926445],[-64.251039,45.925995],[-64.250395,45.926002],[-64.250405,45.926452],[-64.25105,45.926445],[-64.25106,45.926895],[-64.251704,45.926888]]]},"properties":{"feature_id":"dorian-s1-0462","event_id":"dorian","category":"new_low_backscatter_after_dorian","area_ha":1.5,"center_lon":-64.251689,"center_lat":45.926209,"threshold_db":-18.086,"sensor":"Sentinel-1","polarization":"HV","interpretation":"candidate only; requires validation"}},{"type":"Feature","id":"dorian-s1-0463","geometry":{"type":"Polygon","coordinates":[[[-64.306505,45.926274],[-64.306484,45.925374],[-64.305839,45.925382],[-64.305828,45.924932],[-64.305184,45.924939],[-64.305173,45.924489],[-64.304529,45.924497],[-64.304539,45.924947],[-64.303894,45.924954],[-64.303905,45.925404],[-64.30455,45.925396],[-64.304539,45.924947],[-64.305184,45.924939],[-64.305194,45.925389],[-64.305839,45.925382],[-64.30586,45.926282],[-64.306505,45.926274]]]},"properties":{"feature_id":"dorian-s1-0463","event_id":"dorian","category":"new_low_backscatter_after_dorian","area_ha":1.25,"center_lon":-64.3052,"center_lat":45.925386,"threshold_db":-18.086,"sensor":"Sentinel-1","polarization":"HV","interpretation":"candidate only; requires validation"}},{"type":"Feature","id":"dorian-s1-0464","geometry":{"type":"Polygon","coordinates":[[[-64.367095,45.925115],[-64.367072,45.924215],[-64.366428,45.924223],[-64.366417,45.923773],[-64.365127,45.923789],[-64.36515,45.924688],[-64.366439,45.924673],[-64.36645,45.925123],[-64.367095,45.925115]]]},"properties":{"feature_id":"dorian-s1-0464","event_id":"dorian","category":"new_low_backscatter_after_dorian","area_ha":1.5,"center_lon":-64.366111,"center_lat":45.924448,"threshold_db":-18.086,"sensor":"Sentinel-1","polarization":"HV","interpretation":"candidate only; requires validation"}},{"type":"Feature","id":"dorian-s1-0465","geometry":{"type":"Polygon","coordinates":[[[-64.369029,45.925092],[-64.369018,45.924642],[-64.369662,45.924634],[-64.369651,45.924185],[-64.37094,45.924169],[-64.370952,45.924619],[-64.37353,45.924588],[-64.373519,45.924138],[-64.372874,45.924146],[-64.372863,45.923696],[-64.372219,45.923704],[-64.37223,45.924154],[-64.371585,45.924161],[-64.371574,45.923711],[-64.368995,45.923742],[-64.369006,45.924192],[-64.368362,45.9242],[-64.368384,45.9251],[-64.369029,45.925092]]]},"properties":{"feature_id":"dorian-s1-0465","event_id":"dorian","category":"new_low_backscatter_after_dorian","area_ha":3.0,"center_lon":-64.370946,"center_lat":45.924398,"threshold_db":-18.086,"sensor":"Sentinel-1","polarization":"HV","interpretation":"candidate only; requires validation"}},{"type":"Feature","id":"dorian-s1-0466","geometry":{"type":"Polygon","coordinates":[[[-64.162712,45.926928],[-64.162693,45.926028],[-64.160114,45.926054],[-64.160123,45.926504],[-64.162057,45.926484],[-64.162067,45.926934],[-64.162712,45.926928]]]},"properties":{"feature_id":"dorian-s1-0466","event_id":"dorian","category":"new_low_backscatter_after_dorian","area_ha":1.25,"center_lon":-64.161413,"center_lat":45.926481,"threshold_db":-18.086,"sensor":"Sentinel-1","polarization":"HV","interpretation":"candidate only; requires validation"}},{"type":"Feature","id":"dorian-s1-0467","geometry":{"type":"Polygon","coordinates":[[[-64.369006,45.924192],[-64.368995,45.923742],[-64.368351,45.92375],[-64.36834,45.9233],[-64.366406,45.923323],[-64.366428,45.924223],[-64.369006,45.924192]]]},"properties":{"feature_id":"dorian-s1-0467","event_id":"dorian","category":"persistent_low_backscatter","area_ha":1.75,"center_lon":-64.367706,"center_lat":45.923761,"threshold_db":-18.086,"sensor":"Sentinel-1","polarization":"HV","interpretation":"candidate only; requires validation"}},{"type":"Feature","id":"dorian-s1-0468","geometry":{"type":"Polygon","coordinates":[[[-64.229774,45.926676],[-64.229764,45.926226],[-64.229119,45.926233],[-64.229099,45.925333],[-64.22781,45.925347],[-64.22779,45.924447],[-64.227145,45.924454],[-64.227165,45.925354],[-64.22652,45.925361],[-64.22653,45.925811],[-64.227175,45.925804],[-64.227165,45.925354],[-64.22781,45.925347],[-64.22782,45.925797],[-64.228464,45.92579],[-64.228474,45.92624],[-64.229119,45.926233],[-64.229129,45.926683],[-64.229774,45.926676]]]},"properties":{"feature_id":"dorian-s1-0468","event_id":"dorian","category":"persistent_low_backscatter","area_ha":1.75,"center_lon":-64.228147,"center_lat":45.925565,"threshold_db":-18.086,"sensor":"Sentinel-1","polarization":"HV","interpretation":"candidate only; requires validation"}},{"type":"Feature","id":"dorian-s1-0469","geometry":{"type":"Polygon","coordinates":[[[-64.302616,45.925418],[-64.302605,45.924969],[-64.30325,45.924961],[-64.303239,45.924511],[-64.302595,45.924519],[-64.302573,45.923619],[-64.301929,45.923626],[-64.30195,45.924526],[-64.302595,45.924519],[-64.302605,45.924969],[-64.30196,45.924976],[-64.301971,45.925426],[-64.302616,45.925418]]]},"properties":{"feature_id":"dorian-s1-0469","event_id":"dorian","category":"new_low_backscatter_after_dorian","area_ha":1.0,"center_lon":-64.30259,"center_lat":45.924523,"threshold_db":-18.086,"sensor":"Sentinel-1","polarization":"HV","interpretation":"candidate only; requires validation"}},{"type":"Feature","id":"dorian-s1-0470","geometry":{"type":"Polygon","coordinates":[[[-64.233682,45.928434],[-64.233672,45.927984],[-64.234317,45.927977],[-64.234307,45.927527],[-64.233662,45.927534],[-64.233652,45.927084],[-64.234297,45.927077],[-64.234277,45.926177],[-64.233632,45.926184],[-64.233622,45.925734],[-64.235556,45.925713],[-64.235536,45.924813],[-64.236181,45.924806],[-64.236171,45.924357],[-64.235526,45.924364],[-64.235536,45.924813],[-64.234892,45.92482],[-64.234882,45.924371],[-64.234237,45.924377],[-64.234257,45.925277],[-64.232967,45.925291],[-64.232938,45.923941],[-64.232293,45.923948],[-64.232313,45.924848],[-64.231023,45.924862],[-64.231033,45.925312],[-64.231678,45.925305],[-64.231688,45.925755],[-64.230399,45.925769],[-64.230408,45.926219],[-64.231698,45.926205],[-64.231728,45.927555],[-64.233662,45.927534],[-64.233672,45.927984],[-64.232382,45.927998],[-64.232392,45.928448],[-64.233682,45.928434]]]},"properties":{"feature_id":"dorian-s1-0470","event_id":"dorian","category":"new_low_backscatter_after_dorian","area_ha":8.5,"center_lon":-64.23329,"center_lat":45.926195,"threshold_db":-18.086,"sensor":"Sentinel-1","polarization":"HV","interpretation":"candidate only; requires validation"}},{"type":"Feature","id":"dorian-s1-0471","geometry":{"type":"Polygon","coordinates":[[[-64.375442,45.923665],[-64.37542,45.922765],[-64.376064,45.922757],[-64.376053,45.922308],[-64.375409,45.922315],[-64.37542,45.922765],[-64.374775,45.922773],[-64.374786,45.923223],[-64.374142,45.923231],[-64.374153,45.92368],[-64.375442,45.923665]]]},"properties":{"feature_id":"dorian-s1-0471","event_id":"dorian","category":"new_low_backscatter_after_dorian","area_ha":1.0,"center_lon":-64.375103,"center_lat":45.922994,"threshold_db":-18.086,"sensor":"Sentinel-1","polarization":"HV","interpretation":"candidate only; requires validation"}},{"type":"Feature","id":"dorian-s1-0472","geometry":{"type":"Polygon","coordinates":[[[-64.330348,45.925549],[-64.330326,45.924649],[-64.329682,45.924657],[-64.329671,45.924207],[-64.329026,45.924214],[-64.329016,45.923764],[-64.327726,45.923779],[-64.327715,45.923329],[-64.325137,45.923359],[-64.325126,45.92291],[-64.324481,45.922917],[-64.324471,45.922467],[-64.323826,45.922475],[-64.323837,45.922924],[-64.324481,45.922917],[-64.324503,45.923817],[-64.325792,45.923802],[-64.325803,45.924252],[-64.326448,45.924244],[-64.326437,45.923794],[-64.327726,45.923779],[-64.327737,45.924229],[-64.329026,45.924214],[-64.329037,45.924664],[-64.329682,45.924657],[-64.329703,45.925556],[-64.330348,45.925549]]]},"properties":{"feature_id":"dorian-s1-0472","event_id":"dorian","category":"new_low_backscatter_after_dorian","area_ha":3.25,"center_lon":-64.327087,"center_lat":45.924011,"threshold_db":-18.086,"sensor":"Sentinel-1","polarization":"HV","interpretation":"candidate only; requires validation"}},{"type":"Feature","id":"dorian-s1-0473","geometry":{"type":"Polygon","coordinates":[[[-64.34322,45.924498],[-64.343209,45.924048],[-64.343854,45.924041],[-64.343843,45.923591],[-64.344487,45.923583],[-64.344477,45.923133],[-64.343832,45.923141],[-64.343821,45.922691],[-64.344466,45.922684],[-64.344455,45.922234],[-64.34381,45.922241],[-64.343821,45.922691],[-64.343176,45.922699],[-64.343187,45.923149],[-64.343832,45.923141],[-64.343843,45.923591],[-64.343198,45.923599],[-64.343209,45.924048],[-64.342564,45.924056],[-64.342543,45.923156],[-64.341898,45.923164],[-64.341909,45.923614],[-64.341264,45.923621],[-64.341275,45.924071],[-64.34192,45.924064],[-64.34193,45.924513],[-64.34322,45.924498]]]},"properties":{"feature_id":"dorian-s1-0473","event_id":"dorian","category":"new_low_backscatter_after_dorian","area_ha":2.25,"center_lon":-64.342875,"center_lat":45.923373,"threshold_db":-18.086,"sensor":"Sentinel-1","polarization":"HV","interpretation":"candidate only; requires validation"}},{"type":"Feature","id":"dorian-s1-0474","geometry":{"type":"Polygon","coordinates":[[[-64.314854,45.924828],[-64.314843,45.924378],[-64.314199,45.924386],[-64.314177,45.923486],[-64.314822,45.923479],[-64.314812,45.923029],[-64.315456,45.923021],[-64.315446,45.922571],[-64.314801,45.922579],[-64.314812,45.923029],[-64.313522,45.923043],[-64.313554,45.924393],[-64.314199,45.924386],[-64.314209,45.924836],[-64.314854,45.924828]]]},"properties":{"feature_id":"dorian-s1-0474","event_id":"dorian","category":"low_backscatter_no_longer_present","area_ha":1.5,"center_lon":-64.314489,"center_lat":45.923704,"threshold_db":-18.086,"sensor":"Sentinel-1","polarization":"HV","interpretation":"candidate only; requires validation"}},{"type":"Feature","id":"dorian-s1-0475","geometry":{"type":"Polygon","coordinates":[[[-64.229734,45.924876],[-64.229704,45.923526],[-64.22777,45.923547],[-64.22778,45.923997],[-64.228425,45.92399],[-64.228445,45.92489],[-64.229734,45.924876]]]},"properties":{"feature_id":"dorian-s1-0475","event_id":"dorian","category":"persistent_low_backscatter","area_ha":1.75,"center_lon":-64.228752,"center_lat":45.924208,"threshold_db":-18.086,"sensor":"Sentinel-1","polarization":"HV","interpretation":"candidate only; requires validation"}},{"type":"Feature","id":"dorian-s1-0476","geometry":{"type":"Polygon","coordinates":[[[-64.169775,45.925506],[-64.169757,45.924606],[-64.170401,45.924599],[-64.170392,45.924149],[-64.169747,45.924156],[-64.169757,45.924606],[-64.168467,45.924619],[-64.168477,45.925069],[-64.169121,45.925062],[-64.169131,45.925512],[-64.169775,45.925506]]]},"properties":{"feature_id":"dorian-s1-0476","event_id":"dorian","category":"new_low_backscatter_after_dorian","area_ha":1.0,"center_lon":-64.169434,"center_lat":45.92483,"threshold_db":-18.086,"sensor":"Sentinel-1","polarization":"HV","interpretation":"candidate only; requires validation"}},{"type":"Feature","id":"dorian-s1-0477","geometry":{"type":"Polygon","coordinates":[[[-64.303863,45.923604],[-64.303842,45.922704],[-64.303197,45.922712],[-64.303208,45.923162],[-64.302563,45.923169],[-64.302552,45.922719],[-64.301908,45.922726],[-64.301929,45.923626],[-64.303863,45.923604]]]},"properties":{"feature_id":"dorian-s1-0477","event_id":"dorian","category":"low_backscatter_no_longer_present","area_ha":1.25,"center_lon":-64.302886,"center_lat":45.923165,"threshold_db":-18.086,"sensor":"Sentinel-1","polarization":"HV","interpretation":"candidate only; requires validation"}},{"type":"Feature","id":"dorian-s1-0478","geometry":{"type":"Polygon","coordinates":[[[-64.310954,45.923523],[-64.310933,45.922623],[-64.311578,45.922616],[-64.311567,45.922166],[-64.310922,45.922173],[-64.310933,45.922623],[-64.310288,45.922631],[-64.310278,45.922181],[-64.309633,45.922188],[-64.309665,45.923538],[-64.310954,45.923523]]]},"properties":{"feature_id":"dorian-s1-0478","event_id":"dorian","category":"new_low_backscatter_after_dorian","area_ha":1.5,"center_lon":-64.310606,"center_lat":45.922852,"threshold_db":-18.086,"sensor":"Sentinel-1","polarization":"HV","interpretation":"candidate only; requires validation"}},{"type":"Feature","id":"dorian-s1-0479","geometry":{"type":"Polygon","coordinates":[[[-64.265837,45.924482],[-64.265827,45.924032],[-64.267116,45.924018],[-64.267106,45.923568],[-64.266461,45.923575],[-64.266451,45.923125],[-64.267096,45.923118],[-64.267085,45.922668],[-64.266441,45.922675],[-64.266451,45.923125],[-64.263872,45.923153],[-64.263882,45.923603],[-64.264527,45.923596],[-64.264537,45.924046],[-64.265182,45.924039],[-64.265192,45.924489],[-64.265837,45.924482]]]},"properties":{"feature_id":"dorian-s1-0479","event_id":"dorian","category":"persistent_low_backscatter","area_ha":2.5,"center_lon":-64.265494,"center_lat":45.923579,"threshold_db":-18.086,"sensor":"Sentinel-1","polarization":"HV","interpretation":"candidate only; requires validation"}},{"type":"Feature","id":"dorian-s1-0480","geometry":{"type":"Polygon","coordinates":[[[-64.241329,45.924301],[-64.241318,45.923851],[-64.239384,45.923872],[-64.239364,45.922972],[-64.23872,45.922979],[-64.23875,45.924329],[-64.241329,45.924301]]]},"properties":{"feature_id":"dorian-s1-0480","event_id":"dorian","category":"new_low_backscatter_after_dorian","area_ha":1.5,"center_lon":-64.240025,"center_lat":45.923651,"threshold_db":-18.086,"sensor":"Sentinel-1","polarization":"HV","interpretation":"candidate only; requires validation"}},{"type":"Feature","id":"dorian-s1-0481","geometry":{"type":"Polygon","coordinates":[[[-64.316101,45.923014],[-64.31609,45.922564],[-64.316735,45.922556],[-64.316724,45.922107],[-64.31608,45.922114],[-64.31609,45.922564],[-64.315446,45.922571],[-64.315435,45.922121],[-64.314146,45.922136],[-64.314156,45.922586],[-64.315446,45.922571],[-64.315456,45.923021],[-64.316101,45.923014]]]},"properties":{"feature_id":"dorian-s1-0481","event_id":"dorian","category":"persistent_low_backscatter","area_ha":1.0,"center_lon":-64.31544,"center_lat":45.922564,"threshold_db":-18.086,"sensor":"Sentinel-1","polarization":"HV","interpretation":"candidate only; requires validation"}},{"type":"Feature","id":"dorian-s1-0482","geometry":{"type":"Polygon","coordinates":[[[-64.226481,45.923561],[-64.226471,45.923111],[-64.223892,45.923139],[-64.223902,45.923589],[-64.226481,45.923561]]]},"properties":{"feature_id":"dorian-s1-0482","event_id":"dorian","category":"new_low_backscatter_after_dorian","area_ha":1.0,"center_lon":-64.225187,"center_lat":45.92335,"threshold_db":-18.086,"sensor":"Sentinel-1","polarization":"HV","interpretation":"candidate only; requires validation"}},{"type":"Feature","id":"dorian-s1-0483","geometry":{"type":"Polygon","coordinates":[[[-64.221997,45.924959],[-64.221978,45.924059],[-64.222622,45.924052],[-64.222603,45.923152],[-64.221958,45.923159],[-64.221948,45.922709],[-64.221303,45.922716],[-64.221313,45.923166],[-64.220024,45.92318],[-64.220034,45.92363],[-64.221323,45.923616],[-64.221313,45.923166],[-64.221958,45.923159],[-64.221978,45.924059],[-64.221333,45.924066],[-64.221343,45.924516],[-64.220698,45.924523],[-64.220708,45.924973],[-64.221997,45.924959]]]},"properties":{"feature_id":"dorian-s1-0483","event_id":"dorian","category":"new_low_backscatter_after_dorian","area_ha":2.0,"center_lon":-64.221323,"center_lat":45.923841,"threshold_db":-18.086,"sensor":"Sentinel-1","polarization":"HV","interpretation":"candidate only; requires validation"}},{"type":"Feature","id":"dorian-s1-0484","geometry":{"type":"Polygon","coordinates":[[[-64.354835,45.924811],[-64.354813,45.923911],[-64.357392,45.923881],[-64.357381,45.923431],[-64.356736,45.923439],[-64.356725,45.922989],[-64.35608,45.922996],[-64.356069,45.922546],[-64.356714,45.922539],[-64.356703,45.922089],[-64.357348,45.922081],[-64.357337,45.921631],[-64.357981,45.921624],[-64.357959,45.920724],[-64.354092,45.92077],[-64.354114,45.92167],[-64.355403,45.921654],[-64.355414,45.922104],[-64.354769,45.922112],[-64.35478,45.922562],[-64.353491,45.922577],[-64.353502,45.923027],[-64.354146,45.923019],[-64.354157,45.923469],[-64.353513,45.923477],[-64.353524,45.923927],[-64.354168,45.923919],[-64.35419,45.924819],[-64.354835,45.924811]],[[-64.354813,45.923911],[-64.354168,45.923919],[-64.354157,45.923469],[-64.354802,45.923462],[-64.354813,45.923911]],[[-64.356091,45.923446],[-64.355447,45.923454],[-64.355436,45.923004],[-64.35608,45.922996],[-64.356091,45.923446]],[[-64.355436,45.923004],[-64.354791,45.923012],[-64.35478,45.922562],[-64.355425,45.922554],[-64.355436,45.923004]],[[-64.356069,45.922546],[-64.355425,45.922554],[-64.355414,45.922104],[-64.356058,45.922097],[-64.356069,45.922546]],[[-64.357337,45.921631],[-64.356692,45.921639],[-64.356681,45.921189],[-64.357326,45.921181],[-64.357337,45.921631]]]},"properties":{"feature_id":"dorian-s1-0484","event_id":"dorian","category":"new_low_backscatter_after_dorian","area_ha":7.25,"center_lon":-64.355736,"center_lat":45.922771,"threshold_db":-18.086,"sensor":"Sentinel-1","polarization":"HV","interpretation":"candidate only; requires validation"}},{"type":"Feature","id":"dorian-s1-0485","geometry":{"type":"Polygon","coordinates":[[[-64.118188,45.925572],[-64.118179,45.925122],[-64.118823,45.925116],[-64.118796,45.923766],[-64.117507,45.923779],[-64.117498,45.923329],[-64.116208,45.923341],[-64.116217,45.923791],[-64.115573,45.923798],[-64.115582,45.924247],[-64.116871,45.924235],[-64.11688,45.924685],[-64.116235,45.924691],[-64.116244,45.925141],[-64.116889,45.925135],[-64.11688,45.924685],[-64.117525,45.924679],[-64.117516,45.924229],[-64.11816,45.924222],[-64.118179,45.925122],[-64.117534,45.925128],[-64.117543,45.925578],[-64.118188,45.925572]]]},"properties":{"feature_id":"dorian-s1-0485","event_id":"dorian","category":"new_low_backscatter_after_dorian","area_ha":3.0,"center_lon":-64.117198,"center_lat":45.924453,"threshold_db":-18.086,"sensor":"Sentinel-1","polarization":"HV","interpretation":"candidate only; requires validation"}},{"type":"Feature","id":"dorian-s1-0486","geometry":{"type":"Polygon","coordinates":[[[-64.179456,45.925856],[-64.179427,45.924506],[-64.180717,45.924493],[-64.180707,45.924043],[-64.180062,45.92405],[-64.180034,45.9227],[-64.179389,45.922707],[-64.179418,45.924056],[-64.178128,45.92407],[-64.178138,45.92452],[-64.178782,45.924513],[-64.178811,45.925863],[-64.179456,45.925856]]]},"properties":{"feature_id":"dorian-s1-0486","event_id":"dorian","category":"new_low_backscatter_after_dorian","area_ha":2.5,"center_lon":-64.179423,"center_lat":45.924281,"threshold_db":-18.086,"sensor":"Sentinel-1","polarization":"HV","interpretation":"candidate only; requires validation"}},{"type":"Feature","id":"dorian-s1-0487","geometry":{"type":"Polygon","coordinates":[[[-64.231003,45.923962],[-64.230993,45.923512],[-64.232283,45.923499],[-64.232273,45.923049],[-64.231628,45.923056],[-64.231618,45.922606],[-64.230974,45.922613],[-64.230964,45.922163],[-64.230319,45.92217],[-64.230329,45.92262],[-64.230974,45.922613],[-64.230993,45.923512],[-64.230349,45.923519],[-64.230359,45.923969],[-64.231003,45.923962]]]},"properties":{"feature_id":"dorian-s1-0487","event_id":"dorian","category":"new_low_backscatter_after_dorian","area_ha":1.25,"center_lon":-64.231301,"center_lat":45.923066,"threshold_db":-18.086,"sensor":"Sentinel-1","polarization":"HV","interpretation":"candidate only; requires validation"}},{"type":"Feature","id":"dorian-s1-0488","geometry":{"type":"Polygon","coordinates":[[[-64.191013,45.923486],[-64.191003,45.923036],[-64.191648,45.923029],[-64.191638,45.92258],[-64.189704,45.9226],[-64.189714,45.92305],[-64.190358,45.923043],[-64.190368,45.923493],[-64.191013,45.923486]]]},"properties":{"feature_id":"dorian-s1-0488","event_id":"dorian","category":"new_low_backscatter_after_dorian","area_ha":1.0,"center_lon":-64.190676,"center_lat":45.923037,"threshold_db":-18.086,"sensor":"Sentinel-1","polarization":"HV","interpretation":"candidate only; requires validation"}},{"type":"Feature","id":"dorian-s1-0489","geometry":{"type":"Polygon","coordinates":[[[-64.298705,45.923663],[-64.298684,45.922763],[-64.29804,45.92277],[-64.298029,45.922321],[-64.296095,45.922342],[-64.296074,45.921443],[-64.29543,45.92145],[-64.295419,45.921],[-64.294775,45.921007],[-64.294785,45.921457],[-64.29414,45.921465],[-64.29413,45.921015],[-64.293485,45.921022],[-64.293496,45.921472],[-64.292851,45.921479],[-64.292862,45.921929],[-64.294151,45.921914],[-64.294182,45.923264],[-64.294827,45.923257],[-64.294806,45.922357],[-64.296095,45.922342],[-64.296106,45.922792],[-64.29804,45.92277],[-64.298061,45.92367],[-64.298705,45.923663]],[[-64.29544,45.9219],[-64.294796,45.921907],[-64.294785,45.921457],[-64.29543,45.92145],[-64.29544,45.9219]]]},"properties":{"feature_id":"dorian-s1-0489","event_id":"dorian","category":"new_low_backscatter_after_dorian","area_ha":4.0,"center_lon":-64.295778,"center_lat":45.922335,"threshold_db":-18.086,"sensor":"Sentinel-1","polarization":"HV","interpretation":"candidate only; requires validation"}},{"type":"Feature","id":"dorian-s1-0490","geometry":{"type":"Polygon","coordinates":[[[-64.343166,45.922249],[-64.343155,45.921799],[-64.34251,45.921807],[-64.342499,45.921357],[-64.343144,45.921349],[-64.343133,45.920899],[-64.343778,45.920892],[-64.343767,45.920442],[-64.343122,45.920449],[-64.343133,45.920899],[-64.342488,45.920907],[-64.342499,45.921357],[-64.341855,45.921364],[-64.341865,45.921814],[-64.34251,45.921807],[-64.342521,45.922256],[-64.343166,45.922249]]]},"properties":{"feature_id":"dorian-s1-0490","event_id":"dorian","category":"new_low_backscatter_after_dorian","area_ha":1.0,"center_lon":-64.342816,"center_lat":45.921349,"threshold_db":-18.086,"sensor":"Sentinel-1","polarization":"HV","interpretation":"candidate only; requires validation"}},{"type":"Feature","id":"dorian-s1-0491","geometry":{"type":"Polygon","coordinates":[[[-64.265254,45.927188],[-64.265223,45.925839],[-64.263934,45.925853],[-64.263923,45.925403],[-64.264568,45.925396],[-64.264558,45.924946],[-64.263268,45.92496],[-64.263258,45.92451],[-64.265192,45.924489],[-64.265182,45.924039],[-64.264537,45.924046],[-64.264527,45.923596],[-64.263882,45.923603],[-64.263872,45.923153],[-64.265162,45.923139],[-64.265151,45.922689],[-64.267085,45.922668],[-64.267075,45.922218],[-64.268364,45.922204],[-64.268354,45.921754],[-64.267065,45.921768],[-64.267055,45.921318],[-64.26641,45.921325],[-64.26642,45.921775],[-64.264486,45.921797],[-64.264497,45.922246],[-64.263852,45.922254],[-64.263862,45.922704],[-64.263217,45.922711],[-64.263238,45.923611],[-64.262593,45.923618],[-64.262583,45.923168],[-64.261938,45.923175],[-64.261948,45.923625],[-64.262593,45.923618],[-64.262603,45.924068],[-64.263248,45.92406],[-64.263258,45.92451],[-64.262614,45.924517],[-64.262634,45.925417],[-64.263279,45.92541],[-64.263289,45.92586],[-64.262644,45.925867],[-64.262654,45.926317],[-64.263944,45.926303],[-64.263954,45.926753],[-64.263309,45.92676],[-64.26332,45.92721],[-64.263964,45.927203],[-64.263954,45.926753],[-64.264599,45.926746],[-64.264609,45.927196],[-64.265254,45.927188]],[[-64.265151,45.922689],[-64.264507,45.922696],[-64.264497,45.922246],[-64.265141,45.922239],[-64.265151,45.922689]]]},"properties":{"feature_id":"dorian-s1-0491","event_id":"dorian","category":"new_low_backscatter_after_dorian","area_ha":8.75,"center_lon":-64.265151,"center_lat":45.924264,"threshold_db":-18.086,"sensor":"Sentinel-1","polarization":"HV","interpretation":"candidate only; requires validation"}},{"type":"Feature","id":"dorian-s1-0492","geometry":{"type":"Polygon","coordinates":[[[-64.311567,45.922166],[-64.311556,45.921716],[-64.310912,45.921723],[-64.310891,45.920824],[-64.311535,45.920816],[-64.311525,45.920366],[-64.31088,45.920374],[-64.310891,45.920824],[-64.310246,45.920831],[-64.310278,45.922181],[-64.311567,45.922166]]]},"properties":{"feature_id":"dorian-s1-0492","event_id":"dorian","category":"low_backscatter_no_longer_present","area_ha":1.25,"center_lon":-64.310907,"center_lat":45.921273,"threshold_db":-18.086,"sensor":"Sentinel-1","polarization":"HV","interpretation":"candidate only; requires validation"}},{"type":"Feature","id":"dorian-s1-0493","geometry":{"type":"Polygon","coordinates":[[[-64.081411,45.924576],[-64.081402,45.924126],[-64.082047,45.92412],[-64.082021,45.92277],[-64.081376,45.922776],[-64.081385,45.923226],[-64.08074,45.923232],[-64.080749,45.923682],[-64.081393,45.923676],[-64.081402,45.924126],[-64.078823,45.92415],[-64.078832,45.9246],[-64.081411,45.924576]]]},"properties":{"feature_id":"dorian-s1-0493","event_id":"dorian","category":"new_low_backscatter_after_dorian","area_ha":2.0,"center_lon":-64.080435,"center_lat":45.923685,"threshold_db":-18.086,"sensor":"Sentinel-1","polarization":"HV","interpretation":"candidate only; requires validation"}},{"type":"Feature","id":"dorian-s1-0494","geometry":{"type":"Polygon","coordinates":[[[-64.223882,45.922689],[-64.223862,45.921789],[-64.223218,45.921796],[-64.223208,45.921346],[-64.220629,45.921373],[-64.220639,45.921823],[-64.223218,45.921796],[-64.223228,45.922246],[-64.222583,45.922253],[-64.222593,45.922703],[-64.223882,45.922689]]]},"properties":{"feature_id":"dorian-s1-0494","event_id":"dorian","category":"new_low_backscatter_after_dorian","area_ha":1.75,"center_lon":-64.222256,"center_lat":45.922024,"threshold_db":-18.086,"sensor":"Sentinel-1","polarization":"HV","interpretation":"candidate only; requires validation"}},{"type":"Feature","id":"dorian-s1-0495","geometry":{"type":"Polygon","coordinates":[[[-64.258705,45.92276],[-64.258674,45.921411],[-64.259963,45.921397],[-64.259953,45.920947],[-64.260598,45.920939],[-64.260588,45.92049],[-64.259298,45.920504],[-64.259309,45.920954],[-64.258019,45.920968],[-64.25806,45.922768],[-64.258705,45.92276]]]},"properties":{"feature_id":"dorian-s1-0495","event_id":"dorian","category":"new_low_backscatter_after_dorian","area_ha":2.0,"center_lon":-64.259309,"center_lat":45.921629,"threshold_db":-18.086,"sensor":"Sentinel-1","polarization":"HV","interpretation":"candidate only; requires validation"}},{"type":"Feature","id":"dorian-s1-0496","geometry":{"type":"Polygon","coordinates":[[[-64.3444,45.919984],[-64.34439,45.919534],[-64.341167,45.919572],[-64.341177,45.920022],[-64.3444,45.919984]]]},"properties":{"feature_id":"dorian-s1-0496","event_id":"dorian","category":"new_low_backscatter_after_dorian","area_ha":1.25,"center_lon":-64.342783,"center_lat":45.919778,"threshold_db":-18.086,"sensor":"Sentinel-1","polarization":"HV","interpretation":"candidate only; requires validation"}},{"type":"Feature","id":"dorian-s1-0497","geometry":{"type":"Polygon","coordinates":[[[-64.148629,45.932021],[-64.14862,45.931571],[-64.149265,45.931564],[-64.149256,45.931114],[-64.1499,45.931108],[-64.149891,45.930658],[-64.151181,45.930645],[-64.151162,45.929745],[-64.151807,45.929738],[-64.151788,45.928839],[-64.152433,45.928832],[-64.152424,45.928382],[-64.153068,45.928376],[-64.15305,45.927476],[-64.154984,45.927456],[-64.154965,45.926556],[-64.15561,45.92655],[-64.155601,45.9261],[-64.156245,45.926093],[-64.156236,45.925643],[-64.156881,45.925637],[-64.156843,45.923837],[-64.156199,45.923844],[-64.156189,45.923394],[-64.156834,45.923387],[-64.156815,45.922487],[-64.15746,45.922481],[-64.157451,45.922031],[-64.156806,45.922037],[-64.156797,45.921588],[-64.156152,45.921594],[-64.156143,45.921144],[-64.154853,45.921157],[-64.154863,45.921607],[-64.152284,45.921633],[-64.152293,45.922083],[-64.151649,45.92209],[-64.151658,45.922539],[-64.151013,45.922546],[-64.151004,45.922096],[-64.150359,45.922103],[-64.150368,45.922552],[-64.148434,45.922572],[-64.148444,45.923022],[-64.147799,45.923028],[-64.14779,45.922578],[-64.147145,45.922585],[-64.147154,45.923035],[-64.14651,45.923041],[-64.1465,45.922591],[-64.145856,45.922598],[-64.145865,45.923048],[-64.144575,45.923061],[-64.144585,45.923511],[-64.14394,45.923517],[-64.143949,45.923967],[-64.142015,45.923986],[-64.142024,45.924436],[-64.142669,45.92443],[-64.142678,45.92488],[-64.142034,45.924886],[-64.142043,45.925336],[-64.143332,45.925323],[-64.143323,45.924873],[-64.143968,45.924867],[-64.143977,45.925317],[-64.144622,45.92531],[-64.14464,45.92621],[-64.145285,45.926204],[-64.145322,45.928003],[-64.144677,45.92801],[-64.144686,45.92846],[-64.145331,45.928453],[-64.145359,45.929803],[-64.144714,45.92981],[-64.144742,45.931159],[-64.145387,45.931153],[-64.145396,45.931603],[-64.146686,45.93159],[-64.146695,45.93204],[-64.148629,45.932021]]]},"properties":{"feature_id":"dorian-s1-0497","event_id":"dorian","category":"persistent_low_backscatter","area_ha":78.75,"center_lon":-64.149738,"center_lat":45.926592,"threshold_db":-18.086,"sensor":"Sentinel-1","polarization":"HV","interpretation":"candidate only; requires validation"}},{"type":"Feature","id":"dorian-s1-0498","geometry":{"type":"Polygon","coordinates":[[[-64.323815,45.922025],[-64.323805,45.921575],[-64.326383,45.921545],[-64.326373,45.921095],[-64.323794,45.921125],[-64.323773,45.920225],[-64.323128,45.920233],[-64.323117,45.919783],[-64.323762,45.919775],[-64.323751,45.919325],[-64.323107,45.919333],[-64.323117,45.919783],[-64.320539,45.919812],[-64.320549,45.920262],[-64.323128,45.920233],[-64.323149,45.921132],[-64.323794,45.921125],[-64.323805,45.921575],[-64.32316,45.921582],[-64.323171,45.922032],[-64.323815,45.922025]]]},"properties":{"feature_id":"dorian-s1-0498","event_id":"dorian","category":"new_low_backscatter_after_dorian","area_ha":3.0,"center_lon":-64.323461,"center_lat":45.920679,"threshold_db":-18.086,"sensor":"Sentinel-1","polarization":"HV","interpretation":"candidate only; requires validation"}},{"type":"Feature","id":"dorian-s1-0499","geometry":{"type":"Polygon","coordinates":[[[-64.24836,45.921524],[-64.24835,45.921074],[-64.247705,45.921081],[-64.247695,45.920631],[-64.248339,45.920624],[-64.248329,45.920174],[-64.247685,45.920181],[-64.247695,45.920631],[-64.24705,45.920638],[-64.24707,45.921538],[-64.24836,45.921524]]]},"properties":{"feature_id":"dorian-s1-0499","event_id":"dorian","category":"new_low_backscatter_after_dorian","area_ha":1.0,"center_lon":-64.247705,"center_lat":45.920856,"threshold_db":-18.086,"sensor":"Sentinel-1","polarization":"HV","interpretation":"candidate only; requires validation"}},{"type":"Feature","id":"dorian-s1-0500","geometry":{"type":"Polygon","coordinates":[[[-64.232888,45.921692],[-64.232878,45.921242],[-64.233522,45.921235],[-64.233502,45.920335],[-64.232213,45.920349],[-64.232223,45.920799],[-64.231578,45.920806],[-64.231588,45.921256],[-64.232233,45.921249],[-64.232243,45.921699],[-64.232888,45.921692]]]},"properties":{"feature_id":"dorian-s1-0500","event_id":"dorian","category":"persistent_low_backscatter","area_ha":1.5,"center_lon":-64.23255,"center_lat":45.921017,"threshold_db":-18.086,"sensor":"Sentinel-1","polarization":"HV","interpretation":"candidate only; requires validation"}},{"type":"Feature","id":"dorian-s1-0501","geometry":{"type":"Polygon","coordinates":[[[-64.08717,45.922271],[-64.087152,45.921371],[-64.085218,45.92139],[-64.085235,45.92229],[-64.08588,45.922283],[-64.085871,45.921834],[-64.086516,45.921827],[-64.086525,45.922277],[-64.08717,45.922271]]]},"properties":{"feature_id":"dorian-s1-0501","event_id":"dorian","category":"new_low_backscatter_after_dorian","area_ha":1.25,"center_lon":-64.086194,"center_lat":45.92183,"threshold_db":-18.086,"sensor":"Sentinel-1","polarization":"HV","interpretation":"candidate only; requires validation"}},{"type":"Feature","id":"dorian-s1-0502","geometry":{"type":"Polygon","coordinates":[[[-64.256771,45.922782],[-64.25674,45.921432],[-64.257385,45.921425],[-64.257375,45.920975],[-64.25673,45.920982],[-64.25674,45.921432],[-64.255451,45.921446],[-64.255441,45.920996],[-64.254796,45.921003],[-64.254786,45.920553],[-64.255431,45.920546],[-64.25542,45.920096],[-64.256065,45.920089],[-64.256055,45.919639],[-64.25541,45.919647],[-64.2554,45.919197],[-64.254111,45.919211],[-64.254121,45.919661],[-64.25541,45.919647],[-64.25542,45.920096],[-64.254776,45.920104],[-64.254786,45.920553],[-64.250918,45.920596],[-64.250928,45.921046],[-64.250283,45.921053],[-64.250294,45.921503],[-64.249649,45.92151],[-64.249659,45.92196],[-64.245791,45.922002],[-64.245781,45.921552],[-64.244492,45.921566],[-64.244502,45.922016],[-64.245146,45.922009],[-64.245156,45.922459],[-64.242578,45.922487],[-64.242588,45.922937],[-64.245166,45.922909],[-64.245156,45.922459],[-64.250314,45.922403],[-64.250304,45.921953],[-64.250948,45.921946],[-64.250958,45.922396],[-64.251603,45.922388],[-64.251593,45.921939],[-64.250948,45.921946],[-64.250928,45.921046],[-64.254796,45.921003],[-64.254816,45.921903],[-64.254172,45.92191],[-64.254182,45.92236],[-64.254826,45.922353],[-64.254816,45.921903],[-64.255461,45.921896],[-64.255471,45.922346],[-64.256116,45.922339],[-64.256126,45.922789],[-64.256771,45.922782]]]},"properties":{"feature_id":"dorian-s1-0502","event_id":"dorian","category":"new_low_backscatter_after_dorian","area_ha":9.25,"center_lon":-64.249981,"center_lat":45.921067,"threshold_db":-18.086,"sensor":"Sentinel-1","polarization":"HV","interpretation":"candidate only; requires validation"}},{"type":"Feature","id":"dorian-s1-0503","geometry":{"type":"Polygon","coordinates":[[[-64.37602,45.920958],[-64.375986,45.919608],[-64.375342,45.919616],[-64.375331,45.919166],[-64.374686,45.919174],[-64.374675,45.918724],[-64.37532,45.918716],[-64.375309,45.918266],[-64.375953,45.918258],[-64.375942,45.917809],[-64.375297,45.917816],[-64.375309,45.918266],[-64.374664,45.918274],[-64.374675,45.918724],[-64.372097,45.918755],[-64.372119,45.919655],[-64.373408,45.919639],[-64.373419,45.920089],[-64.374064,45.920081],[-64.374042,45.919182],[-64.374686,45.919174],[-64.374708,45.920074],[-64.375353,45.920066],[-64.375375,45.920966],[-64.37602,45.920958]]]},"properties":{"feature_id":"dorian-s1-0503","event_id":"dorian","category":"persistent_low_backscatter","area_ha":3.75,"center_lon":-64.374058,"center_lat":45.919387,"threshold_db":-18.086,"sensor":"Sentinel-1","polarization":"HV","interpretation":"candidate only; requires validation"}},{"type":"Feature","id":"dorian-s1-0504","geometry":{"type":"Polygon","coordinates":[[[-64.375364,45.920516],[-64.375353,45.920066],[-64.374708,45.920074],[-64.374686,45.919174],[-64.375331,45.919166],[-64.375342,45.919616],[-64.375986,45.919608],[-64.375998,45.920058],[-64.376642,45.92005],[-64.376631,45.9196],[-64.375986,45.919608],[-64.375975,45.919158],[-64.377909,45.919135],[-64.377898,45.918685],[-64.375964,45.918708],[-64.375953,45.918258],[-64.375309,45.918266],[-64.37532,45.918716],[-64.374675,45.918724],[-64.374653,45.917824],[-64.374008,45.917832],[-64.37403,45.918732],[-64.374675,45.918724],[-64.374686,45.919174],[-64.374042,45.919182],[-64.374064,45.920081],[-64.374708,45.920074],[-64.37472,45.920523],[-64.375364,45.920516]],[[-64.375975,45.919158],[-64.375331,45.919166],[-64.37532,45.918716],[-64.375964,45.918708],[-64.375975,45.919158]]]},"properties":{"feature_id":"dorian-s1-0504","event_id":"dorian","category":"new_low_backscatter_after_dorian","area_ha":3.0,"center_lon":-64.375958,"center_lat":45.919173,"threshold_db":-18.086,"sensor":"Sentinel-1","polarization":"HV","interpretation":"candidate only; requires validation"}},{"type":"Feature","id":"dorian-s1-0505","geometry":{"type":"Polygon","coordinates":[[[-64.232223,45.920799],[-64.232213,45.920349],[-64.232858,45.920342],[-64.232838,45.919442],[-64.232193,45.919449],[-64.232213,45.920349],[-64.231568,45.920356],[-64.231559,45.919906],[-64.230269,45.91992],[-64.230289,45.92082],[-64.232223,45.920799]]]},"properties":{"feature_id":"dorian-s1-0505","event_id":"dorian","category":"new_low_backscatter_after_dorian","area_ha":1.75,"center_lon":-64.231563,"center_lat":45.920131,"threshold_db":-18.086,"sensor":"Sentinel-1","polarization":"HV","interpretation":"candidate only; requires validation"}},{"type":"Feature","id":"dorian-s1-0506","geometry":{"type":"Polygon","coordinates":[[[-64.088556,45.927208],[-64.088547,45.926758],[-64.089192,45.926752],[-64.089165,45.925402],[-64.087876,45.925415],[-64.087858,45.924515],[-64.088503,45.924509],[-64.088494,45.924059],[-64.090428,45.92404],[-64.090402,45.92269],[-64.091047,45.922684],[-64.091038,45.922234],[-64.089748,45.922247],[-64.089713,45.920447],[-64.087779,45.920465],[-64.087788,45.920915],[-64.088433,45.920909],[-64.088441,45.921359],[-64.089086,45.921353],[-64.089095,45.921803],[-64.08845,45.921809],[-64.088468,45.922709],[-64.087178,45.922721],[-64.08717,45.922271],[-64.086525,45.922277],[-64.086516,45.921827],[-64.085871,45.921834],[-64.08588,45.922283],[-64.085235,45.92229],[-64.085209,45.92094],[-64.084564,45.920946],[-64.084573,45.921396],[-64.083929,45.921402],[-64.083937,45.921852],[-64.082648,45.921864],[-64.082657,45.922314],[-64.082012,45.92232],[-64.082047,45.92412],[-64.082692,45.924114],[-64.082683,45.923664],[-64.083972,45.923652],[-64.083981,45.924102],[-64.085915,45.924083],[-64.085898,45.923183],[-64.087832,45.923165],[-64.087841,45.923615],[-64.088485,45.923609],[-64.088494,45.924059],[-64.087849,45.924065],[-64.087858,45.924515],[-64.086569,45.924527],[-64.086586,45.925427],[-64.087231,45.925421],[-64.08724,45.925871],[-64.087885,45.925865],[-64.087911,45.927214],[-64.088556,45.927208]]]},"properties":{"feature_id":"dorian-s1-0506","event_id":"dorian","category":"persistent_low_backscatter","area_ha":17.75,"center_lon":-64.08653,"center_lat":45.923831,"threshold_db":-18.086,"sensor":"Sentinel-1","polarization":"HV","interpretation":"candidate only; requires validation"}},{"type":"Feature","id":"dorian-s1-0507","geometry":{"type":"Polygon","coordinates":[[[-64.361805,45.919778],[-64.361794,45.919328],[-64.362439,45.91932],[-64.362417,45.918421],[-64.363061,45.918413],[-64.363039,45.917513],[-64.36175,45.917529],[-64.361783,45.918878],[-64.361138,45.918886],[-64.361149,45.919336],[-64.360505,45.919344],[-64.360516,45.919793],[-64.361805,45.919778]]]},"properties":{"feature_id":"dorian-s1-0507","event_id":"dorian","category":"persistent_low_backscatter","area_ha":2.25,"center_lon":-64.361783,"center_lat":45.918653,"threshold_db":-18.086,"sensor":"Sentinel-1","polarization":"HV","interpretation":"candidate only; requires validation"}},{"type":"Feature","id":"dorian-s1-0508","geometry":{"type":"Polygon","coordinates":[[[-64.245771,45.921102],[-64.245761,45.920652],[-64.246405,45.920645],[-64.246385,45.919745],[-64.24703,45.919738],[-64.24701,45.918838],[-64.245076,45.91886],[-64.245086,45.919309],[-64.246375,45.919295],[-64.246385,45.919745],[-64.245741,45.919752],[-64.245751,45.920202],[-64.245106,45.920209],[-64.245126,45.921109],[-64.245771,45.921102]]]},"properties":{"feature_id":"dorian-s1-0508","event_id":"dorian","category":"new_low_backscatter_after_dorian","area_ha":2.0,"center_lon":-64.246053,"center_lat":45.919973,"threshold_db":-18.086,"sensor":"Sentinel-1","polarization":"HV","interpretation":"candidate only; requires validation"}},{"type":"Feature","id":"dorian-s1-0509","geometry":{"type":"Polygon","coordinates":[[[-64.083937,45.921852],[-64.083929,45.921402],[-64.084573,45.921396],[-64.084556,45.920496],[-64.083911,45.920502],[-64.083929,45.921402],[-64.082639,45.921414],[-64.082648,45.921864],[-64.083937,45.921852]]]},"properties":{"feature_id":"dorian-s1-0509","event_id":"dorian","category":"new_low_backscatter_after_dorian","area_ha":1.0,"center_lon":-64.083606,"center_lat":45.92118,"threshold_db":-18.086,"sensor":"Sentinel-1","polarization":"HV","interpretation":"candidate only; requires validation"}},{"type":"Feature","id":"dorian-s1-0510","geometry":{"type":"Polygon","coordinates":[[[-64.243807,45.919773],[-64.243787,45.918874],[-64.242497,45.918888],[-64.242517,45.919787],[-64.243807,45.919773]]]},"properties":{"feature_id":"dorian-s1-0510","event_id":"dorian","category":"new_low_backscatter_after_dorian","area_ha":1.0,"center_lon":-64.243152,"center_lat":45.919331,"threshold_db":-18.086,"sensor":"Sentinel-1","polarization":"HV","interpretation":"candidate only; requires validation"}},{"type":"Feature","id":"dorian-s1-0511","geometry":{"type":"Polygon","coordinates":[[[-64.182584,45.921324],[-64.182574,45.920874],[-64.181285,45.920887],[-64.181266,45.919987],[-64.180621,45.919994],[-64.180612,45.919544],[-64.179322,45.919557],[-64.179313,45.919107],[-64.178668,45.919114],[-64.178697,45.920464],[-64.179341,45.920457],[-64.179332,45.920007],[-64.180621,45.919994],[-64.18064,45.920894],[-64.181285,45.920887],[-64.181294,45.921337],[-64.182584,45.921324]]]},"properties":{"feature_id":"dorian-s1-0511","event_id":"dorian","category":"new_low_backscatter_after_dorian","area_ha":2.25,"center_lon":-64.180626,"center_lat":45.920222,"threshold_db":-18.086,"sensor":"Sentinel-1","polarization":"HV","interpretation":"candidate only; requires validation"}},{"type":"Feature","id":"dorian-s1-0512","geometry":{"type":"Polygon","coordinates":[[[-64.130419,45.924552],[-64.13041,45.924102],[-64.131055,45.924095],[-64.131037,45.923195],[-64.130392,45.923202],[-64.130383,45.922752],[-64.129738,45.922758],[-64.129729,45.922308],[-64.130374,45.922302],[-64.130364,45.921852],[-64.131654,45.921839],[-64.131663,45.922289],[-64.132952,45.922276],[-64.132962,45.922726],[-64.133606,45.92272],[-64.133597,45.92227],[-64.134242,45.922264],[-64.134233,45.921814],[-64.135522,45.921801],[-64.135494,45.920451],[-64.136139,45.920445],[-64.13613,45.919995],[-64.135485,45.920001],[-64.135494,45.920451],[-64.13485,45.920458],[-64.134841,45.920008],[-64.134196,45.920014],[-64.134187,45.919564],[-64.133542,45.91957],[-64.13356,45.92047],[-64.132916,45.920477],[-64.132934,45.921377],[-64.131645,45.921389],[-64.131626,45.920489],[-64.130982,45.920496],[-64.130991,45.920946],[-64.129702,45.920959],[-64.129729,45.922308],[-64.129084,45.922315],[-64.129102,45.923215],[-64.129747,45.923208],[-64.129756,45.923658],[-64.129112,45.923665],[-64.12913,45.924564],[-64.130419,45.924552]]]},"properties":{"feature_id":"dorian-s1-0512","event_id":"dorian","category":"persistent_low_backscatter","area_ha":10.25,"center_lon":-64.132611,"center_lat":45.922064,"threshold_db":-18.086,"sensor":"Sentinel-1","polarization":"HV","interpretation":"candidate only; requires validation"}},{"type":"Feature","id":"dorian-s1-0513","geometry":{"type":"Polygon","coordinates":[[[-64.183209,45.920417],[-64.1832,45.919967],[-64.183844,45.91996],[-64.183835,45.91951],[-64.18319,45.919517],[-64.183181,45.919067],[-64.181891,45.919081],[-64.181901,45.91953],[-64.18319,45.919517],[-64.1832,45.919967],[-64.181911,45.91998],[-64.18192,45.92043],[-64.183209,45.920417]]]},"properties":{"feature_id":"dorian-s1-0513","event_id":"dorian","category":"new_low_backscatter_after_dorian","area_ha":1.25,"center_lon":-64.182867,"center_lat":45.919748,"threshold_db":-18.086,"sensor":"Sentinel-1","polarization":"HV","interpretation":"candidate only; requires validation"}},{"type":"Feature","id":"dorian-s1-0514","geometry":{"type":"Polygon","coordinates":[[[-64.31609,45.922564],[-64.31608,45.922114],[-64.316724,45.922107],[-64.316692,45.920757],[-64.317337,45.920749],[-64.317326,45.9203],[-64.317971,45.920292],[-64.31796,45.919842],[-64.31925,45.919827],[-64.319239,45.919377],[-64.319883,45.91937],[-64.319862,45.91847],[-64.321151,45.918455],[-64.321141,45.918005],[-64.323719,45.917976],[-64.32373,45.918425],[-64.325019,45.91841],[-64.32504,45.91931],[-64.325685,45.919303],[-64.325696,45.919753],[-64.32634,45.919745],[-64.326362,45.920645],[-64.327006,45.920638],[-64.326985,45.919738],[-64.32634,45.919745],[-64.326308,45.918396],[-64.325664,45.918403],[-64.325642,45.917503],[-64.32113,45.917555],[-64.321119,45.917106],[-64.320475,45.917113],[-64.320485,45.917563],[-64.32113,45.917555],[-64.321141,45.918005],[-64.319207,45.918028],[-64.319196,45.917578],[-64.317907,45.917593],[-64.317918,45.918043],[-64.319207,45.918028],[-64.319218,45.918478],[-64.318573,45.918485],[-64.318594,45.919385],[-64.31795,45.919392],[-64.31796,45.919842],[-64.316671,45.919857],[-64.316692,45.920757],[-64.316048,45.920764],[-64.316058,45.921214],[-64.315414,45.921222],[-64.315424,45.921672],[-64.314135,45.921686],[-64.314146,45.922136],[-64.315435,45.922121],[-64.315446,45.922571],[-64.31609,45.922564]]]},"properties":{"feature_id":"dorian-s1-0514","event_id":"dorian","category":"new_low_backscatter_after_dorian","area_ha":10.0,"center_lon":-64.320571,"center_lat":45.919838,"threshold_db":-18.086,"sensor":"Sentinel-1","polarization":"HV","interpretation":"candidate only; requires validation"}},{"type":"Feature","id":"dorian-s1-0515","geometry":{"type":"Polygon","coordinates":[[[-64.19031,45.920793],[-64.190301,45.920343],[-64.190945,45.920337],[-64.190926,45.919437],[-64.191571,45.91943],[-64.191561,45.91898],[-64.190916,45.918987],[-64.190907,45.918537],[-64.190262,45.918544],[-64.190272,45.918994],[-64.189627,45.919],[-64.189646,45.9199],[-64.189002,45.919907],[-64.189011,45.920357],[-64.189656,45.92035],[-64.189666,45.9208],[-64.19031,45.920793]]]},"properties":{"feature_id":"dorian-s1-0515","event_id":"dorian","category":"persistent_low_backscatter","area_ha":2.5,"center_lon":-64.190286,"center_lat":45.919669,"threshold_db":-18.086,"sensor":"Sentinel-1","polarization":"HV","interpretation":"candidate only; requires validation"}},{"type":"Feature","id":"dorian-s1-0516","geometry":{"type":"Polygon","coordinates":[[[-64.319218,45.918478],[-64.319207,45.918028],[-64.319851,45.91802],[-64.319841,45.91757],[-64.320485,45.917563],[-64.320475,45.917113],[-64.319186,45.917128],[-64.319207,45.918028],[-64.318562,45.918035],[-64.318573,45.918485],[-64.319218,45.918478]]]},"properties":{"feature_id":"dorian-s1-0516","event_id":"dorian","category":"persistent_low_backscatter","area_ha":1.0,"center_lon":-64.319524,"center_lat":45.917799,"threshold_db":-18.086,"sensor":"Sentinel-1","polarization":"HV","interpretation":"candidate only; requires validation"}},{"type":"Feature","id":"dorian-s1-0517","geometry":{"type":"Polygon","coordinates":[[[-64.226401,45.919962],[-64.226391,45.919512],[-64.227681,45.919498],[-64.227671,45.919048],[-64.227026,45.919055],[-64.227016,45.918605],[-64.227661,45.918598],[-64.227651,45.918148],[-64.227006,45.918155],[-64.227016,45.918605],[-64.226372,45.918612],[-64.226391,45.919512],[-64.225747,45.919519],[-64.225757,45.919968],[-64.226401,45.919962]]]},"properties":{"feature_id":"dorian-s1-0517","event_id":"dorian","category":"low_backscatter_no_longer_present","area_ha":1.25,"center_lon":-64.226714,"center_lat":45.919058,"threshold_db":-18.086,"sensor":"Sentinel-1","polarization":"HV","interpretation":"candidate only; requires validation"}},{"type":"Feature","id":"dorian-s1-0518","geometry":{"type":"Polygon","coordinates":[[[-64.199336,45.920699],[-64.199307,45.919349],[-64.200596,45.919336],[-64.200586,45.918886],[-64.199941,45.918892],[-64.199932,45.918443],[-64.199287,45.918449],[-64.199297,45.918899],[-64.198652,45.918906],[-64.198662,45.919356],[-64.198017,45.919363],[-64.198027,45.919813],[-64.198672,45.919806],[-64.198681,45.920256],[-64.198037,45.920263],[-64.198046,45.920712],[-64.199336,45.920699]]]},"properties":{"feature_id":"dorian-s1-0518","event_id":"dorian","category":"new_low_backscatter_after_dorian","area_ha":2.25,"center_lon":-64.199307,"center_lat":45.919578,"threshold_db":-18.086,"sensor":"Sentinel-1","polarization":"HV","interpretation":"candidate only; requires validation"}},{"type":"Feature","id":"dorian-s1-0519","geometry":{"type":"Polygon","coordinates":[[[-64.293538,45.923271],[-64.293527,45.922822],[-64.292882,45.922829],[-64.292872,45.922379],[-64.292227,45.922386],[-64.292217,45.921936],[-64.291572,45.921944],[-64.291583,45.922394],[-64.290938,45.922401],[-64.290928,45.921951],[-64.290283,45.921958],[-64.290272,45.921508],[-64.291562,45.921494],[-64.291541,45.920594],[-64.292186,45.920587],[-64.292175,45.920137],[-64.29282,45.920129],[-64.292809,45.91968],[-64.292165,45.919687],[-64.292144,45.918787],[-64.290855,45.918802],[-64.290834,45.917902],[-64.291478,45.917894],[-64.291457,45.916995],[-64.290168,45.917009],[-64.290189,45.917909],[-64.289544,45.917916],[-64.289565,45.918816],[-64.288921,45.918823],[-64.288942,45.919723],[-64.288297,45.91973],[-64.288328,45.92108],[-64.287683,45.921087],[-64.287704,45.921987],[-64.28706,45.921995],[-64.287039,45.921095],[-64.286394,45.921102],[-64.286384,45.920652],[-64.287028,45.920645],[-64.287018,45.920195],[-64.286373,45.920202],[-64.286384,45.920652],[-64.285739,45.920659],[-64.28575,45.921109],[-64.285105,45.921117],[-64.285094,45.920667],[-64.28445,45.920674],[-64.28446,45.921124],[-64.285105,45.921117],[-64.285115,45.921566],[-64.284471,45.921574],[-64.284481,45.922024],[-64.28577,45.922009],[-64.285781,45.922459],[-64.286425,45.922452],[-64.286415,45.922002],[-64.28706,45.921995],[-64.28707,45.922444],[-64.287715,45.922437],[-64.287704,45.921987],[-64.288349,45.92198],[-64.288359,45.92243],[-64.289004,45.922423],[-64.288994,45.921973],[-64.290283,45.921958],[-64.290304,45.922858],[-64.291593,45.922843],[-64.291583,45.922394],[-64.292227,45.922386],[-64.292238,45.922836],[-64.292882,45.922829],[-64.292893,45.923279],[-64.293538,45.923271]],[[-64.288994,45.921973],[-64.288349,45.92198],[-64.288339,45.92153],[-64.288983,45.921523],[-64.288994,45.921973]],[[-64.286415,45.922002],[-64.28577,45.922009],[-64.28576,45.921559],[-64.286405,45.921552],[-64.286415,45.922002]],[[-64.289628,45.921516],[-64.288983,45.921523],[-64.288973,45.921073],[-64.289617,45.921066],[-64.289628,45.921516]]]},"properties":{"feature_id":"dorian-s1-0519","event_id":"dorian","category":"new_low_backscatter_after_dorian","area_ha":15.5,"center_lon":-64.288994,"center_lat":45.920137,"threshold_db":-18.086,"sensor":"Sentinel-1","polarization":"HV","interpretation":"candidate only; requires validation"}},{"type":"Feature","id":"dorian-s1-0520","geometry":{"type":"Polygon","coordinates":[[[-64.31665,45.918957],[-64.316639,45.918507],[-64.317284,45.9185],[-64.317273,45.91805],[-64.317918,45.918043],[-64.317896,45.917143],[-64.318541,45.917135],[-64.31853,45.916685],[-64.317886,45.916693],[-64.317896,45.917143],[-64.317252,45.91715],[-64.317273,45.91805],[-64.316628,45.918057],[-64.316639,45.918507],[-64.315994,45.918515],[-64.316005,45.918965],[-64.31665,45.918957]]]},"properties":{"feature_id":"dorian-s1-0520","event_id":"dorian","category":"persistent_low_backscatter","area_ha":1.25,"center_lon":-64.317267,"center_lat":45.917825,"threshold_db":-18.086,"sensor":"Sentinel-1","polarization":"HV","interpretation":"candidate only; requires validation"}},{"type":"Feature","id":"dorian-s1-0521","geometry":{"type":"Polygon","coordinates":[[[-64.37143,45.917863],[-64.371419,45.917413],[-64.372063,45.917405],[-64.372041,45.916505],[-64.371397,45.916513],[-64.371386,45.916063],[-64.370741,45.916071],[-64.370785,45.917871],[-64.37143,45.917863]]]},"properties":{"feature_id":"dorian-s1-0521","event_id":"dorian","category":"new_low_backscatter_after_dorian","area_ha":1.5,"center_lon":-64.371402,"center_lat":45.916967,"threshold_db":-18.086,"sensor":"Sentinel-1","polarization":"HV","interpretation":"candidate only; requires validation"}},{"type":"Feature","id":"dorian-s1-0522","geometry":{"type":"Polygon","coordinates":[[[-64.188347,45.919464],[-64.188338,45.919014],[-64.189627,45.919],[-64.189618,45.91855],[-64.188328,45.918564],[-64.188319,45.918114],[-64.187674,45.918121],[-64.187684,45.91857],[-64.188328,45.918564],[-64.188338,45.919014],[-64.187693,45.91902],[-64.187703,45.91947],[-64.188347,45.919464]]]},"properties":{"feature_id":"dorian-s1-0522","event_id":"dorian","category":"new_low_backscatter_after_dorian","area_ha":1.0,"center_lon":-64.18865,"center_lat":45.918792,"threshold_db":-18.086,"sensor":"Sentinel-1","polarization":"HV","interpretation":"candidate only; requires validation"}},{"type":"Feature","id":"dorian-s1-0523","geometry":{"type":"Polygon","coordinates":[[[-64.268917,45.918147],[-64.268907,45.917697],[-64.269551,45.91769],[-64.269531,45.91679],[-64.268886,45.916798],[-64.268876,45.916348],[-64.268231,45.916355],[-64.268252,45.917255],[-64.267607,45.917262],[-64.267617,45.917712],[-64.268262,45.917704],[-64.268272,45.918154],[-64.268917,45.918147]],[[-64.268907,45.917697],[-64.268262,45.917704],[-64.268252,45.917255],[-64.268896,45.917247],[-64.268907,45.917697]]]},"properties":{"feature_id":"dorian-s1-0523","event_id":"dorian","category":"new_low_backscatter_after_dorian","area_ha":1.5,"center_lon":-64.268579,"center_lat":45.917251,"threshold_db":-18.086,"sensor":"Sentinel-1","polarization":"HV","interpretation":"candidate only; requires validation"}},{"type":"Feature","id":"dorian-s1-0524","geometry":{"type":"Polygon","coordinates":[[[-64.185115,45.919047],[-64.185105,45.918597],[-64.18575,45.918591],[-64.185731,45.917691],[-64.185086,45.917697],[-64.185076,45.917247],[-64.184432,45.917254],[-64.184441,45.917704],[-64.183797,45.917711],[-64.183806,45.918161],[-64.185095,45.918147],[-64.185105,45.918597],[-64.183816,45.918611],[-64.183825,45.919061],[-64.185115,45.919047]]]},"properties":{"feature_id":"dorian-s1-0524","event_id":"dorian","category":"new_low_backscatter_after_dorian","area_ha":1.75,"center_lon":-64.184774,"center_lat":45.918154,"threshold_db":-18.086,"sensor":"Sentinel-1","polarization":"HV","interpretation":"candidate only; requires validation"}},{"type":"Feature","id":"dorian-s1-0525","geometry":{"type":"Polygon","coordinates":[[[-64.381099,45.917746],[-64.381088,45.917296],[-64.381732,45.917289],[-64.38171,45.916389],[-64.383643,45.916365],[-64.383632,45.915916],[-64.384277,45.915908],[-64.384254,45.915008],[-64.38361,45.915016],[-64.383632,45.915916],[-64.382343,45.915931],[-64.382321,45.915031],[-64.381676,45.915039],[-64.38171,45.916389],[-64.381065,45.916397],[-64.381088,45.917296],[-64.380443,45.917304],[-64.380432,45.916854],[-64.379787,45.916862],[-64.379776,45.916412],[-64.379131,45.91642],[-64.37912,45.91597],[-64.378476,45.915978],[-64.378487,45.916428],[-64.379131,45.91642],[-64.379143,45.91687],[-64.379787,45.916862],[-64.379798,45.917312],[-64.380443,45.917304],[-64.380454,45.917754],[-64.381099,45.917746]]]},"properties":{"feature_id":"dorian-s1-0525","event_id":"dorian","category":"new_low_backscatter_after_dorian","area_ha":3.25,"center_lon":-64.381377,"center_lat":45.916381,"threshold_db":-18.086,"sensor":"Sentinel-1","polarization":"HV","interpretation":"candidate only; requires validation"}},{"type":"Feature","id":"dorian-s1-0526","geometry":{"type":"Polygon","coordinates":[[[-64.390123,45.917637],[-64.3901,45.916737],[-64.389456,45.916745],[-64.389445,45.916295],[-64.3888,45.916303],[-64.388789,45.915853],[-64.388144,45.915861],[-64.388133,45.915411],[-64.387488,45.915419],[-64.387477,45.914969],[-64.386833,45.914977],[-64.386821,45.914527],[-64.386177,45.914535],[-64.386188,45.914985],[-64.386833,45.914977],[-64.386844,45.915427],[-64.387488,45.915419],[-64.387511,45.916319],[-64.388155,45.916311],[-64.388167,45.916761],[-64.389456,45.916745],[-64.389478,45.917645],[-64.390123,45.917637]]]},"properties":{"feature_id":"dorian-s1-0526","event_id":"dorian","category":"new_low_backscatter_after_dorian","area_ha":2.25,"center_lon":-64.38815,"center_lat":45.916086,"threshold_db":-18.086,"sensor":"Sentinel-1","polarization":"HV","interpretation":"candidate only; requires validation"}},{"type":"Feature","id":"dorian-s1-0527","geometry":{"type":"Polygon","coordinates":[[[-64.344324,45.916835],[-64.344314,45.916385],[-64.345603,45.91637],[-64.345592,45.91592],[-64.344947,45.915927],[-64.344926,45.915028],[-64.344281,45.915035],[-64.344314,45.916385],[-64.343669,45.916393],[-64.34368,45.916842],[-64.344324,45.916835]]]},"properties":{"feature_id":"dorian-s1-0527","event_id":"dorian","category":"new_low_backscatter_after_dorian","area_ha":1.25,"center_lon":-64.344636,"center_lat":45.915935,"threshold_db":-18.086,"sensor":"Sentinel-1","polarization":"HV","interpretation":"candidate only; requires validation"}},{"type":"Feature","id":"dorian-s1-0528","geometry":{"type":"Polygon","coordinates":[[[-64.244391,45.917067],[-64.244371,45.916167],[-64.242437,45.916188],[-64.242447,45.916638],[-64.243736,45.916624],[-64.243746,45.917074],[-64.244391,45.917067]]]},"properties":{"feature_id":"dorian-s1-0528","event_id":"dorian","category":"persistent_low_backscatter","area_ha":1.0,"center_lon":-64.243414,"center_lat":45.916621,"threshold_db":-18.086,"sensor":"Sentinel-1","polarization":"HV","interpretation":"candidate only; requires validation"}},{"type":"Feature","id":"dorian-s1-0529","geometry":{"type":"Polygon","coordinates":[[[-64.236686,45.918501],[-64.236676,45.918051],[-64.236031,45.918058],[-64.236011,45.917158],[-64.236656,45.917151],[-64.236646,45.916701],[-64.236001,45.916708],[-64.236011,45.917158],[-64.234722,45.917172],[-64.234712,45.916722],[-64.233423,45.916736],[-64.233413,45.916286],[-64.234057,45.916279],[-64.234047,45.915829],[-64.232758,45.915843],[-64.232768,45.916293],[-64.232123,45.9163],[-64.232133,45.91675],[-64.233423,45.916736],[-64.233443,45.917636],[-64.234087,45.917629],[-64.234097,45.918079],[-64.236031,45.918058],[-64.236041,45.918508],[-64.236686,45.918501]]]},"properties":{"feature_id":"dorian-s1-0529","event_id":"dorian","category":"new_low_backscatter_after_dorian","area_ha":3.75,"center_lon":-64.234405,"center_lat":45.917169,"threshold_db":-18.086,"sensor":"Sentinel-1","polarization":"HV","interpretation":"candidate only; requires validation"}},{"type":"Feature","id":"dorian-s1-0530","geometry":{"type":"Polygon","coordinates":[[[-64.182507,45.917724],[-64.182498,45.917274],[-64.180564,45.917294],[-64.180554,45.916844],[-64.17991,45.916851],[-64.1799,45.916401],[-64.179256,45.916408],[-64.179265,45.916858],[-64.17991,45.916851],[-64.179919,45.917301],[-64.180564,45.917294],[-64.180573,45.917744],[-64.182507,45.917724]]]},"properties":{"feature_id":"dorian-s1-0530","event_id":"dorian","category":"new_low_backscatter_after_dorian","area_ha":1.25,"center_lon":-64.180881,"center_lat":45.917073,"threshold_db":-18.086,"sensor":"Sentinel-1","polarization":"HV","interpretation":"candidate only; requires validation"}},{"type":"Feature","id":"dorian-s1-0531","geometry":{"type":"Polygon","coordinates":[[[-64.25537,45.917847],[-64.25536,45.917397],[-64.254715,45.917404],[-64.254695,45.916504],[-64.255984,45.91649],[-64.255974,45.91604],[-64.25404,45.916061],[-64.25403,45.915611],[-64.253385,45.915619],[-64.253395,45.916068],[-64.25404,45.916061],[-64.25407,45.917411],[-64.254715,45.917404],[-64.254725,45.917854],[-64.25537,45.917847]]]},"properties":{"feature_id":"dorian-s1-0531","event_id":"dorian","category":"new_low_backscatter_after_dorian","area_ha":1.75,"center_lon":-64.254684,"center_lat":45.916732,"threshold_db":-18.086,"sensor":"Sentinel-1","polarization":"HV","interpretation":"candidate only; requires validation"}},{"type":"Feature","id":"dorian-s1-0532","geometry":{"type":"Polygon","coordinates":[[[-64.239224,45.916673],[-64.239214,45.916223],[-64.239859,45.916216],[-64.239849,45.915766],[-64.240493,45.915759],[-64.240483,45.915309],[-64.238549,45.91533],[-64.23856,45.91578],[-64.237915,45.915787],[-64.237925,45.916237],[-64.23857,45.91623],[-64.23858,45.91668],[-64.239224,45.916673]]]},"properties":{"feature_id":"dorian-s1-0532","event_id":"dorian","category":"persistent_low_backscatter","area_ha":1.75,"center_lon":-64.239204,"center_lat":45.915994,"threshold_db":-18.086,"sensor":"Sentinel-1","polarization":"HV","interpretation":"candidate only; requires validation"}},{"type":"Feature","id":"dorian-s1-0533","geometry":{"type":"Polygon","coordinates":[[[-64.229555,45.916778],[-64.229525,45.915428],[-64.228881,45.915435],[-64.228891,45.915885],[-64.227601,45.915898],[-64.227611,45.916348],[-64.228256,45.916341],[-64.228266,45.916791],[-64.229555,45.916778]]]},"properties":{"feature_id":"dorian-s1-0533","event_id":"dorian","category":"new_low_backscatter_after_dorian","area_ha":1.5,"center_lon":-64.228578,"center_lat":45.91611,"threshold_db":-18.086,"sensor":"Sentinel-1","polarization":"HV","interpretation":"candidate only; requires validation"}},{"type":"Feature","id":"dorian-s1-0534","geometry":{"type":"Polygon","coordinates":[[[-64.274094,45.91899],[-64.274084,45.91854],[-64.273439,45.918547],[-64.273409,45.917197],[-64.274053,45.91719],[-64.274043,45.91674],[-64.273398,45.916747],[-64.273388,45.916297],[-64.272743,45.916305],[-64.272713,45.914955],[-64.273357,45.914948],[-64.273347,45.914498],[-64.272702,45.914505],[-64.272713,45.914955],[-64.272068,45.914962],[-64.272078,45.915412],[-64.270789,45.915426],[-64.270799,45.915876],[-64.271444,45.915869],[-64.271454,45.916319],[-64.272743,45.916305],[-64.272754,45.916754],[-64.272109,45.916762],[-64.27213,45.917661],[-64.272774,45.917654],[-64.272805,45.919004],[-64.274094,45.91899]],[[-64.273409,45.917197],[-64.272764,45.917204],[-64.272754,45.916754],[-64.273398,45.916747],[-64.273409,45.917197]]]},"properties":{"feature_id":"dorian-s1-0534","event_id":"dorian","category":"new_low_backscatter_after_dorian","area_ha":4.0,"center_lon":-64.272441,"center_lat":45.916751,"threshold_db":-18.086,"sensor":"Sentinel-1","polarization":"HV","interpretation":"candidate only; requires validation"}},{"type":"Feature","id":"dorian-s1-0535","geometry":{"type":"Polygon","coordinates":[[[-64.241178,45.917552],[-64.241168,45.917102],[-64.242457,45.917088],[-64.242437,45.916188],[-64.243082,45.916181],[-64.243072,45.915731],[-64.242427,45.915738],[-64.242407,45.914838],[-64.241762,45.914845],[-64.241782,45.915745],[-64.239849,45.915766],[-64.239869,45.916666],[-64.239224,45.916673],[-64.239244,45.917573],[-64.241178,45.917552]]]},"properties":{"feature_id":"dorian-s1-0535","event_id":"dorian","category":"new_low_backscatter_after_dorian","area_ha":4.75,"center_lon":-64.241153,"center_lat":45.916206,"threshold_db":-18.086,"sensor":"Sentinel-1","polarization":"HV","interpretation":"candidate only; requires validation"}},{"type":"Feature","id":"dorian-s1-0536","geometry":{"type":"Polygon","coordinates":[[[-64.297238,45.916029],[-64.297217,45.915129],[-64.299151,45.915107],[-64.29914,45.914657],[-64.298495,45.914665],[-64.298485,45.914215],[-64.29784,45.914222],[-64.297851,45.914672],[-64.297206,45.914679],[-64.297217,45.915129],[-64.296572,45.915137],[-64.296593,45.916036],[-64.297238,45.916029]]]},"properties":{"feature_id":"dorian-s1-0536","event_id":"dorian","category":"new_low_backscatter_after_dorian","area_ha":1.5,"center_lon":-64.297861,"center_lat":45.915126,"threshold_db":-18.086,"sensor":"Sentinel-1","polarization":"HV","interpretation":"candidate only; requires validation"}},{"type":"Feature","id":"dorian-s1-0537","geometry":{"type":"Polygon","coordinates":[[[-64.316575,45.915808],[-64.316565,45.915358],[-64.315275,45.915373],[-64.315254,45.914473],[-64.316543,45.914458],[-64.316533,45.914008],[-64.315244,45.914023],[-64.315254,45.914473],[-64.31461,45.91448],[-64.314641,45.91583],[-64.316575,45.915808]]]},"properties":{"feature_id":"dorian-s1-0537","event_id":"dorian","category":"persistent_low_backscatter","area_ha":1.75,"center_lon":-64.315593,"center_lat":45.914919,"threshold_db":-18.086,"sensor":"Sentinel-1","polarization":"HV","interpretation":"candidate only; requires validation"}},{"type":"Feature","id":"dorian-s1-0538","geometry":{"type":"Polygon","coordinates":[[[-64.235991,45.916258],[-64.235981,45.915808],[-64.235337,45.915815],[-64.235307,45.914465],[-64.234662,45.914472],[-64.234672,45.914922],[-64.234027,45.914929],[-64.234037,45.915379],[-64.234682,45.915372],[-64.234692,45.915822],[-64.235337,45.915815],[-64.235347,45.916265],[-64.235991,45.916258]]]},"properties":{"feature_id":"dorian-s1-0538","event_id":"dorian","category":"low_backscatter_no_longer_present","area_ha":1.25,"center_lon":-64.235009,"center_lat":45.915365,"threshold_db":-18.086,"sensor":"Sentinel-1","polarization":"HV","interpretation":"candidate only; requires validation"}},{"type":"Feature","id":"dorian-s1-0539","geometry":{"type":"Polygon","coordinates":[[[-64.394545,45.913983],[-64.394522,45.913083],[-64.393878,45.913091],[-64.393866,45.912641],[-64.393222,45.912649],[-64.393256,45.913999],[-64.394545,45.913983]]]},"properties":{"feature_id":"dorian-s1-0539","event_id":"dorian","category":"new_low_backscatter_after_dorian","area_ha":1.25,"center_lon":-64.393883,"center_lat":45.91332,"threshold_db":-18.086,"sensor":"Sentinel-1","polarization":"HV","interpretation":"candidate only; requires validation"}},{"type":"Feature","id":"dorian-s1-0540","geometry":{"type":"Polygon","coordinates":[[[-64.306241,45.915026],[-64.30622,45.914127],[-64.305575,45.914134],[-64.305565,45.913684],[-64.30492,45.913691],[-64.304941,45.914591],[-64.304297,45.914599],[-64.304307,45.915049],[-64.306241,45.915026]]]},"properties":{"feature_id":"dorian-s1-0540","event_id":"dorian","category":"new_low_backscatter_after_dorian","area_ha":1.5,"center_lon":-64.305269,"center_lat":45.914366,"threshold_db":-18.086,"sensor":"Sentinel-1","polarization":"HV","interpretation":"candidate only; requires validation"}},{"type":"Feature","id":"dorian-s1-0541","geometry":{"type":"Polygon","coordinates":[[[-64.20377,45.917052],[-64.203751,45.916152],[-64.204396,45.916145],[-64.204405,45.916595],[-64.20505,45.916589],[-64.20504,45.916139],[-64.205685,45.916132],[-64.205695,45.916582],[-64.207628,45.916561],[-64.207619,45.916111],[-64.205685,45.916132],[-64.205656,45.914782],[-64.2063,45.914775],[-64.20629,45.914325],[-64.205646,45.914332],[-64.205656,45.914782],[-64.205011,45.914789],[-64.205021,45.915239],[-64.204376,45.915246],[-64.204386,45.915695],[-64.203741,45.915702],[-64.203751,45.916152],[-64.203106,45.916159],[-64.203126,45.917059],[-64.20377,45.917052]],[[-64.20504,45.916139],[-64.204396,45.916145],[-64.204386,45.915695],[-64.20503,45.915689],[-64.20504,45.916139]]]},"properties":{"feature_id":"dorian-s1-0541","event_id":"dorian","category":"low_backscatter_no_longer_present","area_ha":3.0,"center_lon":-64.205367,"center_lat":45.915692,"threshold_db":-18.086,"sensor":"Sentinel-1","polarization":"HV","interpretation":"candidate only; requires validation"}},{"type":"Feature","id":"dorian-s1-0542","geometry":{"type":"Polygon","coordinates":[[[-64.384232,45.914108],[-64.384221,45.913658],[-64.383576,45.913666],[-64.383565,45.913216],[-64.382276,45.913232],[-64.382265,45.912782],[-64.380976,45.912798],[-64.380965,45.912348],[-64.379676,45.912363],[-64.379698,45.913263],[-64.380343,45.913255],[-64.380331,45.912805],[-64.380976,45.912798],[-64.380987,45.913247],[-64.382276,45.913232],[-64.382287,45.913682],[-64.383576,45.913666],[-64.383588,45.914116],[-64.384232,45.914108]]]},"properties":{"feature_id":"dorian-s1-0542","event_id":"dorian","category":"new_low_backscatter_after_dorian","area_ha":2.0,"center_lon":-64.381954,"center_lat":45.913232,"threshold_db":-18.086,"sensor":"Sentinel-1","polarization":"HV","interpretation":"candidate only; requires validation"}},{"type":"Feature","id":"dorian-s1-0543","geometry":{"type":"Polygon","coordinates":[[[-64.266901,45.914569],[-64.266891,45.914119],[-64.267535,45.914112],[-64.267525,45.913662],[-64.265591,45.913684],[-64.265602,45.914134],[-64.266246,45.914127],[-64.266256,45.914577],[-64.266901,45.914569]]]},"properties":{"feature_id":"dorian-s1-0543","event_id":"dorian","category":"persistent_low_backscatter","area_ha":1.0,"center_lon":-64.266563,"center_lat":45.914119,"threshold_db":-18.086,"sensor":"Sentinel-1","polarization":"HV","interpretation":"candidate only; requires validation"}},{"type":"Feature","id":"dorian-s1-0544","geometry":{"type":"Polygon","coordinates":[[[-64.249497,45.914761],[-64.249487,45.914311],[-64.248843,45.914318],[-64.248833,45.913868],[-64.248188,45.913875],[-64.248198,45.914325],[-64.246909,45.914339],[-64.246919,45.914789],[-64.248208,45.914775],[-64.248198,45.914325],[-64.248843,45.914318],[-64.248853,45.914768],[-64.249497,45.914761]]]},"properties":{"feature_id":"dorian-s1-0544","event_id":"dorian","category":"new_low_backscatter_after_dorian","area_ha":1.0,"center_lon":-64.248203,"center_lat":45.914328,"threshold_db":-18.086,"sensor":"Sentinel-1","polarization":"HV","interpretation":"candidate only; requires validation"}},{"type":"Feature","id":"dorian-s1-0545","geometry":{"type":"Polygon","coordinates":[[[-64.29074,45.913853],[-64.290729,45.913403],[-64.287507,45.913439],[-64.287517,45.913889],[-64.29074,45.913853]]]},"properties":{"feature_id":"dorian-s1-0545","event_id":"dorian","category":"persistent_low_backscatter","area_ha":1.25,"center_lon":-64.289124,"center_lat":45.913646,"threshold_db":-18.086,"sensor":"Sentinel-1","polarization":"HV","interpretation":"candidate only; requires validation"}},{"type":"Feature","id":"dorian-s1-0546","geometry":{"type":"Polygon","coordinates":[[[-64.248198,45.914325],[-64.248188,45.913875],[-64.248833,45.913868],[-64.248823,45.913418],[-64.247533,45.913432],[-64.247544,45.913882],[-64.246899,45.913889],[-64.246909,45.914339],[-64.248198,45.914325]]]},"properties":{"feature_id":"dorian-s1-0546","event_id":"dorian","category":"persistent_low_backscatter","area_ha":1.0,"center_lon":-64.247866,"center_lat":45.913878,"threshold_db":-18.086,"sensor":"Sentinel-1","polarization":"HV","interpretation":"candidate only; requires validation"}},{"type":"Feature","id":"dorian-s1-0547","geometry":{"type":"Polygon","coordinates":[[[-64.199229,45.91575],[-64.199219,45.9153],[-64.198575,45.915307],[-64.198565,45.914857],[-64.19921,45.91485],[-64.1992,45.9144],[-64.199844,45.914393],[-64.199835,45.913943],[-64.200479,45.913936],[-64.20047,45.913487],[-64.199825,45.913493],[-64.199835,45.913943],[-64.19919,45.91395],[-64.199181,45.9135],[-64.197247,45.91352],[-64.197256,45.91397],[-64.198546,45.913957],[-64.198565,45.914857],[-64.19792,45.914863],[-64.19793,45.915313],[-64.198575,45.915307],[-64.198584,45.915756],[-64.199229,45.91575]]]},"properties":{"feature_id":"dorian-s1-0547","event_id":"dorian","category":"low_backscatter_no_longer_present","area_ha":2.25,"center_lon":-64.198863,"center_lat":45.914622,"threshold_db":-18.086,"sensor":"Sentinel-1","polarization":"HV","interpretation":"candidate only; requires validation"}},{"type":"Feature","id":"dorian-s1-0548","geometry":{"type":"Polygon","coordinates":[[[-64.364907,45.914791],[-64.364885,45.913891],[-64.36424,45.913899],[-64.364229,45.913449],[-64.365518,45.913433],[-64.365496,45.912534],[-64.364852,45.912541],[-64.364841,45.912091],[-64.365485,45.912084],[-64.365474,45.911634],[-64.364185,45.911649],[-64.364196,45.912099],[-64.363552,45.912107],[-64.363541,45.911657],[-64.362896,45.911665],[-64.362907,45.912114],[-64.363552,45.912107],[-64.363563,45.912557],[-64.364207,45.912549],[-64.364229,45.913449],[-64.36294,45.913464],[-64.362929,45.913014],[-64.360995,45.913037],[-64.361006,45.913487],[-64.361651,45.91348],[-64.361662,45.913929],[-64.362307,45.913922],[-64.362318,45.914372],[-64.362962,45.914364],[-64.362951,45.913914],[-64.363596,45.913906],[-64.363618,45.914806],[-64.364907,45.914791]]]},"properties":{"feature_id":"dorian-s1-0548","event_id":"dorian","category":"new_low_backscatter_after_dorian","area_ha":5.25,"center_lon":-64.363257,"center_lat":45.91322,"threshold_db":-18.086,"sensor":"Sentinel-1","polarization":"HV","interpretation":"candidate only; requires validation"}},{"type":"Feature","id":"dorian-s1-0549","geometry":{"type":"Polygon","coordinates":[[[-64.319111,45.913979],[-64.319079,45.912629],[-64.318434,45.912636],[-64.318424,45.912186],[-64.317779,45.912194],[-64.31779,45.912644],[-64.318434,45.912636],[-64.318456,45.913536],[-64.317167,45.913551],[-64.317177,45.914001],[-64.319111,45.913979]]]},"properties":{"feature_id":"dorian-s1-0549","event_id":"dorian","category":"new_low_backscatter_after_dorian","area_ha":1.5,"center_lon":-64.318139,"center_lat":45.913094,"threshold_db":-18.086,"sensor":"Sentinel-1","polarization":"HV","interpretation":"candidate only; requires validation"}},{"type":"Feature","id":"dorian-s1-0550","geometry":{"type":"Polygon","coordinates":[[[-64.390644,45.91268],[-64.390621,45.91178],[-64.389977,45.911788],[-64.389988,45.912238],[-64.389343,45.912246],[-64.389332,45.911796],[-64.388688,45.911804],[-64.388677,45.911354],[-64.386743,45.911378],[-64.386754,45.911827],[-64.388043,45.911812],[-64.388054,45.912262],[-64.389343,45.912246],[-64.389355,45.912696],[-64.390644,45.91268]]]},"properties":{"feature_id":"dorian-s1-0550","event_id":"dorian","category":"persistent_low_backscatter","area_ha":2.0,"center_lon":-64.388693,"center_lat":45.912025,"threshold_db":-18.086,"sensor":"Sentinel-1","polarization":"HV","interpretation":"candidate only; requires validation"}},{"type":"Feature","id":"dorian-s1-0551","geometry":{"type":"Polygon","coordinates":[[[-64.341659,45.913266],[-64.341627,45.911916],[-64.340982,45.911924],[-64.341004,45.912824],[-64.340359,45.912831],[-64.34037,45.913281],[-64.341659,45.913266]]]},"properties":{"feature_id":"dorian-s1-0551","event_id":"dorian","category":"new_low_backscatter_after_dorian","area_ha":1.0,"center_lon":-64.341009,"center_lat":45.912599,"threshold_db":-18.086,"sensor":"Sentinel-1","polarization":"HV","interpretation":"candidate only; requires validation"}},{"type":"Feature","id":"dorian-s1-0552","geometry":{"type":"Polygon","coordinates":[[[-64.247544,45.913882],[-64.247533,45.913432],[-64.248823,45.913418],[-64.248812,45.912968],[-64.246879,45.91299],[-64.246889,45.913439],[-64.246244,45.913446],[-64.246254,45.913896],[-64.247544,45.913882]]]},"properties":{"feature_id":"dorian-s1-0552","event_id":"dorian","category":"new_low_backscatter_after_dorian","area_ha":1.25,"center_lon":-64.247534,"center_lat":45.913432,"threshold_db":-18.086,"sensor":"Sentinel-1","polarization":"HV","interpretation":"candidate only; requires validation"}},{"type":"Feature","id":"dorian-s1-0553","geometry":{"type":"Polygon","coordinates":[[[-64.355282,45.916705],[-64.355271,45.916256],[-64.354627,45.916263],[-64.354616,45.915813],[-64.357194,45.915783],[-64.357183,45.915333],[-64.356539,45.91534],[-64.356528,45.914891],[-64.357817,45.914875],[-64.357795,45.913975],[-64.358439,45.913968],[-64.35845,45.914418],[-64.359095,45.91441],[-64.359073,45.91351],[-64.357784,45.913526],[-64.357773,45.913076],[-64.359062,45.91306],[-64.359051,45.91261],[-64.358406,45.912618],[-64.358395,45.912168],[-64.357106,45.912184],[-64.357084,45.911284],[-64.35644,45.911291],[-64.356506,45.913991],[-64.35715,45.913983],[-64.357161,45.914433],[-64.356517,45.914441],[-64.356528,45.914891],[-64.355883,45.914898],[-64.355861,45.913998],[-64.355217,45.914006],[-64.355228,45.914456],[-64.354583,45.914464],[-64.354572,45.914014],[-64.353927,45.914021],[-64.353917,45.913571],[-64.354561,45.913564],[-64.35455,45.913114],[-64.353906,45.913122],[-64.353917,45.913571],[-64.353272,45.913579],[-64.353283,45.914029],[-64.353927,45.914021],[-64.353938,45.914471],[-64.354583,45.914464],[-64.354594,45.914913],[-64.353949,45.914921],[-64.353982,45.916271],[-64.354627,45.916263],[-64.354638,45.916713],[-64.355282,45.916705]],[[-64.355894,45.915348],[-64.354605,45.915363],[-64.354594,45.914913],[-64.355883,45.914898],[-64.355894,45.915348]],[[-64.357773,45.913076],[-64.357128,45.913083],[-64.357117,45.912633],[-64.357762,45.912626],[-64.357773,45.913076]]]},"properties":{"feature_id":"dorian-s1-0553","event_id":"dorian","category":"new_low_backscatter_after_dorian","area_ha":8.25,"center_lon":-64.356184,"center_lat":45.913999,"threshold_db":-18.086,"sensor":"Sentinel-1","polarization":"HV","interpretation":"candidate only; requires validation"}},{"type":"Feature","id":"dorian-s1-0554","geometry":{"type":"Polygon","coordinates":[[[-64.31201,45.91361],[-64.311989,45.91271],[-64.312633,45.912703],[-64.312623,45.912253],[-64.311978,45.912261],[-64.311968,45.911811],[-64.311323,45.911818],[-64.311334,45.912268],[-64.310045,45.912283],[-64.310066,45.913183],[-64.311355,45.913168],[-64.311366,45.913618],[-64.31201,45.91361]]]},"properties":{"feature_id":"dorian-s1-0554","event_id":"dorian","category":"new_low_backscatter_after_dorian","area_ha":2.25,"center_lon":-64.311339,"center_lat":45.912714,"threshold_db":-18.086,"sensor":"Sentinel-1","polarization":"HV","interpretation":"candidate only; requires validation"}},{"type":"Feature","id":"dorian-s1-0555","geometry":{"type":"Polygon","coordinates":[[[-64.389988,45.912238],[-64.389977,45.911788],[-64.391266,45.911773],[-64.391255,45.911323],[-64.391899,45.911315],[-64.391888,45.910865],[-64.391243,45.910873],[-64.391255,45.911323],[-64.388677,45.911354],[-64.388688,45.911804],[-64.389332,45.911796],[-64.389343,45.912246],[-64.389988,45.912238]]]},"properties":{"feature_id":"dorian-s1-0555","event_id":"dorian","category":"new_low_backscatter_after_dorian","area_ha":1.5,"center_lon":-64.390288,"center_lat":45.911556,"threshold_db":-18.086,"sensor":"Sentinel-1","polarization":"HV","interpretation":"candidate only; requires validation"}},{"type":"Feature","id":"dorian-s1-0556","geometry":{"type":"Polygon","coordinates":[[[-64.292018,45.913388],[-64.292008,45.912938],[-64.291363,45.912945],[-64.291353,45.912496],[-64.289419,45.912517],[-64.289409,45.912067],[-64.288764,45.912075],[-64.288754,45.911625],[-64.289399,45.911618],[-64.289388,45.911168],[-64.288099,45.911182],[-64.28812,45.912082],[-64.287475,45.912089],[-64.287455,45.911189],[-64.28681,45.911197],[-64.286841,45.912546],[-64.288775,45.912525],[-64.288785,45.912975],[-64.291363,45.912945],[-64.291374,45.913395],[-64.292018,45.913388]]]},"properties":{"feature_id":"dorian-s1-0556","event_id":"dorian","category":"persistent_low_backscatter","area_ha":3.5,"center_lon":-64.289414,"center_lat":45.912282,"threshold_db":-18.086,"sensor":"Sentinel-1","polarization":"HV","interpretation":"candidate only; requires validation"}},{"type":"Feature","id":"dorian-s1-0557","geometry":{"type":"Polygon","coordinates":[[[-64.174061,45.914661],[-64.174042,45.913761],[-64.173397,45.913768],[-64.173378,45.912868],[-64.174023,45.912861],[-64.174013,45.912411],[-64.173369,45.912418],[-64.173378,45.912868],[-64.172734,45.912875],[-64.172762,45.914224],[-64.173407,45.914218],[-64.173416,45.914668],[-64.174061,45.914661]]]},"properties":{"feature_id":"dorian-s1-0557","event_id":"dorian","category":"new_low_backscatter_after_dorian","area_ha":1.5,"center_lon":-64.173397,"center_lat":45.913539,"threshold_db":-18.086,"sensor":"Sentinel-1","polarization":"HV","interpretation":"candidate only; requires validation"}},{"type":"Feature","id":"dorian-s1-0558","geometry":{"type":"Polygon","coordinates":[[[-64.37772,45.911487],[-64.377709,45.911037],[-64.377064,45.911045],[-64.377053,45.910595],[-64.375764,45.91061],[-64.375753,45.91016],[-64.375108,45.910168],[-64.37512,45.910618],[-64.375764,45.91061],[-64.375775,45.91106],[-64.377064,45.911045],[-64.377075,45.911495],[-64.37772,45.911487]]]},"properties":{"feature_id":"dorian-s1-0558","event_id":"dorian","category":"persistent_low_backscatter","area_ha":1.0,"center_lon":-64.376414,"center_lat":45.910827,"threshold_db":-18.086,"sensor":"Sentinel-1","polarization":"HV","interpretation":"candidate only; requires validation"}},{"type":"Feature","id":"dorian-s1-0559","geometry":{"type":"Polygon","coordinates":[[[-64.281051,45.913062],[-64.28104,45.912612],[-64.282974,45.91259],[-64.282964,45.91214],[-64.281674,45.912155],[-64.281654,45.911255],[-64.27972,45.911276],[-64.27973,45.911726],[-64.279086,45.911733],[-64.279107,45.912633],[-64.280396,45.912619],[-64.280406,45.913069],[-64.281051,45.913062]],[[-64.28104,45.912612],[-64.280396,45.912619],[-64.280385,45.912169],[-64.28103,45.912162],[-64.28104,45.912612]]]},"properties":{"feature_id":"dorian-s1-0559","event_id":"dorian","category":"persistent_low_backscatter","area_ha":3.25,"center_lon":-64.28103,"center_lat":45.912162,"threshold_db":-18.086,"sensor":"Sentinel-1","polarization":"HV","interpretation":"candidate only; requires validation"}},{"type":"Feature","id":"dorian-s1-0560","geometry":{"type":"Polygon","coordinates":[[[-64.201749,45.913023],[-64.201739,45.912573],[-64.199806,45.912593],[-64.199796,45.912144],[-64.199151,45.91215],[-64.199161,45.9126],[-64.198517,45.912607],[-64.198526,45.913057],[-64.199171,45.91305],[-64.199161,45.9126],[-64.199806,45.912593],[-64.199815,45.913043],[-64.201749,45.913023]]]},"properties":{"feature_id":"dorian-s1-0560","event_id":"dorian","category":"low_backscatter_no_longer_present","area_ha":1.25,"center_lon":-64.200133,"center_lat":45.9126,"threshold_db":-18.086,"sensor":"Sentinel-1","polarization":"HV","interpretation":"candidate only; requires validation"}},{"type":"Feature","id":"dorian-s1-0561","geometry":{"type":"Polygon","coordinates":[[[-64.376442,45.911952],[-64.37642,45.911052],[-64.375775,45.91106],[-64.375764,45.91061],[-64.37512,45.910618],[-64.375097,45.909718],[-64.374453,45.909726],[-64.374475,45.910626],[-64.37512,45.910618],[-64.375142,45.911518],[-64.375786,45.91151],[-64.375797,45.91196],[-64.376442,45.911952]]]},"properties":{"feature_id":"dorian-s1-0561","event_id":"dorian","category":"new_low_backscatter_after_dorian","area_ha":1.5,"center_lon":-64.375448,"center_lat":45.910839,"threshold_db":-18.086,"sensor":"Sentinel-1","polarization":"HV","interpretation":"candidate only; requires validation"}},{"type":"Feature","id":"dorian-s1-0562","geometry":{"type":"Polygon","coordinates":[[[-64.367397,45.911161],[-64.367363,45.909811],[-64.366074,45.909826],[-64.366085,45.910276],[-64.36673,45.910269],[-64.366752,45.911168],[-64.367397,45.911161]]]},"properties":{"feature_id":"dorian-s1-0562","event_id":"dorian","category":"new_low_backscatter_after_dorian","area_ha":1.0,"center_lon":-64.366736,"center_lat":45.910489,"threshold_db":-18.086,"sensor":"Sentinel-1","polarization":"HV","interpretation":"candidate only; requires validation"}},{"type":"Feature","id":"dorian-s1-0563","geometry":{"type":"Polygon","coordinates":[[[-64.360951,45.911238],[-64.36094,45.910788],[-64.361585,45.91078],[-64.361574,45.91033],[-64.360929,45.910338],[-64.36094,45.910788],[-64.360296,45.910795],[-64.360274,45.909896],[-64.359629,45.909903],[-64.359662,45.911253],[-64.360951,45.911238]]]},"properties":{"feature_id":"dorian-s1-0563","event_id":"dorian","category":"new_low_backscatter_after_dorian","area_ha":1.25,"center_lon":-64.360607,"center_lat":45.910575,"threshold_db":-18.086,"sensor":"Sentinel-1","polarization":"HV","interpretation":"candidate only; requires validation"}},{"type":"Feature","id":"dorian-s1-0564","geometry":{"type":"Polygon","coordinates":[[[-64.304233,45.911899],[-64.304223,45.911449],[-64.304867,45.911442],[-64.304857,45.910992],[-64.305501,45.910985],[-64.305491,45.910535],[-64.304846,45.910542],[-64.304857,45.910992],[-64.304212,45.910999],[-64.304202,45.91055],[-64.302913,45.910564],[-64.302923,45.911014],[-64.304212,45.910999],[-64.304223,45.911449],[-64.303578,45.911457],[-64.303589,45.911907],[-64.304233,45.911899]]]},"properties":{"feature_id":"dorian-s1-0564","event_id":"dorian","category":"new_low_backscatter_after_dorian","area_ha":1.25,"center_lon":-64.304207,"center_lat":45.911221,"threshold_db":-18.086,"sensor":"Sentinel-1","polarization":"HV","interpretation":"candidate only; requires validation"}},{"type":"Feature","id":"dorian-s1-0565","geometry":{"type":"Polygon","coordinates":[[[-64.285604,45.914811],[-64.285594,45.914361],[-64.286238,45.914353],[-64.286217,45.913454],[-64.286862,45.913446],[-64.286852,45.912996],[-64.286207,45.913004],[-64.286186,45.912104],[-64.284897,45.912118],[-64.284887,45.911668],[-64.286176,45.911654],[-64.286165,45.911204],[-64.285521,45.911211],[-64.285511,45.910761],[-64.284866,45.910769],[-64.284876,45.911218],[-64.284232,45.911226],[-64.284221,45.910776],[-64.282932,45.91079],[-64.282943,45.91124],[-64.283587,45.911233],[-64.283598,45.911683],[-64.284242,45.911676],[-64.284253,45.912126],[-64.283608,45.912133],[-64.283629,45.913033],[-64.282984,45.91304],[-64.282995,45.91349],[-64.283639,45.913483],[-64.283629,45.913033],[-64.284273,45.913025],[-64.284294,45.913925],[-64.284939,45.913918],[-64.284959,45.914818],[-64.285604,45.914811]],[[-64.286217,45.913454],[-64.284928,45.913468],[-64.284918,45.913018],[-64.286207,45.913004],[-64.286217,45.913454]]]},"properties":{"feature_id":"dorian-s1-0565","event_id":"dorian","category":"persistent_low_backscatter","area_ha":6.25,"center_lon":-64.284897,"center_lat":45.91279,"threshold_db":-18.086,"sensor":"Sentinel-1","polarization":"HV","interpretation":"candidate only; requires validation"}},{"type":"Feature","id":"dorian-s1-0566","geometry":{"type":"Polygon","coordinates":[[[-64.208224,45.914305],[-64.208205,45.913405],[-64.209494,45.913391],[-64.209484,45.912941],[-64.210129,45.912935],[-64.210109,45.912035],[-64.209464,45.912042],[-64.209455,45.911592],[-64.20881,45.911599],[-64.2088,45.911149],[-64.208156,45.911155],[-64.208175,45.912055],[-64.207531,45.912062],[-64.207541,45.912512],[-64.206896,45.912519],[-64.206906,45.912969],[-64.206261,45.912976],[-64.20629,45.914325],[-64.208224,45.914305]],[[-64.209474,45.912492],[-64.20883,45.912498],[-64.20882,45.912048],[-64.209464,45.912042],[-64.209474,45.912492]]]},"properties":{"feature_id":"dorian-s1-0566","event_id":"dorian","category":"new_low_backscatter_after_dorian","area_ha":5.5,"center_lon":-64.208195,"center_lat":45.912737,"threshold_db":-18.086,"sensor":"Sentinel-1","polarization":"HV","interpretation":"candidate only; requires validation"}},{"type":"Feature","id":"dorian-s1-0567","geometry":{"type":"Polygon","coordinates":[[[-64.358996,45.910361],[-64.358974,45.909461],[-64.357685,45.909476],[-64.357707,45.910376],[-64.358996,45.910361]]]},"properties":{"feature_id":"dorian-s1-0567","event_id":"dorian","category":"new_low_backscatter_after_dorian","area_ha":1.0,"center_lon":-64.35834,"center_lat":45.909919,"threshold_db":-18.086,"sensor":"Sentinel-1","polarization":"HV","interpretation":"candidate only; requires validation"}},{"type":"Feature","id":"dorian-s1-0568","geometry":{"type":"Polygon","coordinates":[[[-64.33386,45.910657],[-64.333828,45.909307],[-64.331894,45.90933],[-64.331905,45.90978],[-64.33255,45.909772],[-64.332571,45.910672],[-64.33386,45.910657]]]},"properties":{"feature_id":"dorian-s1-0568","event_id":"dorian","category":"new_low_backscatter_after_dorian","area_ha":1.75,"center_lon":-64.332877,"center_lat":45.909989,"threshold_db":-18.086,"sensor":"Sentinel-1","polarization":"HV","interpretation":"candidate only; requires validation"}},{"type":"Feature","id":"dorian-s1-0569","geometry":{"type":"Polygon","coordinates":[[[-64.328736,45.912067],[-64.328704,45.910717],[-64.330638,45.910695],[-64.330627,45.910245],[-64.329338,45.91026],[-64.329327,45.90981],[-64.328038,45.909825],[-64.328027,45.909375],[-64.327383,45.909382],[-64.327394,45.909832],[-64.328038,45.909825],[-64.328049,45.910275],[-64.328693,45.910267],[-64.328704,45.910717],[-64.327415,45.910732],[-64.327404,45.910282],[-64.32676,45.91029],[-64.32677,45.91074],[-64.327415,45.910732],[-64.327426,45.911182],[-64.32807,45.911175],[-64.328081,45.911625],[-64.326792,45.911639],[-64.326803,45.912089],[-64.328736,45.912067]]]},"properties":{"feature_id":"dorian-s1-0569","event_id":"dorian","category":"new_low_backscatter_after_dorian","area_ha":3.25,"center_lon":-64.328699,"center_lat":45.910732,"threshold_db":-18.086,"sensor":"Sentinel-1","polarization":"HV","interpretation":"candidate only; requires validation"}},{"type":"Feature","id":"dorian-s1-0570","geometry":{"type":"Polygon","coordinates":[[[-64.252649,45.911576],[-64.252639,45.911126],[-64.253928,45.911112],[-64.253918,45.910662],[-64.253274,45.910669],[-64.253264,45.91022],[-64.252619,45.910227],[-64.252639,45.911126],[-64.251995,45.911133],[-64.252005,45.911583],[-64.252649,45.911576]]]},"properties":{"feature_id":"dorian-s1-0570","event_id":"dorian","category":"persistent_low_backscatter","area_ha":1.0,"center_lon":-64.252961,"center_lat":45.910902,"threshold_db":-18.086,"sensor":"Sentinel-1","polarization":"HV","interpretation":"candidate only; requires validation"}},{"type":"Feature","id":"dorian-s1-0571","geometry":{"type":"Polygon","coordinates":[[[-64.307424,45.910513],[-64.307403,45.909613],[-64.306759,45.90962],[-64.306769,45.91007],[-64.306125,45.910078],[-64.306114,45.909628],[-64.30547,45.909635],[-64.305459,45.909185],[-64.304815,45.909192],[-64.304825,45.909642],[-64.30547,45.909635],[-64.30548,45.910085],[-64.306125,45.910078],[-64.306135,45.910527],[-64.307424,45.910513]]]},"properties":{"feature_id":"dorian-s1-0571","event_id":"dorian","category":"new_low_backscatter_after_dorian","area_ha":1.25,"center_lon":-64.306119,"center_lat":45.909856,"threshold_db":-18.086,"sensor":"Sentinel-1","polarization":"HV","interpretation":"candidate only; requires validation"}},{"type":"Feature","id":"dorian-s1-0572","geometry":{"type":"Polygon","coordinates":[[[-64.20173,45.912123],[-64.20172,45.911673],[-64.203009,45.91166],[-64.20299,45.91076],[-64.202345,45.910767],[-64.202335,45.910317],[-64.201691,45.910324],[-64.20172,45.911673],[-64.201075,45.91168],[-64.201085,45.91213],[-64.20173,45.912123]]]},"properties":{"feature_id":"dorian-s1-0572","event_id":"dorian","category":"low_backscatter_no_longer_present","area_ha":1.5,"center_lon":-64.202042,"center_lat":45.911223,"threshold_db":-18.086,"sensor":"Sentinel-1","polarization":"HV","interpretation":"candidate only; requires validation"}},{"type":"Feature","id":"dorian-s1-0573","geometry":{"type":"Polygon","coordinates":[[[-64.348717,45.911833],[-64.348706,45.911383],[-64.34935,45.911375],[-64.349339,45.910925],[-64.349984,45.910918],[-64.349962,45.910018],[-64.349317,45.910026],[-64.349307,45.909576],[-64.350596,45.90956],[-64.350585,45.909111],[-64.34994,45.909118],[-64.349929,45.908668],[-64.349285,45.908676],[-64.349307,45.909576],[-64.348662,45.909583],[-64.348673,45.910033],[-64.347384,45.910048],[-64.347395,45.910498],[-64.348684,45.910483],[-64.348706,45.911383],[-64.348061,45.911391],[-64.348072,45.91184],[-64.348717,45.911833]]]},"properties":{"feature_id":"dorian-s1-0573","event_id":"dorian","category":"new_low_backscatter_after_dorian","area_ha":3.0,"center_lon":-64.34899,"center_lat":45.910254,"threshold_db":-18.086,"sensor":"Sentinel-1","polarization":"HV","interpretation":"candidate only; requires validation"}},{"type":"Feature","id":"dorian-s1-0574","geometry":{"type":"Polygon","coordinates":[[[-64.390576,45.909981],[-64.390543,45.908631],[-64.389898,45.908639],[-64.389876,45.907739],[-64.389231,45.907747],[-64.389254,45.908647],[-64.389898,45.908639],[-64.389932,45.909989],[-64.390576,45.909981]]]},"properties":{"feature_id":"dorian-s1-0574","event_id":"dorian","category":"persistent_low_backscatter","area_ha":1.25,"center_lon":-64.389904,"center_lat":45.908864,"threshold_db":-18.086,"sensor":"Sentinel-1","polarization":"HV","interpretation":"candidate only; requires validation"}},{"type":"Feature","id":"dorian-s1-0575","geometry":{"type":"Polygon","coordinates":[[[-64.221047,45.911018],[-64.221037,45.910568],[-64.221681,45.910562],[-64.221672,45.910112],[-64.222316,45.910105],[-64.222306,45.909655],[-64.221017,45.909669],[-64.221027,45.910119],[-64.220382,45.910125],[-64.220402,45.911025],[-64.221047,45.911018]]]},"properties":{"feature_id":"dorian-s1-0575","event_id":"dorian","category":"new_low_backscatter_after_dorian","area_ha":1.25,"center_lon":-64.221349,"center_lat":45.91034,"threshold_db":-18.086,"sensor":"Sentinel-1","polarization":"HV","interpretation":"candidate only; requires validation"}},{"type":"Feature","id":"dorian-s1-0576","geometry":{"type":"Polygon","coordinates":[[[-64.361563,45.90988],[-64.361552,45.90943],[-64.360907,45.909438],[-64.360896,45.908988],[-64.362185,45.908973],[-64.362174,45.908523],[-64.36153,45.908531],[-64.361519,45.908081],[-64.358941,45.908111],[-64.358952,45.908561],[-64.358308,45.908569],[-64.358319,45.909019],[-64.359608,45.909004],[-64.359597,45.908554],[-64.360885,45.908538],[-64.360896,45.908988],[-64.360252,45.908996],[-64.360263,45.909446],[-64.360907,45.909438],[-64.360918,45.909888],[-64.361563,45.90988]]]},"properties":{"feature_id":"dorian-s1-0576","event_id":"dorian","category":"new_low_backscatter_after_dorian","area_ha":2.5,"center_lon":-64.360246,"center_lat":45.908985,"threshold_db":-18.086,"sensor":"Sentinel-1","polarization":"HV","interpretation":"candidate only; requires validation"}},{"type":"Feature","id":"dorian-s1-0577","geometry":{"type":"Polygon","coordinates":[[[-64.286134,45.909854],[-64.286113,45.908954],[-64.284824,45.908969],[-64.284845,45.909869],[-64.286134,45.909854]]]},"properties":{"feature_id":"dorian-s1-0577","event_id":"dorian","category":"persistent_low_backscatter","area_ha":1.0,"center_lon":-64.285479,"center_lat":45.909412,"threshold_db":-18.086,"sensor":"Sentinel-1","polarization":"HV","interpretation":"candidate only; requires validation"}},{"type":"Feature","id":"dorian-s1-0578","geometry":{"type":"Polygon","coordinates":[[[-64.372542,45.910649],[-64.37253,45.910199],[-64.371886,45.910207],[-64.371875,45.909757],[-64.37123,45.909765],[-64.371219,45.909315],[-64.370575,45.909323],[-64.370564,45.908873],[-64.371208,45.908865],[-64.371197,45.908415],[-64.370553,45.908423],[-64.370531,45.907523],[-64.369886,45.907531],[-64.369897,45.907981],[-64.369253,45.907988],[-64.369242,45.907538],[-64.368597,45.907546],[-64.368608,45.907996],[-64.369253,45.907988],[-64.369264,45.908438],[-64.370553,45.908423],[-64.370564,45.908873],[-64.369275,45.908888],[-64.369286,45.909338],[-64.36993,45.90933],[-64.369941,45.90978],[-64.37123,45.909765],[-64.371253,45.910665],[-64.372542,45.910649]]]},"properties":{"feature_id":"dorian-s1-0578","event_id":"dorian","category":"new_low_backscatter_after_dorian","area_ha":3.0,"center_lon":-64.370569,"center_lat":45.909094,"threshold_db":-18.086,"sensor":"Sentinel-1","polarization":"HV","interpretation":"candidate only; requires validation"}},{"type":"Feature","id":"dorian-s1-0579","geometry":{"type":"Polygon","coordinates":[[[-64.368019,45.910253],[-64.368008,45.909803],[-64.368652,45.909796],[-64.36863,45.908896],[-64.367986,45.908904],[-64.367964,45.908004],[-64.366675,45.908019],[-64.366664,45.907569],[-64.366019,45.907577],[-64.36603,45.908027],[-64.365386,45.908035],[-64.36543,45.909834],[-64.367363,45.909811],[-64.367374,45.910261],[-64.368019,45.910253]]]},"properties":{"feature_id":"dorian-s1-0579","event_id":"dorian","category":"persistent_low_backscatter","area_ha":5.0,"center_lon":-64.367019,"center_lat":45.908915,"threshold_db":-18.086,"sensor":"Sentinel-1","polarization":"HV","interpretation":"candidate only; requires validation"}},{"type":"Feature","id":"dorian-s1-0580","geometry":{"type":"Polygon","coordinates":[[[-64.297736,45.909723],[-64.297725,45.909273],[-64.29837,45.909266],[-64.298359,45.908816],[-64.297715,45.908823],[-64.297704,45.908373],[-64.29706,45.908381],[-64.29707,45.908831],[-64.296426,45.908838],[-64.296415,45.908388],[-64.295771,45.908395],[-64.295781,45.908845],[-64.296426,45.908838],[-64.296447,45.909738],[-64.297736,45.909723]],[[-64.297725,45.909273],[-64.297081,45.90928],[-64.29707,45.908831],[-64.297715,45.908823],[-64.297725,45.909273]]]},"properties":{"feature_id":"dorian-s1-0580","event_id":"dorian","category":"new_low_backscatter_after_dorian","area_ha":1.5,"center_lon":-64.297071,"center_lat":45.909055,"threshold_db":-18.086,"sensor":"Sentinel-1","polarization":"HV","interpretation":"candidate only; requires validation"}},{"type":"Feature","id":"dorian-s1-0581","geometry":{"type":"Polygon","coordinates":[[[-64.268753,45.910949],[-64.268742,45.910499],[-64.269387,45.910492],[-64.269367,45.909592],[-64.270011,45.909585],[-64.270021,45.910034],[-64.270666,45.910027],[-64.270635,45.908678],[-64.269346,45.908692],[-64.269367,45.909592],[-64.268722,45.909599],[-64.268742,45.910499],[-64.268098,45.910506],[-64.268108,45.910956],[-64.268753,45.910949]]]},"properties":{"feature_id":"dorian-s1-0581","event_id":"dorian","category":"new_low_backscatter_after_dorian","area_ha":2.0,"center_lon":-64.269382,"center_lat":45.909817,"threshold_db":-18.086,"sensor":"Sentinel-1","polarization":"HV","interpretation":"candidate only; requires validation"}},{"type":"Feature","id":"dorian-s1-0582","geometry":{"type":"Polygon","coordinates":[[[-64.362819,45.908515],[-64.362808,45.908065],[-64.364097,45.90805],[-64.364086,45.9076],[-64.361508,45.907631],[-64.361519,45.908081],[-64.362163,45.908073],[-64.362174,45.908523],[-64.362819,45.908515]]]},"properties":{"feature_id":"dorian-s1-0582","event_id":"dorian","category":"low_backscatter_no_longer_present","area_ha":1.25,"center_lon":-64.362803,"center_lat":45.908062,"threshold_db":-18.086,"sensor":"Sentinel-1","polarization":"HV","interpretation":"candidate only; requires validation"}},{"type":"Feature","id":"dorian-s1-0583","geometry":{"type":"Polygon","coordinates":[[[-64.266778,45.90917],[-64.266768,45.908721],[-64.26419,45.908749],[-64.2642,45.909199],[-64.266778,45.90917]]]},"properties":{"feature_id":"dorian-s1-0583","event_id":"dorian","category":"new_low_backscatter_after_dorian","area_ha":1.0,"center_lon":-64.265484,"center_lat":45.90896,"threshold_db":-18.086,"sensor":"Sentinel-1","polarization":"HV","interpretation":"candidate only; requires validation"}},{"type":"Feature","id":"dorian-s1-0584","geometry":{"type":"Polygon","coordinates":[[[-64.258613,45.918711],[-64.258593,45.917811],[-64.259237,45.917804],[-64.259227,45.917354],[-64.259872,45.917347],[-64.259862,45.916897],[-64.260506,45.91689],[-64.260496,45.91644],[-64.259207,45.916455],[-64.259197,45.916005],[-64.259841,45.915998],[-64.259821,45.915098],[-64.26111,45.915083],[-64.26112,45.915533],[-64.260476,45.915541],[-64.260486,45.91599],[-64.26113,45.915983],[-64.261141,45.916433],[-64.261785,45.916426],[-64.261795,45.916876],[-64.26244,45.916869],[-64.26243,45.916419],[-64.261785,45.916426],[-64.261775,45.915976],[-64.26242,45.915969],[-64.262399,45.915069],[-64.266267,45.915026],[-64.266287,45.915926],[-64.266932,45.915919],[-64.266911,45.915019],[-64.267556,45.915012],[-64.267566,45.915462],[-64.268211,45.915455],[-64.268221,45.915905],[-64.268866,45.915898],[-64.268855,45.915448],[-64.270144,45.915433],[-64.270124,45.914534],[-64.26819,45.914555],[-64.26818,45.914105],[-64.266891,45.914119],[-64.266901,45.914569],[-64.266256,45.914577],[-64.266246,45.914127],[-64.265602,45.914134],[-64.265591,45.913684],[-64.264302,45.913698],[-64.264261,45.911898],[-64.265551,45.911884],[-64.265561,45.912334],[-64.266205,45.912327],[-64.266185,45.911427],[-64.266829,45.91142],[-64.26684,45.91187],[-64.267484,45.911863],[-64.267474,45.911413],[-64.266829,45.91142],[-64.266809,45.91052],[-64.267453,45.910513],[-64.267443,45.910063],[-64.268088,45.910056],[-64.268067,45.909156],[-64.268712,45.909149],[-64.268701,45.908699],[-64.268057,45.908706],[-64.268047,45.908256],[-64.267402,45.908263],[-64.267412,45.908713],[-64.268057,45.908706],[-64.268067,45.909156],[-64.267423,45.909163],[-64.267433,45.909613],[-64.266788,45.90962],[-64.266809,45.91052],[-64.266164,45.910527],[-64.266154,45.910077],[-64.26551,45.910085],[-64.26552,45.910534],[-64.266164,45.910527],[-64.266175,45.910977],[-64.26553,45.910984],[-64.26554,45.911434],[-64.264896,45.911441],[-64.264865,45.910092],[-64.264221,45.910099],[-64.264241,45.910999],[-64.262952,45.911013],[-64.262942,45.910563],[-64.261008,45.910584],[-64.261018,45.911034],[-64.261663,45.911027],[-64.261683,45.911927],[-64.25975,45.911948],[-64.259739,45.911498],[-64.260384,45.911491],[-64.260374,45.911041],[-64.259729,45.911048],[-64.259709,45.910149],[-64.259064,45.910156],[-64.259054,45.909706],[-64.257121,45.909727],[-64.257131,45.910177],[-64.257775,45.91017],[-64.257785,45.91062],[-64.257141,45.910627],[-64.257151,45.911077],[-64.257796,45.91107],[-64.257785,45.91062],[-64.25843,45.910613],[-64.25842,45.910163],[-64.259064,45.910156],[-64.259105,45.911955],[-64.257816,45.91197],[-64.257826,45.91242],[-64.257182,45.912427],[-64.257171,45.911977],[-64.256527,45.911984],[-64.256507,45.911084],[-64.255862,45.911091],[-64.255882,45.911991],[-64.256527,45.911984],[-64.256537,45.912434],[-64.257182,45.912427],[-64.257192,45.912877],[-64.258481,45.912862],[-64.258491,45.913312],[-64.257846,45.913319],[-64.257857,45.913769],[-64.259146,45.913755],[-64.259197,45.916005],[-64.257907,45.916019],[-64.257918,45.916469],[-64.258562,45.916462],[-64.258572,45.916912],[-64.259217,45.916904],[-64.259227,45.917354],[-64.258583,45.917361],[-64.258593,45.917811],[-64.257948,45.917819],[-64.257968,45.918718],[-64.258613,45.918711]],[[-64.261775,45.915976],[-64.26113,45.915983],[-64.26112,45.915533],[-64.261765,45.915526],[-64.261775,45.915976]],[[-64.262399,45.915069],[-64.26111,45.915083],[-64.2611,45.914634],[-64.259811,45.914648],[-64.259801,45.914198],[-64.26109,45.914184],[-64.261079,45.913734],[-64.261724,45.913727],[-64.261734,45.914177],[-64.263668,45.914155],[-64.263678,45.914605],[-64.262389,45.914619],[-64.262399,45.915069]],[[-64.264313,45.914148],[-64.263668,45.914155],[-64.263658,45.913705],[-64.264302,45.913698],[-64.264313,45.914148]],[[-64.263013,45.913712],[-64.261724,45.913727],[-64.261714,45.913277],[-64.262358,45.91327],[-64.262348,45.91282],[-64.262993,45.912813],[-64.262983,45.912363],[-64.263627,45.912356],[-64.263648,45.913255],[-64.263003,45.913262],[-64.263013,45.913712]],[[-64.261079,45.913734],[-64.25979,45.913748],[-64.25978,45.913298],[-64.261069,45.913284],[-64.261079,45.913734]],[[-64.262983,45.912363],[-64.262338,45.91237],[-64.262328,45.91192],[-64.262972,45.911913],[-64.262983,45.912363]]]},"properties":{"feature_id":"dorian-s1-0584","event_id":"dorian","category":"new_low_backscatter_after_dorian","area_ha":32.0,"center_lon":-64.263003,"center_lat":45.913487,"threshold_db":-18.086,"sensor":"Sentinel-1","polarization":"HV","interpretation":"candidate only; requires validation"}},{"type":"Feature","id":"dorian-s1-0585","geometry":{"type":"Polygon","coordinates":[[[-64.394421,45.909034],[-64.394409,45.908584],[-64.393765,45.908592],[-64.393754,45.908142],[-64.393109,45.90815],[-64.393075,45.9068],[-64.392431,45.906808],[-64.392465,45.908158],[-64.39182,45.908166],[-64.391809,45.907716],[-64.391165,45.907724],[-64.391176,45.908174],[-64.39182,45.908166],[-64.391832,45.908616],[-64.392476,45.908608],[-64.392487,45.909058],[-64.393132,45.90905],[-64.393121,45.9086],[-64.393765,45.908592],[-64.393776,45.909042],[-64.394421,45.909034]]]},"properties":{"feature_id":"dorian-s1-0585","event_id":"dorian","category":"new_low_backscatter_after_dorian","area_ha":2.25,"center_lon":-64.392793,"center_lat":45.907929,"threshold_db":-18.086,"sensor":"Sentinel-1","polarization":"HV","interpretation":"candidate only; requires validation"}},{"type":"Feature","id":"dorian-s1-0586","geometry":{"type":"Polygon","coordinates":[[[-64.304202,45.91055],[-64.304191,45.9101],[-64.30548,45.910085],[-64.30547,45.909635],[-64.306114,45.909628],[-64.306072,45.907828],[-64.304138,45.90785],[-64.30416,45.90875],[-64.302871,45.908765],[-64.30286,45.908315],[-64.301571,45.908329],[-64.301603,45.909679],[-64.300958,45.909686],[-64.300979,45.910586],[-64.304202,45.91055]],[[-64.30547,45.909635],[-64.304825,45.909642],[-64.304815,45.909192],[-64.305459,45.909185],[-64.30547,45.909635]]]},"properties":{"feature_id":"dorian-s1-0586","event_id":"dorian","category":"persistent_low_backscatter","area_ha":8.25,"center_lon":-64.303536,"center_lat":45.909207,"threshold_db":-18.086,"sensor":"Sentinel-1","polarization":"HV","interpretation":"candidate only; requires validation"}},{"type":"Feature","id":"dorian-s1-0587","geometry":{"type":"Polygon","coordinates":[[[-64.268732,45.910049],[-64.268722,45.909599],[-64.269367,45.909592],[-64.269336,45.908242],[-64.268047,45.908256],[-64.268057,45.908706],[-64.268701,45.908699],[-64.268712,45.909149],[-64.268067,45.909156],[-64.268088,45.910056],[-64.268732,45.910049]]]},"properties":{"feature_id":"dorian-s1-0587","event_id":"dorian","category":"persistent_low_backscatter","area_ha":1.5,"center_lon":-64.268707,"center_lat":45.909149,"threshold_db":-18.086,"sensor":"Sentinel-1","polarization":"HV","interpretation":"candidate only; requires validation"}},{"type":"Feature","id":"dorian-s1-0588","geometry":{"type":"Polygon","coordinates":[[[-64.172705,45.911525],[-64.172696,45.911075],[-64.17334,45.911068],[-64.173321,45.910168],[-64.173966,45.910162],[-64.173975,45.910612],[-64.17462,45.910605],[-64.17461,45.910155],[-64.173966,45.910162],[-64.173947,45.909262],[-64.173302,45.909269],[-64.173321,45.910168],[-64.172677,45.910175],[-64.172686,45.910625],[-64.171397,45.910638],[-64.171407,45.911088],[-64.172051,45.911081],[-64.172061,45.911531],[-64.172705,45.911525]]]},"properties":{"feature_id":"dorian-s1-0588","event_id":"dorian","category":"new_low_backscatter_after_dorian","area_ha":2.0,"center_lon":-64.173009,"center_lat":45.910396,"threshold_db":-18.086,"sensor":"Sentinel-1","polarization":"HV","interpretation":"candidate only; requires validation"}},{"type":"Feature","id":"dorian-s1-0589","geometry":{"type":"Polygon","coordinates":[[[-64.371831,45.907957],[-64.371808,45.907058],[-64.371164,45.907065],[-64.371175,45.907515],[-64.370531,45.907523],[-64.370519,45.907073],[-64.369875,45.907081],[-64.369886,45.907531],[-64.370531,45.907523],[-64.370542,45.907973],[-64.371831,45.907957]]]},"properties":{"feature_id":"dorian-s1-0589","event_id":"dorian","category":"persistent_low_backscatter","area_ha":1.0,"center_lon":-64.370853,"center_lat":45.907516,"threshold_db":-18.086,"sensor":"Sentinel-1","polarization":"HV","interpretation":"candidate only; requires validation"}},{"type":"Feature","id":"dorian-s1-0590","geometry":{"type":"Polygon","coordinates":[[[-64.32285,45.908535],[-64.322829,45.907635],[-64.322184,45.907643],[-64.322195,45.908093],[-64.320906,45.908107],[-64.320916,45.908557],[-64.32285,45.908535]]]},"properties":{"feature_id":"dorian-s1-0590","event_id":"dorian","category":"new_low_backscatter_after_dorian","area_ha":1.0,"center_lon":-64.321878,"center_lat":45.908096,"threshold_db":-18.086,"sensor":"Sentinel-1","polarization":"HV","interpretation":"candidate only; requires validation"}},{"type":"Feature","id":"dorian-s1-0591","geometry":{"type":"Polygon","coordinates":[[[-64.316416,45.909059],[-64.316394,45.90816],[-64.317683,45.908145],[-64.317673,45.907695],[-64.316384,45.90771],[-64.316394,45.90816],[-64.31575,45.908167],[-64.315739,45.907717],[-64.315095,45.907724],[-64.315105,45.908174],[-64.31575,45.908167],[-64.315771,45.909067],[-64.316416,45.909059]]]},"properties":{"feature_id":"dorian-s1-0591","event_id":"dorian","category":"new_low_backscatter_after_dorian","area_ha":1.25,"center_lon":-64.316389,"center_lat":45.908381,"threshold_db":-18.086,"sensor":"Sentinel-1","polarization":"HV","interpretation":"candidate only; requires validation"}},{"type":"Feature","id":"dorian-s1-0592","geometry":{"type":"Polygon","coordinates":[[[-64.319079,45.912629],[-64.319068,45.912179],[-64.318424,45.912186],[-64.318402,45.911287],[-64.317758,45.911294],[-64.317747,45.910844],[-64.317103,45.910852],[-64.317092,45.910402],[-64.315803,45.910416],[-64.315792,45.909967],[-64.315148,45.909974],[-64.315127,45.909074],[-64.315771,45.909067],[-64.31575,45.908167],[-64.316394,45.90816],[-64.316384,45.90771],[-64.317028,45.907702],[-64.317018,45.907252],[-64.315729,45.907267],[-64.31575,45.908167],[-64.315105,45.908174],[-64.315127,45.909074],[-64.314482,45.909082],[-64.314514,45.910431],[-64.315803,45.910416],[-64.315814,45.910866],[-64.317103,45.910852],[-64.317113,45.911301],[-64.317758,45.911294],[-64.317779,45.912194],[-64.318424,45.912186],[-64.318434,45.912636],[-64.319079,45.912629]]]},"properties":{"feature_id":"dorian-s1-0592","event_id":"dorian","category":"persistent_low_backscatter","area_ha":3.75,"center_lon":-64.31678,"center_lat":45.909944,"threshold_db":-18.086,"sensor":"Sentinel-1","polarization":"HV","interpretation":"candidate only; requires validation"}},{"type":"Feature","id":"dorian-s1-0593","geometry":{"type":"Polygon","coordinates":[[[-64.300293,45.908794],[-64.300282,45.908344],[-64.300927,45.908337],[-64.300916,45.907887],[-64.298983,45.907909],[-64.298972,45.907459],[-64.297683,45.907474],[-64.297694,45.907923],[-64.298338,45.907916],[-64.298349,45.908366],[-64.299638,45.908351],[-64.299648,45.908801],[-64.300293,45.908794]]]},"properties":{"feature_id":"dorian-s1-0593","event_id":"dorian","category":"persistent_low_backscatter","area_ha":1.75,"center_lon":-64.299305,"center_lat":45.90813,"threshold_db":-18.086,"sensor":"Sentinel-1","polarization":"HV","interpretation":"candidate only; requires validation"}},{"type":"Feature","id":"dorian-s1-0594","geometry":{"type":"Polygon","coordinates":[[[-64.352507,45.908638],[-64.352496,45.908188],[-64.351852,45.908196],[-64.351819,45.906846],[-64.352463,45.906838],[-64.352453,45.906388],[-64.351808,45.906396],[-64.351819,45.906846],[-64.35053,45.906861],[-64.350541,45.907311],[-64.351185,45.907303],[-64.351207,45.908203],[-64.351852,45.908196],[-64.351863,45.908645],[-64.352507,45.908638]]]},"properties":{"feature_id":"dorian-s1-0594","event_id":"dorian","category":"new_low_backscatter_after_dorian","area_ha":1.5,"center_lon":-64.351518,"center_lat":45.907516,"threshold_db":-18.086,"sensor":"Sentinel-1","polarization":"HV","interpretation":"candidate only; requires validation"}},{"type":"Feature","id":"dorian-s1-0595","geometry":{"type":"Polygon","coordinates":[[[-64.333795,45.907958],[-64.333785,45.907508],[-64.334429,45.9075],[-64.334418,45.90705],[-64.333774,45.907058],[-64.333763,45.906608],[-64.333119,45.906616],[-64.333151,45.907965],[-64.333795,45.907958]]]},"properties":{"feature_id":"dorian-s1-0595","event_id":"dorian","category":"new_low_backscatter_after_dorian","area_ha":1.0,"center_lon":-64.333774,"center_lat":45.907286,"threshold_db":-18.086,"sensor":"Sentinel-1","polarization":"HV","interpretation":"candidate only; requires validation"}},{"type":"Feature","id":"dorian-s1-0596","geometry":{"type":"Polygon","coordinates":[[[-64.248087,45.909376],[-64.248077,45.908926],[-64.248722,45.908919],[-64.248712,45.908469],[-64.249356,45.908462],[-64.249336,45.907562],[-64.24998,45.907555],[-64.24997,45.907105],[-64.249326,45.907112],[-64.249336,45.907562],[-64.248047,45.907576],[-64.248067,45.908476],[-64.246778,45.90849],[-64.246788,45.90894],[-64.247433,45.908933],[-64.247443,45.909383],[-64.248087,45.909376]]]},"properties":{"feature_id":"dorian-s1-0596","event_id":"dorian","category":"new_low_backscatter_after_dorian","area_ha":2.25,"center_lon":-64.248379,"center_lat":45.908244,"threshold_db":-18.086,"sensor":"Sentinel-1","polarization":"HV","interpretation":"candidate only; requires validation"}},{"type":"Feature","id":"dorian-s1-0597","geometry":{"type":"Polygon","coordinates":[[[-64.38792,45.906863],[-64.387909,45.906413],[-64.388553,45.906405],[-64.388542,45.905955],[-64.387897,45.905963],[-64.387909,45.906413],[-64.387264,45.906421],[-64.387242,45.905521],[-64.386597,45.905529],[-64.38662,45.906429],[-64.385975,45.906437],[-64.385986,45.906887],[-64.38792,45.906863]]]},"properties":{"feature_id":"dorian-s1-0597","event_id":"dorian","category":"new_low_backscatter_after_dorian","area_ha":1.5,"center_lon":-64.387264,"center_lat":45.906204,"threshold_db":-18.086,"sensor":"Sentinel-1","polarization":"HV","interpretation":"candidate only; requires validation"}},{"type":"Feature","id":"dorian-s1-0598","geometry":{"type":"Polygon","coordinates":[[[-64.30285,45.907865],[-64.302839,45.907415],[-64.303483,45.907408],[-64.303462,45.906508],[-64.302818,45.906515],[-64.302828,45.906965],[-64.302184,45.906972],[-64.302173,45.906522],[-64.301529,45.90653],[-64.30155,45.90743],[-64.302194,45.907422],[-64.302205,45.907872],[-64.30285,45.907865]]]},"properties":{"feature_id":"dorian-s1-0598","event_id":"dorian","category":"new_low_backscatter_after_dorian","area_ha":1.5,"center_lon":-64.302506,"center_lat":45.90719,"threshold_db":-18.086,"sensor":"Sentinel-1","polarization":"HV","interpretation":"candidate only; requires validation"}},{"type":"Feature","id":"dorian-s1-0599","geometry":{"type":"Polygon","coordinates":[[[-64.289315,45.908018],[-64.289305,45.907568],[-64.289949,45.907561],[-64.289939,45.907111],[-64.289294,45.907118],[-64.289305,45.907568],[-64.28866,45.907576],[-64.288639,45.906676],[-64.287995,45.906683],[-64.288016,45.907583],[-64.28866,45.907576],[-64.288671,45.908026],[-64.289315,45.908018]]]},"properties":{"feature_id":"dorian-s1-0599","event_id":"dorian","category":"low_backscatter_no_longer_present","area_ha":1.0,"center_lon":-64.288972,"center_lat":45.907351,"threshold_db":-18.086,"sensor":"Sentinel-1","polarization":"HV","interpretation":"candidate only; requires validation"}},{"type":"Feature","id":"dorian-s1-0600","geometry":{"type":"Polygon","coordinates":[[[-64.259014,45.907906],[-64.258993,45.907006],[-64.257704,45.907021],[-64.257724,45.90792],[-64.259014,45.907906]]]},"properties":{"feature_id":"dorian-s1-0600","event_id":"dorian","category":"persistent_low_backscatter","area_ha":1.0,"center_lon":-64.258359,"center_lat":45.907463,"threshold_db":-18.086,"sensor":"Sentinel-1","polarization":"HV","interpretation":"candidate only; requires validation"}},{"type":"Feature","id":"dorian-s1-0601","geometry":{"type":"Polygon","coordinates":[[[-64.201652,45.908524],[-64.201642,45.908074],[-64.202287,45.908067],[-64.202277,45.907617],[-64.200988,45.907631],[-64.200998,45.908081],[-64.200353,45.908087],[-64.200363,45.908537],[-64.201652,45.908524]]]},"properties":{"feature_id":"dorian-s1-0601","event_id":"dorian","category":"low_backscatter_no_longer_present","area_ha":1.0,"center_lon":-64.20132,"center_lat":45.908077,"threshold_db":-18.086,"sensor":"Sentinel-1","polarization":"HV","interpretation":"candidate only; requires validation"}},{"type":"Feature","id":"dorian-s1-0602","geometry":{"type":"Polygon","coordinates":[[[-64.266758,45.908271],[-64.266747,45.907821],[-64.267392,45.907814],[-64.267382,45.907364],[-64.266093,45.907378],[-64.266103,45.907828],[-64.265458,45.907835],[-64.265428,45.906485],[-64.264139,45.9065],[-64.264149,45.906949],[-64.263505,45.906957],[-64.263515,45.907406],[-64.264159,45.907399],[-64.264149,45.906949],[-64.264794,45.906942],[-64.264824,45.908292],[-64.266758,45.908271]]]},"properties":{"feature_id":"dorian-s1-0602","event_id":"dorian","category":"new_low_backscatter_after_dorian","area_ha":2.5,"center_lon":-64.265448,"center_lat":45.907389,"threshold_db":-18.086,"sensor":"Sentinel-1","polarization":"HV","interpretation":"candidate only; requires validation"}},{"type":"Feature","id":"dorian-s1-0603","geometry":{"type":"Polygon","coordinates":[[[-64.352474,45.907288],[-64.352463,45.906838],[-64.351819,45.906846],[-64.351797,45.905946],[-64.351153,45.905954],[-64.351142,45.905504],[-64.351786,45.905496],[-64.351775,45.905046],[-64.351131,45.905054],[-64.351142,45.905504],[-64.350497,45.905511],[-64.350519,45.906411],[-64.351164,45.906404],[-64.351175,45.906853],[-64.351819,45.906846],[-64.35183,45.907296],[-64.352474,45.907288]]]},"properties":{"feature_id":"dorian-s1-0603","event_id":"dorian","category":"persistent_low_backscatter","area_ha":1.5,"center_lon":-64.351485,"center_lat":45.906171,"threshold_db":-18.086,"sensor":"Sentinel-1","polarization":"HV","interpretation":"candidate only; requires validation"}},{"type":"Feature","id":"dorian-s1-0604","geometry":{"type":"Polygon","coordinates":[[[-64.365997,45.906677],[-64.365975,45.905777],[-64.364686,45.905793],[-64.364675,45.905343],[-64.363386,45.905358],[-64.363375,45.904908],[-64.362731,45.904916],[-64.362753,45.905816],[-64.364042,45.905801],[-64.364053,45.90625],[-64.365342,45.906235],[-64.365353,45.906685],[-64.365997,45.906677]]]},"properties":{"feature_id":"dorian-s1-0604","event_id":"dorian","category":"new_low_backscatter_after_dorian","area_ha":2.0,"center_lon":-64.364364,"center_lat":45.905797,"threshold_db":-18.086,"sensor":"Sentinel-1","polarization":"HV","interpretation":"candidate only; requires validation"}},{"type":"Feature","id":"dorian-s1-0605","geometry":{"type":"Polygon","coordinates":[[[-64.253939,45.911562],[-64.253928,45.911112],[-64.252639,45.911126],[-64.252629,45.910677],[-64.251985,45.910684],[-64.251975,45.910234],[-64.253908,45.910212],[-64.253898,45.909763],[-64.254543,45.909755],[-64.254553,45.910205],[-64.255197,45.910198],[-64.255207,45.910648],[-64.254563,45.910655],[-64.254573,45.911105],[-64.255217,45.911098],[-64.255207,45.910648],[-64.256496,45.910634],[-64.256476,45.909734],[-64.255832,45.909741],[-64.255821,45.909291],[-64.254532,45.909306],[-64.254522,45.908856],[-64.255811,45.908841],[-64.255791,45.907942],[-64.25708,45.907927],[-64.25709,45.908377],[-64.256446,45.908384],[-64.256466,45.909284],[-64.25711,45.909277],[-64.2571,45.908827],[-64.257745,45.90882],[-64.257735,45.90837],[-64.259024,45.908356],[-64.259034,45.908806],[-64.259678,45.908799],[-64.259668,45.908349],[-64.260957,45.908335],[-64.260947,45.907885],[-64.259658,45.907899],[-64.259617,45.906099],[-64.260262,45.906092],[-64.260252,45.905642],[-64.258963,45.905657],[-64.258983,45.906556],[-64.258338,45.906564],[-64.258328,45.906114],[-64.257684,45.906121],[-64.257694,45.906571],[-64.25705,45.906578],[-64.25706,45.907028],[-64.255126,45.907049],[-64.255136,45.907499],[-64.255781,45.907492],[-64.255791,45.907942],[-64.255146,45.907949],[-64.255157,45.908399],[-64.254512,45.908406],[-64.254522,45.908856],[-64.253233,45.90887],[-64.253253,45.90977],[-64.251964,45.909784],[-64.251975,45.910234],[-64.250686,45.910248],[-64.250706,45.911148],[-64.252639,45.911126],[-64.252649,45.911576],[-64.253939,45.911562]],[[-64.255842,45.910191],[-64.255197,45.910198],[-64.255187,45.909748],[-64.255832,45.909741],[-64.255842,45.910191]],[[-64.259014,45.907906],[-64.257724,45.90792],[-64.257704,45.907021],[-64.258993,45.907006],[-64.259014,45.907906]]]},"properties":{"feature_id":"dorian-s1-0605","event_id":"dorian","category":"new_low_backscatter_after_dorian","area_ha":12.75,"center_lon":-64.255821,"center_lat":45.908609,"threshold_db":-18.086,"sensor":"Sentinel-1","polarization":"HV","interpretation":"candidate only; requires validation"}},{"type":"Feature","id":"dorian-s1-0606","geometry":{"type":"Polygon","coordinates":[[[-64.348586,45.906434],[-64.348575,45.905984],[-64.349219,45.905977],[-64.349198,45.905077],[-64.348553,45.905084],[-64.348542,45.904634],[-64.347898,45.904642],[-64.347941,45.906442],[-64.348586,45.906434]]]},"properties":{"feature_id":"dorian-s1-0606","event_id":"dorian","category":"new_low_backscatter_after_dorian","area_ha":1.5,"center_lon":-64.348558,"center_lat":45.905538,"threshold_db":-18.086,"sensor":"Sentinel-1","polarization":"HV","interpretation":"candidate only; requires validation"}},{"type":"Feature","id":"dorian-s1-0607","geometry":{"type":"Polygon","coordinates":[[[-64.207433,45.907563],[-64.207414,45.906663],[-64.208058,45.906656],[-64.208048,45.906206],[-64.206759,45.90622],[-64.206789,45.90757],[-64.207433,45.907563]]]},"properties":{"feature_id":"dorian-s1-0607","event_id":"dorian","category":"new_low_backscatter_after_dorian","area_ha":1.0,"center_lon":-64.207408,"center_lat":45.906888,"threshold_db":-18.086,"sensor":"Sentinel-1","polarization":"HV","interpretation":"candidate only; requires validation"}},{"type":"Feature","id":"dorian-s1-0608","geometry":{"type":"Polygon","coordinates":[[[-64.32473,45.906263],[-64.324719,45.905813],[-64.326008,45.905798],[-64.325997,45.905348],[-64.326642,45.905341],[-64.326631,45.904891],[-64.325987,45.904898],[-64.325997,45.905348],[-64.324708,45.905363],[-64.324719,45.905813],[-64.324075,45.905821],[-64.324043,45.904471],[-64.323398,45.904478],[-64.32342,45.905378],[-64.322775,45.905386],[-64.322786,45.905836],[-64.324075,45.905821],[-64.324085,45.906271],[-64.32473,45.906263]]]},"properties":{"feature_id":"dorian-s1-0608","event_id":"dorian","category":"new_low_backscatter_after_dorian","area_ha":2.0,"center_lon":-64.324708,"center_lat":45.905371,"threshold_db":-18.086,"sensor":"Sentinel-1","polarization":"HV","interpretation":"candidate only; requires validation"}},{"type":"Feature","id":"dorian-s1-0609","geometry":{"type":"Polygon","coordinates":[[[-64.316341,45.90591],[-64.316331,45.90546],[-64.315042,45.905475],[-64.31502,45.904575],[-64.314376,45.904583],[-64.314408,45.905932],[-64.316341,45.90591]]]},"properties":{"feature_id":"dorian-s1-0609","event_id":"dorian","category":"new_low_backscatter_after_dorian","area_ha":1.25,"center_lon":-64.315359,"center_lat":45.905254,"threshold_db":-18.086,"sensor":"Sentinel-1","polarization":"HV","interpretation":"candidate only; requires validation"}},{"type":"Feature","id":"dorian-s1-0610","geometry":{"type":"Polygon","coordinates":[[[-64.035333,45.908802],[-64.035325,45.908352],[-64.035969,45.908346],[-64.035952,45.907446],[-64.035308,45.907452],[-64.035316,45.907902],[-64.034672,45.907908],[-64.034688,45.908808],[-64.035333,45.908802]]]},"properties":{"feature_id":"dorian-s1-0610","event_id":"dorian","category":"new_low_backscatter_after_dorian","area_ha":1.0,"center_lon":-64.03532,"center_lat":45.908127,"threshold_db":-18.086,"sensor":"Sentinel-1","polarization":"HV","interpretation":"candidate only; requires validation"}},{"type":"Feature","id":"dorian-s1-0611","geometry":{"type":"Polygon","coordinates":[[[-64.286103,45.908505],[-64.286082,45.907605],[-64.287371,45.90759],[-64.287382,45.90804],[-64.288026,45.908033],[-64.288005,45.907133],[-64.286072,45.907155],[-64.286062,45.906705],[-64.286706,45.906698],[-64.286696,45.906248],[-64.28734,45.90624],[-64.28733,45.905791],[-64.286685,45.905798],[-64.286675,45.905348],[-64.287319,45.905341],[-64.287298,45.904441],[-64.28601,45.904455],[-64.28602,45.904905],[-64.286664,45.904898],[-64.286675,45.905348],[-64.285386,45.905362],[-64.285417,45.906712],[-64.284773,45.906719],[-64.284783,45.907169],[-64.286072,45.907155],[-64.286082,45.907605],[-64.285438,45.907612],[-64.285448,45.908062],[-64.284804,45.908069],[-64.284814,45.908519],[-64.286103,45.908505]]]},"properties":{"feature_id":"dorian-s1-0611","event_id":"dorian","category":"persistent_low_backscatter","area_ha":4.75,"center_lon":-64.2864,"center_lat":45.90648,"threshold_db":-18.086,"sensor":"Sentinel-1","polarization":"HV","interpretation":"candidate only; requires validation"}},{"type":"Feature","id":"dorian-s1-0612","geometry":{"type":"Polygon","coordinates":[[[-64.373031,45.904343],[-64.373009,45.903443],[-64.372364,45.903451],[-64.372375,45.903901],[-64.371086,45.903916],[-64.371097,45.904366],[-64.373031,45.904343]]]},"properties":{"feature_id":"dorian-s1-0612","event_id":"dorian","category":"new_low_backscatter_after_dorian","area_ha":1.0,"center_lon":-64.372059,"center_lat":45.903905,"threshold_db":-18.086,"sensor":"Sentinel-1","polarization":"HV","interpretation":"candidate only; requires validation"}},{"type":"Feature","id":"dorian-s1-0613","geometry":{"type":"Polygon","coordinates":[[[-64.217111,45.90791],[-64.217091,45.90701],[-64.219024,45.90699],[-64.219005,45.90609],[-64.21836,45.906097],[-64.218331,45.904747],[-64.217686,45.904754],[-64.217716,45.906104],[-64.216427,45.906117],[-64.216437,45.906567],[-64.217081,45.90656],[-64.217091,45.90701],[-64.215802,45.907024],[-64.215792,45.906574],[-64.214503,45.906588],[-64.214513,45.907038],[-64.215157,45.907031],[-64.215167,45.907481],[-64.215812,45.907474],[-64.215822,45.907924],[-64.217111,45.90791]]]},"properties":{"feature_id":"dorian-s1-0613","event_id":"dorian","category":"new_low_backscatter_after_dorian","area_ha":4.25,"center_lon":-64.216763,"center_lat":45.906335,"threshold_db":-18.086,"sensor":"Sentinel-1","polarization":"HV","interpretation":"candidate only; requires validation"}},{"type":"Feature","id":"dorian-s1-0614","geometry":{"type":"Polygon","coordinates":[[[-64.387875,45.905063],[-64.387864,45.904614],[-64.388508,45.904606],[-64.388497,45.904156],[-64.389786,45.90414],[-64.389775,45.90369],[-64.388486,45.903706],[-64.388463,45.902806],[-64.387819,45.902814],[-64.387853,45.904164],[-64.387208,45.904172],[-64.387231,45.905071],[-64.387875,45.905063]]]},"properties":{"feature_id":"dorian-s1-0614","event_id":"dorian","category":"new_low_backscatter_after_dorian","area_ha":2.0,"center_lon":-64.388497,"center_lat":45.903938,"threshold_db":-18.086,"sensor":"Sentinel-1","polarization":"HV","interpretation":"candidate only; requires validation"}},{"type":"Feature","id":"dorian-s1-0615","geometry":{"type":"Polygon","coordinates":[[[-64.220294,45.906076],[-64.220284,45.905626],[-64.220928,45.905619],[-64.220909,45.904719],[-64.218975,45.90474],[-64.218985,45.90519],[-64.21963,45.905183],[-64.219649,45.906083],[-64.220294,45.906076]]]},"properties":{"feature_id":"dorian-s1-0615","event_id":"dorian","category":"new_low_backscatter_after_dorian","area_ha":1.5,"center_lon":-64.219952,"center_lat":45.905401,"threshold_db":-18.086,"sensor":"Sentinel-1","polarization":"HV","interpretation":"candidate only; requires validation"}},{"type":"Feature","id":"dorian-s1-0616","geometry":{"type":"Polygon","coordinates":[[[-64.367297,45.907112],[-64.367286,45.906662],[-64.366642,45.90667],[-64.366631,45.90622],[-64.36792,45.906204],[-64.367931,45.906654],[-64.369864,45.906631],[-64.369853,45.906181],[-64.370497,45.906173],[-64.370453,45.904374],[-64.369809,45.904381],[-64.369798,45.903932],[-64.370442,45.903924],[-64.370431,45.903474],[-64.369786,45.903482],[-64.369764,45.902582],[-64.36912,45.90259],[-64.369131,45.903039],[-64.368487,45.903047],[-64.368509,45.903947],[-64.367864,45.903955],[-64.367842,45.903055],[-64.367198,45.903063],[-64.367264,45.905762],[-64.36662,45.90577],[-64.366631,45.90622],[-64.365986,45.906227],[-64.365997,45.906677],[-64.366642,45.90667],[-64.366653,45.907119],[-64.367297,45.907112]]]},"properties":{"feature_id":"dorian-s1-0616","event_id":"dorian","category":"persistent_low_backscatter","area_ha":9.5,"center_lon":-64.368242,"center_lat":45.904851,"threshold_db":-18.086,"sensor":"Sentinel-1","polarization":"HV","interpretation":"candidate only; requires validation"}},{"type":"Feature","id":"dorian-s1-0617","geometry":{"type":"Polygon","coordinates":[[[-64.281778,45.916654],[-64.281768,45.916204],[-64.282412,45.916196],[-64.282402,45.915747],[-64.281757,45.915754],[-64.281768,45.916204],[-64.281123,45.916211],[-64.281113,45.915761],[-64.279824,45.915775],[-64.279813,45.915326],[-64.281747,45.915304],[-64.281737,45.914854],[-64.282381,45.914847],[-64.282392,45.915297],[-64.284325,45.915275],[-64.284315,45.914825],[-64.284959,45.914818],[-64.284939,45.913918],[-64.284294,45.913925],[-64.284273,45.913025],[-64.283629,45.913033],[-64.283608,45.912133],[-64.284253,45.912126],[-64.284242,45.911676],[-64.283598,45.911683],[-64.283587,45.911233],[-64.282943,45.91124],[-64.282932,45.91079],[-64.284221,45.910776],[-64.284232,45.911226],[-64.284876,45.911218],[-64.284866,45.910769],[-64.285511,45.910761],[-64.285521,45.911211],[-64.286165,45.911204],[-64.286176,45.911654],[-64.284887,45.911668],[-64.284897,45.912118],[-64.286186,45.912104],[-64.286207,45.913004],[-64.284918,45.913018],[-64.284928,45.913468],[-64.286217,45.913454],[-64.286238,45.914353],[-64.286883,45.914346],[-64.286893,45.914796],[-64.286249,45.914803],[-64.286259,45.915253],[-64.286904,45.915246],[-64.286893,45.914796],[-64.288182,45.914781],[-64.288193,45.915231],[-64.288837,45.915224],[-64.288816,45.914324],[-64.290106,45.91431],[-64.290116,45.91476],[-64.290761,45.914752],[-64.29074,45.913853],[-64.292673,45.913831],[-64.292642,45.912481],[-64.291998,45.912488],[-64.291987,45.912038],[-64.292632,45.912031],[-64.292621,45.911581],[-64.291977,45.911588],[-64.291966,45.911139],[-64.290677,45.911153],[-64.290667,45.910703],[-64.290022,45.91071],[-64.290033,45.91116],[-64.289388,45.911168],[-64.289378,45.910718],[-64.287444,45.91074],[-64.287434,45.91029],[-64.286789,45.910297],[-64.286768,45.909397],[-64.287413,45.90939],[-64.287423,45.90984],[-64.289357,45.909818],[-64.289346,45.909368],[-64.289991,45.909361],[-64.28997,45.908461],[-64.290615,45.908454],[-64.290604,45.908004],[-64.291249,45.907996],[-64.291228,45.907097],[-64.290583,45.907104],[-64.290573,45.906654],[-64.289928,45.906661],[-64.289897,45.905312],[-64.290542,45.905304],[-64.29051,45.903955],[-64.289221,45.903969],[-64.289242,45.904869],[-64.288598,45.904876],[-64.288567,45.903526],[-64.287278,45.903541],[-64.287288,45.903991],[-64.285999,45.904005],[-64.28601,45.904455],[-64.287298,45.904441],[-64.287319,45.905341],[-64.286675,45.905348],[-64.286664,45.904898],[-64.285376,45.904912],[-64.285386,45.905362],[-64.286675,45.905348],[-64.286685,45.905798],[-64.28733,45.905791],[-64.28734,45.90624],[-64.286696,45.906248],[-64.286706,45.906698],[-64.286062,45.906705],[-64.286072,45.907155],[-64.284783,45.907169],[-64.284762,45.906269],[-64.285407,45.906262],[-64.285396,45.905812],[-64.284752,45.90582],[-64.284762,45.906269],[-64.283473,45.906284],[-64.283484,45.906734],[-64.282839,45.906741],[-64.28286,45.907641],[-64.284793,45.907619],[-64.284804,45.908069],[-64.284159,45.908076],[-64.28417,45.908526],[-64.282881,45.908541],[-64.28287,45.908091],[-64.281581,45.908105],[-64.281592,45.908555],[-64.282236,45.908548],[-64.282246,45.908998],[-64.28418,45.908976],[-64.284201,45.909876],[-64.282912,45.90989],[-64.282901,45.909441],[-64.282257,45.909448],[-64.282267,45.909898],[-64.281623,45.909905],[-64.281633,45.910355],[-64.282922,45.91034],[-64.282932,45.91079],[-64.282288,45.910798],[-64.282298,45.911247],[-64.281654,45.911255],[-64.281674,45.912155],[-64.282964,45.91214],[-64.282974,45.91259],[-64.28104,45.912612],[-64.28103,45.912162],[-64.280385,45.912169],[-64.280396,45.912619],[-64.279107,45.912633],[-64.279096,45.912183],[-64.278452,45.912191],[-64.278462,45.912641],[-64.279107,45.912633],[-64.279138,45.913983],[-64.279782,45.913976],[-64.279793,45.914426],[-64.279148,45.914433],[-64.279158,45.914883],[-64.278514,45.91489],[-64.278524,45.91534],[-64.279169,45.915333],[-64.279179,45.915783],[-64.279824,45.915775],[-64.279834,45.916225],[-64.281123,45.916211],[-64.281133,45.916661],[-64.281778,45.916654]],[[-64.29074,45.913853],[-64.287517,45.913889],[-64.287507,45.913439],[-64.290729,45.913403],[-64.29074,45.913853]],[[-64.280427,45.913969],[-64.279782,45.913976],[-64.279772,45.913526],[-64.280416,45.913519],[-64.280427,45.913969]],[[-64.292018,45.913388],[-64.291374,45.913395],[-64.291363,45.912945],[-64.292008,45.912938],[-64.292018,45.913388]],[[-64.286862,45.913446],[-64.286217,45.913454],[-64.286207,45.913004],[-64.286852,45.912996],[-64.286862,45.913446]],[[-64.283639,45.913483],[-64.282995,45.91349],[-64.282984,45.91304],[-64.283629,45.913033],[-64.283639,45.913483]],[[-64.291363,45.912945],[-64.288785,45.912975],[-64.288775,45.912525],[-64.286841,45.912546],[-64.28681,45.911197],[-64.287455,45.911189],[-64.287475,45.912089],[-64.28812,45.912082],[-64.288099,45.911182],[-64.289388,45.911168],[-64.289399,45.911618],[-64.288754,45.911625],[-64.288764,45.912075],[-64.289409,45.912067],[-64.289419,45.912517],[-64.291353,45.912496],[-64.291363,45.912945]],[[-64.281051,45.913062],[-64.280406,45.913069],[-64.280396,45.912619],[-64.28104,45.912612],[-64.281051,45.913062]],[[-64.290688,45.911603],[-64.290043,45.91161],[-64.290033,45.91116],[-64.290677,45.911153],[-64.290688,45.911603]],[[-64.286134,45.909854],[-64.284845,45.909869],[-64.284824,45.908969],[-64.286113,45.908954],[-64.286134,45.909854]],[[-64.288681,45.908475],[-64.288037,45.908483],[-64.288026,45.908033],[-64.288671,45.908026],[-64.288681,45.908475]],[[-64.286103,45.908505],[-64.284814,45.908519],[-64.284804,45.908069],[-64.285448,45.908062],[-64.285438,45.907612],[-64.286082,45.907605],[-64.286103,45.908505]],[[-64.290604,45.908004],[-64.28996,45.908011],[-64.289949,45.907561],[-64.289305,45.907568],[-64.289315,45.908018],[-64.288671,45.908026],[-64.28866,45.907576],[-64.288016,45.907583],[-64.288026,45.908033],[-64.287382,45.90804],[-64.287371,45.90759],[-64.286082,45.907605],[-64.286072,45.907155],[-64.288005,45.907133],[-64.287995,45.906683],[-64.289928,45.906661],[-64.289939,45.907111],[-64.290583,45.907104],[-64.290604,45.908004]]]},"properties":{"feature_id":"dorian-s1-0617","event_id":"dorian","category":"new_low_backscatter_after_dorian","area_ha":56.75,"center_lon":-64.285562,"center_lat":45.910094,"threshold_db":-18.086,"sensor":"Sentinel-1","polarization":"HV","interpretation":"candidate only; requires validation"}},{"type":"Feature","id":"dorian-s1-0618","geometry":{"type":"Polygon","coordinates":[[[-64.271924,45.908663],[-64.271914,45.908213],[-64.271269,45.90822],[-64.271259,45.907771],[-64.26997,45.907785],[-64.26996,45.907335],[-64.270604,45.907328],[-64.270594,45.906878],[-64.271238,45.906871],[-64.271249,45.907321],[-64.272538,45.907306],[-64.272527,45.906856],[-64.271238,45.906871],[-64.271218,45.905971],[-64.272507,45.905957],[-64.272497,45.905507],[-64.269919,45.905535],[-64.269908,45.905085],[-64.269264,45.905093],[-64.269254,45.904643],[-64.269898,45.904636],[-64.269888,45.904186],[-64.268599,45.9042],[-64.268589,45.90375],[-64.267944,45.903757],[-64.267955,45.904207],[-64.268599,45.9042],[-64.268609,45.90465],[-64.267965,45.904657],[-64.267975,45.905107],[-64.269264,45.905093],[-64.269284,45.905992],[-64.269929,45.905985],[-64.269949,45.906885],[-64.269305,45.906892],[-64.269315,45.907342],[-64.268671,45.907349],[-64.26866,45.906899],[-64.268016,45.906907],[-64.268026,45.907356],[-64.268671,45.907349],[-64.268691,45.908249],[-64.271269,45.90822],[-64.27128,45.90867],[-64.271924,45.908663]]]},"properties":{"feature_id":"dorian-s1-0618","event_id":"dorian","category":"new_low_backscatter_after_dorian","area_ha":6.75,"center_lon":-64.270241,"center_lat":45.90621,"threshold_db":-18.086,"sensor":"Sentinel-1","polarization":"HV","interpretation":"candidate only; requires validation"}},{"type":"Feature","id":"dorian-s1-0619","geometry":{"type":"Polygon","coordinates":[[[-64.351764,45.904596],[-64.351754,45.904146],[-64.352398,45.904139],[-64.352376,45.903239],[-64.351732,45.903247],[-64.351743,45.903697],[-64.351098,45.903704],[-64.351076,45.902804],[-64.348499,45.902835],[-64.34852,45.903735],[-64.349165,45.903727],[-64.349154,45.903277],[-64.349798,45.90327],[-64.349809,45.903719],[-64.350454,45.903712],[-64.350465,45.904162],[-64.351109,45.904154],[-64.35112,45.904604],[-64.351764,45.904596]]]},"properties":{"feature_id":"dorian-s1-0619","event_id":"dorian","category":"new_low_backscatter_after_dorian","area_ha":3.0,"center_lon":-64.350448,"center_lat":45.903704,"threshold_db":-18.086,"sensor":"Sentinel-1","polarization":"HV","interpretation":"candidate only; requires validation"}},{"type":"Feature","id":"dorian-s1-0620","geometry":{"type":"Polygon","coordinates":[[[-64.273775,45.905042],[-64.273765,45.904592],[-64.274409,45.904585],[-64.274399,45.904135],[-64.273755,45.904143],[-64.273744,45.903693],[-64.272455,45.903707],[-64.272466,45.904157],[-64.273755,45.904143],[-64.273765,45.904592],[-64.272476,45.904607],[-64.272486,45.905057],[-64.273775,45.905042]]]},"properties":{"feature_id":"dorian-s1-0620","event_id":"dorian","category":"new_low_backscatter_after_dorian","area_ha":1.25,"center_lon":-64.273432,"center_lat":45.904375,"threshold_db":-18.086,"sensor":"Sentinel-1","polarization":"HV","interpretation":"candidate only; requires validation"}},{"type":"Feature","id":"dorian-s1-0621","geometry":{"type":"Polygon","coordinates":[[[-64.259577,45.9043],[-64.259566,45.90385],[-64.256989,45.903878],[-64.256999,45.904328],[-64.259577,45.9043]]]},"properties":{"feature_id":"dorian-s1-0621","event_id":"dorian","category":"new_low_backscatter_after_dorian","area_ha":1.0,"center_lon":-64.258283,"center_lat":45.904089,"threshold_db":-18.086,"sensor":"Sentinel-1","polarization":"HV","interpretation":"candidate only; requires validation"}},{"type":"Feature","id":"dorian-s1-0622","geometry":{"type":"Polygon","coordinates":[[[-64.212628,45.909308],[-64.212619,45.908858],[-64.213263,45.908851],[-64.213244,45.907951],[-64.212599,45.907958],[-64.212589,45.907508],[-64.211945,45.907515],[-64.211935,45.907065],[-64.208712,45.907099],[-64.208703,45.906649],[-64.209347,45.906643],[-64.209318,45.905293],[-64.209962,45.905286],[-64.209953,45.904836],[-64.209308,45.904843],[-64.209298,45.904393],[-64.208009,45.904407],[-64.208,45.903957],[-64.206711,45.90397],[-64.20674,45.90532],[-64.207384,45.905313],[-64.207404,45.906213],[-64.208048,45.906206],[-64.208058,45.906656],[-64.207414,45.906663],[-64.207443,45.908013],[-64.209376,45.907992],[-64.209386,45.908442],[-64.208097,45.908456],[-64.208107,45.908906],[-64.209396,45.908892],[-64.209406,45.909342],[-64.210695,45.909328],[-64.210685,45.908879],[-64.21133,45.908872],[-64.21132,45.908422],[-64.211964,45.908415],[-64.211984,45.909315],[-64.212628,45.909308]]]},"properties":{"feature_id":"dorian-s1-0622","event_id":"dorian","category":"persistent_low_backscatter","area_ha":13.0,"center_lon":-64.209987,"center_lat":45.90665,"threshold_db":-18.086,"sensor":"Sentinel-1","polarization":"HV","interpretation":"candidate only; requires validation"}},{"type":"Feature","id":"dorian-s1-0623","geometry":{"type":"Polygon","coordinates":[[[-64.329832,45.903954],[-64.329821,45.903504],[-64.329177,45.903511],[-64.329166,45.903061],[-64.327877,45.903076],[-64.327866,45.902626],[-64.326578,45.902641],[-64.326588,45.903091],[-64.327233,45.903084],[-64.327243,45.903534],[-64.329177,45.903511],[-64.329187,45.903961],[-64.329832,45.903954]]]},"properties":{"feature_id":"dorian-s1-0623","event_id":"dorian","category":"new_low_backscatter_after_dorian","area_ha":1.5,"center_lon":-64.328205,"center_lat":45.903294,"threshold_db":-18.086,"sensor":"Sentinel-1","polarization":"HV","interpretation":"candidate only; requires validation"}},{"type":"Feature","id":"dorian-s1-0624","geometry":{"type":"Polygon","coordinates":[[[-64.276998,45.905006],[-64.276987,45.904557],[-64.276343,45.904564],[-64.276332,45.904114],[-64.275688,45.904121],[-64.275657,45.902771],[-64.275013,45.902778],[-64.275044,45.904128],[-64.275688,45.904121],[-64.275698,45.904571],[-64.276343,45.904564],[-64.276353,45.905014],[-64.276998,45.905006]]]},"properties":{"feature_id":"dorian-s1-0624","event_id":"dorian","category":"new_low_backscatter_after_dorian","area_ha":1.25,"center_lon":-64.276005,"center_lat":45.903892,"threshold_db":-18.086,"sensor":"Sentinel-1","polarization":"HV","interpretation":"candidate only; requires validation"}},{"type":"Feature","id":"dorian-s1-0625","geometry":{"type":"Polygon","coordinates":[[[-64.235741,45.90501],[-64.235731,45.90456],[-64.236376,45.904553],[-64.236346,45.903203],[-64.235701,45.90321],[-64.235711,45.90366],[-64.235067,45.903667],[-64.235057,45.903217],[-64.234413,45.903224],[-64.234433,45.904124],[-64.233788,45.904131],[-64.233798,45.904581],[-64.234443,45.904574],[-64.234452,45.905024],[-64.235741,45.90501]]]},"properties":{"feature_id":"dorian-s1-0625","event_id":"dorian","category":"new_low_backscatter_after_dorian","area_ha":2.75,"center_lon":-64.235082,"center_lat":45.904113,"threshold_db":-18.086,"sensor":"Sentinel-1","polarization":"HV","interpretation":"candidate only; requires validation"}},{"type":"Feature","id":"dorian-s1-0626","geometry":{"type":"Polygon","coordinates":[[[-64.37622,45.902954],[-64.376186,45.901605],[-64.374897,45.90162],[-64.37492,45.90252],[-64.375564,45.902512],[-64.375575,45.902962],[-64.37622,45.902954]]]},"properties":{"feature_id":"dorian-s1-0626","event_id":"dorian","category":"low_backscatter_no_longer_present","area_ha":1.25,"center_lon":-64.375559,"center_lat":45.902284,"threshold_db":-18.086,"sensor":"Sentinel-1","polarization":"HV","interpretation":"candidate only; requires validation"}},{"type":"Feature","id":"dorian-s1-0627","geometry":{"type":"Polygon","coordinates":[[[-64.387808,45.902364],[-64.387785,45.901464],[-64.386497,45.90148],[-64.386519,45.90238],[-64.387808,45.902364]]]},"properties":{"feature_id":"dorian-s1-0627","event_id":"dorian","category":"new_low_backscatter_after_dorian","area_ha":1.0,"center_lon":-64.387153,"center_lat":45.901922,"threshold_db":-18.086,"sensor":"Sentinel-1","polarization":"HV","interpretation":"candidate only; requires validation"}},{"type":"Feature","id":"dorian-s1-0628","geometry":{"type":"Polygon","coordinates":[[[-64.323377,45.903579],[-64.323366,45.903129],[-64.324655,45.903114],[-64.324644,45.902664],[-64.325289,45.902656],[-64.325278,45.902206],[-64.324634,45.902214],[-64.324644,45.902664],[-64.323355,45.902679],[-64.323366,45.903129],[-64.322077,45.903144],[-64.322088,45.903594],[-64.323377,45.903579]]]},"properties":{"feature_id":"dorian-s1-0628","event_id":"dorian","category":"new_low_backscatter_after_dorian","area_ha":1.25,"center_lon":-64.323683,"center_lat":45.9029,"threshold_db":-18.086,"sensor":"Sentinel-1","polarization":"HV","interpretation":"candidate only; requires validation"}},{"type":"Feature","id":"dorian-s1-0629","geometry":{"type":"Polygon","coordinates":[[[-64.360131,45.904047],[-64.36012,45.903597],[-64.359476,45.903605],[-64.359465,45.903155],[-64.35882,45.903163],[-64.358809,45.902713],[-64.358165,45.90272],[-64.358154,45.90227],[-64.35751,45.902278],[-64.357499,45.901828],[-64.35621,45.901843],[-64.356199,45.901394],[-64.355554,45.901401],[-64.355565,45.901851],[-64.35621,45.901843],[-64.356221,45.902293],[-64.35751,45.902278],[-64.35752,45.902728],[-64.358165,45.90272],[-64.358176,45.90317],[-64.35882,45.903163],[-64.358831,45.903612],[-64.359476,45.903605],[-64.359487,45.904055],[-64.360131,45.904047]]]},"properties":{"feature_id":"dorian-s1-0629","event_id":"dorian","category":"new_low_backscatter_after_dorian","area_ha":1.75,"center_lon":-64.357843,"center_lat":45.902725,"threshold_db":-18.086,"sensor":"Sentinel-1","polarization":"HV","interpretation":"candidate only; requires validation"}},{"type":"Feature","id":"dorian-s1-0630","geometry":{"type":"Polygon","coordinates":[[[-64.342087,45.90426],[-64.342076,45.903811],[-64.33821,45.903856],[-64.338199,45.903406],[-64.337554,45.903413],[-64.337543,45.902964],[-64.336899,45.902971],[-64.336867,45.901621],[-64.336222,45.901629],[-64.336255,45.902979],[-64.33561,45.902986],[-64.335589,45.902086],[-64.334944,45.902094],[-64.334933,45.901644],[-64.333645,45.901659],[-64.333666,45.902559],[-64.334311,45.902551],[-64.334321,45.903001],[-64.33561,45.902986],[-64.335621,45.903436],[-64.334977,45.903444],[-64.334987,45.903894],[-64.335632,45.903886],[-64.335643,45.904336],[-64.336287,45.904328],[-64.336276,45.903878],[-64.336921,45.903871],[-64.33691,45.903421],[-64.337554,45.903413],[-64.337565,45.903863],[-64.33821,45.903856],[-64.33822,45.904306],[-64.342087,45.90426]],[[-64.336276,45.903878],[-64.335632,45.903886],[-64.335621,45.903436],[-64.336265,45.903429],[-64.336276,45.903878]],[[-64.33691,45.903421],[-64.336265,45.903429],[-64.336255,45.902979],[-64.336899,45.902971],[-64.33691,45.903421]]]},"properties":{"feature_id":"dorian-s1-0630","event_id":"dorian","category":"new_low_backscatter_after_dorian","area_ha":5.5,"center_lon":-64.337866,"center_lat":45.902979,"threshold_db":-18.086,"sensor":"Sentinel-1","polarization":"HV","interpretation":"candidate only; requires validation"}},{"type":"Feature","id":"dorian-s1-0631","geometry":{"type":"Polygon","coordinates":[[[-64.226719,45.905107],[-64.226669,45.902858],[-64.226025,45.902865],[-64.226045,45.903764],[-64.2254,45.903771],[-64.22541,45.904221],[-64.224766,45.904228],[-64.224775,45.904678],[-64.224131,45.904685],[-64.224141,45.905135],[-64.22543,45.905121],[-64.22542,45.904671],[-64.226064,45.904664],[-64.226074,45.905114],[-64.226719,45.905107]]]},"properties":{"feature_id":"dorian-s1-0631","event_id":"dorian","category":"new_low_backscatter_after_dorian","area_ha":2.5,"center_lon":-64.225425,"center_lat":45.903997,"threshold_db":-18.086,"sensor":"Sentinel-1","polarization":"HV","interpretation":"candidate only; requires validation"}},{"type":"Feature","id":"dorian-s1-0632","geometry":{"type":"Polygon","coordinates":[[[-64.263454,45.904707],[-64.263443,45.904257],[-64.262799,45.904264],[-64.262789,45.903814],[-64.264722,45.903793],[-64.264712,45.903343],[-64.264067,45.90335],[-64.264057,45.9029],[-64.264702,45.902893],[-64.264691,45.902443],[-64.264047,45.90245],[-64.264057,45.9029],[-64.262768,45.902914],[-64.262778,45.903364],[-64.262134,45.903371],[-64.262154,45.904271],[-64.262799,45.904264],[-64.262809,45.904714],[-64.263454,45.904707]]]},"properties":{"feature_id":"dorian-s1-0632","event_id":"dorian","category":"new_low_backscatter_after_dorian","area_ha":2.25,"center_lon":-64.263428,"center_lat":45.903578,"threshold_db":-18.086,"sensor":"Sentinel-1","polarization":"HV","interpretation":"candidate only; requires validation"}},{"type":"Feature","id":"dorian-s1-0633","geometry":{"type":"Polygon","coordinates":[[[-64.342054,45.902911],[-64.342011,45.901111],[-64.341367,45.901119],[-64.34141,45.902918],[-64.342054,45.902911]]]},"properties":{"feature_id":"dorian-s1-0633","event_id":"dorian","category":"new_low_backscatter_after_dorian","area_ha":1.0,"center_lon":-64.341711,"center_lat":45.902014,"threshold_db":-18.086,"sensor":"Sentinel-1","polarization":"HV","interpretation":"candidate only; requires validation"}},{"type":"Feature","id":"dorian-s1-0634","geometry":{"type":"Polygon","coordinates":[[[-64.266645,45.903322],[-64.266635,45.902872],[-64.267279,45.902864],[-64.267269,45.902415],[-64.266625,45.902422],[-64.266614,45.901972],[-64.26597,45.901979],[-64.26599,45.902879],[-64.265346,45.902886],[-64.265356,45.903336],[-64.266645,45.903322]]]},"properties":{"feature_id":"dorian-s1-0634","event_id":"dorian","category":"new_low_backscatter_after_dorian","area_ha":1.25,"center_lon":-64.266312,"center_lat":45.902654,"threshold_db":-18.086,"sensor":"Sentinel-1","polarization":"HV","interpretation":"candidate only; requires validation"}},{"type":"Feature","id":"dorian-s1-0635","geometry":{"type":"Polygon","coordinates":[[[-64.323345,45.902229],[-64.323334,45.901779],[-64.32269,45.901786],[-64.322679,45.901337],[-64.32139,45.901351],[-64.321401,45.901801],[-64.322045,45.901794],[-64.322056,45.902244],[-64.323345,45.902229]]]},"properties":{"feature_id":"dorian-s1-0635","event_id":"dorian","category":"new_low_backscatter_after_dorian","area_ha":1.0,"center_lon":-64.322367,"center_lat":45.901791,"threshold_db":-18.086,"sensor":"Sentinel-1","polarization":"HV","interpretation":"candidate only; requires validation"}},{"type":"Feature","id":"dorian-s1-0636","geometry":{"type":"Polygon","coordinates":[[[-64.315686,45.905468],[-64.315644,45.903668],[-64.316288,45.90366],[-64.316277,45.903211],[-64.316922,45.903203],[-64.316911,45.902753],[-64.317556,45.902746],[-64.317545,45.902296],[-64.318189,45.902288],[-64.318179,45.901839],[-64.318823,45.901831],[-64.318812,45.901381],[-64.319457,45.901374],[-64.319446,45.900924],[-64.318802,45.900931],[-64.318812,45.901381],[-64.318168,45.901389],[-64.318179,45.901839],[-64.317534,45.901846],[-64.317545,45.902296],[-64.316901,45.902303],[-64.316911,45.902753],[-64.316267,45.902761],[-64.316277,45.903211],[-64.315633,45.903218],[-64.315644,45.903668],[-64.314999,45.903675],[-64.315042,45.905475],[-64.315686,45.905468]]]},"properties":{"feature_id":"dorian-s1-0636","event_id":"dorian","category":"persistent_low_backscatter","area_ha":2.5,"center_lon":-64.317228,"center_lat":45.903199,"threshold_db":-18.086,"sensor":"Sentinel-1","polarization":"HV","interpretation":"candidate only; requires validation"}},{"type":"Feature","id":"dorian-s1-0637","geometry":{"type":"Polygon","coordinates":[[[-64.239578,45.903618],[-64.239558,45.902719],[-64.240203,45.902712],[-64.240183,45.901812],[-64.239538,45.901819],[-64.239548,45.902269],[-64.238904,45.902276],[-64.238914,45.902726],[-64.238269,45.902733],[-64.238289,45.903632],[-64.239578,45.903618]]]},"properties":{"feature_id":"dorian-s1-0637","event_id":"dorian","category":"new_low_backscatter_after_dorian","area_ha":1.75,"center_lon":-64.239236,"center_lat":45.902722,"threshold_db":-18.086,"sensor":"Sentinel-1","polarization":"HV","interpretation":"candidate only; requires validation"}},{"type":"Feature","id":"dorian-s1-0638","geometry":{"type":"Polygon","coordinates":[[[-64.218956,45.90384],[-64.218946,45.90339],[-64.218301,45.903397],[-64.218282,45.902497],[-64.218926,45.902491],[-64.218916,45.902041],[-64.217627,45.902054],[-64.217637,45.902504],[-64.216993,45.902511],[-64.217012,45.903411],[-64.217657,45.903404],[-64.217667,45.903854],[-64.218956,45.90384]]]},"properties":{"feature_id":"dorian-s1-0638","event_id":"dorian","category":"new_low_backscatter_after_dorian","area_ha":2.0,"center_lon":-64.217974,"center_lat":45.902947,"threshold_db":-18.086,"sensor":"Sentinel-1","polarization":"HV","interpretation":"candidate only; requires validation"}},{"type":"Feature","id":"dorian-s1-0639","geometry":{"type":"Polygon","coordinates":[[[-64.356854,45.901836],[-64.356843,45.901386],[-64.356199,45.901394],[-64.356188,45.900944],[-64.355543,45.900951],[-64.355532,45.900501],[-64.354244,45.900517],[-64.354255,45.900967],[-64.354899,45.900959],[-64.35491,45.901409],[-64.356199,45.901394],[-64.35621,45.901843],[-64.356854,45.901836]]]},"properties":{"feature_id":"dorian-s1-0639","event_id":"dorian","category":"persistent_low_backscatter","area_ha":1.25,"center_lon":-64.355549,"center_lat":45.901172,"threshold_db":-18.086,"sensor":"Sentinel-1","polarization":"HV","interpretation":"candidate only; requires validation"}},{"type":"Feature","id":"dorian-s1-0640","geometry":{"type":"Polygon","coordinates":[[[-64.23698,45.902747],[-64.23696,45.901847],[-64.235672,45.901861],[-64.235692,45.90276],[-64.23698,45.902747]]]},"properties":{"feature_id":"dorian-s1-0640","event_id":"dorian","category":"new_low_backscatter_after_dorian","area_ha":1.0,"center_lon":-64.236326,"center_lat":45.902304,"threshold_db":-18.086,"sensor":"Sentinel-1","polarization":"HV","interpretation":"candidate only; requires validation"}},{"type":"Feature","id":"dorian-s1-0641","geometry":{"type":"Polygon","coordinates":[[[-64.208654,45.9044],[-64.208644,45.90395],[-64.208,45.903957],[-64.20799,45.903507],[-64.206701,45.90352],[-64.206672,45.902171],[-64.204738,45.902191],[-64.204729,45.901741],[-64.204084,45.901748],[-64.204094,45.902198],[-64.204738,45.902191],[-64.204748,45.902641],[-64.206037,45.902627],[-64.206047,45.903077],[-64.205402,45.903084],[-64.205412,45.903534],[-64.206701,45.90352],[-64.206711,45.90397],[-64.208,45.903957],[-64.208009,45.904407],[-64.208654,45.9044]]]},"properties":{"feature_id":"dorian-s1-0641","event_id":"dorian","category":"new_low_backscatter_after_dorian","area_ha":2.5,"center_lon":-64.206369,"center_lat":45.903074,"threshold_db":-18.086,"sensor":"Sentinel-1","polarization":"HV","interpretation":"candidate only; requires validation"}},{"type":"Feature","id":"dorian-s1-0642","geometry":{"type":"Polygon","coordinates":[[[-64.368464,45.902147],[-64.368442,45.901248],[-64.369087,45.90124],[-64.369065,45.90034],[-64.36842,45.900348],[-64.368409,45.899898],[-64.367765,45.899906],[-64.36782,45.902155],[-64.368464,45.902147]]]},"properties":{"feature_id":"dorian-s1-0642","event_id":"dorian","category":"persistent_low_backscatter","area_ha":1.75,"center_lon":-64.368426,"center_lat":45.901027,"threshold_db":-18.086,"sensor":"Sentinel-1","polarization":"HV","interpretation":"candidate only; requires validation"}},{"type":"Feature","id":"dorian-s1-0643","geometry":{"type":"Polygon","coordinates":[[[-64.3182,45.902738],[-64.318189,45.902288],[-64.318834,45.902281],[-64.318823,45.901831],[-64.319468,45.901824],[-64.319457,45.901374],[-64.320101,45.901366],[-64.32008,45.900467],[-64.319436,45.900474],[-64.319457,45.901374],[-64.318812,45.901381],[-64.318823,45.901831],[-64.318179,45.901839],[-64.318189,45.902288],[-64.317545,45.902296],[-64.317556,45.902746],[-64.3182,45.902738]]]},"properties":{"feature_id":"dorian-s1-0643","event_id":"dorian","category":"new_low_backscatter_after_dorian","area_ha":1.25,"center_lon":-64.318823,"center_lat":45.901606,"threshold_db":-18.086,"sensor":"Sentinel-1","polarization":"HV","interpretation":"candidate only; requires validation"}},{"type":"Feature","id":"dorian-s1-0644","geometry":{"type":"Polygon","coordinates":[[[-64.255035,45.903],[-64.255025,45.90255],[-64.255669,45.902543],[-64.255659,45.902093],[-64.256304,45.902086],[-64.256293,45.901636],[-64.256938,45.901629],[-64.256928,45.901179],[-64.255639,45.901193],[-64.255659,45.902093],[-64.255015,45.9021],[-64.255025,45.90255],[-64.25438,45.902557],[-64.254391,45.903007],[-64.255035,45.903]]]},"properties":{"feature_id":"dorian-s1-0644","event_id":"dorian","category":"new_low_backscatter_after_dorian","area_ha":1.25,"center_lon":-64.255659,"center_lat":45.902093,"threshold_db":-18.086,"sensor":"Sentinel-1","polarization":"HV","interpretation":"candidate only; requires validation"}},{"type":"Feature","id":"dorian-s1-0645","geometry":{"type":"Polygon","coordinates":[[[-64.399373,45.900873],[-64.39935,45.899973],[-64.398706,45.899981],[-64.398695,45.899531],[-64.39805,45.899539],[-64.398062,45.899989],[-64.398706,45.899981],[-64.398717,45.900431],[-64.398073,45.900439],[-64.398084,45.900889],[-64.399373,45.900873]]]},"properties":{"feature_id":"dorian-s1-0645","event_id":"dorian","category":"new_low_backscatter_after_dorian","area_ha":1.0,"center_lon":-64.398711,"center_lat":45.90021,"threshold_db":-18.086,"sensor":"Sentinel-1","polarization":"HV","interpretation":"candidate only; requires validation"}},{"type":"Feature","id":"dorian-s1-0646","geometry":{"type":"Polygon","coordinates":[[[-64.34591,45.902415],[-64.345888,45.901516],[-64.346533,45.901508],[-64.346489,45.899708],[-64.345845,45.899716],[-64.345888,45.901516],[-64.345244,45.901523],[-64.345266,45.902423],[-64.34591,45.902415]]]},"properties":{"feature_id":"dorian-s1-0646","event_id":"dorian","category":"new_low_backscatter_after_dorian","area_ha":1.5,"center_lon":-64.345889,"center_lat":45.901066,"threshold_db":-18.086,"sensor":"Sentinel-1","polarization":"HV","interpretation":"candidate only; requires validation"}},{"type":"Feature","id":"dorian-s1-0647","geometry":{"type":"Polygon","coordinates":[[[-64.354255,45.900967],[-64.354222,45.899617],[-64.353577,45.899625],[-64.353588,45.900074],[-64.352944,45.900082],[-64.352955,45.900532],[-64.353599,45.900524],[-64.35361,45.900974],[-64.354255,45.900967]]]},"properties":{"feature_id":"dorian-s1-0647","event_id":"dorian","category":"new_low_backscatter_after_dorian","area_ha":1.0,"center_lon":-64.3536,"center_lat":45.900295,"threshold_db":-18.086,"sensor":"Sentinel-1","polarization":"HV","interpretation":"candidate only; requires validation"}},{"type":"Feature","id":"dorian-s1-0648","geometry":{"type":"Polygon","coordinates":[[[-64.16028,45.903101],[-64.160271,45.902651],[-64.160915,45.902645],[-64.160887,45.901295],[-64.160243,45.901301],[-64.160271,45.902651],[-64.159626,45.902658],[-64.159636,45.903108],[-64.16028,45.903101]]]},"properties":{"feature_id":"dorian-s1-0648","event_id":"dorian","category":"new_low_backscatter_after_dorian","area_ha":1.0,"center_lon":-64.16027,"center_lat":45.902202,"threshold_db":-18.086,"sensor":"Sentinel-1","polarization":"HV","interpretation":"candidate only; requires validation"}},{"type":"Feature","id":"dorian-s1-0649","geometry":{"type":"Polygon","coordinates":[[[-64.336201,45.900729],[-64.336179,45.899829],[-64.336823,45.899822],[-64.336813,45.899372],[-64.335524,45.899387],[-64.335556,45.900737],[-64.336201,45.900729]]]},"properties":{"feature_id":"dorian-s1-0649","event_id":"dorian","category":"new_low_backscatter_after_dorian","area_ha":1.0,"center_lon":-64.336174,"center_lat":45.900054,"threshold_db":-18.086,"sensor":"Sentinel-1","polarization":"HV","interpretation":"candidate only; requires validation"}},{"type":"Feature","id":"dorian-s1-0650","geometry":{"type":"Polygon","coordinates":[[[-64.371631,45.899859],[-64.37162,45.899409],[-64.372264,45.899402],[-64.372253,45.898952],[-64.372898,45.898944],[-64.372887,45.898494],[-64.371598,45.89851],[-64.37162,45.899409],[-64.370331,45.899425],[-64.370342,45.899875],[-64.371631,45.899859]]]},"properties":{"feature_id":"dorian-s1-0650","event_id":"dorian","category":"new_low_backscatter_after_dorian","area_ha":1.25,"center_lon":-64.371614,"center_lat":45.899185,"threshold_db":-18.086,"sensor":"Sentinel-1","polarization":"HV","interpretation":"candidate only; requires validation"}},{"type":"Feature","id":"dorian-s1-0651","geometry":{"type":"Polygon","coordinates":[[[-64.268527,45.901051],[-64.268517,45.900601],[-64.269161,45.900593],[-64.269151,45.900144],[-64.268507,45.900151],[-64.268497,45.899701],[-64.267208,45.899715],[-64.267218,45.900165],[-64.268507,45.900151],[-64.268517,45.900601],[-64.267873,45.900608],[-64.267883,45.901058],[-64.268527,45.901051]]]},"properties":{"feature_id":"dorian-s1-0651","event_id":"dorian","category":"new_low_backscatter_after_dorian","area_ha":1.0,"center_lon":-64.268184,"center_lat":45.900379,"threshold_db":-18.086,"sensor":"Sentinel-1","polarization":"HV","interpretation":"candidate only; requires validation"}},{"type":"Feature","id":"dorian-s1-0652","geometry":{"type":"Polygon","coordinates":[[[-64.243385,45.900877],[-64.243375,45.900427],[-64.244663,45.900413],[-64.244653,45.899963],[-64.243365,45.899977],[-64.243375,45.900427],[-64.242086,45.900441],[-64.242096,45.900891],[-64.243385,45.900877]]]},"properties":{"feature_id":"dorian-s1-0652","event_id":"dorian","category":"new_low_backscatter_after_dorian","area_ha":1.0,"center_lon":-64.243375,"center_lat":45.900427,"threshold_db":-18.086,"sensor":"Sentinel-1","polarization":"HV","interpretation":"candidate only; requires validation"}},{"type":"Feature","id":"dorian-s1-0653","geometry":{"type":"Polygon","coordinates":[[[-64.269888,45.904186],[-64.269878,45.903736],[-64.269233,45.903743],[-64.269202,45.902393],[-64.270491,45.902379],[-64.270481,45.901929],[-64.27177,45.901915],[-64.27176,45.901465],[-64.273693,45.901443],[-64.273683,45.900993],[-64.274327,45.900986],[-64.274306,45.900086],[-64.273662,45.900093],[-64.273641,45.899194],[-64.272997,45.899201],[-64.273038,45.901],[-64.27046,45.901029],[-64.270471,45.901479],[-64.269182,45.901493],[-64.269202,45.902393],[-64.268558,45.9024],[-64.268599,45.9042],[-64.269888,45.904186]]]},"properties":{"feature_id":"dorian-s1-0653","event_id":"dorian","category":"persistent_low_backscatter","area_ha":5.5,"center_lon":-64.271443,"center_lat":45.901697,"threshold_db":-18.086,"sensor":"Sentinel-1","polarization":"HV","interpretation":"candidate only; requires validation"}},{"type":"Feature","id":"dorian-s1-0654","geometry":{"type":"Polygon","coordinates":[[[-64.339401,45.899792],[-64.33939,45.899342],[-64.340035,45.899334],[-64.340013,45.898434],[-64.339369,45.898442],[-64.339379,45.898892],[-64.338735,45.898899],[-64.338746,45.899349],[-64.338101,45.899357],[-64.338112,45.899807],[-64.339401,45.899792]]]},"properties":{"feature_id":"dorian-s1-0654","event_id":"dorian","category":"new_low_backscatter_after_dorian","area_ha":1.25,"center_lon":-64.339068,"center_lat":45.899121,"threshold_db":-18.086,"sensor":"Sentinel-1","polarization":"HV","interpretation":"candidate only; requires validation"}},{"type":"Feature","id":"dorian-s1-0655","geometry":{"type":"Polygon","coordinates":[[[-64.228563,45.901037],[-64.228543,45.900137],[-64.227899,45.900144],[-64.227889,45.899694],[-64.227244,45.899701],[-64.227274,45.901051],[-64.228563,45.901037]]]},"properties":{"feature_id":"dorian-s1-0655","event_id":"dorian","category":"new_low_backscatter_after_dorian","area_ha":1.25,"center_lon":-64.227903,"center_lat":45.900373,"threshold_db":-18.086,"sensor":"Sentinel-1","polarization":"HV","interpretation":"candidate only; requires validation"}},{"type":"Feature","id":"dorian-s1-0656","geometry":{"type":"Polygon","coordinates":[[[-64.375464,45.898463],[-64.375442,45.897563],[-64.374153,45.897579],[-64.374164,45.898029],[-64.37352,45.898036],[-64.373531,45.898486],[-64.374175,45.898479],[-64.374164,45.898029],[-64.374809,45.898021],[-64.37482,45.898471],[-64.375464,45.898463]]]},"properties":{"feature_id":"dorian-s1-0656","event_id":"dorian","category":"persistent_low_backscatter","area_ha":1.0,"center_lon":-64.374492,"center_lat":45.898024,"threshold_db":-18.086,"sensor":"Sentinel-1","polarization":"HV","interpretation":"candidate only; requires validation"}},{"type":"Feature","id":"dorian-s1-0657","geometry":{"type":"Polygon","coordinates":[[[-64.224686,45.900629],[-64.224677,45.900179],[-64.224032,45.900186],[-64.224022,45.899736],[-64.225955,45.899715],[-64.225946,45.899265],[-64.224012,45.899286],[-64.224022,45.899736],[-64.223378,45.899743],[-64.223388,45.900193],[-64.224032,45.900186],[-64.224042,45.900636],[-64.224686,45.900629]]]},"properties":{"feature_id":"dorian-s1-0657","event_id":"dorian","category":"new_low_backscatter_after_dorian","area_ha":1.25,"center_lon":-64.224666,"center_lat":45.899951,"threshold_db":-18.086,"sensor":"Sentinel-1","polarization":"HV","interpretation":"candidate only; requires validation"}},{"type":"Feature","id":"dorian-s1-0658","geometry":{"type":"Polygon","coordinates":[[[-64.324591,45.900414],[-64.32458,45.899964],[-64.325224,45.899957],[-64.325214,45.899507],[-64.324569,45.899515],[-64.324548,45.898615],[-64.325192,45.898607],[-64.325182,45.898157],[-64.325826,45.89815],[-64.325815,45.8977],[-64.325171,45.897707],[-64.325182,45.898157],[-64.324537,45.898165],[-64.324548,45.898615],[-64.323904,45.898622],[-64.323925,45.899522],[-64.323281,45.899529],[-64.323291,45.899979],[-64.323936,45.899972],[-64.323946,45.900422],[-64.324591,45.900414]],[[-64.32458,45.899964],[-64.323936,45.899972],[-64.323925,45.899522],[-64.324569,45.899515],[-64.32458,45.899964]]]},"properties":{"feature_id":"dorian-s1-0658","event_id":"dorian","category":"new_low_backscatter_after_dorian","area_ha":1.75,"center_lon":-64.324554,"center_lat":45.899061,"threshold_db":-18.086,"sensor":"Sentinel-1","polarization":"HV","interpretation":"candidate only; requires validation"}},{"type":"Feature","id":"dorian-s1-0659","geometry":{"type":"Polygon","coordinates":[[[-64.331013,45.89944],[-64.331002,45.89899],[-64.331647,45.898982],[-64.331625,45.898082],[-64.330337,45.898097],[-64.330326,45.897648],[-64.329681,45.897655],[-64.329692,45.898105],[-64.330337,45.898097],[-64.330347,45.898547],[-64.329059,45.898562],[-64.329048,45.898112],[-64.327759,45.898127],[-64.327781,45.899027],[-64.328425,45.89902],[-64.328414,45.89857],[-64.329059,45.898562],[-64.329069,45.899012],[-64.330358,45.898997],[-64.330369,45.899447],[-64.331013,45.89944]]]},"properties":{"feature_id":"dorian-s1-0659","event_id":"dorian","category":"new_low_backscatter_after_dorian","area_ha":2.75,"center_lon":-64.329703,"center_lat":45.898547,"threshold_db":-18.086,"sensor":"Sentinel-1","polarization":"HV","interpretation":"candidate only; requires validation"}},{"type":"Feature","id":"dorian-s1-0660","geometry":{"type":"Polygon","coordinates":[[[-64.270471,45.901479],[-64.27046,45.901029],[-64.273038,45.901],[-64.273018,45.900101],[-64.271729,45.900115],[-64.271698,45.898765],[-64.272342,45.898758],[-64.272322,45.897858],[-64.271677,45.897865],[-64.271698,45.898765],[-64.271054,45.898772],[-64.271043,45.898322],[-64.269755,45.898337],[-64.269796,45.900136],[-64.271084,45.900122],[-64.271095,45.900572],[-64.27045,45.900579],[-64.27046,45.901029],[-64.269816,45.901036],[-64.269826,45.901486],[-64.270471,45.901479]]]},"properties":{"feature_id":"dorian-s1-0660","event_id":"dorian","category":"new_low_backscatter_after_dorian","area_ha":5.25,"center_lon":-64.271397,"center_lat":45.899672,"threshold_db":-18.086,"sensor":"Sentinel-1","polarization":"HV","interpretation":"candidate only; requires validation"}},{"type":"Feature","id":"dorian-s1-0661","geometry":{"type":"Polygon","coordinates":[[[-64.256897,45.899829],[-64.256887,45.899379],[-64.257531,45.899372],[-64.257511,45.898472],[-64.258156,45.898465],[-64.258145,45.898015],[-64.256857,45.898029],[-64.256867,45.898479],[-64.256222,45.898486],[-64.256253,45.899836],[-64.256897,45.899829]]]},"properties":{"feature_id":"dorian-s1-0661","event_id":"dorian","category":"new_low_backscatter_after_dorian","area_ha":1.75,"center_lon":-64.257189,"center_lat":45.898926,"threshold_db":-18.086,"sensor":"Sentinel-1","polarization":"HV","interpretation":"candidate only; requires validation"}},{"type":"Feature","id":"dorian-s1-0662","geometry":{"type":"Polygon","coordinates":[[[-64.374164,45.898029],[-64.374153,45.897579],[-64.373509,45.897587],[-64.373487,45.896687],[-64.372198,45.896702],[-64.37222,45.897602],[-64.371576,45.89761],[-64.371587,45.89806],[-64.372231,45.898052],[-64.37222,45.897602],[-64.373509,45.897587],[-64.37352,45.898036],[-64.374164,45.898029]]]},"properties":{"feature_id":"dorian-s1-0662","event_id":"dorian","category":"low_backscatter_no_longer_present","area_ha":1.5,"center_lon":-64.37287,"center_lat":45.897374,"threshold_db":-18.086,"sensor":"Sentinel-1","polarization":"HV","interpretation":"candidate only; requires validation"}},{"type":"Feature","id":"dorian-s1-0663","geometry":{"type":"Polygon","coordinates":[[[-64.337435,45.898465],[-64.337425,45.898015],[-64.338069,45.898007],[-64.338058,45.897557],[-64.337414,45.897565],[-64.337403,45.897115],[-64.336759,45.897122],[-64.336769,45.897572],[-64.336125,45.89758],[-64.336147,45.89848],[-64.337435,45.898465]],[[-64.337425,45.898015],[-64.33678,45.898022],[-64.336769,45.897572],[-64.337414,45.897565],[-64.337425,45.898015]]]},"properties":{"feature_id":"dorian-s1-0663","event_id":"dorian","category":"new_low_backscatter_after_dorian","area_ha":1.25,"center_lon":-64.337097,"center_lat":45.897797,"threshold_db":-18.086,"sensor":"Sentinel-1","polarization":"HV","interpretation":"candidate only; requires validation"}},{"type":"Feature","id":"dorian-s1-0664","geometry":{"type":"Polygon","coordinates":[[[-64.352289,45.89964],[-64.352278,45.89919],[-64.351633,45.899198],[-64.351622,45.898748],[-64.350978,45.898755],[-64.350967,45.898305],[-64.350323,45.898313],[-64.350312,45.897863],[-64.349668,45.897871],[-64.349657,45.897421],[-64.349012,45.897428],[-64.34899,45.896529],[-64.348346,45.896536],[-64.348379,45.897886],[-64.349668,45.897871],[-64.349678,45.898321],[-64.350323,45.898313],[-64.350334,45.898763],[-64.350978,45.898755],[-64.350989,45.899205],[-64.351633,45.899198],[-64.351644,45.899647],[-64.352289,45.89964]]]},"properties":{"feature_id":"dorian-s1-0664","event_id":"dorian","category":"persistent_low_backscatter","area_ha":2.0,"center_lon":-64.350318,"center_lat":45.898088,"threshold_db":-18.086,"sensor":"Sentinel-1","polarization":"HV","interpretation":"candidate only; requires validation"}},{"type":"Feature","id":"dorian-s1-0665","geometry":{"type":"Polygon","coordinates":[[[-64.269131,45.899244],[-64.26909,45.897444],[-64.269734,45.897437],[-64.269724,45.896987],[-64.269079,45.896994],[-64.26909,45.897444],[-64.268445,45.897451],[-64.268486,45.899251],[-64.269131,45.899244]]]},"properties":{"feature_id":"dorian-s1-0665","event_id":"dorian","category":"new_low_backscatter_after_dorian","area_ha":1.25,"center_lon":-64.26909,"center_lat":45.898119,"threshold_db":-18.086,"sensor":"Sentinel-1","polarization":"HV","interpretation":"candidate only; requires validation"}},{"type":"Feature","id":"dorian-s1-0666","geometry":{"type":"Polygon","coordinates":[[[-64.233034,45.899189],[-64.233024,45.898739],[-64.23238,45.898746],[-64.23236,45.897846],[-64.231715,45.897853],[-64.231705,45.897403],[-64.231061,45.89741],[-64.231071,45.89786],[-64.231715,45.897853],[-64.231725,45.898303],[-64.231081,45.89831],[-64.231101,45.89921],[-64.233034,45.899189]]]},"properties":{"feature_id":"dorian-s1-0666","event_id":"dorian","category":"new_low_backscatter_after_dorian","area_ha":1.75,"center_lon":-64.232047,"center_lat":45.898306,"threshold_db":-18.086,"sensor":"Sentinel-1","polarization":"HV","interpretation":"candidate only; requires validation"}},{"type":"Feature","id":"dorian-s1-0667","geometry":{"type":"Polygon","coordinates":[[[-64.299396,45.898003],[-64.299365,45.896654],[-64.29872,45.896661],[-64.298731,45.897111],[-64.298086,45.897118],[-64.298097,45.897568],[-64.298741,45.897561],[-64.298752,45.898011],[-64.299396,45.898003]]]},"properties":{"feature_id":"dorian-s1-0667","event_id":"dorian","category":"new_low_backscatter_after_dorian","area_ha":1.0,"center_lon":-64.298741,"center_lat":45.897332,"threshold_db":-18.086,"sensor":"Sentinel-1","polarization":"HV","interpretation":"candidate only; requires validation"}},{"type":"Feature","id":"dorian-s1-0668","geometry":{"type":"Polygon","coordinates":[[[-64.29553,45.898047],[-64.295519,45.897597],[-64.296164,45.89759],[-64.296143,45.89669],[-64.295498,45.896698],[-64.295519,45.897597],[-64.294231,45.897612],[-64.294241,45.898062],[-64.29553,45.898047]]]},"properties":{"feature_id":"dorian-s1-0668","event_id":"dorian","category":"new_low_backscatter_after_dorian","area_ha":1.0,"center_lon":-64.295198,"center_lat":45.897376,"threshold_db":-18.086,"sensor":"Sentinel-1","polarization":"HV","interpretation":"candidate only; requires validation"}},{"type":"Feature","id":"dorian-s1-0669","geometry":{"type":"Polygon","coordinates":[[[-64.148202,45.911324],[-64.148193,45.910874],[-64.148838,45.910867],[-64.148828,45.910417],[-64.150117,45.910404],[-64.150108,45.909954],[-64.150753,45.909948],[-64.150725,45.908598],[-64.151369,45.908592],[-64.15136,45.908142],[-64.152649,45.908129],[-64.15264,45.907679],[-64.153929,45.907666],[-64.153919,45.907216],[-64.154564,45.907209],[-64.154555,45.906759],[-64.156488,45.90674],[-64.156498,45.90719],[-64.158431,45.90717],[-64.158412,45.90627],[-64.159057,45.906264],[-64.15901,45.904014],[-64.159655,45.904008],[-64.159626,45.902658],[-64.160271,45.902651],[-64.160243,45.901301],[-64.160887,45.901295],[-64.160878,45.900845],[-64.160233,45.900851],[-64.160224,45.900401],[-64.160868,45.900395],[-64.160859,45.899945],[-64.161504,45.899938],[-64.161494,45.899489],[-64.162139,45.899482],[-64.16211,45.898132],[-64.160822,45.898145],[-64.160812,45.897695],[-64.158879,45.897715],[-64.158888,45.898165],[-64.158244,45.898171],[-64.158235,45.897722],[-64.156946,45.897735],[-64.156955,45.898185],[-64.156311,45.898191],[-64.15632,45.898641],[-64.155676,45.898647],[-64.155685,45.899097],[-64.154396,45.89911],[-64.154424,45.90046],[-64.15378,45.900467],[-64.153826,45.902716],[-64.154471,45.90271],[-64.154489,45.90361],[-64.153845,45.903616],[-64.153854,45.904066],[-64.154499,45.90406],[-64.154508,45.90451],[-64.152575,45.904529],[-64.152584,45.904979],[-64.151939,45.904986],[-64.15193,45.904536],[-64.149997,45.904555],[-64.150006,45.905005],[-64.148717,45.905018],[-64.148726,45.905468],[-64.147437,45.905481],[-64.147446,45.905931],[-64.146802,45.905937],[-64.146811,45.906387],[-64.144878,45.906407],[-64.144887,45.906857],[-64.144242,45.906863],[-64.144252,45.907313],[-64.142963,45.907326],[-64.142972,45.907776],[-64.141683,45.907789],[-64.141692,45.908239],[-64.141048,45.908245],[-64.141057,45.908695],[-64.140412,45.908701],[-64.140431,45.909601],[-64.143009,45.909576],[-64.143018,45.910025],[-64.144307,45.910013],[-64.144326,45.910912],[-64.145615,45.9109],[-64.145624,45.911349],[-64.148202,45.911324]]]},"properties":{"feature_id":"dorian-s1-0669","event_id":"dorian","category":"persistent_low_backscatter","area_ha":90.0,"center_lon":-64.151275,"center_lat":45.904522,"threshold_db":-18.086,"sensor":"Sentinel-1","polarization":"HV","interpretation":"candidate only; requires validation"}},{"type":"Feature","id":"dorian-s1-0670","geometry":{"type":"Polygon","coordinates":[[[-64.243989,45.89907],[-64.243969,45.89817],[-64.24268,45.898184],[-64.24267,45.897734],[-64.243314,45.897727],[-64.243304,45.897278],[-64.242016,45.897292],[-64.242006,45.896842],[-64.241361,45.896849],[-64.241371,45.897299],[-64.242016,45.897292],[-64.242036,45.898191],[-64.24268,45.898184],[-64.2427,45.899084],[-64.243989,45.89907]]]},"properties":{"feature_id":"dorian-s1-0670","event_id":"dorian","category":"new_low_backscatter_after_dorian","area_ha":2.0,"center_lon":-64.242675,"center_lat":45.897963,"threshold_db":-18.086,"sensor":"Sentinel-1","polarization":"HV","interpretation":"candidate only; requires validation"}},{"type":"Feature","id":"dorian-s1-0671","geometry":{"type":"Polygon","coordinates":[[[-64.383163,45.89702],[-64.38314,45.89612],[-64.382496,45.896128],[-64.382485,45.895678],[-64.381841,45.895686],[-64.381829,45.895236],[-64.380541,45.895252],[-64.380563,45.896151],[-64.381207,45.896144],[-64.381196,45.895694],[-64.381841,45.895686],[-64.381863,45.896586],[-64.382507,45.896578],[-64.382518,45.897028],[-64.383163,45.89702]]]},"properties":{"feature_id":"dorian-s1-0671","event_id":"dorian","category":"new_low_backscatter_after_dorian","area_ha":1.75,"center_lon":-64.381852,"center_lat":45.896132,"threshold_db":-18.086,"sensor":"Sentinel-1","polarization":"HV","interpretation":"candidate only; requires validation"}},{"type":"Feature","id":"dorian-s1-0672","geometry":{"type":"Polygon","coordinates":[[[-64.278755,45.897336],[-64.278745,45.896886],[-64.278101,45.896894],[-64.27809,45.896444],[-64.278735,45.896436],[-64.278724,45.895987],[-64.27808,45.895994],[-64.27809,45.896444],[-64.276802,45.896458],[-64.276812,45.896908],[-64.278101,45.896894],[-64.278111,45.897343],[-64.278755,45.897336]]]},"properties":{"feature_id":"dorian-s1-0672","event_id":"dorian","category":"new_low_backscatter_after_dorian","area_ha":1.0,"center_lon":-64.277779,"center_lat":45.896665,"threshold_db":-18.086,"sensor":"Sentinel-1","polarization":"HV","interpretation":"candidate only; requires validation"}},{"type":"Feature","id":"dorian-s1-0673","geometry":{"type":"Polygon","coordinates":[[[-64.276178,45.897365],[-64.276167,45.896915],[-64.276812,45.896908],[-64.276802,45.896458],[-64.27809,45.896444],[-64.278101,45.896894],[-64.281322,45.896857],[-64.281302,45.895958],[-64.280657,45.895965],[-64.280668,45.896415],[-64.27809,45.896444],[-64.27808,45.895994],[-64.276147,45.896015],[-64.276157,45.896465],[-64.275513,45.896472],[-64.275523,45.896922],[-64.274879,45.89693],[-64.274889,45.897379],[-64.276178,45.897365]]]},"properties":{"feature_id":"dorian-s1-0673","event_id":"dorian","category":"persistent_low_backscatter","area_ha":3.25,"center_lon":-64.2781,"center_lat":45.896669,"threshold_db":-18.086,"sensor":"Sentinel-1","polarization":"HV","interpretation":"candidate only; requires validation"}},{"type":"Feature","id":"dorian-s1-0674","geometry":{"type":"Polygon","coordinates":[[[-64.138921,45.898816],[-64.138911,45.898366],[-64.136978,45.898385],[-64.136969,45.897935],[-64.138258,45.897922],[-64.138249,45.897472],[-64.136315,45.897492],[-64.136325,45.897942],[-64.13568,45.897948],[-64.135689,45.898398],[-64.135045,45.898404],[-64.135054,45.898854],[-64.135699,45.898848],[-64.135689,45.898398],[-64.136978,45.898385],[-64.136987,45.898835],[-64.138921,45.898816]]]},"properties":{"feature_id":"dorian-s1-0674","event_id":"dorian","category":"new_low_backscatter_after_dorian","area_ha":2.25,"center_lon":-64.136983,"center_lat":45.898163,"threshold_db":-18.086,"sensor":"Sentinel-1","polarization":"HV","interpretation":"candidate only; requires validation"}},{"type":"Feature","id":"dorian-s1-0675","geometry":{"type":"Polygon","coordinates":[[[-64.34082,45.905175],[-64.340809,45.904725],[-64.343387,45.904695],[-64.343376,45.904245],[-64.344665,45.90423],[-64.344654,45.90378],[-64.345943,45.903765],[-64.345932,45.903315],[-64.346576,45.903308],[-64.346555,45.902408],[-64.347199,45.9024],[-64.347101,45.898351],[-64.346457,45.898359],[-64.346435,45.897459],[-64.345791,45.897466],[-64.34578,45.897017],[-64.345135,45.897024],[-64.345103,45.895674],[-64.345747,45.895667],[-64.345725,45.894767],[-64.345081,45.894775],[-64.345092,45.895224],[-64.344447,45.895232],[-64.344469,45.896132],[-64.342536,45.896155],[-64.342525,45.895705],[-64.341881,45.895712],[-64.341892,45.896162],[-64.341247,45.89617],[-64.341258,45.89662],[-64.341903,45.896612],[-64.341924,45.897512],[-64.343857,45.897489],[-64.343868,45.897939],[-64.344513,45.897931],[-64.344524,45.898381],[-64.345168,45.898374],[-64.34519,45.899274],[-64.345834,45.899266],[-64.345845,45.899716],[-64.346489,45.899708],[-64.346533,45.901508],[-64.345888,45.901516],[-64.34591,45.902415],[-64.345266,45.902423],[-64.345277,45.902873],[-64.344632,45.90288],[-64.344643,45.90333],[-64.343999,45.903338],[-64.344009,45.903788],[-64.342076,45.903811],[-64.342087,45.90426],[-64.33822,45.904306],[-64.33821,45.903856],[-64.337565,45.903863],[-64.337554,45.903413],[-64.33691,45.903421],[-64.336899,45.902971],[-64.336255,45.902979],[-64.336222,45.901629],[-64.336867,45.901621],[-64.336856,45.901172],[-64.3375,45.901164],[-64.337479,45.900264],[-64.338767,45.900249],[-64.338757,45.899799],[-64.338112,45.899807],[-64.338101,45.899357],[-64.338746,45.899349],[-64.338724,45.898449],[-64.33808,45.898457],[-64.338069,45.898007],[-64.337425,45.898015],[-64.337414,45.897565],[-64.336769,45.897572],[-64.336759,45.897122],[-64.33547,45.897137],[-64.335459,45.896688],[-64.332237,45.896725],[-64.332248,45.897175],[-64.330959,45.89719],[-64.33097,45.89764],[-64.330326,45.897648],[-64.330337,45.898097],[-64.329692,45.898105],[-64.329681,45.897655],[-64.325815,45.8977],[-64.325826,45.89815],[-64.325182,45.898157],[-64.325192,45.898607],[-64.324548,45.898615],[-64.324569,45.899515],[-64.323925,45.899522],[-64.323936,45.899972],[-64.321358,45.900002],[-64.321369,45.900452],[-64.32008,45.900467],[-64.320091,45.900916],[-64.322024,45.900894],[-64.322013,45.900444],[-64.323946,45.900422],[-64.323936,45.899972],[-64.32458,45.899964],[-64.324569,45.899515],[-64.325214,45.899507],[-64.325192,45.898607],[-64.325837,45.8986],[-64.325826,45.89815],[-64.329048,45.898112],[-64.329059,45.898562],[-64.330347,45.898547],[-64.330337,45.898097],[-64.33227,45.898075],[-64.332248,45.897175],[-64.33547,45.897137],[-64.335481,45.897587],[-64.334836,45.897595],[-64.334847,45.898045],[-64.335492,45.898037],[-64.335481,45.897587],[-64.336769,45.897572],[-64.33678,45.898022],[-64.337425,45.898015],[-64.337435,45.898465],[-64.336791,45.898472],[-64.336823,45.899822],[-64.336179,45.899829],[-64.336201,45.900729],[-64.335556,45.900737],[-64.335545,45.900287],[-64.334901,45.900294],[-64.334944,45.902094],[-64.335589,45.902086],[-64.33561,45.902986],[-64.336255,45.902979],[-64.336265,45.903429],[-64.335621,45.903436],[-64.335632,45.903886],[-64.334987,45.903894],[-64.334998,45.904343],[-64.335643,45.904336],[-64.335653,45.904786],[-64.336298,45.904778],[-64.336287,45.904328],[-64.335643,45.904336],[-64.335632,45.903886],[-64.336276,45.903878],[-64.336265,45.903429],[-64.33691,45.903421],[-64.336931,45.904321],[-64.337576,45.904313],[-64.337587,45.904763],[-64.338876,45.904748],[-64.338886,45.905198],[-64.34082,45.905175]]]},"properties":{"feature_id":"dorian-s1-0675","event_id":"dorian","category":"persistent_low_backscatter","area_ha":34.0,"center_lon":-64.33364,"center_lat":45.899983,"threshold_db":-18.086,"sensor":"Sentinel-1","polarization":"HV","interpretation":"candidate only; requires validation"}},{"type":"Feature","id":"dorian-s1-0676","geometry":{"type":"Polygon","coordinates":[[[-64.299354,45.896204],[-64.299344,45.895754],[-64.298055,45.895769],[-64.298044,45.895319],[-64.2974,45.895326],[-64.297411,45.895776],[-64.296122,45.895791],[-64.296132,45.89624],[-64.299354,45.896204]]]},"properties":{"feature_id":"dorian-s1-0676","event_id":"dorian","category":"new_low_backscatter_after_dorian","area_ha":1.5,"center_lon":-64.297738,"center_lat":45.89578,"threshold_db":-18.086,"sensor":"Sentinel-1","polarization":"HV","interpretation":"candidate only; requires validation"}},{"type":"Feature","id":"dorian-s1-0677","geometry":{"type":"Polygon","coordinates":[[[-64.351568,45.896498],[-64.351557,45.896048],[-64.350913,45.896056],[-64.350902,45.895606],[-64.351546,45.895598],[-64.351535,45.895148],[-64.352179,45.895141],[-64.352158,45.894241],[-64.351513,45.894249],[-64.351535,45.895148],[-64.350246,45.895164],[-64.350268,45.896063],[-64.350913,45.896056],[-64.350924,45.896506],[-64.351568,45.896498]]]},"properties":{"feature_id":"dorian-s1-0677","event_id":"dorian","category":"new_low_backscatter_after_dorian","area_ha":1.5,"center_lon":-64.351213,"center_lat":45.895374,"threshold_db":-18.086,"sensor":"Sentinel-1","polarization":"HV","interpretation":"candidate only; requires validation"}},{"type":"Feature","id":"dorian-s1-0678","geometry":{"type":"Polygon","coordinates":[[[-64.238139,45.896884],[-64.238129,45.896434],[-64.237485,45.896441],[-64.237475,45.895991],[-64.236831,45.895998],[-64.236821,45.895548],[-64.235532,45.895562],[-64.235552,45.896462],[-64.236196,45.896455],[-64.236186,45.896005],[-64.236831,45.895998],[-64.236851,45.896898],[-64.238139,45.896884]]]},"properties":{"feature_id":"dorian-s1-0678","event_id":"dorian","category":"new_low_backscatter_after_dorian","area_ha":1.5,"center_lon":-64.236836,"center_lat":45.896223,"threshold_db":-18.086,"sensor":"Sentinel-1","polarization":"HV","interpretation":"candidate only; requires validation"}},{"type":"Feature","id":"dorian-s1-0679","geometry":{"type":"Polygon","coordinates":[[[-64.287745,45.895885],[-64.287735,45.895435],[-64.286446,45.89545],[-64.286436,45.895],[-64.285791,45.895007],[-64.285812,45.895907],[-64.287745,45.895885]]]},"properties":{"feature_id":"dorian-s1-0679","event_id":"dorian","category":"new_low_backscatter_after_dorian","area_ha":1.0,"center_lon":-64.286768,"center_lat":45.895454,"threshold_db":-18.086,"sensor":"Sentinel-1","polarization":"HV","interpretation":"candidate only; requires validation"}},{"type":"Feature","id":"dorian-s1-0680","geometry":{"type":"Polygon","coordinates":[[[-64.263904,45.896151],[-64.263894,45.895702],[-64.264538,45.895694],[-64.264528,45.895244],[-64.263884,45.895252],[-64.263894,45.895702],[-64.263249,45.895709],[-64.263239,45.895259],[-64.260662,45.895287],[-64.260672,45.895737],[-64.263249,45.895709],[-64.26326,45.896159],[-64.263904,45.896151]]]},"properties":{"feature_id":"dorian-s1-0680","event_id":"dorian","category":"low_backscatter_no_longer_present","area_ha":1.5,"center_lon":-64.2626,"center_lat":45.895702,"threshold_db":-18.086,"sensor":"Sentinel-1","polarization":"HV","interpretation":"candidate only; requires validation"}},{"type":"Feature","id":"dorian-s1-0681","geometry":{"type":"Polygon","coordinates":[[[-64.135027,45.897504],[-64.135017,45.897054],[-64.136306,45.897042],[-64.136297,45.896592],[-64.135008,45.896605],[-64.135017,45.897054],[-64.133084,45.897074],[-64.133093,45.897524],[-64.135027,45.897504]]]},"properties":{"feature_id":"dorian-s1-0681","event_id":"dorian","category":"new_low_backscatter_after_dorian","area_ha":1.25,"center_lon":-64.134695,"center_lat":45.897058,"threshold_db":-18.086,"sensor":"Sentinel-1","polarization":"HV","interpretation":"candidate only; requires validation"}},{"type":"Feature","id":"dorian-s1-0682","geometry":{"type":"Polygon","coordinates":[[[-64.367643,45.894957],[-64.367599,45.893157],[-64.36631,45.893173],[-64.366322,45.893622],[-64.365677,45.89363],[-64.365688,45.89408],[-64.366333,45.894072],[-64.366344,45.894522],[-64.366988,45.894515],[-64.366999,45.894964],[-64.367643,45.894957]],[[-64.366977,45.894065],[-64.366333,45.894072],[-64.366322,45.893622],[-64.366966,45.893615],[-64.366977,45.894065]]]},"properties":{"feature_id":"dorian-s1-0682","event_id":"dorian","category":"persistent_low_backscatter","area_ha":1.75,"center_lon":-64.36666,"center_lat":45.894061,"threshold_db":-18.086,"sensor":"Sentinel-1","polarization":"HV","interpretation":"candidate only; requires validation"}},{"type":"Feature","id":"dorian-s1-0683","geometry":{"type":"Polygon","coordinates":[[[-64.366999,45.894964],[-64.366988,45.894515],[-64.366344,45.894522],[-64.366333,45.894072],[-64.366977,45.894065],[-64.366966,45.893615],[-64.366322,45.893622],[-64.36631,45.893173],[-64.365666,45.89318],[-64.365677,45.89363],[-64.365033,45.893638],[-64.365044,45.894088],[-64.365688,45.89408],[-64.365699,45.89453],[-64.365055,45.894538],[-64.365066,45.894988],[-64.366999,45.894964]],[[-64.366333,45.894072],[-64.365688,45.89408],[-64.365677,45.89363],[-64.366322,45.893622],[-64.366333,45.894072]]]},"properties":{"feature_id":"dorian-s1-0683","event_id":"dorian","category":"new_low_backscatter_after_dorian","area_ha":1.75,"center_lon":-64.366016,"center_lat":45.894081,"threshold_db":-18.086,"sensor":"Sentinel-1","polarization":"HV","interpretation":"candidate only; requires validation"}},{"type":"Feature","id":"dorian-s1-0684","geometry":{"type":"Polygon","coordinates":[[[-64.251651,45.895836],[-64.251641,45.895386],[-64.250996,45.895393],[-64.250986,45.894944],[-64.250342,45.894951],[-64.250332,45.894501],[-64.249043,45.894515],[-64.249053,45.894965],[-64.248409,45.894972],[-64.248419,45.895422],[-64.249063,45.895415],[-64.249053,45.894965],[-64.249698,45.894958],[-64.249718,45.895857],[-64.251651,45.895836]]]},"properties":{"feature_id":"dorian-s1-0684","event_id":"dorian","category":"new_low_backscatter_after_dorian","area_ha":2.0,"center_lon":-64.25003,"center_lat":45.895179,"threshold_db":-18.086,"sensor":"Sentinel-1","polarization":"HV","interpretation":"candidate only; requires validation"}},{"type":"Feature","id":"dorian-s1-0685","geometry":{"type":"Polygon","coordinates":[[[-64.231021,45.89561],[-64.231011,45.89516],[-64.231656,45.895154],[-64.231646,45.894704],[-64.230357,45.894718],[-64.230367,45.895167],[-64.229723,45.895174],[-64.229733,45.895624],[-64.231021,45.89561]]]},"properties":{"feature_id":"dorian-s1-0685","event_id":"dorian","category":"new_low_backscatter_after_dorian","area_ha":1.0,"center_lon":-64.23069,"center_lat":45.895164,"threshold_db":-18.086,"sensor":"Sentinel-1","polarization":"HV","interpretation":"candidate only; requires validation"}},{"type":"Feature","id":"dorian-s1-0686","geometry":{"type":"Polygon","coordinates":[[[-64.341215,45.89482],[-64.341183,45.89347],[-64.342471,45.893455],[-64.34246,45.893005],[-64.341172,45.89302],[-64.341183,45.89347],[-64.33925,45.893493],[-64.33926,45.893943],[-64.340549,45.893928],[-64.340571,45.894828],[-64.341215,45.89482]]]},"properties":{"feature_id":"dorian-s1-0686","event_id":"dorian","category":"persistent_low_backscatter","area_ha":1.75,"center_lon":-64.340861,"center_lat":45.893917,"threshold_db":-18.086,"sensor":"Sentinel-1","polarization":"HV","interpretation":"candidate only; requires validation"}},{"type":"Feature","id":"dorian-s1-0687","geometry":{"type":"Polygon","coordinates":[[[-64.287091,45.895443],[-64.28708,45.894993],[-64.286436,45.895],[-64.286415,45.8941],[-64.285126,45.894115],[-64.285116,45.893665],[-64.284472,45.893672],[-64.284461,45.893222],[-64.283173,45.893236],[-64.283183,45.893686],[-64.281894,45.893701],[-64.281905,45.894151],[-64.28126,45.894158],[-64.281291,45.895508],[-64.281936,45.895501],[-64.281905,45.894151],[-64.283193,45.894136],[-64.283183,45.893686],[-64.284472,45.893672],[-64.284492,45.894572],[-64.285781,45.894557],[-64.285791,45.895007],[-64.286436,45.895],[-64.286446,45.89545],[-64.287091,45.895443]]]},"properties":{"feature_id":"dorian-s1-0687","event_id":"dorian","category":"persistent_low_backscatter","area_ha":3.25,"center_lon":-64.284176,"center_lat":45.894365,"threshold_db":-18.086,"sensor":"Sentinel-1","polarization":"HV","interpretation":"candidate only; requires validation"}},{"type":"Feature","id":"dorian-s1-0688","geometry":{"type":"Polygon","coordinates":[[[-64.281956,45.8964],[-64.281936,45.895501],[-64.28258,45.895493],[-64.282549,45.894144],[-64.281905,45.894151],[-64.281894,45.893701],[-64.283183,45.893686],[-64.283193,45.894136],[-64.283838,45.894129],[-64.283858,45.895029],[-64.284503,45.895022],[-64.284472,45.893672],[-64.285116,45.893665],[-64.285126,45.894115],[-64.285771,45.894107],[-64.28576,45.893657],[-64.285116,45.893665],[-64.285106,45.893215],[-64.284461,45.893222],[-64.284472,45.893672],[-64.283183,45.893686],[-64.283173,45.893236],[-64.281884,45.893251],[-64.281894,45.893701],[-64.28125,45.893708],[-64.28126,45.894158],[-64.281905,45.894151],[-64.281936,45.895501],[-64.281291,45.895508],[-64.281312,45.896408],[-64.281956,45.8964]]]},"properties":{"feature_id":"dorian-s1-0688","event_id":"dorian","category":"new_low_backscatter_after_dorian","area_ha":3.5,"center_lon":-64.283511,"center_lat":45.894812,"threshold_db":-18.086,"sensor":"Sentinel-1","polarization":"HV","interpretation":"candidate only; requires validation"}},{"type":"Feature","id":"dorian-s1-0689","geometry":{"type":"Polygon","coordinates":[[[-64.347014,45.894752],[-64.347003,45.894302],[-64.347647,45.894294],[-64.347636,45.893844],[-64.348281,45.893837],[-64.348237,45.892037],[-64.346949,45.892052],[-64.34696,45.892502],[-64.347604,45.892495],[-64.347615,45.892945],[-64.34697,45.892952],[-64.346992,45.893852],[-64.346348,45.89386],[-64.34637,45.894759],[-64.347014,45.894752]]]},"properties":{"feature_id":"dorian-s1-0689","event_id":"dorian","category":"persistent_low_backscatter","area_ha":2.5,"center_lon":-64.347315,"center_lat":45.893398,"threshold_db":-18.086,"sensor":"Sentinel-1","polarization":"HV","interpretation":"candidate only; requires validation"}},{"type":"Feature","id":"dorian-s1-0690","geometry":{"type":"Polygon","coordinates":[[[-64.340002,45.897984],[-64.339991,45.897535],[-64.341924,45.897512],[-64.341903,45.896612],[-64.341258,45.89662],[-64.341247,45.89617],[-64.341892,45.896162],[-64.341881,45.895712],[-64.342525,45.895705],[-64.342536,45.896155],[-64.343181,45.896147],[-64.34317,45.895697],[-64.342525,45.895705],[-64.342514,45.895255],[-64.34187,45.895262],[-64.341859,45.894812],[-64.340571,45.894828],[-64.340549,45.893928],[-64.33926,45.893943],[-64.33925,45.893493],[-64.341183,45.89347],[-64.341204,45.89437],[-64.342493,45.894355],[-64.342482,45.893905],[-64.343771,45.89389],[-64.34376,45.89344],[-64.343115,45.893448],[-64.343105,45.892998],[-64.34246,45.893005],[-64.342439,45.892105],[-64.341794,45.892113],[-64.341805,45.892563],[-64.339872,45.892586],[-64.339883,45.893036],[-64.338594,45.893051],[-64.338616,45.89395],[-64.337972,45.893958],[-64.337993,45.894858],[-64.337349,45.894865],[-64.337381,45.896215],[-64.338026,45.896208],[-64.338037,45.896657],[-64.338681,45.89665],[-64.338692,45.8971],[-64.33998,45.897085],[-64.339991,45.897535],[-64.339347,45.897542],[-64.339358,45.897992],[-64.340002,45.897984]],[[-64.342471,45.893455],[-64.341183,45.89347],[-64.341172,45.89302],[-64.34246,45.893005],[-64.342471,45.893455]]]},"properties":{"feature_id":"dorian-s1-0690","event_id":"dorian","category":"new_low_backscatter_after_dorian","area_ha":15.5,"center_lon":-64.34056,"center_lat":45.895049,"threshold_db":-18.086,"sensor":"Sentinel-1","polarization":"HV","interpretation":"candidate only; requires validation"}},{"type":"Feature","id":"dorian-s1-0691","geometry":{"type":"Polygon","coordinates":[[[-64.246476,45.894993],[-64.246466,45.894543],[-64.24711,45.894536],[-64.24709,45.893636],[-64.247734,45.893629],[-64.247724,45.893179],[-64.24708,45.893186],[-64.24709,45.893636],[-64.246446,45.893643],[-64.246456,45.894093],[-64.244523,45.894114],[-64.244533,45.894564],[-64.245821,45.89455],[-64.245832,45.895],[-64.246476,45.894993]]]},"properties":{"feature_id":"dorian-s1-0691","event_id":"dorian","category":"new_low_backscatter_after_dorian","area_ha":1.75,"center_lon":-64.246128,"center_lat":45.89409,"threshold_db":-18.086,"sensor":"Sentinel-1","polarization":"HV","interpretation":"candidate only; requires validation"}},{"type":"Feature","id":"dorian-s1-0692","geometry":{"type":"Polygon","coordinates":[[[-64.355357,45.893303],[-64.355335,45.892403],[-64.35598,45.892396],[-64.355969,45.891946],[-64.35468,45.891961],[-64.354713,45.893311],[-64.355357,45.893303]]]},"properties":{"feature_id":"dorian-s1-0692","event_id":"dorian","category":"low_backscatter_no_longer_present","area_ha":1.0,"center_lon":-64.35533,"center_lat":45.892629,"threshold_db":-18.086,"sensor":"Sentinel-1","polarization":"HV","interpretation":"candidate only; requires validation"}},{"type":"Feature","id":"dorian-s1-0693","geometry":{"type":"Polygon","coordinates":[[[-64.354069,45.893318],[-64.354047,45.892419],[-64.354691,45.892411],[-64.35468,45.891961],[-64.354036,45.891969],[-64.354047,45.892419],[-64.352114,45.892441],[-64.352125,45.892891],[-64.353413,45.892876],[-64.353424,45.893326],[-64.354069,45.893318]]]},"properties":{"feature_id":"dorian-s1-0693","event_id":"dorian","category":"new_low_backscatter_after_dorian","area_ha":1.25,"center_lon":-64.353403,"center_lat":45.892644,"threshold_db":-18.086,"sensor":"Sentinel-1","polarization":"HV","interpretation":"candidate only; requires validation"}},{"type":"Feature","id":"dorian-s1-0694","geometry":{"type":"Polygon","coordinates":[[[-64.274276,45.898736],[-64.274265,45.898287],[-64.275554,45.898272],[-64.275533,45.897372],[-64.274889,45.897379],[-64.274879,45.89693],[-64.274234,45.896937],[-64.274224,45.896487],[-64.27358,45.896494],[-64.273569,45.896044],[-64.272925,45.896051],[-64.272915,45.895601],[-64.274203,45.895587],[-64.274183,45.894687],[-64.274827,45.89468],[-64.274838,45.89513],[-64.275482,45.895123],[-64.275492,45.895573],[-64.274848,45.89558],[-64.274858,45.89603],[-64.276147,45.896015],[-64.276126,45.895116],[-64.275482,45.895123],[-64.275472,45.894673],[-64.274827,45.89468],[-64.274817,45.89423],[-64.275461,45.894223],[-64.275451,45.893773],[-64.274807,45.89378],[-64.274817,45.89423],[-64.274173,45.894237],[-64.274152,45.893337],[-64.275441,45.893323],[-64.27542,45.892423],[-64.274776,45.89243],[-64.274786,45.89288],[-64.274142,45.892888],[-64.274152,45.893337],[-64.273508,45.893345],[-64.273549,45.895144],[-64.272904,45.895151],[-64.272894,45.894702],[-64.271606,45.894716],[-64.271616,45.895166],[-64.27226,45.895159],[-64.27227,45.895609],[-64.270982,45.895623],[-64.270971,45.895173],[-64.270327,45.89518],[-64.270348,45.89608],[-64.269703,45.896087],[-64.269714,45.896537],[-64.270358,45.89653],[-64.270368,45.89698],[-64.271013,45.896973],[-64.271023,45.897423],[-64.271667,45.897415],[-64.271636,45.896066],[-64.272281,45.896058],[-64.272291,45.896508],[-64.27358,45.896494],[-64.27359,45.896944],[-64.274234,45.896937],[-64.274255,45.897837],[-64.273611,45.897844],[-64.273631,45.898744],[-64.274276,45.898736]],[[-64.271002,45.896523],[-64.270358,45.89653],[-64.270348,45.89608],[-64.270992,45.896073],[-64.271002,45.896523]]]},"properties":{"feature_id":"dorian-s1-0694","event_id":"dorian","category":"new_low_backscatter_after_dorian","area_ha":9.5,"center_lon":-64.272925,"center_lat":45.895584,"threshold_db":-18.086,"sensor":"Sentinel-1","polarization":"HV","interpretation":"candidate only; requires validation"}},{"type":"Feature","id":"dorian-s1-0695","geometry":{"type":"Polygon","coordinates":[[[-64.265776,45.893431],[-64.265766,45.892981],[-64.26641,45.892973],[-64.2664,45.892524],[-64.267044,45.892516],[-64.267034,45.892067],[-64.266389,45.892074],[-64.266379,45.891624],[-64.265735,45.891631],[-64.265745,45.892081],[-64.265101,45.892088],[-64.265111,45.892538],[-64.265755,45.892531],[-64.265766,45.892981],[-64.265121,45.892988],[-64.265131,45.893438],[-64.265776,45.893431]],[[-64.2664,45.892524],[-64.265755,45.892531],[-64.265745,45.892081],[-64.266389,45.892074],[-64.2664,45.892524]]]},"properties":{"feature_id":"dorian-s1-0695","event_id":"dorian","category":"new_low_backscatter_after_dorian","area_ha":1.25,"center_lon":-64.266073,"center_lat":45.892531,"threshold_db":-18.086,"sensor":"Sentinel-1","polarization":"HV","interpretation":"candidate only; requires validation"}},{"type":"Feature","id":"dorian-s1-0696","geometry":{"type":"Polygon","coordinates":[[[-64.173634,45.894414],[-64.173624,45.893964],[-64.174269,45.893958],[-64.17425,45.893058],[-64.173605,45.893064],[-64.173596,45.892614],[-64.172307,45.892628],[-64.172317,45.893078],[-64.173605,45.893064],[-64.173615,45.893514],[-64.172971,45.893521],[-64.17299,45.894421],[-64.173634,45.894414]]]},"properties":{"feature_id":"dorian-s1-0696","event_id":"dorian","category":"new_low_backscatter_after_dorian","area_ha":1.5,"center_lon":-64.173288,"center_lat":45.893518,"threshold_db":-18.086,"sensor":"Sentinel-1","polarization":"HV","interpretation":"candidate only; requires validation"}},{"type":"Feature","id":"dorian-s1-0697","geometry":{"type":"Polygon","coordinates":[[[-64.138838,45.894766],[-64.138829,45.894316],[-64.13754,45.894329],[-64.137531,45.893879],[-64.138175,45.893873],[-64.138166,45.893423],[-64.137522,45.893429],[-64.137512,45.892979],[-64.136868,45.892986],[-64.136877,45.893436],[-64.137522,45.893429],[-64.137531,45.893879],[-64.136886,45.893886],[-64.136896,45.894336],[-64.13754,45.894329],[-64.137549,45.894779],[-64.138838,45.894766]]]},"properties":{"feature_id":"dorian-s1-0697","event_id":"dorian","category":"new_low_backscatter_after_dorian","area_ha":1.25,"center_lon":-64.137853,"center_lat":45.893879,"threshold_db":-18.086,"sensor":"Sentinel-1","polarization":"HV","interpretation":"candidate only; requires validation"}},{"type":"Feature","id":"dorian-s1-0698","geometry":{"type":"Polygon","coordinates":[[[-64.334084,45.893103],[-64.334073,45.892653],[-64.333429,45.892661],[-64.333418,45.892211],[-64.334707,45.892196],[-64.334696,45.891746],[-64.335341,45.891739],[-64.33533,45.891289],[-64.334685,45.891296],[-64.334675,45.890846],[-64.33403,45.890854],[-64.334041,45.891304],[-64.333397,45.891311],[-64.333386,45.890861],[-64.332742,45.890869],[-64.332774,45.892219],[-64.330841,45.892241],[-64.33082,45.891341],[-64.331464,45.891334],[-64.331453,45.890884],[-64.330165,45.890899],[-64.330175,45.891349],[-64.329531,45.891356],[-64.32952,45.890906],[-64.328876,45.890914],[-64.328887,45.891364],[-64.329531,45.891356],[-64.329542,45.891806],[-64.330186,45.891799],[-64.330197,45.892249],[-64.329553,45.892256],[-64.329563,45.892706],[-64.330208,45.892699],[-64.330197,45.892249],[-64.330841,45.892241],[-64.330852,45.892691],[-64.333429,45.892661],[-64.33344,45.893111],[-64.334084,45.893103]],[[-64.334696,45.891746],[-64.334052,45.891754],[-64.334041,45.891304],[-64.334685,45.891296],[-64.334696,45.891746]]]},"properties":{"feature_id":"dorian-s1-0698","event_id":"dorian","category":"new_low_backscatter_after_dorian","area_ha":5.0,"center_lon":-64.332109,"center_lat":45.891979,"threshold_db":-18.086,"sensor":"Sentinel-1","polarization":"HV","interpretation":"candidate only; requires validation"}},{"type":"Feature","id":"dorian-s1-0699","geometry":{"type":"Polygon","coordinates":[[[-64.29476,45.892656],[-64.29475,45.892206],[-64.295394,45.892199],[-64.295383,45.891749],[-64.296028,45.891741],[-64.296038,45.892191],[-64.296682,45.892184],[-64.296672,45.891734],[-64.296028,45.891741],[-64.296017,45.891291],[-64.295373,45.891299],[-64.295383,45.891749],[-64.294739,45.891756],[-64.29475,45.892206],[-64.294105,45.892213],[-64.294116,45.892663],[-64.29476,45.892656]]]},"properties":{"feature_id":"dorian-s1-0699","event_id":"dorian","category":"new_low_backscatter_after_dorian","area_ha":1.0,"center_lon":-64.295394,"center_lat":45.891977,"threshold_db":-18.086,"sensor":"Sentinel-1","polarization":"HV","interpretation":"candidate only; requires validation"}},{"type":"Feature","id":"dorian-s1-0700","geometry":{"type":"Polygon","coordinates":[[[-64.34886,45.89113],[-64.348838,45.89023],[-64.346905,45.890253],[-64.346927,45.891153],[-64.34886,45.89113]]]},"properties":{"feature_id":"dorian-s1-0700","event_id":"dorian","category":"persistent_low_backscatter","area_ha":1.5,"center_lon":-64.347882,"center_lat":45.890692,"threshold_db":-18.086,"sensor":"Sentinel-1","polarization":"HV","interpretation":"candidate only; requires validation"}},{"type":"Feature","id":"dorian-s1-0701","geometry":{"type":"Polygon","coordinates":[[[-64.26643,45.893873],[-64.26642,45.893423],[-64.267064,45.893416],[-64.267054,45.892966],[-64.267698,45.892959],[-64.267678,45.892059],[-64.268322,45.892052],[-64.268312,45.891602],[-64.268956,45.891595],[-64.268946,45.891145],[-64.26959,45.891138],[-64.26957,45.890238],[-64.268926,45.890245],[-64.268936,45.890695],[-64.268292,45.890702],[-64.268302,45.891152],[-64.267013,45.891167],[-64.267044,45.892516],[-64.2664,45.892524],[-64.26641,45.892973],[-64.265766,45.892981],[-64.265755,45.892531],[-64.263822,45.892552],[-64.263833,45.893002],[-64.265766,45.892981],[-64.265786,45.89388],[-64.26643,45.893873]]]},"properties":{"feature_id":"dorian-s1-0701","event_id":"dorian","category":"persistent_low_backscatter","area_ha":4.25,"center_lon":-64.266706,"center_lat":45.892059,"threshold_db":-18.086,"sensor":"Sentinel-1","polarization":"HV","interpretation":"candidate only; requires validation"}},{"type":"Feature","id":"dorian-s1-0702","geometry":{"type":"Polygon","coordinates":[[[-64.298594,45.891262],[-64.298584,45.890812],[-64.29794,45.89082],[-64.297929,45.89037],[-64.297285,45.890377],[-64.297274,45.889927],[-64.29663,45.889934],[-64.296641,45.890384],[-64.295996,45.890392],[-64.296007,45.890841],[-64.296651,45.890834],[-64.296661,45.891284],[-64.298594,45.891262]],[[-64.297295,45.890827],[-64.296651,45.890834],[-64.296641,45.890384],[-64.297285,45.890377],[-64.297295,45.890827]]]},"properties":{"feature_id":"dorian-s1-0702","event_id":"dorian","category":"new_low_backscatter_after_dorian","area_ha":1.5,"center_lon":-64.297295,"center_lat":45.890605,"threshold_db":-18.086,"sensor":"Sentinel-1","polarization":"HV","interpretation":"candidate only; requires validation"}},{"type":"Feature","id":"dorian-s1-0703","geometry":{"type":"Polygon","coordinates":[[[-64.341128,45.891221],[-64.341118,45.890771],[-64.340473,45.890778],[-64.340462,45.890329],[-64.337241,45.890366],[-64.33723,45.889916],[-64.336586,45.889924],[-64.336575,45.889474],[-64.337219,45.889467],[-64.337209,45.889017],[-64.33592,45.889032],[-64.335942,45.889931],[-64.335297,45.889939],[-64.335287,45.889489],[-64.334642,45.889497],[-64.334653,45.889947],[-64.335297,45.889939],[-64.335308,45.890389],[-64.337241,45.890366],[-64.337263,45.891266],[-64.338551,45.891251],[-64.33854,45.890801],[-64.340473,45.890778],[-64.340484,45.891228],[-64.341128,45.891221]]]},"properties":{"feature_id":"dorian-s1-0703","event_id":"dorian","category":"new_low_backscatter_after_dorian","area_ha":3.75,"center_lon":-64.337885,"center_lat":45.890141,"threshold_db":-18.086,"sensor":"Sentinel-1","polarization":"HV","interpretation":"candidate only; requires validation"}},{"type":"Feature","id":"dorian-s1-0704","geometry":{"type":"Polygon","coordinates":[[[-64.331432,45.889984],[-64.331421,45.889534],[-64.333354,45.889512],[-64.333343,45.889062],[-64.33141,45.889084],[-64.331421,45.889534],[-64.330132,45.889549],[-64.330122,45.889099],[-64.329477,45.889107],[-64.329488,45.889557],[-64.330132,45.889549],[-64.330143,45.889999],[-64.331432,45.889984]]]},"properties":{"feature_id":"dorian-s1-0704","event_id":"dorian","category":"new_low_backscatter_after_dorian","area_ha":1.5,"center_lon":-64.331415,"center_lat":45.889531,"threshold_db":-18.086,"sensor":"Sentinel-1","polarization":"HV","interpretation":"candidate only; requires validation"}},{"type":"Feature","id":"dorian-s1-0705","geometry":{"type":"Polygon","coordinates":[[[-64.286373,45.8923],[-64.286363,45.891851],[-64.287007,45.891843],[-64.286997,45.891393],[-64.287641,45.891386],[-64.287631,45.890936],[-64.288275,45.890929],[-64.288265,45.890479],[-64.286976,45.890494],[-64.286987,45.890943],[-64.284409,45.890972],[-64.284399,45.890523],[-64.285043,45.890515],[-64.285023,45.889615],[-64.285667,45.889608],[-64.285656,45.889158],[-64.283724,45.88918],[-64.283744,45.89008],[-64.2831,45.890087],[-64.283121,45.890987],[-64.282476,45.890994],[-64.282487,45.891444],[-64.28442,45.891422],[-64.284441,45.892322],[-64.286373,45.8923]]]},"properties":{"feature_id":"dorian-s1-0705","event_id":"dorian","category":"persistent_low_backscatter","area_ha":6.75,"center_lon":-64.285376,"center_lat":45.89074,"threshold_db":-18.086,"sensor":"Sentinel-1","polarization":"HV","interpretation":"candidate only; requires validation"}},{"type":"Feature","id":"dorian-s1-0706","geometry":{"type":"Polygon","coordinates":[[[-64.268302,45.891152],[-64.268292,45.890702],[-64.268936,45.890695],[-64.268926,45.890245],[-64.26957,45.890238],[-64.26958,45.890688],[-64.270225,45.890681],[-64.270204,45.889781],[-64.270848,45.889774],[-64.270838,45.889324],[-64.268905,45.889346],[-64.268926,45.890245],[-64.268281,45.890253],[-64.268292,45.890702],[-64.267647,45.89071],[-64.267658,45.89116],[-64.268302,45.891152]]]},"properties":{"feature_id":"dorian-s1-0706","event_id":"dorian","category":"new_low_backscatter_after_dorian","area_ha":2.0,"center_lon":-64.269248,"center_lat":45.890242,"threshold_db":-18.086,"sensor":"Sentinel-1","polarization":"HV","interpretation":"candidate only; requires validation"}},{"type":"Feature","id":"dorian-s1-0707","geometry":{"type":"Polygon","coordinates":[[[-64.340441,45.889429],[-64.34043,45.888979],[-64.337853,45.889009],[-64.337842,45.888559],[-64.334621,45.888597],[-64.33461,45.888147],[-64.333322,45.888162],[-64.333332,45.888612],[-64.334621,45.888597],[-64.334632,45.889047],[-64.337209,45.889017],[-64.337219,45.889467],[-64.340441,45.889429]]]},"properties":{"feature_id":"dorian-s1-0707","event_id":"dorian","category":"persistent_low_backscatter","area_ha":3.0,"center_lon":-64.336882,"center_lat":45.888807,"threshold_db":-18.086,"sensor":"Sentinel-1","polarization":"HV","interpretation":"candidate only; requires validation"}},{"type":"Feature","id":"dorian-s1-0708","geometry":{"type":"Polygon","coordinates":[[[-64.327545,45.889129],[-64.327523,45.88823],[-64.326235,45.888244],[-64.326245,45.888694],[-64.325601,45.888702],[-64.32559,45.888252],[-64.324946,45.888259],[-64.324968,45.889159],[-64.327545,45.889129]]]},"properties":{"feature_id":"dorian-s1-0708","event_id":"dorian","category":"new_low_backscatter_after_dorian","area_ha":1.75,"center_lon":-64.326245,"center_lat":45.888694,"threshold_db":-18.086,"sensor":"Sentinel-1","polarization":"HV","interpretation":"candidate only; requires validation"}},{"type":"Feature","id":"dorian-s1-0709","geometry":{"type":"Polygon","coordinates":[[[-64.328844,45.889564],[-64.328822,45.888664],[-64.329467,45.888657],[-64.329445,45.887757],[-64.328801,45.887765],[-64.328822,45.888664],[-64.328178,45.888672],[-64.3282,45.889572],[-64.328844,45.889564]]]},"properties":{"feature_id":"dorian-s1-0709","event_id":"dorian","category":"low_backscatter_no_longer_present","area_ha":1.0,"center_lon":-64.328823,"center_lat":45.888665,"threshold_db":-18.086,"sensor":"Sentinel-1","polarization":"HV","interpretation":"candidate only; requires validation"}},{"type":"Feature","id":"dorian-s1-0710","geometry":{"type":"Polygon","coordinates":[[[-64.286987,45.890943],[-64.286976,45.890494],[-64.288909,45.890472],[-64.288899,45.890022],[-64.288254,45.890029],[-64.288234,45.889129],[-64.287589,45.889137],[-64.287579,45.888687],[-64.28629,45.888701],[-64.28627,45.887801],[-64.285625,45.887809],[-64.285636,45.888258],[-64.284991,45.888266],[-64.284981,45.887816],[-64.284337,45.887823],[-64.284347,45.888273],[-64.284991,45.888266],[-64.285012,45.889166],[-64.285656,45.889158],[-64.285667,45.889608],[-64.285023,45.889615],[-64.285043,45.890515],[-64.284399,45.890523],[-64.284409,45.890972],[-64.286987,45.890943]]]},"properties":{"feature_id":"dorian-s1-0710","event_id":"dorian","category":"new_low_backscatter_after_dorian","area_ha":6.75,"center_lon":-64.286623,"center_lat":45.889387,"threshold_db":-18.086,"sensor":"Sentinel-1","polarization":"HV","interpretation":"candidate only; requires validation"}},{"type":"Feature","id":"dorian-s1-0711","geometry":{"type":"Polygon","coordinates":[[[-64.239952,45.891464],[-64.239932,45.890564],[-64.240576,45.890557],[-64.240566,45.890107],[-64.239278,45.890121],[-64.239268,45.889671],[-64.238624,45.889678],[-64.238604,45.888778],[-64.237959,45.888785],[-64.237949,45.888335],[-64.238594,45.888328],[-64.238584,45.887878],[-64.237295,45.887892],[-64.237305,45.888342],[-64.236661,45.888349],[-64.236651,45.887899],[-64.236006,45.887906],[-64.236016,45.888356],[-64.235372,45.888363],[-64.235402,45.889713],[-64.236046,45.889706],[-64.236056,45.890156],[-64.237989,45.890135],[-64.237999,45.890585],[-64.238644,45.890578],[-64.238634,45.890128],[-64.239278,45.890121],[-64.239308,45.891471],[-64.239952,45.891464]]]},"properties":{"feature_id":"dorian-s1-0711","event_id":"dorian","category":"new_low_backscatter_after_dorian","area_ha":6.75,"center_lon":-64.237974,"center_lat":45.889674,"threshold_db":-18.086,"sensor":"Sentinel-1","polarization":"HV","interpretation":"candidate only; requires validation"}},{"type":"Feature","id":"dorian-s1-0712","geometry":{"type":"Polygon","coordinates":[[[-64.294241,45.898062],[-64.294231,45.897612],[-64.293586,45.897619],[-64.293492,45.89357],[-64.294137,45.893563],[-64.294126,45.893113],[-64.29477,45.893106],[-64.29476,45.892656],[-64.295404,45.892648],[-64.295394,45.892199],[-64.296038,45.892191],[-64.296028,45.891741],[-64.296672,45.891734],[-64.296651,45.890834],[-64.297295,45.890827],[-64.297285,45.890377],[-64.296641,45.890384],[-64.29663,45.889934],[-64.297274,45.889927],[-64.297243,45.888577],[-64.297887,45.88857],[-64.297866,45.88767],[-64.29851,45.887663],[-64.2985,45.887213],[-64.299144,45.887206],[-64.299134,45.886756],[-64.29849,45.886763],[-64.2985,45.887213],[-64.297212,45.887228],[-64.297232,45.888127],[-64.296588,45.888135],[-64.296609,45.889035],[-64.295965,45.889042],[-64.295996,45.890392],[-64.296641,45.890384],[-64.296651,45.890834],[-64.296007,45.890841],[-64.296028,45.891741],[-64.295383,45.891749],[-64.295394,45.892199],[-64.29475,45.892206],[-64.29476,45.892656],[-64.293471,45.89267],[-64.293482,45.89312],[-64.292837,45.893128],[-64.292942,45.897627],[-64.28972,45.897663],[-64.28971,45.897213],[-64.288421,45.897228],[-64.28841,45.896778],[-64.287766,45.896785],[-64.287745,45.895885],[-64.287101,45.895892],[-64.287122,45.896792],[-64.287766,45.896785],[-64.287776,45.897235],[-64.288421,45.897228],[-64.288431,45.897678],[-64.289076,45.89767],[-64.289086,45.89812],[-64.294241,45.898062]]]},"properties":{"feature_id":"dorian-s1-0712","event_id":"dorian","category":"persistent_low_backscatter","area_ha":10.75,"center_lon":-64.293123,"center_lat":45.892438,"threshold_db":-18.086,"sensor":"Sentinel-1","polarization":"HV","interpretation":"candidate only; requires validation"}},{"type":"Feature","id":"dorian-s1-0713","geometry":{"type":"Polygon","coordinates":[[[-64.318482,45.887434],[-64.318472,45.886984],[-64.317183,45.886999],[-64.317173,45.886549],[-64.316528,45.886557],[-64.31655,45.887456],[-64.318482,45.887434]]]},"properties":{"feature_id":"dorian-s1-0713","event_id":"dorian","category":"new_low_backscatter_after_dorian","area_ha":1.0,"center_lon":-64.317505,"center_lat":45.887003,"threshold_db":-18.086,"sensor":"Sentinel-1","polarization":"HV","interpretation":"candidate only; requires validation"}},{"type":"Feature","id":"dorian-s1-0714","geometry":{"type":"Polygon","coordinates":[[[-64.288213,45.888229],[-64.288202,45.88778],[-64.289491,45.887765],[-64.28948,45.887315],[-64.288836,45.887322],[-64.288826,45.886872],[-64.288182,45.88688],[-64.288202,45.88778],[-64.287558,45.887787],[-64.287568,45.888237],[-64.288213,45.888229]]]},"properties":{"feature_id":"dorian-s1-0714","event_id":"dorian","category":"new_low_backscatter_after_dorian","area_ha":1.0,"center_lon":-64.288524,"center_lat":45.887554,"threshold_db":-18.086,"sensor":"Sentinel-1","polarization":"HV","interpretation":"candidate only; requires validation"}},{"type":"Feature","id":"dorian-s1-0715","geometry":{"type":"Polygon","coordinates":[[[-64.120714,45.890895],[-64.120705,45.890445],[-64.121349,45.890439],[-64.12134,45.889989],[-64.120696,45.889995],[-64.120678,45.889095],[-64.121966,45.889083],[-64.121957,45.888633],[-64.120669,45.888646],[-64.120659,45.888196],[-64.120015,45.888202],[-64.120069,45.890902],[-64.120714,45.890895]]]},"properties":{"feature_id":"dorian-s1-0715","event_id":"dorian","category":"new_low_backscatter_after_dorian","area_ha":2.25,"center_lon":-64.120991,"center_lat":45.889549,"threshold_db":-18.086,"sensor":"Sentinel-1","polarization":"HV","interpretation":"candidate only; requires validation"}},{"type":"Feature","id":"dorian-s1-0716","geometry":{"type":"Polygon","coordinates":[[[-64.157422,45.889629],[-64.157413,45.889179],[-64.158057,45.889173],[-64.158047,45.888723],[-64.157403,45.888729],[-64.157385,45.88783],[-64.15674,45.887836],[-64.156731,45.887386],[-64.156087,45.887393],[-64.156124,45.889192],[-64.15548,45.889199],[-64.155489,45.889649],[-64.157422,45.889629]]]},"properties":{"feature_id":"dorian-s1-0716","event_id":"dorian","category":"persistent_low_backscatter","area_ha":2.75,"center_lon":-64.156768,"center_lat":45.888517,"threshold_db":-18.086,"sensor":"Sentinel-1","polarization":"HV","interpretation":"candidate only; requires validation"}},{"type":"Feature","id":"dorian-s1-0717","geometry":{"type":"Polygon","coordinates":[[[-64.158692,45.888716],[-64.158664,45.887367],[-64.158019,45.887373],[-64.15801,45.886923],[-64.155433,45.886949],[-64.155442,45.887399],[-64.156731,45.887386],[-64.15674,45.887836],[-64.157385,45.88783],[-64.157403,45.888729],[-64.158692,45.888716]]]},"properties":{"feature_id":"dorian-s1-0717","event_id":"dorian","category":"new_low_backscatter_after_dorian","area_ha":2.75,"center_lon":-64.157062,"center_lat":45.887826,"threshold_db":-18.086,"sensor":"Sentinel-1","polarization":"HV","interpretation":"candidate only; requires validation"}},{"type":"Feature","id":"dorian-s1-0718","geometry":{"type":"Polygon","coordinates":[[[-64.234054,45.887027],[-64.234034,45.886127],[-64.232745,45.886141],[-64.232765,45.887041],[-64.234054,45.887027]]]},"properties":{"feature_id":"dorian-s1-0718","event_id":"dorian","category":"persistent_low_backscatter","area_ha":1.0,"center_lon":-64.233399,"center_lat":45.886584,"threshold_db":-18.086,"sensor":"Sentinel-1","polarization":"HV","interpretation":"candidate only; requires validation"}},{"type":"Feature","id":"dorian-s1-0719","geometry":{"type":"Polygon","coordinates":[[[-64.126476,45.889038],[-64.126467,45.888589],[-64.127112,45.888582],[-64.127103,45.888132],[-64.127747,45.888126],[-64.127738,45.887676],[-64.125161,45.887701],[-64.125151,45.887251],[-64.124507,45.887258],[-64.124498,45.886808],[-64.123854,45.886814],[-64.123872,45.887714],[-64.123228,45.88772],[-64.123219,45.88727],[-64.122574,45.887277],[-64.122583,45.887727],[-64.123228,45.88772],[-64.123237,45.88817],[-64.123881,45.888164],[-64.12389,45.888614],[-64.124534,45.888608],[-64.124543,45.889058],[-64.126476,45.889038]],[[-64.125823,45.888595],[-64.124534,45.888608],[-64.124525,45.888158],[-64.125814,45.888145],[-64.125823,45.888595]],[[-64.124525,45.888158],[-64.123881,45.888164],[-64.123872,45.887714],[-64.124516,45.887708],[-64.124525,45.888158]]]},"properties":{"feature_id":"dorian-s1-0719","event_id":"dorian","category":"persistent_low_backscatter","area_ha":4.0,"center_lon":-64.12516,"center_lat":45.887933,"threshold_db":-18.086,"sensor":"Sentinel-1","polarization":"HV","interpretation":"candidate only; requires validation"}},{"type":"Feature","id":"dorian-s1-0720","geometry":{"type":"Polygon","coordinates":[[[-64.313307,45.886594],[-64.313297,45.886144],[-64.312008,45.886159],[-64.311997,45.885709],[-64.310709,45.885723],[-64.310698,45.885274],[-64.307477,45.88531],[-64.307467,45.884861],[-64.306822,45.884868],[-64.306812,45.884418],[-64.305524,45.884433],[-64.305545,45.885333],[-64.307477,45.88531],[-64.307488,45.88576],[-64.310065,45.885731],[-64.310075,45.886181],[-64.312008,45.886159],[-64.312019,45.886608],[-64.313307,45.886594]]]},"properties":{"feature_id":"dorian-s1-0720","event_id":"dorian","category":"new_low_backscatter_after_dorian","area_ha":3.75,"center_lon":-64.309416,"center_lat":45.885513,"threshold_db":-18.086,"sensor":"Sentinel-1","polarization":"HV","interpretation":"candidate only; requires validation"}},{"type":"Feature","id":"dorian-s1-0721","geometry":{"type":"Polygon","coordinates":[[[-64.286218,45.885552],[-64.286207,45.885102],[-64.286851,45.885095],[-64.286841,45.884645],[-64.287485,45.884637],[-64.287496,45.885087],[-64.28814,45.88508],[-64.28813,45.88463],[-64.287485,45.884637],[-64.287475,45.884188],[-64.286831,45.884195],[-64.286841,45.884645],[-64.286197,45.884652],[-64.286186,45.884202],[-64.285542,45.884209],[-64.285553,45.884659],[-64.286197,45.884652],[-64.286207,45.885102],[-64.285563,45.885109],[-64.285573,45.885559],[-64.286218,45.885552]]]},"properties":{"feature_id":"dorian-s1-0721","event_id":"dorian","category":"new_low_backscatter_after_dorian","area_ha":1.25,"center_lon":-64.286841,"center_lat":45.884873,"threshold_db":-18.086,"sensor":"Sentinel-1","polarization":"HV","interpretation":"candidate only; requires validation"}},{"type":"Feature","id":"dorian-s1-0722","geometry":{"type":"Polygon","coordinates":[[[-64.255294,45.885896],[-64.255284,45.885446],[-64.256572,45.885432],[-64.256562,45.884982],[-64.257207,45.884975],[-64.257196,45.884525],[-64.256552,45.884532],[-64.256562,45.884982],[-64.255274,45.884996],[-64.255284,45.885446],[-64.25464,45.885453],[-64.25465,45.885903],[-64.255294,45.885896]]]},"properties":{"feature_id":"dorian-s1-0722","event_id":"dorian","category":"low_backscatter_no_longer_present","area_ha":1.0,"center_lon":-64.255923,"center_lat":45.885214,"threshold_db":-18.086,"sensor":"Sentinel-1","polarization":"HV","interpretation":"candidate only; requires validation"}},{"type":"Feature","id":"dorian-s1-0723","geometry":{"type":"Polygon","coordinates":[[[-64.2985,45.887213],[-64.29849,45.886763],[-64.299778,45.886748],[-64.299757,45.885849],[-64.300401,45.885841],[-64.300359,45.884042],[-64.299071,45.884056],[-64.29906,45.883606],[-64.298416,45.883614],[-64.298427,45.884064],[-64.297782,45.884071],[-64.297793,45.884521],[-64.297149,45.884528],[-64.297159,45.884978],[-64.297803,45.884971],[-64.297814,45.885421],[-64.298458,45.885413],[-64.298469,45.885863],[-64.29718,45.885878],[-64.297191,45.886328],[-64.296546,45.886335],[-64.296557,45.886785],[-64.297201,45.886778],[-64.297212,45.887228],[-64.2985,45.887213]],[[-64.299092,45.884956],[-64.297803,45.884971],[-64.297793,45.884521],[-64.299081,45.884506],[-64.299092,45.884956]]]},"properties":{"feature_id":"dorian-s1-0723","event_id":"dorian","category":"new_low_backscatter_after_dorian","area_ha":6.5,"center_lon":-64.298474,"center_lat":45.885417,"threshold_db":-18.086,"sensor":"Sentinel-1","polarization":"HV","interpretation":"candidate only; requires validation"}},{"type":"Feature","id":"dorian-s1-0724","geometry":{"type":"Polygon","coordinates":[[[-64.235352,45.887463],[-64.235342,45.887013],[-64.234698,45.88702],[-64.234678,45.88612],[-64.234034,45.886127],[-64.234024,45.885677],[-64.23338,45.885684],[-64.23337,45.885234],[-64.232081,45.885248],[-64.232061,45.884348],[-64.230129,45.884369],[-64.230138,45.884819],[-64.231427,45.884805],[-64.231437,45.885255],[-64.230148,45.885269],[-64.230158,45.885719],[-64.231447,45.885705],[-64.231457,45.886155],[-64.230813,45.886162],[-64.230822,45.886612],[-64.232111,45.886598],[-64.232101,45.886148],[-64.234034,45.886127],[-64.234054,45.887027],[-64.232765,45.887041],[-64.232775,45.887491],[-64.234064,45.887477],[-64.234054,45.887027],[-64.234698,45.88702],[-64.234708,45.88747],[-64.235352,45.887463]]]},"properties":{"feature_id":"dorian-s1-0724","event_id":"dorian","category":"new_low_backscatter_after_dorian","area_ha":5.0,"center_lon":-64.232741,"center_lat":45.885919,"threshold_db":-18.086,"sensor":"Sentinel-1","polarization":"HV","interpretation":"candidate only; requires validation"}},{"type":"Feature","id":"dorian-s1-0725","geometry":{"type":"Polygon","coordinates":[[[-64.297138,45.884078],[-64.297117,45.883178],[-64.29454,45.883208],[-64.294551,45.883658],[-64.296484,45.883636],[-64.296494,45.884086],[-64.297138,45.884078]]]},"properties":{"feature_id":"dorian-s1-0725","event_id":"dorian","category":"persistent_low_backscatter","area_ha":1.25,"center_lon":-64.295839,"center_lat":45.883632,"threshold_db":-18.086,"sensor":"Sentinel-1","polarization":"HV","interpretation":"candidate only; requires validation"}},{"type":"Feature","id":"dorian-s1-0726","geometry":{"type":"Polygon","coordinates":[[[-64.296504,45.884535],[-64.296484,45.883636],[-64.294551,45.883658],[-64.29454,45.883208],[-64.293896,45.883215],[-64.293886,45.882765],[-64.291953,45.882787],[-64.291964,45.883237],[-64.293896,45.883215],[-64.293907,45.883665],[-64.294551,45.883658],[-64.294561,45.884107],[-64.29585,45.884093],[-64.29586,45.884543],[-64.296504,45.884535]]]},"properties":{"feature_id":"dorian-s1-0726","event_id":"dorian","category":"new_low_backscatter_after_dorian","area_ha":2.0,"center_lon":-64.294229,"center_lat":45.883654,"threshold_db":-18.086,"sensor":"Sentinel-1","polarization":"HV","interpretation":"candidate only; requires validation"}},{"type":"Feature","id":"dorian-s1-0727","geometry":{"type":"Polygon","coordinates":[[[-64.176675,45.885832],[-64.176666,45.885382],[-64.17731,45.885376],[-64.177281,45.884026],[-64.176637,45.884033],[-64.176656,45.884932],[-64.176012,45.884939],[-64.176021,45.885389],[-64.175377,45.885396],[-64.175387,45.885846],[-64.176675,45.885832]]]},"properties":{"feature_id":"dorian-s1-0727","event_id":"dorian","category":"persistent_low_backscatter","area_ha":1.5,"center_lon":-64.176344,"center_lat":45.884936,"threshold_db":-18.086,"sensor":"Sentinel-1","polarization":"HV","interpretation":"candidate only; requires validation"}},{"type":"Feature","id":"dorian-s1-0728","geometry":{"type":"Polygon","coordinates":[[[-64.24563,45.886001],[-64.24561,45.885102],[-64.246899,45.885088],[-64.246889,45.884638],[-64.2456,45.884652],[-64.24561,45.885102],[-64.244966,45.885109],[-64.244956,45.884659],[-64.244312,45.884666],[-64.244302,45.884216],[-64.24559,45.884202],[-64.24558,45.883752],[-64.244936,45.883759],[-64.244926,45.883309],[-64.244282,45.883316],[-64.244272,45.882866],[-64.242983,45.88288],[-64.242993,45.88333],[-64.244282,45.883316],[-64.244292,45.883766],[-64.243647,45.883773],[-64.243657,45.884223],[-64.243013,45.88423],[-64.243003,45.88378],[-64.242359,45.883787],[-64.242369,45.884237],[-64.241725,45.884244],[-64.241735,45.884694],[-64.242379,45.884687],[-64.242369,45.884237],[-64.243013,45.88423],[-64.243023,45.88468],[-64.244312,45.884666],[-64.244322,45.885116],[-64.244966,45.885109],[-64.244986,45.886008],[-64.24563,45.886001]]]},"properties":{"feature_id":"dorian-s1-0728","event_id":"dorian","category":"new_low_backscatter_after_dorian","area_ha":3.75,"center_lon":-64.244312,"center_lat":45.884437,"threshold_db":-18.086,"sensor":"Sentinel-1","polarization":"HV","interpretation":"candidate only; requires validation"}},{"type":"Feature","id":"dorian-s1-0729","geometry":{"type":"Polygon","coordinates":[[[-64.230099,45.88302],[-64.230079,45.88212],[-64.230723,45.882113],[-64.230713,45.881663],[-64.230069,45.88167],[-64.230079,45.88212],[-64.229435,45.882127],[-64.229445,45.882577],[-64.2288,45.882583],[-64.22881,45.883033],[-64.230099,45.88302]]]},"properties":{"feature_id":"dorian-s1-0729","event_id":"dorian","category":"new_low_backscatter_after_dorian","area_ha":1.0,"center_lon":-64.229761,"center_lat":45.882348,"threshold_db":-18.086,"sensor":"Sentinel-1","polarization":"HV","interpretation":"candidate only; requires validation"}},{"type":"Feature","id":"dorian-s1-0730","geometry":{"type":"Polygon","coordinates":[[[-64.157945,45.883774],[-64.157935,45.883324],[-64.15858,45.883317],[-64.15857,45.882867],[-64.159214,45.882861],[-64.159205,45.882411],[-64.158561,45.882417],[-64.15857,45.882867],[-64.157282,45.88288],[-64.157291,45.88333],[-64.156647,45.883337],[-64.156656,45.883787],[-64.157945,45.883774]]]},"properties":{"feature_id":"dorian-s1-0730","event_id":"dorian","category":"new_low_backscatter_after_dorian","area_ha":1.25,"center_lon":-64.157931,"center_lat":45.883099,"threshold_db":-18.086,"sensor":"Sentinel-1","polarization":"HV","interpretation":"candidate only; requires validation"}},{"type":"Feature","id":"dorian-s1-0731","geometry":{"type":"Polygon","coordinates":[[[-64.16181,45.883734],[-64.161791,45.882834],[-64.162436,45.882828],[-64.162445,45.883278],[-64.163089,45.883271],[-64.16308,45.882821],[-64.162436,45.882828],[-64.162426,45.882378],[-64.161782,45.882385],[-64.161791,45.882834],[-64.161147,45.882841],[-64.161166,45.883741],[-64.16181,45.883734]]]},"properties":{"feature_id":"dorian-s1-0731","event_id":"dorian","category":"new_low_backscatter_after_dorian","area_ha":1.0,"center_lon":-64.162118,"center_lat":45.88306,"threshold_db":-18.086,"sensor":"Sentinel-1","polarization":"HV","interpretation":"candidate only; requires validation"}},{"type":"Feature","id":"dorian-s1-0732","geometry":{"type":"Polygon","coordinates":[[[-64.190801,45.883436],[-64.190791,45.882986],[-64.19208,45.882972],[-64.19207,45.882523],[-64.192714,45.882516],[-64.192705,45.882066],[-64.19206,45.882073],[-64.192051,45.881623],[-64.189474,45.88165],[-64.189464,45.8812],[-64.187532,45.88122],[-64.18757,45.883019],[-64.188214,45.883013],[-64.188205,45.882563],[-64.189493,45.882549],[-64.189503,45.882999],[-64.190147,45.882993],[-64.190157,45.883443],[-64.190801,45.883436]]]},"properties":{"feature_id":"dorian-s1-0732","event_id":"dorian","category":"persistent_low_backscatter","area_ha":6.0,"center_lon":-64.190123,"center_lat":45.882322,"threshold_db":-18.086,"sensor":"Sentinel-1","polarization":"HV","interpretation":"candidate only; requires validation"}},{"type":"Feature","id":"dorian-s1-0733","geometry":{"type":"Polygon","coordinates":[[[-64.25326,45.881418],[-64.25325,45.880968],[-64.255183,45.880947],[-64.255172,45.880497],[-64.252596,45.880525],[-64.252616,45.881425],[-64.25326,45.881418]]]},"properties":{"feature_id":"dorian-s1-0733","event_id":"dorian","category":"new_low_backscatter_after_dorian","area_ha":1.25,"center_lon":-64.253889,"center_lat":45.880961,"threshold_db":-18.086,"sensor":"Sentinel-1","polarization":"HV","interpretation":"candidate only; requires validation"}},{"type":"Feature","id":"dorian-s1-0734","geometry":{"type":"Polygon","coordinates":[[[-64.266134,45.880826],[-64.266124,45.880376],[-64.266768,45.880369],[-64.266758,45.879919],[-64.265469,45.879933],[-64.265479,45.880383],[-64.264835,45.88039],[-64.264845,45.88084],[-64.266134,45.880826]]]},"properties":{"feature_id":"dorian-s1-0734","event_id":"dorian","category":"persistent_low_backscatter","area_ha":1.0,"center_lon":-64.265802,"center_lat":45.88038,"threshold_db":-18.086,"sensor":"Sentinel-1","polarization":"HV","interpretation":"candidate only; requires validation"}},{"type":"Feature","id":"dorian-s1-0735","geometry":{"type":"Polygon","coordinates":[[[-64.26551,45.881733],[-64.26549,45.880833],[-64.264845,45.88084],[-64.264835,45.88039],[-64.265479,45.880383],[-64.265469,45.879933],[-64.264825,45.87994],[-64.264835,45.88039],[-64.263547,45.880404],[-64.263537,45.879954],[-64.262892,45.879962],[-64.262882,45.879512],[-64.261594,45.879526],[-64.261604,45.879976],[-64.262248,45.879969],[-64.262258,45.880419],[-64.263547,45.880404],[-64.263557,45.880854],[-64.264845,45.88084],[-64.264866,45.88174],[-64.26551,45.881733]]]},"properties":{"feature_id":"dorian-s1-0735","event_id":"dorian","category":"new_low_backscatter_after_dorian","area_ha":2.25,"center_lon":-64.263552,"center_lat":45.880626,"threshold_db":-18.086,"sensor":"Sentinel-1","polarization":"HV","interpretation":"candidate only; requires validation"}},{"type":"Feature","id":"dorian-s1-0736","geometry":{"type":"Polygon","coordinates":[[[-64.267432,45.881261],[-64.267412,45.880362],[-64.2687,45.880347],[-64.26869,45.879897],[-64.267402,45.879912],[-64.267391,45.879462],[-64.266747,45.879469],[-64.266758,45.879919],[-64.267402,45.879912],[-64.267412,45.880362],[-64.266124,45.880376],[-64.266134,45.880826],[-64.266778,45.880819],[-64.266788,45.881269],[-64.267432,45.881261]]]},"properties":{"feature_id":"dorian-s1-0736","event_id":"dorian","category":"new_low_backscatter_after_dorian","area_ha":1.5,"center_lon":-64.267412,"center_lat":45.880365,"threshold_db":-18.086,"sensor":"Sentinel-1","polarization":"HV","interpretation":"candidate only; requires validation"}},{"type":"Feature","id":"dorian-s1-0737","geometry":{"type":"Polygon","coordinates":[[[-64.232646,45.881642],[-64.232636,45.881192],[-64.233924,45.881178],[-64.233914,45.880728],[-64.234558,45.880721],[-64.234548,45.880271],[-64.233904,45.880278],[-64.233894,45.879828],[-64.23325,45.879835],[-64.23324,45.879385],[-64.232596,45.879392],[-64.232606,45.879842],[-64.231318,45.879856],[-64.231337,45.880756],[-64.232626,45.880742],[-64.232636,45.881192],[-64.231992,45.881199],[-64.232002,45.881649],[-64.232646,45.881642]],[[-64.23327,45.880735],[-64.232626,45.880742],[-64.232606,45.879842],[-64.23325,45.879835],[-64.23327,45.880735]]]},"properties":{"feature_id":"dorian-s1-0737","event_id":"dorian","category":"new_low_backscatter_after_dorian","area_ha":2.75,"center_lon":-64.232938,"center_lat":45.880517,"threshold_db":-18.086,"sensor":"Sentinel-1","polarization":"HV","interpretation":"candidate only; requires validation"}},{"type":"Feature","id":"dorian-s1-0738","geometry":{"type":"Polygon","coordinates":[[[-64.185599,45.88124],[-64.18558,45.88034],[-64.186224,45.880333],[-64.186215,45.879883],[-64.18557,45.87989],[-64.18558,45.88034],[-64.184292,45.880353],[-64.184311,45.881253],[-64.185599,45.88124]]]},"properties":{"feature_id":"dorian-s1-0738","event_id":"dorian","category":"persistent_low_backscatter","area_ha":1.25,"center_lon":-64.185258,"center_lat":45.880568,"threshold_db":-18.086,"sensor":"Sentinel-1","polarization":"HV","interpretation":"candidate only; requires validation"}},{"type":"Feature","id":"dorian-s1-0739","geometry":{"type":"Polygon","coordinates":[[[-64.253874,45.880061],[-64.253864,45.879611],[-64.256441,45.879583],[-64.25643,45.879133],[-64.253854,45.879161],[-64.253844,45.878711],[-64.253199,45.878718],[-64.25321,45.879168],[-64.253854,45.879161],[-64.253864,45.879611],[-64.25322,45.879618],[-64.25323,45.880068],[-64.253874,45.880061]]]},"properties":{"feature_id":"dorian-s1-0739","event_id":"dorian","category":"new_low_backscatter_after_dorian","area_ha":1.5,"center_lon":-64.25482,"center_lat":45.87939,"threshold_db":-18.086,"sensor":"Sentinel-1","polarization":"HV","interpretation":"candidate only; requires validation"}},{"type":"Feature","id":"dorian-s1-0740","geometry":{"type":"Polygon","coordinates":[[[-64.153444,45.884269],[-64.153435,45.883819],[-64.152146,45.883832],[-64.152137,45.883382],[-64.152781,45.883376],[-64.152772,45.882926],[-64.152128,45.882932],[-64.152109,45.882032],[-64.152753,45.882026],[-64.152735,45.881126],[-64.152091,45.881133],[-64.152081,45.880683],[-64.15337,45.88067],[-64.15336,45.88022],[-64.151428,45.880239],[-64.151409,45.879339],[-64.150765,45.879346],[-64.150774,45.879796],[-64.15013,45.879802],[-64.150158,45.881152],[-64.150802,45.881146],[-64.150811,45.881595],[-64.151456,45.881589],[-64.151474,45.882489],[-64.150186,45.882502],[-64.150177,45.882052],[-64.149532,45.882058],[-64.149523,45.881608],[-64.148879,45.881615],[-64.14887,45.881165],[-64.148225,45.881171],[-64.148216,45.880722],[-64.146928,45.880734],[-64.146937,45.881184],[-64.145648,45.881197],[-64.145658,45.881647],[-64.146946,45.881634],[-64.146937,45.881184],[-64.148225,45.881171],[-64.148253,45.882521],[-64.150186,45.882502],[-64.150195,45.882952],[-64.149551,45.882958],[-64.14956,45.883408],[-64.150204,45.883402],[-64.150214,45.883852],[-64.150858,45.883845],[-64.150849,45.883395],[-64.151493,45.883389],[-64.151502,45.883839],[-64.152146,45.883832],[-64.152156,45.884282],[-64.153444,45.884269]]]},"properties":{"feature_id":"dorian-s1-0740","event_id":"dorian","category":"new_low_backscatter_after_dorian","area_ha":9.75,"center_lon":-64.149546,"center_lat":45.881811,"threshold_db":-18.086,"sensor":"Sentinel-1","polarization":"HV","interpretation":"candidate only; requires validation"}},{"type":"Feature","id":"dorian-s1-0741","geometry":{"type":"Polygon","coordinates":[[[-64.250009,45.880103],[-64.249999,45.879653],[-64.250643,45.879646],[-64.250633,45.879196],[-64.247412,45.879232],[-64.247402,45.878782],[-64.249334,45.878761],[-64.249324,45.878311],[-64.247392,45.878332],[-64.247402,45.878782],[-64.246758,45.878789],[-64.246778,45.879689],[-64.24871,45.879667],[-64.248721,45.880117],[-64.250009,45.880103]]]},"properties":{"feature_id":"dorian-s1-0741","event_id":"dorian","category":"new_low_backscatter_after_dorian","area_ha":3.0,"center_lon":-64.2487,"center_lat":45.879214,"threshold_db":-18.086,"sensor":"Sentinel-1","polarization":"HV","interpretation":"candidate only; requires validation"}},{"type":"Feature","id":"dorian-s1-0742","geometry":{"type":"Polygon","coordinates":[[[-64.190099,45.880743],[-64.190089,45.880293],[-64.190734,45.880286],[-64.190724,45.879836],[-64.192012,45.879823],[-64.191993,45.878923],[-64.192637,45.878916],[-64.192618,45.878017],[-64.188753,45.878057],[-64.188772,45.878957],[-64.188128,45.878963],[-64.188138,45.879413],[-64.187493,45.87942],[-64.187503,45.87987],[-64.188147,45.879863],[-64.188157,45.880313],[-64.188801,45.880306],[-64.188811,45.880756],[-64.190099,45.880743]]]},"properties":{"feature_id":"dorian-s1-0742","event_id":"dorian","category":"persistent_low_backscatter","area_ha":7.75,"center_lon":-64.190065,"center_lat":45.879386,"threshold_db":-18.086,"sensor":"Sentinel-1","polarization":"HV","interpretation":"candidate only; requires validation"}},{"type":"Feature","id":"dorian-s1-0743","geometry":{"type":"Polygon","coordinates":[[[-64.250623,45.878746],[-64.250613,45.878297],[-64.251901,45.878282],[-64.251891,45.877833],[-64.252535,45.877825],[-64.252525,45.877376],[-64.251881,45.877383],[-64.251891,45.877833],[-64.251247,45.87784],[-64.251237,45.87739],[-64.250592,45.877397],[-64.250603,45.877847],[-64.249958,45.877854],[-64.249979,45.878753],[-64.250623,45.878746]]]},"properties":{"feature_id":"dorian-s1-0743","event_id":"dorian","category":"new_low_backscatter_after_dorian","area_ha":1.5,"center_lon":-64.251247,"center_lat":45.878065,"threshold_db":-18.086,"sensor":"Sentinel-1","polarization":"HV","interpretation":"candidate only; requires validation"}},{"type":"Feature","id":"dorian-s1-0744","geometry":{"type":"Polygon","coordinates":[[[-64.150121,45.879352],[-64.150112,45.878902],[-64.1514,45.878889],[-64.151391,45.878439],[-64.149458,45.878459],[-64.149477,45.879359],[-64.150121,45.879352]]]},"properties":{"feature_id":"dorian-s1-0744","event_id":"dorian","category":"new_low_backscatter_after_dorian","area_ha":1.0,"center_lon":-64.150429,"center_lat":45.878899,"threshold_db":-18.086,"sensor":"Sentinel-1","polarization":"HV","interpretation":"candidate only; requires validation"}},{"type":"Feature","id":"dorian-s1-0745","geometry":{"type":"Polygon","coordinates":[[[-64.204233,45.878795],[-64.204223,45.878345],[-64.204867,45.878338],[-64.204848,45.877438],[-64.203559,45.877452],[-64.203588,45.878802],[-64.204233,45.878795]]]},"properties":{"feature_id":"dorian-s1-0745","event_id":"dorian","category":"new_low_backscatter_after_dorian","area_ha":1.25,"center_lon":-64.204213,"center_lat":45.87812,"threshold_db":-18.086,"sensor":"Sentinel-1","polarization":"HV","interpretation":"candidate only; requires validation"}},{"type":"Feature","id":"dorian-s1-0746","geometry":{"type":"Polygon","coordinates":[[[-64.177177,45.879077],[-64.177158,45.878177],[-64.17587,45.87819],[-64.17586,45.87774],[-64.175216,45.877747],[-64.175206,45.877297],[-64.173274,45.877317],[-64.173283,45.877767],[-64.175216,45.877747],[-64.175225,45.878197],[-64.17587,45.87819],[-64.175879,45.87864],[-64.176523,45.878633],[-64.176533,45.879083],[-64.177177,45.879077]]]},"properties":{"feature_id":"dorian-s1-0746","event_id":"dorian","category":"new_low_backscatter_after_dorian","area_ha":1.75,"center_lon":-64.175226,"center_lat":45.87819,"threshold_db":-18.086,"sensor":"Sentinel-1","polarization":"HV","interpretation":"candidate only; requires validation"}},{"type":"Feature","id":"dorian-s1-0747","geometry":{"type":"Polygon","coordinates":[[[-64.153342,45.87932],[-64.153332,45.87887],[-64.153977,45.878863],[-64.153958,45.877964],[-64.153314,45.87797],[-64.153305,45.87752],[-64.15266,45.877527],[-64.15267,45.877977],[-64.152026,45.877983],[-64.152035,45.878433],[-64.152679,45.878426],[-64.152698,45.879326],[-64.153342,45.87932]]]},"properties":{"feature_id":"dorian-s1-0747","event_id":"dorian","category":"persistent_low_backscatter","area_ha":1.75,"center_lon":-64.153002,"center_lat":45.878423,"threshold_db":-18.086,"sensor":"Sentinel-1","polarization":"HV","interpretation":"candidate only; requires validation"}},{"type":"Feature","id":"dorian-s1-0748","geometry":{"type":"Polygon","coordinates":[[[-64.153986,45.879313],[-64.153977,45.878863],[-64.154621,45.878857],[-64.154602,45.877957],[-64.153958,45.877964],[-64.153949,45.877514],[-64.153305,45.87752],[-64.153295,45.87707],[-64.152007,45.877083],[-64.152016,45.877533],[-64.151372,45.87754],[-64.151381,45.87799],[-64.15267,45.877977],[-64.15266,45.877527],[-64.153305,45.87752],[-64.153314,45.87797],[-64.153958,45.877964],[-64.153977,45.878863],[-64.153332,45.87887],[-64.153342,45.87932],[-64.153986,45.879313]]]},"properties":{"feature_id":"dorian-s1-0748","event_id":"dorian","category":"new_low_backscatter_after_dorian","area_ha":2.0,"center_lon":-64.152997,"center_lat":45.878195,"threshold_db":-18.086,"sensor":"Sentinel-1","polarization":"HV","interpretation":"candidate only; requires validation"}},{"type":"Feature","id":"dorian-s1-0749","geometry":{"type":"Polygon","coordinates":[[[-64.235777,45.877558],[-64.235757,45.876658],[-64.235113,45.876665],[-64.235103,45.876215],[-64.234459,45.876222],[-64.234489,45.877572],[-64.235777,45.877558]]]},"properties":{"feature_id":"dorian-s1-0749","event_id":"dorian","category":"new_low_backscatter_after_dorian","area_ha":1.25,"center_lon":-64.235118,"center_lat":45.876894,"threshold_db":-18.086,"sensor":"Sentinel-1","polarization":"HV","interpretation":"candidate only; requires validation"}},{"type":"Feature","id":"dorian-s1-0750","geometry":{"type":"Polygon","coordinates":[[[-64.068925,45.878791],[-64.068916,45.878341],[-64.070204,45.878329],[-64.070196,45.877879],[-64.067619,45.877903],[-64.067627,45.878353],[-64.068272,45.878347],[-64.06828,45.878797],[-64.068925,45.878791]]]},"properties":{"feature_id":"dorian-s1-0750","event_id":"dorian","category":"new_low_backscatter_after_dorian","area_ha":1.25,"center_lon":-64.068911,"center_lat":45.878338,"threshold_db":-18.086,"sensor":"Sentinel-1","polarization":"HV","interpretation":"candidate only; requires validation"}},{"type":"Feature","id":"dorian-s1-0751","geometry":{"type":"Polygon","coordinates":[[[-64.246144,45.880145],[-64.246134,45.879696],[-64.24549,45.879703],[-64.24548,45.879253],[-64.246124,45.879246],[-64.246114,45.878796],[-64.245469,45.878803],[-64.245449,45.877903],[-64.244805,45.87791],[-64.244775,45.87656],[-64.244131,45.876567],[-64.244121,45.876117],[-64.241544,45.876145],[-64.241534,45.875695],[-64.24089,45.875702],[-64.24091,45.876602],[-64.241554,45.876595],[-64.241564,45.877045],[-64.24092,45.877052],[-64.24094,45.877952],[-64.242229,45.877938],[-64.242219,45.877488],[-64.243507,45.877474],[-64.243517,45.877924],[-64.242873,45.877931],[-64.242893,45.878831],[-64.243537,45.878824],[-64.243547,45.879274],[-64.244191,45.879267],[-64.244201,45.879717],[-64.244845,45.87971],[-64.244855,45.88016],[-64.246144,45.880145]]]},"properties":{"feature_id":"dorian-s1-0751","event_id":"dorian","category":"new_low_backscatter_after_dorian","area_ha":9.25,"center_lon":-64.243517,"center_lat":45.877927,"threshold_db":-18.086,"sensor":"Sentinel-1","polarization":"HV","interpretation":"candidate only; requires validation"}},{"type":"Feature","id":"dorian-s1-0752","geometry":{"type":"Polygon","coordinates":[[[-64.24093,45.877502],[-64.24092,45.877052],[-64.240276,45.877059],[-64.240266,45.876609],[-64.24091,45.876602],[-64.2409,45.876152],[-64.240256,45.876159],[-64.240246,45.875709],[-64.239602,45.875716],[-64.239612,45.876166],[-64.238968,45.876173],[-64.238958,45.875723],[-64.238314,45.87573],[-64.238304,45.87528],[-64.237659,45.875287],[-64.237679,45.876187],[-64.238968,45.876173],[-64.238978,45.876623],[-64.239622,45.876616],[-64.239632,45.877066],[-64.240276,45.877059],[-64.240286,45.877509],[-64.24093,45.877502]],[[-64.240266,45.876609],[-64.239622,45.876616],[-64.239612,45.876166],[-64.240256,45.876159],[-64.240266,45.876609]]]},"properties":{"feature_id":"dorian-s1-0752","event_id":"dorian","category":"persistent_low_backscatter","area_ha":2.0,"center_lon":-64.239294,"center_lat":45.876395,"threshold_db":-18.086,"sensor":"Sentinel-1","polarization":"HV","interpretation":"candidate only; requires validation"}},{"type":"Feature","id":"dorian-s1-0753","geometry":{"type":"Polygon","coordinates":[[[-64.166179,45.876939],[-64.166169,45.876489],[-64.165525,45.876496],[-64.165516,45.876046],[-64.164227,45.876059],[-64.164237,45.876509],[-64.164881,45.876503],[-64.16489,45.876953],[-64.166179,45.876939]]]},"properties":{"feature_id":"dorian-s1-0753","event_id":"dorian","category":"new_low_backscatter_after_dorian","area_ha":1.0,"center_lon":-64.165203,"center_lat":45.8765,"threshold_db":-18.086,"sensor":"Sentinel-1","polarization":"HV","interpretation":"candidate only; requires validation"}},{"type":"Feature","id":"dorian-s1-0754","geometry":{"type":"Polygon","coordinates":[[[-64.174553,45.876854],[-64.174534,45.875954],[-64.175178,45.875947],[-64.175168,45.875497],[-64.174524,45.875504],[-64.174515,45.875054],[-64.173871,45.87506],[-64.173909,45.87686],[-64.174553,45.876854]]]},"properties":{"feature_id":"dorian-s1-0754","event_id":"dorian","category":"new_low_backscatter_after_dorian","area_ha":1.25,"center_lon":-64.174525,"center_lat":45.875957,"threshold_db":-18.086,"sensor":"Sentinel-1","polarization":"HV","interpretation":"candidate only; requires validation"}},{"type":"Feature","id":"dorian-s1-0755","geometry":{"type":"Polygon","coordinates":[[[-64.17712,45.876377],[-64.177101,45.875477],[-64.177745,45.875471],[-64.177736,45.875021],[-64.17838,45.875014],[-64.178399,45.875914],[-64.179043,45.875907],[-64.179033,45.875457],[-64.179677,45.875451],[-64.179649,45.874101],[-64.178361,45.874114],[-64.17837,45.874564],[-64.177726,45.874571],[-64.177736,45.875021],[-64.177091,45.875027],[-64.177101,45.875477],[-64.176457,45.875484],[-64.176476,45.876384],[-64.17712,45.876377]]]},"properties":{"feature_id":"dorian-s1-0755","event_id":"dorian","category":"new_low_backscatter_after_dorian","area_ha":2.75,"center_lon":-64.178067,"center_lat":45.875242,"threshold_db":-18.086,"sensor":"Sentinel-1","polarization":"HV","interpretation":"candidate only; requires validation"}},{"type":"Feature","id":"dorian-s1-0756","geometry":{"type":"Polygon","coordinates":[[[-64.194502,45.875747],[-64.194493,45.875297],[-64.195137,45.87529],[-64.195127,45.87484],[-64.194483,45.874847],[-64.194473,45.874397],[-64.193185,45.87441],[-64.193176,45.87396],[-64.192531,45.873967],[-64.192512,45.873067],[-64.19058,45.873087],[-64.190589,45.873537],[-64.191234,45.873531],[-64.191253,45.874431],[-64.190609,45.874437],[-64.190618,45.874887],[-64.189974,45.874894],[-64.189984,45.875344],[-64.19256,45.875317],[-64.19257,45.875767],[-64.194502,45.875747]]]},"properties":{"feature_id":"dorian-s1-0756","event_id":"dorian","category":"persistent_low_backscatter","area_ha":6.25,"center_lon":-64.192555,"center_lat":45.874417,"threshold_db":-18.086,"sensor":"Sentinel-1","polarization":"HV","interpretation":"candidate only; requires validation"}},{"type":"Feature","id":"dorian-s1-0757","geometry":{"type":"Polygon","coordinates":[[[-64.16418,45.87381],[-64.164171,45.87336],[-64.164815,45.873353],[-64.164787,45.872003],[-64.164143,45.87201],[-64.164152,45.87246],[-64.163508,45.872466],[-64.163517,45.872916],[-64.164162,45.87291],[-64.164171,45.87336],[-64.163527,45.873366],[-64.163536,45.873816],[-64.16418,45.87381]]]},"properties":{"feature_id":"dorian-s1-0757","event_id":"dorian","category":"new_low_backscatter_after_dorian","area_ha":1.25,"center_lon":-64.164162,"center_lat":45.872909,"threshold_db":-18.086,"sensor":"Sentinel-1","polarization":"HV","interpretation":"candidate only; requires validation"}},{"type":"Feature","id":"dorian-s1-0758","geometry":{"type":"Polygon","coordinates":[[[-64.177063,45.873678],[-64.177053,45.873228],[-64.177697,45.873221],[-64.177688,45.872771],[-64.178332,45.872764],[-64.178323,45.872314],[-64.178967,45.872308],[-64.178976,45.872758],[-64.180264,45.872744],[-64.180255,45.872295],[-64.180899,45.872288],[-64.180889,45.871838],[-64.180245,45.871845],[-64.180226,45.870945],[-64.177006,45.870978],[-64.177025,45.871878],[-64.178313,45.871865],[-64.178323,45.872314],[-64.177678,45.872321],[-64.177688,45.872771],[-64.1764,45.872784],[-64.176419,45.873684],[-64.177063,45.873678]],[[-64.178957,45.871858],[-64.178313,45.871865],[-64.178304,45.871415],[-64.178948,45.871408],[-64.178957,45.871858]]]},"properties":{"feature_id":"dorian-s1-0758","event_id":"dorian","category":"new_low_backscatter_after_dorian","area_ha":4.75,"center_lon":-64.17865,"center_lat":45.872315,"threshold_db":-18.086,"sensor":"Sentinel-1","polarization":"HV","interpretation":"candidate only; requires validation"}},{"type":"Feature","id":"dorian-s1-0759","geometry":{"type":"Polygon","coordinates":[[[-64.165422,45.871547],[-64.165412,45.871097],[-64.166056,45.87109],[-64.166037,45.87019],[-64.164749,45.870204],[-64.164768,45.871103],[-64.164124,45.87111],[-64.164115,45.87066],[-64.16347,45.870667],[-64.163489,45.871566],[-64.165422,45.871547]]]},"properties":{"feature_id":"dorian-s1-0759","event_id":"dorian","category":"new_low_backscatter_after_dorian","area_ha":2.0,"center_lon":-64.164763,"center_lat":45.870878,"threshold_db":-18.086,"sensor":"Sentinel-1","polarization":"HV","interpretation":"candidate only; requires validation"}},{"type":"Feature","id":"dorian-s1-0760","geometry":{"type":"Polygon","coordinates":[[[-64.169277,45.871057],[-64.169258,45.870157],[-64.16797,45.870171],[-64.167989,45.871071],[-64.169277,45.871057]]]},"properties":{"feature_id":"dorian-s1-0760","event_id":"dorian","category":"new_low_backscatter_after_dorian","area_ha":1.0,"center_lon":-64.168623,"center_lat":45.870614,"threshold_db":-18.086,"sensor":"Sentinel-1","polarization":"HV","interpretation":"candidate only; requires validation"}},{"type":"Feature","id":"dorian-s1-0761","geometry":{"type":"Polygon","coordinates":[[[-64.171218,45.871487],[-64.171209,45.871038],[-64.171853,45.871031],[-64.171844,45.870581],[-64.1712,45.870588],[-64.171181,45.869688],[-64.170537,45.869694],[-64.170555,45.870594],[-64.169911,45.870601],[-64.16993,45.871501],[-64.171218,45.871487]],[[-64.171209,45.871038],[-64.170565,45.871044],[-64.170555,45.870594],[-64.1712,45.870588],[-64.171209,45.871038]]]},"properties":{"feature_id":"dorian-s1-0761","event_id":"dorian","category":"new_low_backscatter_after_dorian","area_ha":1.5,"center_lon":-64.170882,"center_lat":45.870594,"threshold_db":-18.086,"sensor":"Sentinel-1","polarization":"HV","interpretation":"candidate only; requires validation"}},{"type":"Feature","id":"dorian-s1-0762","geometry":{"type":"Polygon","coordinates":[[[-64.168614,45.870164],[-64.168595,45.869264],[-64.167307,45.869277],[-64.167326,45.870177],[-64.168614,45.870164]]]},"properties":{"feature_id":"dorian-s1-0762","event_id":"dorian","category":"persistent_low_backscatter","area_ha":1.0,"center_lon":-64.16796,"center_lat":45.86972,"threshold_db":-18.086,"sensor":"Sentinel-1","polarization":"HV","interpretation":"candidate only; requires validation"}},{"type":"Feature","id":"dorian-s1-0763","geometry":{"type":"Polygon","coordinates":[[[-64.047454,45.867739],[-64.047446,45.867289],[-64.046158,45.867301],[-64.046149,45.866851],[-64.044217,45.866868],[-64.044225,45.867318],[-64.044869,45.867312],[-64.044878,45.867762],[-64.047454,45.867739]]]},"properties":{"feature_id":"dorian-s1-0763","event_id":"dorian","category":"new_low_backscatter_after_dorian","area_ha":1.75,"center_lon":-64.045836,"center_lat":45.867306,"threshold_db":-18.086,"sensor":"Sentinel-1","polarization":"HV","interpretation":"candidate only; requires validation"}},{"type":"Feature","id":"dorian-s1-0764","geometry":{"type":"Polygon","coordinates":[[[-64.042301,45.867786],[-64.042285,45.866886],[-64.040997,45.866898],[-64.040988,45.866448],[-64.040344,45.866454],[-64.040361,45.867354],[-64.041649,45.867342],[-64.041657,45.867792],[-64.042301,45.867786]]]},"properties":{"feature_id":"dorian-s1-0764","event_id":"dorian","category":"new_low_backscatter_after_dorian","area_ha":1.25,"center_lon":-64.041323,"center_lat":45.86712,"threshold_db":-18.086,"sensor":"Sentinel-1","polarization":"HV","interpretation":"candidate only; requires validation"}},{"type":"Feature","id":"dorian-s1-0765","geometry":{"type":"Polygon","coordinates":[[[-64.062259,45.867152],[-64.062251,45.866702],[-64.063539,45.86669],[-64.06353,45.86624],[-64.061598,45.866258],[-64.06159,45.865808],[-64.060946,45.865814],[-64.060963,45.866714],[-64.061607,45.866708],[-64.061615,45.867158],[-64.062259,45.867152]]]},"properties":{"feature_id":"dorian-s1-0765","event_id":"dorian","category":"new_low_backscatter_after_dorian","area_ha":1.5,"center_lon":-64.062242,"center_lat":45.866483,"threshold_db":-18.086,"sensor":"Sentinel-1","polarization":"HV","interpretation":"candidate only; requires validation"}},{"type":"Feature","id":"dorian-s1-0766","geometry":{"type":"Polygon","coordinates":[[[-64.055793,45.865862],[-64.055785,45.865412],[-64.057073,45.8654],[-64.057056,45.8645],[-64.055768,45.864512],[-64.055776,45.864962],[-64.055132,45.864968],[-64.055149,45.865868],[-64.055793,45.865862]]]},"properties":{"feature_id":"dorian-s1-0766","event_id":"dorian","category":"persistent_low_backscatter","area_ha":1.5,"center_lon":-64.056103,"center_lat":45.865184,"threshold_db":-18.086,"sensor":"Sentinel-1","polarization":"HV","interpretation":"candidate only; requires validation"}},{"type":"Feature","id":"dorian-s1-0767","geometry":{"type":"Polygon","coordinates":[[[-64.055776,45.864962],[-64.055768,45.864512],[-64.055124,45.864518],[-64.055115,45.864068],[-64.053827,45.86408],[-64.053844,45.86498],[-64.055776,45.864962]]]},"properties":{"feature_id":"dorian-s1-0767","event_id":"dorian","category":"new_low_backscatter_after_dorian","area_ha":1.25,"center_lon":-64.054801,"center_lat":45.864524,"threshold_db":-18.086,"sensor":"Sentinel-1","polarization":"HV","interpretation":"candidate only; requires validation"}},{"type":"Feature","id":"dorian-s1-0768","geometry":{"type":"Polygon","coordinates":[[[-64.042226,45.863736],[-64.042217,45.863286],[-64.042861,45.863281],[-64.042853,45.862831],[-64.040277,45.862854],[-64.040285,45.863304],[-64.041573,45.863292],[-64.041582,45.863742],[-64.042226,45.863736]]]},"properties":{"feature_id":"dorian-s1-0768","event_id":"dorian","category":"new_low_backscatter_after_dorian","area_ha":1.25,"center_lon":-64.041569,"center_lat":45.863287,"threshold_db":-18.086,"sensor":"Sentinel-1","polarization":"HV","interpretation":"candidate only; requires validation"}},{"type":"Feature","id":"dorian-s1-0769","geometry":{"type":"Polygon","coordinates":[[[-64.036455,45.865139],[-64.036446,45.864689],[-64.03709,45.864683],[-64.037082,45.864233],[-64.037726,45.864227],[-64.037718,45.863777],[-64.038362,45.863772],[-64.038336,45.862422],[-64.037692,45.862428],[-64.037718,45.863777],[-64.037073,45.863783],[-64.037082,45.864233],[-64.03515,45.864251],[-64.035158,45.864701],[-64.035802,45.864695],[-64.03581,45.865145],[-64.036455,45.865139]]]},"properties":{"feature_id":"dorian-s1-0769","event_id":"dorian","category":"new_low_backscatter_after_dorian","area_ha":2.0,"center_lon":-64.036756,"center_lat":45.863783,"threshold_db":-18.086,"sensor":"Sentinel-1","polarization":"HV","interpretation":"candidate only; requires validation"}},{"type":"Feature","id":"dorian-s1-0770","geometry":{"type":"Polygon","coordinates":[[[-64.07374,45.861194],[-64.073732,45.860744],[-64.074376,45.860738],[-64.074367,45.860288],[-64.073723,45.860294],[-64.073714,45.859845],[-64.07307,45.859851],[-64.073062,45.859401],[-64.072418,45.859407],[-64.072444,45.860757],[-64.073088,45.86075],[-64.073096,45.8612],[-64.07374,45.861194]]]},"properties":{"feature_id":"dorian-s1-0770","event_id":"dorian","category":"new_low_backscatter_after_dorian","area_ha":1.75,"center_lon":-64.073397,"center_lat":45.8603,"threshold_db":-18.086,"sensor":"Sentinel-1","polarization":"HV","interpretation":"candidate only; requires validation"}},{"type":"Feature","id":"dorian-s1-0771","geometry":{"type":"Polygon","coordinates":[[[-64.044785,45.862813],[-64.044777,45.862363],[-64.043489,45.862375],[-64.04348,45.861925],[-64.044768,45.861913],[-64.044751,45.861013],[-64.045395,45.861007],[-64.045404,45.861457],[-64.046692,45.861445],[-64.0467,45.861895],[-64.047344,45.861889],[-64.047336,45.861439],[-64.048624,45.861428],[-64.048615,45.860978],[-64.049903,45.860966],[-64.049895,45.860516],[-64.049251,45.860522],[-64.049243,45.860072],[-64.048599,45.860078],[-64.048607,45.860528],[-64.047963,45.860534],[-64.047971,45.860984],[-64.046683,45.860995],[-64.046658,45.859646],[-64.046014,45.859651],[-64.046006,45.859201],[-64.045362,45.859207],[-64.04537,45.859657],[-64.044082,45.859669],[-64.044091,45.860119],[-64.045379,45.860107],[-64.045387,45.860557],[-64.044099,45.860569],[-64.044107,45.861019],[-64.042819,45.861031],[-64.042845,45.862381],[-64.043489,45.862375],[-64.043497,45.862825],[-64.044785,45.862813]],[[-64.046039,45.861001],[-64.045395,45.861007],[-64.045387,45.860557],[-64.046031,45.860551],[-64.046039,45.861001]]]},"properties":{"feature_id":"dorian-s1-0771","event_id":"dorian","category":"new_low_backscatter_after_dorian","area_ha":7.25,"center_lon":-64.046361,"center_lat":45.861013,"threshold_db":-18.086,"sensor":"Sentinel-1","polarization":"HV","interpretation":"candidate only; requires validation"}},{"type":"Feature","id":"dorian-s1-0772","geometry":{"type":"Polygon","coordinates":[[[-64.079493,45.85889],[-64.079475,45.85799],[-64.076899,45.858014],[-64.076908,45.858464],[-64.07884,45.858446],[-64.078849,45.858896],[-64.079493,45.85889]]]},"properties":{"feature_id":"dorian-s1-0772","event_id":"dorian","category":"new_low_backscatter_after_dorian","area_ha":1.25,"center_lon":-64.078196,"center_lat":45.858443,"threshold_db":-18.086,"sensor":"Sentinel-1","polarization":"HV","interpretation":"candidate only; requires validation"}},{"type":"Feature","id":"dorian-s1-0773","geometry":{"type":"Polygon","coordinates":[[[-64.076951,45.860714],[-64.076943,45.860264],[-64.076299,45.86027],[-64.07629,45.85982],[-64.076934,45.859814],[-64.076925,45.859364],[-64.075637,45.859376],[-64.075629,45.858926],[-64.076273,45.85892],[-64.076264,45.85847],[-64.07562,45.858477],[-64.075611,45.858027],[-64.074967,45.858033],[-64.074985,45.858933],[-64.074341,45.858939],[-64.074332,45.858489],[-64.073688,45.858495],[-64.07368,45.858045],[-64.072392,45.858057],[-64.072383,45.857607],[-64.071095,45.857619],[-64.071104,45.858069],[-64.071748,45.858063],[-64.071756,45.858513],[-64.073688,45.858495],[-64.073706,45.859395],[-64.074993,45.859382],[-64.075002,45.859832],[-64.075646,45.859826],[-64.075664,45.860726],[-64.076951,45.860714]]]},"properties":{"feature_id":"dorian-s1-0773","event_id":"dorian","category":"new_low_backscatter_after_dorian","area_ha":4.5,"center_lon":-64.074023,"center_lat":45.859167,"threshold_db":-18.086,"sensor":"Sentinel-1","polarization":"HV","interpretation":"candidate only; requires validation"}},{"type":"Feature","id":"dorian-s1-0774","geometry":{"type":"Polygon","coordinates":[[[-64.078814,45.857096],[-64.078796,45.856196],[-64.080084,45.856184],[-64.080067,45.855284],[-64.078135,45.855303],[-64.07817,45.857102],[-64.078814,45.857096]]]},"properties":{"feature_id":"dorian-s1-0774","event_id":"dorian","category":"new_low_backscatter_after_dorian","area_ha":2.0,"center_lon":-64.07911,"center_lat":45.856193,"threshold_db":-18.086,"sensor":"Sentinel-1","polarization":"HV","interpretation":"candidate only; requires validation"}},{"type":"Feature","id":"dorian-s1-0775","geometry":{"type":"Polygon","coordinates":[[[-64.051107,45.856454],[-64.051098,45.856005],[-64.051742,45.855999],[-64.051725,45.855099],[-64.051081,45.855105],[-64.051098,45.856005],[-64.049166,45.856022],[-64.049175,45.856472],[-64.051107,45.856454]]]},"properties":{"feature_id":"dorian-s1-0775","event_id":"dorian","category":"new_low_backscatter_after_dorian","area_ha":1.25,"center_lon":-64.050454,"center_lat":45.855785,"threshold_db":-18.086,"sensor":"Sentinel-1","polarization":"HV","interpretation":"candidate only; requires validation"}},{"type":"Feature","id":"dorian-s1-0776","geometry":{"type":"Polygon","coordinates":[[[-64.066544,45.855411],[-64.066536,45.854961],[-64.06718,45.854955],[-64.067171,45.854505],[-64.065883,45.854517],[-64.065892,45.854967],[-64.06396,45.854985],[-64.063969,45.855435],[-64.066544,45.855411]]]},"properties":{"feature_id":"dorian-s1-0776","event_id":"dorian","category":"new_low_backscatter_after_dorian","area_ha":1.5,"center_lon":-64.06557,"center_lat":45.85497,"threshold_db":-18.086,"sensor":"Sentinel-1","polarization":"HV","interpretation":"candidate only; requires validation"}},{"type":"Feature","id":"dorian-s1-0777","geometry":{"type":"Polygon","coordinates":[[[-64.06141,45.856359],[-64.061401,45.855909],[-64.062045,45.855903],[-64.062011,45.854103],[-64.060723,45.854115],[-64.060732,45.854565],[-64.061376,45.854559],[-64.061384,45.855009],[-64.06074,45.855015],[-64.060749,45.855465],[-64.061393,45.855459],[-64.061401,45.855909],[-64.060757,45.855915],[-64.060766,45.856365],[-64.06141,45.856359]]]},"properties":{"feature_id":"dorian-s1-0777","event_id":"dorian","category":"new_low_backscatter_after_dorian","area_ha":1.75,"center_lon":-64.061384,"center_lat":45.855234,"threshold_db":-18.086,"sensor":"Sentinel-1","polarization":"HV","interpretation":"candidate only; requires validation"}},{"type":"Feature","id":"dorian-s1-0778","geometry":{"type":"Polygon","coordinates":[[[-64.075551,45.854877],[-64.075533,45.853977],[-64.076177,45.853971],[-64.076169,45.853521],[-64.074237,45.853539],[-64.074228,45.853089],[-64.07294,45.853101],[-64.072949,45.853551],[-64.073593,45.853545],[-64.073602,45.853995],[-64.074889,45.853983],[-64.074898,45.854433],[-64.074254,45.854439],[-64.074263,45.854889],[-64.075551,45.854877]]]},"properties":{"feature_id":"dorian-s1-0778","event_id":"dorian","category":"new_low_backscatter_after_dorian","area_ha":2.25,"center_lon":-64.074558,"center_lat":45.853989,"threshold_db":-18.086,"sensor":"Sentinel-1","polarization":"HV","interpretation":"candidate only; requires validation"}},{"type":"Feature","id":"dorian-s1-0779","geometry":{"type":"Polygon","coordinates":[[[-64.067162,45.854056],[-64.067154,45.853606],[-64.06651,45.853612],[-64.066484,45.852262],[-64.065196,45.852274],[-64.065222,45.853624],[-64.065866,45.853618],[-64.065875,45.854068],[-64.067162,45.854056]]]},"properties":{"feature_id":"dorian-s1-0779","event_id":"dorian","category":"new_low_backscatter_after_dorian","area_ha":2.0,"center_lon":-64.066179,"center_lat":45.853165,"threshold_db":-18.086,"sensor":"Sentinel-1","polarization":"HV","interpretation":"candidate only; requires validation"}}]}