{
  "type": "FeatureCollection",
  "name": "Historical Flood Events context near Chignecto Isthmus",
  "source_file": "historical_flood_event_en.gpkg",
  "note": "Event location points from 1950 onward are contextual records, not mapped flood extents.",
  "features": [
    {
      "type": "Feature",
      "geometry": {
        "type": "Point",
        "coordinates": [
          -64.526624,
          45.94332
        ]
      },
      "properties": {
        "uuid": "8a64387d-0929-4cb5-8821-397b3ae058ea",
        "event_id": "fb431826-486f-43b8-acb5-7e1bad506e99",
        "event_name": null,
        "year": 1950,
        "start_date": "1950-12-11",
        "end_date": "1950-12-15",
        "locality": "Upper Dorchester",
        "season": "autumn",
        "province_territory": "NB",
        "province_territory_description": "New Brunswick",
        "flood_cause": "coastal storm",
        "flood_cause_description": "Coastal flooding can be defined as flooding associated with a defined shoreline along an ocean or large lake. This can be due to a combination of high tides, storm surges, wind and wave effects, rising sea levels and riverine flooding (NRCan, PSC, 2018). A coastal storm is often accompanied by heavy precipitation.",
        "death": "no",
        "evacuation": "yes",
        "rainfall_mm": null,
        "intensity": "high",
        "comment": "Fredericton Area: In Fredericton, cellar flooding occurred.",
        "link_1": "https://www.elgegl.gnb.ca/0001/en/Flood/Details/286",
        "link_2": null,
        "source_1": "provincial",
        "source_1_description": "The source is provincial (E.g.: Nova Scotia Road Conditions, Emergency Management historical events of Ontario)",
        "source_2": null,
        "source_2_description": null,
        "geometry_source": "CGNDB",
        "geometry_source_description": "Canadian Geographical Names Database",
        "weather_station": "https://climat.meteo.gc.ca/historical_data/search_historic_data_stations_e.html?searchType=stnProx&timeframe=1&txtRadius=200&selCity=&selPark=&txtCentralLatDeg=&txtCentralLatMin=&txtCentralLatSec=&txtCentralLongDeg=&txtCentralLongMin=&txtCentralLongSec=&optProxType=decimal&txtLatDecDeg=45.941844&txtLongDecDeg=-64.529277&StartYear=1840&EndYear=2021&optLimit=specDate&Year=1950&Month=12&Day=11&selRowPerPage=25",
        "precipitation_analysis_url": "not available/non disponible",
        "precipitation_data_url": "not available/non disponible"
      }
    },
    {
      "type": "Feature",
      "geometry": {
        "type": "Point",
        "coordinates": [
          -64.513956,
          45.900725
        ]
      },
      "properties": {
        "uuid": "4a8038ab-5179-4d07-bee8-a3747e48bb04",
        "event_id": "12996612-7870-4c09-8599-0e9790d68c1e",
        "event_name": null,
        "year": 1950,
        "start_date": "1950-04-20",
        "end_date": "1950-04-24",
        "locality": "Dorchester",
        "season": "spring",
        "province_territory": "NB",
        "province_territory_description": "New Brunswick",
        "flood_cause": "freshet",
        "flood_cause_description": "The temporary inundation by water of normally dry land caused by a thaw period. The thaw period is often accompanied by precipitation that adds to the surface runoff produced by melting snow. The thaw can also cause ice jams and flooding due to rising water tables.",
        "death": "no",
        "evacuation": "yes",
        "rainfall_mm": null,
        "intensity": "high",
        "comment": "Saint John River Basin: Heavy rain fell during the period from April 20 to April 21",
        "link_1": "https://www.elgegl.gnb.ca/0001/en/Flood/Details/243",
        "link_2": "https://cdd.publicsafety.gc.ca/dtpg-eng.aspx?eventId=672&cultureCode=en-CA",
        "source_1": "provincial",
        "source_1_description": "The source is provincial (E.g.: Nova Scotia Road Conditions, Emergency Management historical events of Ontario)",
        "source_2": "federal",
        "source_2_description": "The source is federal (E.g.: Flood Damage Reduction Program, Canadian Disaster Database)",
        "geometry_source": "CGNDB",
        "geometry_source_description": "Canadian Geographical Names Database",
        "weather_station": "https://climat.meteo.gc.ca/historical_data/search_historic_data_stations_e.html?searchType=stnProx&timeframe=1&txtRadius=200&selCity=&selPark=&txtCentralLatDeg=&txtCentralLatMin=&txtCentralLatSec=&txtCentralLongDeg=&txtCentralLongMin=&txtCentralLongSec=&optProxType=decimal&txtLatDecDeg=45.899251&txtLongDecDeg=-64.516608&StartYear=1840&EndYear=2021&optLimit=specDate&Year=1950&Month=04&Day=20&selRowPerPage=25",
        "precipitation_analysis_url": "not available/non disponible",
        "precipitation_data_url": "not available/non disponible"
      }
    },
    {
      "type": "Feature",
      "geometry": {
        "type": "Point",
        "coordinates": [
          -64.513956,
          45.900725
        ]
      },
      "properties": {
        "uuid": "bb89abab-9286-42d6-93ae-b420a05a733d",
        "event_id": "51a2a9c4-594e-4778-ae10-7d885a7ba9f4",
        "event_name": null,
        "year": 1953,
        "start_date": "1953-02-07",
        "end_date": "1953-02-08",
        "locality": "Dorchester",
        "season": "winter",
        "province_territory": "NB",
        "province_territory_description": "New Brunswick",
        "flood_cause": "freshet",
        "flood_cause_description": "The temporary inundation by water of normally dry land caused by a thaw period. The thaw period is often accompanied by precipitation that adds to the surface runoff produced by melting snow. The thaw can also cause ice jams and flooding due to rising water tables.",
        "death": "no",
        "evacuation": "unknown",
        "rainfall_mm": null,
        "intensity": "medium",
        "comment": "In Kings County, torrential rains caused the rivers and brooks to overflow, but dropping temperatures followed by snow relieved some of the concern.",
        "link_1": "https://www.elgegl.gnb.ca/0001/en/Flood/Details/281",
        "link_2": null,
        "source_1": "provincial",
        "source_1_description": "The source is provincial (E.g.: Nova Scotia Road Conditions, Emergency Management historical events of Ontario)",
        "source_2": null,
        "source_2_description": null,
        "geometry_source": "CGNDB",
        "geometry_source_description": "Canadian Geographical Names Database",
        "weather_station": "https://climat.meteo.gc.ca/historical_data/search_historic_data_stations_e.html?searchType=stnProx&timeframe=1&txtRadius=200&selCity=&selPark=&txtCentralLatDeg=&txtCentralLatMin=&txtCentralLatSec=&txtCentralLongDeg=&txtCentralLongMin=&txtCentralLongSec=&optProxType=decimal&txtLatDecDeg=45.899251&txtLongDecDeg=-64.516608&StartYear=1840&EndYear=2021&optLimit=specDate&Year=1953&Month=02&Day=07&selRowPerPage=25",
        "precipitation_analysis_url": "not available/non disponible",
        "precipitation_data_url": "not available/non disponible"
      }
    },
    {
      "type": "Feature",
      "geometry": {
        "type": "Point",
        "coordinates": [
          -64.408034,
          45.882359
        ]
      },
      "properties": {
        "uuid": "b6bae6ab-13a9-4464-9b9e-d722e0ef1320",
        "event_id": "51a2a9c4-594e-4778-ae10-7d885a7ba9f4",
        "event_name": null,
        "year": 1953,
        "start_date": "1953-02-07",
        "end_date": "1953-02-08",
        "locality": "Frosty Hollow",
        "season": "winter",
        "province_territory": "NB",
        "province_territory_description": "New Brunswick",
        "flood_cause": "freshet",
        "flood_cause_description": "The temporary inundation by water of normally dry land caused by a thaw period. The thaw period is often accompanied by precipitation that adds to the surface runoff produced by melting snow. The thaw can also cause ice jams and flooding due to rising water tables.",
        "death": "no",
        "evacuation": "unknown",
        "rainfall_mm": null,
        "intensity": "medium",
        "comment": "In Kings County, torrential rains caused the rivers and brooks to overflow, but dropping temperatures followed by snow relieved some of the concern.",
        "link_1": "https://www.elgegl.gnb.ca/0001/en/Flood/Details/281",
        "link_2": null,
        "source_1": "provincial",
        "source_1_description": "The source is provincial (E.g.: Nova Scotia Road Conditions, Emergency Management historical events of Ontario)",
        "source_2": null,
        "source_2_description": null,
        "geometry_source": "CGNDB",
        "geometry_source_description": "Canadian Geographical Names Database",
        "weather_station": "https://climat.meteo.gc.ca/historical_data/search_historic_data_stations_e.html?searchType=stnProx&timeframe=1&txtRadius=200&selCity=&selPark=&txtCentralLatDeg=&txtCentralLatMin=&txtCentralLatSec=&txtCentralLongDeg=&txtCentralLongMin=&txtCentralLongSec=&optProxType=decimal&txtLatDecDeg=45.880888&txtLongDecDeg=-64.410692&StartYear=1840&EndYear=2021&optLimit=specDate&Year=1953&Month=02&Day=07&selRowPerPage=25",
        "precipitation_analysis_url": "not available/non disponible",
        "precipitation_data_url": "not available/non disponible"
      }
    },
    {
      "type": "Feature",
      "geometry": {
        "type": "Point",
        "coordinates": [
          -64.408034,
          45.882359
        ]
      },
      "properties": {
        "uuid": "4c39edc1-f31c-4900-8efa-7ed4e0cc7835",
        "event_id": "3c56d8af-a2e1-4047-b655-a42c7eab12fe",
        "event_name": null,
        "year": 1962,
        "start_date": "1962-04-06",
        "end_date": "1962-04-07",
        "locality": "Frosty Hollow",
        "season": "spring",
        "province_territory": "NB",
        "province_territory_description": "New Brunswick",
        "flood_cause": "freshet",
        "flood_cause_description": "The temporary inundation by water of normally dry land caused by a thaw period. The thaw period is often accompanied by precipitation that adds to the surface runoff produced by melting snow. The thaw can also cause ice jams and flooding due to rising water tables.",
        "death": "no",
        "evacuation": "unknown",
        "rainfall_mm": null,
        "intensity": "low",
        "comment": "Sackville Area: In the Town of Sackville, the heavy rain resulted in some basement flooding.",
        "link_1": "https://www.elgegl.gnb.ca/0001/en/Flood/Details/288",
        "link_2": null,
        "source_1": "provincial",
        "source_1_description": "The source is provincial (E.g.: Nova Scotia Road Conditions, Emergency Management historical events of Ontario)",
        "source_2": null,
        "source_2_description": null,
        "geometry_source": "CGNDB",
        "geometry_source_description": "Canadian Geographical Names Database",
        "weather_station": "https://climat.meteo.gc.ca/historical_data/search_historic_data_stations_e.html?searchType=stnProx&timeframe=1&txtRadius=200&selCity=&selPark=&txtCentralLatDeg=&txtCentralLatMin=&txtCentralLatSec=&txtCentralLongDeg=&txtCentralLongMin=&txtCentralLongSec=&optProxType=decimal&txtLatDecDeg=45.880888&txtLongDecDeg=-64.410692&StartYear=1840&EndYear=2021&optLimit=specDate&Year=1962&Month=04&Day=06&selRowPerPage=25",
        "precipitation_analysis_url": "not available/non disponible",
        "precipitation_data_url": "not available/non disponible"
      }
    },
    {
      "type": "Feature",
      "geometry": {
        "type": "Point",
        "coordinates": [
          -64.408034,
          45.882359
        ]
      },
      "properties": {
        "uuid": "97bbf505-a69d-445c-bd33-07e1c681259f",
        "event_id": "67e4bc3f-8e17-42eb-9fc0-df17618cf6b7",
        "event_name": null,
        "year": 1963,
        "start_date": "1963-11-22",
        "end_date": "1963-11-25",
        "locality": "Frosty Hollow",
        "season": "autumn",
        "province_territory": "NB",
        "province_territory_description": "New Brunswick",
        "flood_cause": "heavy rain",
        "flood_cause_description": "The temporary inundation by water of normally dry land,  whether adjacent to a river or not, caused by heavy rainfall events. Heavy rainfall flooding is common in urban areas where water temporarily accumulates due to more precipitation than can be removed by infiltration into the ground (e.g., due to impervious surfaces where infiltration is limited) or by drainage through infrastructure or the river system. Heavy precipitation and storm surges can be accompanied by high winds, as in the case of post-tropical cyclones. In mountainous areas, heavy precipitation accompanied by a rise in temperature will have an impact on the supply of meltwater from the snow cover on the peaks.",
        "death": "no",
        "evacuation": "unknown",
        "rainfall_mm": 20,
        "intensity": "low",
        "comment": "Sackville Area: At Sackville, streets in the lower section of town were covered with up to eight inches [approx. 200mm] of water.",
        "link_1": "https://www.elgegl.gnb.ca/0001/en/Flood/Details/259",
        "link_2": null,
        "source_1": "provincial",
        "source_1_description": "The source is provincial (E.g.: Nova Scotia Road Conditions, Emergency Management historical events of Ontario)",
        "source_2": null,
        "source_2_description": null,
        "geometry_source": "CGNDB",
        "geometry_source_description": "Canadian Geographical Names Database",
        "weather_station": "https://climat.meteo.gc.ca/historical_data/search_historic_data_stations_e.html?searchType=stnProx&timeframe=1&txtRadius=200&selCity=&selPark=&txtCentralLatDeg=&txtCentralLatMin=&txtCentralLatSec=&txtCentralLongDeg=&txtCentralLongMin=&txtCentralLongSec=&optProxType=decimal&txtLatDecDeg=45.880888&txtLongDecDeg=-64.410692&StartYear=1840&EndYear=2021&optLimit=specDate&Year=1963&Month=11&Day=22&selRowPerPage=25",
        "precipitation_analysis_url": "not available/non disponible",
        "precipitation_data_url": "not available/non disponible"
      }
    },
    {
      "type": "Feature",
      "geometry": {
        "type": "Point",
        "coordinates": [
          -64.408034,
          45.882359
        ]
      },
      "properties": {
        "uuid": "db017ec4-691b-4150-a754-5c5485988aff",
        "event_id": "850fbf6e-592c-4be3-a674-6e828e2af9c4",
        "event_name": null,
        "year": 1963,
        "start_date": "1963-04-06",
        "end_date": "1963-04-07",
        "locality": "Frosty Hollow",
        "season": "spring",
        "province_territory": "NB",
        "province_territory_description": "New Brunswick",
        "flood_cause": "freshet",
        "flood_cause_description": "The temporary inundation by water of normally dry land caused by a thaw period. The thaw period is often accompanied by precipitation that adds to the surface runoff produced by melting snow. The thaw can also cause ice jams and flooding due to rising water tables.",
        "death": "no",
        "evacuation": "unknown",
        "rainfall_mm": null,
        "intensity": "low",
        "comment": "Sackville Area: In the Town of Sackville, the heavy rain resulted in some basement flooding.",
        "link_1": "https://www.elgegl.gnb.ca/0001/en/Flood/Details/260",
        "link_2": null,
        "source_1": "provincial",
        "source_1_description": "The source is provincial (E.g.: Nova Scotia Road Conditions, Emergency Management historical events of Ontario)",
        "source_2": null,
        "source_2_description": null,
        "geometry_source": "CGNDB",
        "geometry_source_description": "Canadian Geographical Names Database",
        "weather_station": "https://climat.meteo.gc.ca/historical_data/search_historic_data_stations_e.html?searchType=stnProx&timeframe=1&txtRadius=200&selCity=&selPark=&txtCentralLatDeg=&txtCentralLatMin=&txtCentralLatSec=&txtCentralLongDeg=&txtCentralLongMin=&txtCentralLongSec=&optProxType=decimal&txtLatDecDeg=45.880888&txtLongDecDeg=-64.410692&StartYear=1840&EndYear=2021&optLimit=specDate&Year=1963&Month=04&Day=06&selRowPerPage=25",
        "precipitation_analysis_url": "not available/non disponible",
        "precipitation_data_url": "not available/non disponible"
      }
    },
    {
      "type": "Feature",
      "geometry": {
        "type": "Point",
        "coordinates": [
          -64.408034,
          45.882359
        ]
      },
      "properties": {
        "uuid": "416e63c1-2c66-464c-85a9-d1e2a62d3bd8",
        "event_id": "7578939c-6c7c-4143-8c51-3d4df5100171",
        "event_name": null,
        "year": 1963,
        "start_date": "1963-05-01",
        "end_date": "1963-05-10",
        "locality": "Frosty Hollow",
        "season": "spring",
        "province_territory": "NB",
        "province_territory_description": "New Brunswick",
        "flood_cause": "freshet",
        "flood_cause_description": "The temporary inundation by water of normally dry land caused by a thaw period. The thaw period is often accompanied by precipitation that adds to the surface runoff produced by melting snow. The thaw can also cause ice jams and flooding due to rising water tables.",
        "death": "no",
        "evacuation": "unknown",
        "rainfall_mm": null,
        "intensity": "medium",
        "comment": "Saint John River Basin: In the Saint John River Basin, the flooding reported in the newspapers was restricted to the Lower Saint John area.",
        "link_1": "https://www.elgegl.gnb.ca/0001/en/Flood/Details/258",
        "link_2": null,
        "source_1": "provincial",
        "source_1_description": "The source is provincial (E.g.: Nova Scotia Road Conditions, Emergency Management historical events of Ontario)",
        "source_2": null,
        "source_2_description": null,
        "geometry_source": "CGNDB",
        "geometry_source_description": "Canadian Geographical Names Database",
        "weather_station": "https://climat.meteo.gc.ca/historical_data/search_historic_data_stations_e.html?searchType=stnProx&timeframe=1&txtRadius=200&selCity=&selPark=&txtCentralLatDeg=&txtCentralLatMin=&txtCentralLatSec=&txtCentralLongDeg=&txtCentralLongMin=&txtCentralLongSec=&optProxType=decimal&txtLatDecDeg=45.880888&txtLongDecDeg=-64.410692&StartYear=1840&EndYear=2021&optLimit=specDate&Year=1963&Month=05&Day=01&selRowPerPage=25",
        "precipitation_analysis_url": "not available/non disponible",
        "precipitation_data_url": "not available/non disponible"
      }
    },
    {
      "type": "Feature",
      "geometry": {
        "type": "Point",
        "coordinates": [
          -64.368938,
          45.868433
        ]
      },
      "properties": {
        "uuid": "73cf5968-001d-4034-a3be-3d2dc639d1ea",
        "event_id": "51a2a9c4-594e-4778-ae10-7d885a7ba9f4",
        "event_name": null,
        "year": 1953,
        "start_date": "1953-02-07",
        "end_date": "1953-02-08",
        "locality": "Westcock",
        "season": "winter",
        "province_territory": "NB",
        "province_territory_description": "New Brunswick",
        "flood_cause": "freshet",
        "flood_cause_description": "The temporary inundation by water of normally dry land caused by a thaw period. The thaw period is often accompanied by precipitation that adds to the surface runoff produced by melting snow. The thaw can also cause ice jams and flooding due to rising water tables.",
        "death": "no",
        "evacuation": "unknown",
        "rainfall_mm": null,
        "intensity": "medium",
        "comment": "In Kings County, torrential rains caused the rivers and brooks to overflow, but dropping temperatures followed by snow relieved some of the concern.",
        "link_1": "https://www.elgegl.gnb.ca/0001/en/Flood/Details/281",
        "link_2": null,
        "source_1": "provincial",
        "source_1_description": "The source is provincial (E.g.: Nova Scotia Road Conditions, Emergency Management historical events of Ontario)",
        "source_2": null,
        "source_2_description": null,
        "geometry_source": "CGNDB",
        "geometry_source_description": "Canadian Geographical Names Database",
        "weather_station": "https://climat.meteo.gc.ca/historical_data/search_historic_data_stations_e.html?searchType=stnProx&timeframe=1&txtRadius=200&selCity=&selPark=&txtCentralLatDeg=&txtCentralLatMin=&txtCentralLatSec=&txtCentralLongDeg=&txtCentralLongMin=&txtCentralLongSec=&optProxType=decimal&txtLatDecDeg=45.866963&txtLongDecDeg=-64.371598&StartYear=1840&EndYear=2021&optLimit=specDate&Year=1953&Month=02&Day=07&selRowPerPage=25",
        "precipitation_analysis_url": "not available/non disponible",
        "precipitation_data_url": "not available/non disponible"
      }
    },
    {
      "type": "Feature",
      "geometry": {
        "type": "Point",
        "coordinates": [
          -64.237053,
          45.770711
        ]
      },
      "properties": {
        "uuid": "ce6ecadc-4560-4719-b12c-1a778069d374",
        "event_id": "37255716-e45b-493f-b89c-14852c8520b8",
        "event_name": null,
        "year": 1950,
        "start_date": "1950-08-20",
        "end_date": "n/a - nd",
        "locality": "Nappan",
        "season": "summer",
        "province_territory": "NS",
        "province_territory_description": "Nova Scotia",
        "flood_cause": "heavy rain",
        "flood_cause_description": "The temporary inundation by water of normally dry land,  whether adjacent to a river or not, caused by heavy rainfall events. Heavy rainfall flooding is common in urban areas where water temporarily accumulates due to more precipitation than can be removed by infiltration into the ground (e.g., due to impervious surfaces where infiltration is limited) or by drainage through infrastructure or the river system. Heavy precipitation and storm surges can be accompanied by high winds, as in the case of post-tropical cyclones. In mountainous areas, heavy precipitation accompanied by a rise in temperature will have an impact on the supply of meltwater from the snow cover on the peaks.",
        "death": "unknown",
        "evacuation": "unknown",
        "rainfall_mm": 90,
        "intensity": "high",
        "comment": "Hurricane, heavy rain, high winds. Heavy rainfall, flooding, washouts, overflows. Annapolis Valley recorded more then 5 inches of rain, Kentville recorded 8 inches of rain, Dominion Experimental Farm in Nappan recorded 2.02 inches of rain, Debert recorded 3.20 inches of rain during a six hour period, Molega lake rose 10 inches due to heavy rain. Serious damage to secondary roads, flooded cellars, washed out sidewalks, washed out driveways, washed out bridges, railway washout, aboiteau washout, damage sawmills, total storm damage was $1,000,000, damage crops, disrupt power, loss communication services, Riverside aboiteau and watermain damage coasted $3,800, severe marine damage.",
        "link_1": "http://nsfloodhistory.management.dal.ca/",
        "link_2": null,
        "source_1": "provincial",
        "source_1_description": "The source is provincial (E.g.: Nova Scotia Road Conditions, Emergency Management historical events of Ontario)",
        "source_2": null,
        "source_2_description": null,
        "geometry_source": "CGNDB",
        "geometry_source_description": "Canadian Geographical Names Database",
        "weather_station": "https://climat.meteo.gc.ca/historical_data/search_historic_data_stations_e.html?searchType=stnProx&timeframe=1&txtRadius=200&selCity=&selPark=&txtCentralLatDeg=&txtCentralLatMin=&txtCentralLatSec=&txtCentralLongDeg=&txtCentralLongMin=&txtCentralLongSec=&optProxType=decimal&txtLatDecDeg=45.769246&txtLongDecDeg=-64.239716&StartYear=1840&EndYear=2021&optLimit=specDate&Year=1950&Month=08&Day=20&selRowPerPage=25",
        "precipitation_analysis_url": "not available/non disponible",
        "precipitation_data_url": "not available/non disponible"
      }
    },
    {
      "type": "Feature",
      "geometry": {
        "type": "Point",
        "coordinates": [
          -64.237053,
          45.770711
        ]
      },
      "properties": {
        "uuid": "ad33489b-a1e1-45c8-a7c7-0d9d5306b7ea",
        "event_id": "c2263e79-c5b0-48ca-9d6c-293e91ccc776",
        "event_name": null,
        "year": 1962,
        "start_date": "1962-04-02",
        "end_date": "n/a - nd",
        "locality": "Nappan",
        "season": "spring",
        "province_territory": "NS",
        "province_territory_description": "Nova Scotia",
        "flood_cause": "freshet",
        "flood_cause_description": "The temporary inundation by water of normally dry land caused by a thaw period. The thaw period is often accompanied by precipitation that adds to the surface runoff produced by melting snow. The thaw can also cause ice jams and flooding due to rising water tables.",
        "death": "yes",
        "evacuation": "yes",
        "rainfall_mm": null,
        "intensity": "medium",
        "comment": "Heavy Rainfall, melting snow and ice resulted in flooding, debris, washouts, ice clogs, evacuations, overflows, heavy ice, high tides,  and runoff. Amherst recoded 4.2 inches of rain within 24 hours total  of 5.15 inches had fallen. Annapolis River was 12 feet above normal height, Oxford reported that water was deep enough to operate motor boats, Truro recorded 2.33 inches of rain, Debert reported 2.35 inches of rain, Margaree River rose 7 feet above normal. 15 year old girl drowned from highway washed out in Pleasant Bay, 15 year old boy drowned from swollen Glenholme River in Colchester County, extensive bridge and road damage, severed highway and rail links. Road damage in Annapolis County was a total of $100,000, damage was quite extensive on Annapolis farms, Oxford roads and sewer repairs coated $10,000, loss of livestock was estimate of $48/per pig or $3,300, badly damaged homes, 10 stores lost stock. ",
        "link_1": "http://nsfloodhistory.management.dal.ca/",
        "link_2": null,
        "source_1": "provincial",
        "source_1_description": "The source is provincial (E.g.: Nova Scotia Road Conditions, Emergency Management historical events of Ontario)",
        "source_2": null,
        "source_2_description": null,
        "geometry_source": "CGNDB",
        "geometry_source_description": "Canadian Geographical Names Database",
        "weather_station": "https://climat.meteo.gc.ca/historical_data/search_historic_data_stations_e.html?searchType=stnProx&timeframe=1&txtRadius=200&selCity=&selPark=&txtCentralLatDeg=&txtCentralLatMin=&txtCentralLatSec=&txtCentralLongDeg=&txtCentralLongMin=&txtCentralLongSec=&optProxType=decimal&txtLatDecDeg=45.769246&txtLongDecDeg=-64.239716&StartYear=1840&EndYear=2021&optLimit=specDate&Year=1962&Month=04&Day=02&selRowPerPage=25",
        "precipitation_analysis_url": "not available/non disponible",
        "precipitation_data_url": "not available/non disponible"
      }
    },
    {
      "type": "Feature",
      "geometry": {
        "type": "Point",
        "coordinates": [
          -64.526624,
          45.94332
        ]
      },
      "properties": {
        "uuid": "e614828f-6886-435f-924a-18306925c4fa",
        "event_id": "bfa8636c-50ab-4a18-8314-65a2e45c9bf8",
        "event_name": null,
        "year": 1978,
        "start_date": "1978-01-09",
        "end_date": "1978-01-10",
        "locality": "Upper Dorchester",
        "season": "winter",
        "province_territory": "NB",
        "province_territory_description": "New Brunswick",
        "flood_cause": "coastal storm",
        "flood_cause_description": "Coastal flooding can be defined as flooding associated with a defined shoreline along an ocean or large lake. This can be due to a combination of high tides, storm surges, wind and wave effects, rising sea levels and riverine flooding (NRCan, PSC, 2018). A coastal storm is often accompanied by heavy precipitation.",
        "death": "no",
        "evacuation": "unknown",
        "rainfall_mm": null,
        "intensity": "medium",
        "comment": "Southern New Brunswick was hard hit by gale force winds and high seas.",
        "link_1": "https://www.elgegl.gnb.ca/0001/en/Flood/Details/202",
        "link_2": null,
        "source_1": "provincial",
        "source_1_description": "The source is provincial (E.g.: Nova Scotia Road Conditions, Emergency Management historical events of Ontario)",
        "source_2": null,
        "source_2_description": null,
        "geometry_source": "CGNDB",
        "geometry_source_description": "Canadian Geographical Names Database",
        "weather_station": "https://climat.meteo.gc.ca/historical_data/search_historic_data_stations_e.html?searchType=stnProx&timeframe=1&txtRadius=200&selCity=&selPark=&txtCentralLatDeg=&txtCentralLatMin=&txtCentralLatSec=&txtCentralLongDeg=&txtCentralLongMin=&txtCentralLongSec=&optProxType=decimal&txtLatDecDeg=45.941844&txtLongDecDeg=-64.529277&StartYear=1840&EndYear=2021&optLimit=specDate&Year=1978&Month=01&Day=09&selRowPerPage=25",
        "precipitation_analysis_url": "not available/non disponible",
        "precipitation_data_url": "not available/non disponible"
      }
    },
    {
      "type": "Feature",
      "geometry": {
        "type": "Point",
        "coordinates": [
          -64.513956,
          45.900725
        ]
      },
      "properties": {
        "uuid": "756fa7b4-db99-41a7-b183-3a6c26b2fddf",
        "event_id": "50df876f-4e69-4c43-8297-c30bd4d05662",
        "event_name": null,
        "year": 1979,
        "start_date": "1979-01-08",
        "end_date": "1979-01-09",
        "locality": "Dorchester",
        "season": "winter",
        "province_territory": "NB",
        "province_territory_description": "New Brunswick",
        "flood_cause": "coastal storm",
        "flood_cause_description": "Coastal flooding can be defined as flooding associated with a defined shoreline along an ocean or large lake. This can be due to a combination of high tides, storm surges, wind and wave effects, rising sea levels and riverine flooding (NRCan, PSC, 2018). A coastal storm is often accompanied by heavy precipitation.",
        "death": "no",
        "evacuation": "unknown",
        "rainfall_mm": null,
        "intensity": "medium",
        "comment": "Coastal flooding was reported to have occurred in some areas of the Province.",
        "link_1": "https://www.elgegl.gnb.ca/0001/en/Flood/Details/199",
        "link_2": null,
        "source_1": "provincial",
        "source_1_description": "The source is provincial (E.g.: Nova Scotia Road Conditions, Emergency Management historical events of Ontario)",
        "source_2": null,
        "source_2_description": null,
        "geometry_source": "CGNDB",
        "geometry_source_description": "Canadian Geographical Names Database",
        "weather_station": "https://climat.meteo.gc.ca/historical_data/search_historic_data_stations_e.html?searchType=stnProx&timeframe=1&txtRadius=200&selCity=&selPark=&txtCentralLatDeg=&txtCentralLatMin=&txtCentralLatSec=&txtCentralLongDeg=&txtCentralLongMin=&txtCentralLongSec=&optProxType=decimal&txtLatDecDeg=45.899251&txtLongDecDeg=-64.516608&StartYear=1840&EndYear=2021&optLimit=specDate&Year=1979&Month=01&Day=08&selRowPerPage=25",
        "precipitation_analysis_url": "not available/non disponible",
        "precipitation_data_url": "not available/non disponible"
      }
    },
    {
      "type": "Feature",
      "geometry": {
        "type": "Point",
        "coordinates": [
          -64.237053,
          45.770711
        ]
      },
      "properties": {
        "uuid": "496f8052-b474-4a67-8083-f7f222ead657",
        "event_id": "fe7b1f05-8ac9-4384-ae12-092d81a22422",
        "event_name": null,
        "year": 1979,
        "start_date": "1979-01-08",
        "end_date": "n/a - nd",
        "locality": "Nappan",
        "season": "winter",
        "province_territory": "NS",
        "province_territory_description": "Nova Scotia",
        "flood_cause": "coastal storm",
        "flood_cause_description": "Coastal flooding can be defined as flooding associated with a defined shoreline along an ocean or large lake. This can be due to a combination of high tides, storm surges, wind and wave effects, rising sea levels and riverine flooding (NRCan, PSC, 2018). A coastal storm is often accompanied by heavy precipitation.",
        "death": "yes",
        "evacuation": "unknown",
        "rainfall_mm": null,
        "intensity": "medium",
        "comment": "Torrential rain, melting snow resulting in Flooding, overflowing storm sewers, high winds. Amherst recorded 2.8 inches of rain. One person was killed another was seriously injured due to truck-car collision in West Wentworth. ",
        "link_1": "http://nsfloodhistory.management.dal.ca/",
        "link_2": null,
        "source_1": "provincial",
        "source_1_description": "The source is provincial (E.g.: Nova Scotia Road Conditions, Emergency Management historical events of Ontario)",
        "source_2": null,
        "source_2_description": null,
        "geometry_source": "CGNDB",
        "geometry_source_description": "Canadian Geographical Names Database",
        "weather_station": "https://climat.meteo.gc.ca/historical_data/search_historic_data_stations_e.html?searchType=stnProx&timeframe=1&txtRadius=200&selCity=&selPark=&txtCentralLatDeg=&txtCentralLatMin=&txtCentralLatSec=&txtCentralLongDeg=&txtCentralLongMin=&txtCentralLongSec=&optProxType=decimal&txtLatDecDeg=45.769246&txtLongDecDeg=-64.239716&StartYear=1840&EndYear=2021&optLimit=specDate&Year=1979&Month=01&Day=08&selRowPerPage=25",
        "precipitation_analysis_url": "not available/non disponible",
        "precipitation_data_url": "not available/non disponible"
      }
    },
    {
      "type": "Feature",
      "geometry": {
        "type": "Point",
        "coordinates": [
          -64.513956,
          45.900725
        ]
      },
      "properties": {
        "uuid": "c269789b-3dc9-4f31-a385-0b99b6074697",
        "event_id": "722844c4-1dcb-4dd2-81ea-3efc8c7bb9ba",
        "event_name": "Gert",
        "year": 1999,
        "start_date": "1999-09-23",
        "end_date": "1999-09-25",
        "locality": "Dorchester",
        "season": "autumn",
        "province_territory": "NB",
        "province_territory_description": "New Brunswick",
        "flood_cause": "coastal storm",
        "flood_cause_description": "Coastal flooding can be defined as flooding associated with a defined shoreline along an ocean or large lake. This can be due to a combination of high tides, storm surges, wind and wave effects, rising sea levels and riverine flooding (NRCan, PSC, 2018). A coastal storm is often accompanied by heavy precipitation.",
        "death": "unknown",
        "evacuation": "yes",
        "rainfall_mm": null,
        "intensity": "high",
        "comment": "General: The communities of Saint John, Sussex, Moncton, Sackville, and Cape Tormentine sustained major flooding at numerous locations due to the heavy rainfall.",
        "link_1": "https://www.elgegl.gnb.ca/0001/en/Flood/Details/108",
        "link_2": "https://cdd.publicsafety.gc.ca/dtpg-eng.aspx?eventId=320&cultureCode=en-CA",
        "source_1": "provincial",
        "source_1_description": "The source is provincial (E.g.: Nova Scotia Road Conditions, Emergency Management historical events of Ontario)",
        "source_2": "federal",
        "source_2_description": "The source is federal (E.g.: Flood Damage Reduction Program, Canadian Disaster Database)",
        "geometry_source": "CGNDB",
        "geometry_source_description": "Canadian Geographical Names Database",
        "weather_station": "https://climat.meteo.gc.ca/historical_data/search_historic_data_stations_e.html?searchType=stnProx&timeframe=1&txtRadius=200&selCity=&selPark=&txtCentralLatDeg=&txtCentralLatMin=&txtCentralLatSec=&txtCentralLongDeg=&txtCentralLongMin=&txtCentralLongSec=&optProxType=decimal&txtLatDecDeg=45.899251&txtLongDecDeg=-64.516608&StartYear=1840&EndYear=2021&optLimit=specDate&Year=1999&Month=09&Day=23&selRowPerPage=25",
        "precipitation_analysis_url": "https://ftp.maps.canada.ca/pub/nrcan_rncan/Floods_Inondation/HFE/location/c269789b-3dc9-4f31-a385-0b99b6074697/location_precipitation_analysis_en_c269789b-3dc9-4f31-a385-0b99b6074697.jpg",
        "precipitation_data_url": "https://ftp.maps.canada.ca/pub/nrcan_rncan/Floods_Inondation/HFE/location/c269789b-3dc9-4f31-a385-0b99b6074697/location_precipitation_data_en_c269789b-3dc9-4f31-a385-0b99b6074697.json"
      }
    },
    {
      "type": "Feature",
      "geometry": {
        "type": "Point",
        "coordinates": [
          -64.408034,
          45.882359
        ]
      },
      "properties": {
        "uuid": "3c5a448b-21b1-4c42-b042-47f00c969c82",
        "event_id": "722844c4-1dcb-4dd2-81ea-3efc8c7bb9ba",
        "event_name": "Gert",
        "year": 1999,
        "start_date": "1999-09-23",
        "end_date": "1999-09-25",
        "locality": "Frosty Hollow",
        "season": "autumn",
        "province_territory": "NB",
        "province_territory_description": "New Brunswick",
        "flood_cause": "coastal storm",
        "flood_cause_description": "Coastal flooding can be defined as flooding associated with a defined shoreline along an ocean or large lake. This can be due to a combination of high tides, storm surges, wind and wave effects, rising sea levels and riverine flooding (NRCan, PSC, 2018). A coastal storm is often accompanied by heavy precipitation.",
        "death": "unknown",
        "evacuation": "yes",
        "rainfall_mm": null,
        "intensity": "high",
        "comment": "General: The communities of Saint John, Sussex, Moncton, Sackville, and Cape Tormentine sustained major flooding at numerous locations due to the heavy rainfall.",
        "link_1": "https://www.elgegl.gnb.ca/0001/en/Flood/Details/108",
        "link_2": "https://cdd.publicsafety.gc.ca/dtpg-eng.aspx?eventId=320&cultureCode=en-CA",
        "source_1": "provincial",
        "source_1_description": "The source is provincial (E.g.: Nova Scotia Road Conditions, Emergency Management historical events of Ontario)",
        "source_2": "federal",
        "source_2_description": "The source is federal (E.g.: Flood Damage Reduction Program, Canadian Disaster Database)",
        "geometry_source": "CGNDB",
        "geometry_source_description": "Canadian Geographical Names Database",
        "weather_station": "https://climat.meteo.gc.ca/historical_data/search_historic_data_stations_e.html?searchType=stnProx&timeframe=1&txtRadius=200&selCity=&selPark=&txtCentralLatDeg=&txtCentralLatMin=&txtCentralLatSec=&txtCentralLongDeg=&txtCentralLongMin=&txtCentralLongSec=&optProxType=decimal&txtLatDecDeg=45.880888&txtLongDecDeg=-64.410692&StartYear=1840&EndYear=2021&optLimit=specDate&Year=1999&Month=09&Day=23&selRowPerPage=25",
        "precipitation_analysis_url": "https://ftp.maps.canada.ca/pub/nrcan_rncan/Floods_Inondation/HFE/location/3c5a448b-21b1-4c42-b042-47f00c969c82/location_precipitation_analysis_en_3c5a448b-21b1-4c42-b042-47f00c969c82.jpg",
        "precipitation_data_url": "https://ftp.maps.canada.ca/pub/nrcan_rncan/Floods_Inondation/HFE/location/3c5a448b-21b1-4c42-b042-47f00c969c82/location_precipitation_data_en_3c5a448b-21b1-4c42-b042-47f00c969c82.json"
      }
    },
    {
      "type": "Feature",
      "geometry": {
        "type": "Point",
        "coordinates": [
          -64.374391,
          45.842887
        ]
      },
      "properties": {
        "uuid": "0ff73b18-d461-4db8-952a-9d28f32b43de",
        "event_id": "722844c4-1dcb-4dd2-81ea-3efc8c7bb9ba",
        "event_name": "Gert",
        "year": 1999,
        "start_date": "1999-09-23",
        "end_date": "1999-09-25",
        "locality": "Wood Point",
        "season": "autumn",
        "province_territory": "NB",
        "province_territory_description": "New Brunswick",
        "flood_cause": "coastal storm",
        "flood_cause_description": "Coastal flooding can be defined as flooding associated with a defined shoreline along an ocean or large lake. This can be due to a combination of high tides, storm surges, wind and wave effects, rising sea levels and riverine flooding (NRCan, PSC, 2018). A coastal storm is often accompanied by heavy precipitation.",
        "death": "unknown",
        "evacuation": "yes",
        "rainfall_mm": null,
        "intensity": "high",
        "comment": "General: The communities of Saint John, Sussex, Moncton, Sackville, and Cape Tormentine sustained major flooding at numerous locations due to the heavy rainfall.",
        "link_1": "https://www.elgegl.gnb.ca/0001/en/Flood/Details/108",
        "link_2": "https://cdd.publicsafety.gc.ca/dtpg-eng.aspx?eventId=320&cultureCode=en-CA",
        "source_1": "provincial",
        "source_1_description": "The source is provincial (E.g.: Nova Scotia Road Conditions, Emergency Management historical events of Ontario)",
        "source_2": "federal",
        "source_2_description": "The source is federal (E.g.: Flood Damage Reduction Program, Canadian Disaster Database)",
        "geometry_source": "CGNDB",
        "geometry_source_description": "Canadian Geographical Names Database",
        "weather_station": "https://climat.meteo.gc.ca/historical_data/search_historic_data_stations_e.html?searchType=stnProx&timeframe=1&txtRadius=200&selCity=&selPark=&txtCentralLatDeg=&txtCentralLatMin=&txtCentralLatSec=&txtCentralLongDeg=&txtCentralLongMin=&txtCentralLongSec=&optProxType=decimal&txtLatDecDeg=45.841417&txtLongDecDeg=-64.377049&StartYear=1840&EndYear=2021&optLimit=specDate&Year=1999&Month=09&Day=23&selRowPerPage=25",
        "precipitation_analysis_url": "https://ftp.maps.canada.ca/pub/nrcan_rncan/Floods_Inondation/HFE/location/0ff73b18-d461-4db8-952a-9d28f32b43de/location_precipitation_analysis_en_0ff73b18-d461-4db8-952a-9d28f32b43de.jpg",
        "precipitation_data_url": "https://ftp.maps.canada.ca/pub/nrcan_rncan/Floods_Inondation/HFE/location/0ff73b18-d461-4db8-952a-9d28f32b43de/location_precipitation_data_en_0ff73b18-d461-4db8-952a-9d28f32b43de.json"
      }
    },
    {
      "type": "Feature",
      "geometry": {
        "type": "Point",
        "coordinates": [
          -64.192614,
          45.794964
        ]
      },
      "properties": {
        "uuid": "e0143af0-fa89-4fdc-afa5-6aaa4a50bea5",
        "event_id": "6d9da080-27d0-4e9a-8a4b-ad775bb2dcae",
        "event_name": null,
        "year": 2000,
        "start_date": "2000-01-21",
        "end_date": "n/a - nd",
        "locality": "Upper Nappan",
        "season": "winter",
        "province_territory": "NS",
        "province_territory_description": "Nova Scotia",
        "flood_cause": "coastal storm",
        "flood_cause_description": "Coastal flooding can be defined as flooding associated with a defined shoreline along an ocean or large lake. This can be due to a combination of high tides, storm surges, wind and wave effects, rising sea levels and riverine flooding (NRCan, PSC, 2018). A coastal storm is often accompanied by heavy precipitation.",
        "death": "unknown",
        "evacuation": "unknown",
        "rainfall_mm": null,
        "intensity": "medium",
        "comment": "Snowstorm Warnings Insufficient - Councillor, Sunday 02/06/2000, C1 (NovaScotia), The Chronicle Herald.The Wallace-area representative told a council meeting Wednesday the Transportation Department and Environment Canada let people down during a storm Jan. 21. ...We had four businesses in Wallace flooded.",
        "link_1": "http://nsfloodhistory.management.dal.ca/",
        "link_2": null,
        "source_1": "provincial",
        "source_1_description": "The source is provincial (E.g.: Nova Scotia Road Conditions, Emergency Management historical events of Ontario)",
        "source_2": null,
        "source_2_description": null,
        "geometry_source": "CGNDB",
        "geometry_source_description": "Canadian Geographical Names Database",
        "weather_station": "https://climat.meteo.gc.ca/historical_data/search_historic_data_stations_e.html?searchType=stnProx&timeframe=1&txtRadius=200&selCity=&selPark=&txtCentralLatDeg=&txtCentralLatMin=&txtCentralLatSec=&txtCentralLongDeg=&txtCentralLongMin=&txtCentralLongSec=&optProxType=decimal&txtLatDecDeg=45.7935&txtLongDecDeg=-64.195281&StartYear=1840&EndYear=2021&optLimit=specDate&Year=2000&Month=01&Day=21&selRowPerPage=25",
        "precipitation_analysis_url": "https://ftp.maps.canada.ca/pub/nrcan_rncan/Floods_Inondation/HFE/location/e0143af0-fa89-4fdc-afa5-6aaa4a50bea5/location_precipitation_analysis_en_e0143af0-fa89-4fdc-afa5-6aaa4a50bea5.jpg",
        "precipitation_data_url": "https://ftp.maps.canada.ca/pub/nrcan_rncan/Floods_Inondation/HFE/location/e0143af0-fa89-4fdc-afa5-6aaa4a50bea5/location_precipitation_data_en_e0143af0-fa89-4fdc-afa5-6aaa4a50bea5.json"
      }
    },
    {
      "type": "Feature",
      "geometry": {
        "type": "Point",
        "coordinates": [
          -64.513956,
          45.900725
        ]
      },
      "properties": {
        "uuid": "2997b95e-03de-4503-8812-4bc0dacfdbd6",
        "event_id": "ffaabd31-4548-4215-99ac-87848f8c0fd6",
        "event_name": null,
        "year": 2011,
        "start_date": "2011-03-11",
        "end_date": "2011-03-14",
        "locality": "Dorchester",
        "season": "spring",
        "province_territory": "NB",
        "province_territory_description": "New Brunswick",
        "flood_cause": "freshet",
        "flood_cause_description": "The temporary inundation by water of normally dry land caused by a thaw period. The thaw period is often accompanied by precipitation that adds to the surface runoff produced by melting snow. The thaw can also cause ice jams and flooding due to rising water tables.",
        "death": "unknown",
        "evacuation": "unknown",
        "rainfall_mm": null,
        "intensity": "unknown",
        "comment": "A section of Acadie Avenue in Moncton was barricaded at about 12:15 p.",
        "link_1": "https://www.elgegl.gnb.ca/0001/en/Flood/Details/353",
        "link_2": null,
        "source_1": "provincial",
        "source_1_description": "The source is provincial (E.g.: Nova Scotia Road Conditions, Emergency Management historical events of Ontario)",
        "source_2": null,
        "source_2_description": null,
        "geometry_source": "CGNDB",
        "geometry_source_description": "Canadian Geographical Names Database",
        "weather_station": "https://climat.meteo.gc.ca/historical_data/search_historic_data_stations_e.html?searchType=stnProx&timeframe=1&txtRadius=200&selCity=&selPark=&txtCentralLatDeg=&txtCentralLatMin=&txtCentralLatSec=&txtCentralLongDeg=&txtCentralLongMin=&txtCentralLongSec=&optProxType=decimal&txtLatDecDeg=45.899251&txtLongDecDeg=-64.516608&StartYear=1840&EndYear=2021&optLimit=specDate&Year=2011&Month=03&Day=11&selRowPerPage=25",
        "precipitation_analysis_url": "not available/non disponible",
        "precipitation_data_url": "not available/non disponible"
      }
    },
    {
      "type": "Feature",
      "geometry": {
        "type": "Point",
        "coordinates": [
          -64.513956,
          45.900725
        ]
      },
      "properties": {
        "uuid": "5cb10b39-27cb-43f3-a83d-03e5239841b3",
        "event_id": "ed98d3ba-1317-4d65-b508-8f4a2a748cb9",
        "event_name": null,
        "year": 2014,
        "start_date": "2014-04-14",
        "end_date": "2014-04-20",
        "locality": "Dorchester",
        "season": "spring",
        "province_territory": "NB",
        "province_territory_description": "New Brunswick",
        "flood_cause": "freshet",
        "flood_cause_description": "The temporary inundation by water of normally dry land caused by a thaw period. The thaw period is often accompanied by precipitation that adds to the surface runoff produced by melting snow. The thaw can also cause ice jams and flooding due to rising water tables.",
        "death": "unknown",
        "evacuation": "yes",
        "rainfall_mm": null,
        "intensity": "high",
        "comment": "Spring flooding damaged more than 715 homes and businesses, roads, bridges, and other public infrastructure around the province.",
        "link_1": "https://www.elgegl.gnb.ca/0001/en/Flood/Details/340",
        "link_2": "https://cdd.publicsafety.gc.ca/dtpg-eng.aspx?eventId=1072&cultureCode=en-CA",
        "source_1": "provincial",
        "source_1_description": "The source is provincial (E.g.: Nova Scotia Road Conditions, Emergency Management historical events of Ontario)",
        "source_2": "federal",
        "source_2_description": "The source is federal (E.g.: Flood Damage Reduction Program, Canadian Disaster Database)",
        "geometry_source": "CGNDB",
        "geometry_source_description": "Canadian Geographical Names Database",
        "weather_station": "https://climat.meteo.gc.ca/historical_data/search_historic_data_stations_e.html?searchType=stnProx&timeframe=1&txtRadius=200&selCity=&selPark=&txtCentralLatDeg=&txtCentralLatMin=&txtCentralLatSec=&txtCentralLongDeg=&txtCentralLongMin=&txtCentralLongSec=&optProxType=decimal&txtLatDecDeg=45.899251&txtLongDecDeg=-64.516608&StartYear=1840&EndYear=2021&optLimit=specDate&Year=2014&Month=04&Day=14&selRowPerPage=25",
        "precipitation_analysis_url": "not available/non disponible",
        "precipitation_data_url": "not available/non disponible"
      }
    },
    {
      "type": "Feature",
      "geometry": {
        "type": "Point",
        "coordinates": [
          -64.526624,
          45.94332
        ]
      },
      "properties": {
        "uuid": "16abff7a-ad4d-4395-9d32-8103c5912641",
        "event_id": "d98fc24c-f654-446d-b49f-8d7b10b682ba",
        "event_name": null,
        "year": 2014,
        "start_date": "2014-01-11",
        "end_date": "2014-01-17",
        "locality": "Upper Dorchester",
        "season": "winter",
        "province_territory": "NB",
        "province_territory_description": "New Brunswick",
        "flood_cause": "heavy rain",
        "flood_cause_description": "The temporary inundation by water of normally dry land,  whether adjacent to a river or not, caused by heavy rainfall events. Heavy rainfall flooding is common in urban areas where water temporarily accumulates due to more precipitation than can be removed by infiltration into the ground (e.g., due to impervious surfaces where infiltration is limited) or by drainage through infrastructure or the river system. Heavy precipitation and storm surges can be accompanied by high winds, as in the case of post-tropical cyclones. In mountainous areas, heavy precipitation accompanied by a rise in temperature will have an impact on the supply of meltwater from the snow cover on the peaks.",
        "death": "no",
        "evacuation": "unknown",
        "rainfall_mm": 65,
        "intensity": "medium",
        "comment": "Warm temperatures and heavy rains contributed to melting of snow along rivers in several areas of New Brunswick.",
        "link_1": "https://www.elgegl.gnb.ca/0001/en/Flood/Details/338",
        "link_2": null,
        "source_1": "provincial",
        "source_1_description": "The source is provincial (E.g.: Nova Scotia Road Conditions, Emergency Management historical events of Ontario)",
        "source_2": null,
        "source_2_description": null,
        "geometry_source": "CGNDB",
        "geometry_source_description": "Canadian Geographical Names Database",
        "weather_station": "https://climat.meteo.gc.ca/historical_data/search_historic_data_stations_e.html?searchType=stnProx&timeframe=1&txtRadius=200&selCity=&selPark=&txtCentralLatDeg=&txtCentralLatMin=&txtCentralLatSec=&txtCentralLongDeg=&txtCentralLongMin=&txtCentralLongSec=&optProxType=decimal&txtLatDecDeg=45.941844&txtLongDecDeg=-64.529277&StartYear=1840&EndYear=2021&optLimit=specDate&Year=2014&Month=01&Day=11&selRowPerPage=25",
        "precipitation_analysis_url": "https://ftp.maps.canada.ca/pub/nrcan_rncan/Floods_Inondation/HFE/location/16abff7a-ad4d-4395-9d32-8103c5912641/location_precipitation_analysis_en_16abff7a-ad4d-4395-9d32-8103c5912641.jpg",
        "precipitation_data_url": "https://ftp.maps.canada.ca/pub/nrcan_rncan/Floods_Inondation/HFE/location/16abff7a-ad4d-4395-9d32-8103c5912641/location_precipitation_data_en_16abff7a-ad4d-4395-9d32-8103c5912641.json"
      }
    },
    {
      "type": "Feature",
      "geometry": {
        "type": "Point",
        "coordinates": [
          -64.513956,
          45.900725
        ]
      },
      "properties": {
        "uuid": "82122b77-2d7d-4afa-8473-370241e31048",
        "event_id": "d98fc24c-f654-446d-b49f-8d7b10b682ba",
        "event_name": null,
        "year": 2014,
        "start_date": "2014-01-11",
        "end_date": "2014-01-17",
        "locality": "Dorchester",
        "season": "winter",
        "province_territory": "NB",
        "province_territory_description": "New Brunswick",
        "flood_cause": "heavy rain",
        "flood_cause_description": "The temporary inundation by water of normally dry land,  whether adjacent to a river or not, caused by heavy rainfall events. Heavy rainfall flooding is common in urban areas where water temporarily accumulates due to more precipitation than can be removed by infiltration into the ground (e.g., due to impervious surfaces where infiltration is limited) or by drainage through infrastructure or the river system. Heavy precipitation and storm surges can be accompanied by high winds, as in the case of post-tropical cyclones. In mountainous areas, heavy precipitation accompanied by a rise in temperature will have an impact on the supply of meltwater from the snow cover on the peaks.",
        "death": "no",
        "evacuation": "unknown",
        "rainfall_mm": 65,
        "intensity": "medium",
        "comment": "Warm temperatures and heavy rains contributed to melting of snow along rivers in several areas of New Brunswick.",
        "link_1": "https://www.elgegl.gnb.ca/0001/en/Flood/Details/338",
        "link_2": null,
        "source_1": "provincial",
        "source_1_description": "The source is provincial (E.g.: Nova Scotia Road Conditions, Emergency Management historical events of Ontario)",
        "source_2": null,
        "source_2_description": null,
        "geometry_source": "CGNDB",
        "geometry_source_description": "Canadian Geographical Names Database",
        "weather_station": "https://climat.meteo.gc.ca/historical_data/search_historic_data_stations_e.html?searchType=stnProx&timeframe=1&txtRadius=200&selCity=&selPark=&txtCentralLatDeg=&txtCentralLatMin=&txtCentralLatSec=&txtCentralLongDeg=&txtCentralLongMin=&txtCentralLongSec=&optProxType=decimal&txtLatDecDeg=45.899251&txtLongDecDeg=-64.516608&StartYear=1840&EndYear=2021&optLimit=specDate&Year=2014&Month=01&Day=11&selRowPerPage=25",
        "precipitation_analysis_url": "https://ftp.maps.canada.ca/pub/nrcan_rncan/Floods_Inondation/HFE/location/82122b77-2d7d-4afa-8473-370241e31048/location_precipitation_analysis_en_82122b77-2d7d-4afa-8473-370241e31048.jpg",
        "precipitation_data_url": "https://ftp.maps.canada.ca/pub/nrcan_rncan/Floods_Inondation/HFE/location/82122b77-2d7d-4afa-8473-370241e31048/location_precipitation_data_en_82122b77-2d7d-4afa-8473-370241e31048.json"
      }
    },
    {
      "type": "Feature",
      "geometry": {
        "type": "Point",
        "coordinates": [
          -64.383172,
          45.920083
        ]
      },
      "properties": {
        "uuid": "0f50465c-1313-4e04-a750-814d26d6cc0c",
        "event_id": "35a717c0-2986-4f9d-aaac-41f98aa02198",
        "event_name": null,
        "year": 1959,
        "start_date": "1959-11-01",
        "end_date": "1959-11-30",
        "locality": "Sackville",
        "season": "autumn",
        "province_territory": "NB",
        "province_territory_description": "New Brunswick",
        "flood_cause": "coastal storm",
        "flood_cause_description": "Coastal flooding can be defined as flooding associated with a defined shoreline along an ocean or large lake. This can be due to a combination of high tides, storm surges, wind and wave effects, rising sea levels and riverine flooding (NRCan, PSC, 2018). A coastal storm is often accompanied by heavy precipitation.",
        "death": "no",
        "evacuation": "unknown",
        "rainfall_mm": null,
        "intensity": "low",
        "comment": "Sackville Area: High tides resulted in the inundation of the marshlands along the Aulac and Tantramar rivers.",
        "link_1": "https://www.elgegl.gnb.ca/0001/en/Flood/Details/268",
        "link_2": null,
        "source_1": "provincial",
        "source_1_description": "The source is provincial (E.g.: Nova Scotia Road Conditions, Emergency Management historical events of Ontario)",
        "source_2": null,
        "source_2_description": null,
        "geometry_source": "CGNDB",
        "geometry_source_description": "Canadian Geographical Names Database",
        "weather_station": "https://climat.meteo.gc.ca/historical_data/search_historic_data_stations_e.html?searchType=stnProx&timeframe=1&txtRadius=200&selCity=&selPark=&txtCentralLatDeg=&txtCentralLatMin=&txtCentralLatSec=&txtCentralLongDeg=&txtCentralLongMin=&txtCentralLongSec=&optProxType=decimal&txtLatDecDeg=45.918611&txtLongDecDeg=-64.385833&StartYear=1840&EndYear=2021&optLimit=specDate&Year=1959&Month=11&Day=01&selRowPerPage=25",
        "precipitation_analysis_url": "not available/non disponible",
        "precipitation_data_url": "not available/non disponible"
      }
    },
    {
      "type": "Feature",
      "geometry": {
        "type": "Point",
        "coordinates": [
          -64.383172,
          45.920083
        ]
      },
      "properties": {
        "uuid": "2314b1d6-76c8-4f4d-baa9-9bc2f8278bbe",
        "event_id": "bfa8636c-50ab-4a18-8314-65a2e45c9bf8",
        "event_name": null,
        "year": 1978,
        "start_date": "1978-01-09",
        "end_date": "1978-01-10",
        "locality": "Sackville",
        "season": "winter",
        "province_territory": "NB",
        "province_territory_description": "New Brunswick",
        "flood_cause": "coastal storm",
        "flood_cause_description": "Coastal flooding can be defined as flooding associated with a defined shoreline along an ocean or large lake. This can be due to a combination of high tides, storm surges, wind and wave effects, rising sea levels and riverine flooding (NRCan, PSC, 2018). A coastal storm is often accompanied by heavy precipitation.",
        "death": "no",
        "evacuation": "unknown",
        "rainfall_mm": null,
        "intensity": "medium",
        "comment": "Southern New Brunswick was hard hit by gale force winds and high seas.",
        "link_1": "https://www.elgegl.gnb.ca/0001/en/Flood/Details/202",
        "link_2": null,
        "source_1": "provincial",
        "source_1_description": "The source is provincial (E.g.: Nova Scotia Road Conditions, Emergency Management historical events of Ontario)",
        "source_2": null,
        "source_2_description": null,
        "geometry_source": "CGNDB",
        "geometry_source_description": "Canadian Geographical Names Database",
        "weather_station": "https://climat.meteo.gc.ca/historical_data/search_historic_data_stations_e.html?searchType=stnProx&timeframe=1&txtRadius=200&selCity=&selPark=&txtCentralLatDeg=&txtCentralLatMin=&txtCentralLatSec=&txtCentralLongDeg=&txtCentralLongMin=&txtCentralLongSec=&optProxType=decimal&txtLatDecDeg=45.918611&txtLongDecDeg=-64.385833&StartYear=1840&EndYear=2021&optLimit=specDate&Year=1978&Month=01&Day=09&selRowPerPage=25",
        "precipitation_analysis_url": "not available/non disponible",
        "precipitation_data_url": "not available/non disponible"
      }
    },
    {
      "type": "Feature",
      "geometry": {
        "type": "Point",
        "coordinates": [
          -64.383172,
          45.920083
        ]
      },
      "properties": {
        "uuid": "5888154c-614b-4dcd-aea0-ae2ed9766424",
        "event_id": "000d79bf-cbff-48a9-89f8-007f4aad4a8c",
        "event_name": null,
        "year": 1989,
        "start_date": "1989-02-22",
        "end_date": "1989-02-22",
        "locality": "Sackville",
        "season": "winter",
        "province_territory": "NB",
        "province_territory_description": "New Brunswick",
        "flood_cause": "freshet",
        "flood_cause_description": "The temporary inundation by water of normally dry land caused by a thaw period. The thaw period is often accompanied by precipitation that adds to the surface runoff produced by melting snow. The thaw can also cause ice jams and flooding due to rising water tables.",
        "death": "no",
        "evacuation": "unknown",
        "rainfall_mm": null,
        "intensity": "medium",
        "comment": "Tantramar River Basin: Heavy rains and runoff from about 0.",
        "link_1": "https://www.elgegl.gnb.ca/0001/en/Flood/Details/157",
        "link_2": null,
        "source_1": "provincial",
        "source_1_description": "The source is provincial (E.g.: Nova Scotia Road Conditions, Emergency Management historical events of Ontario)",
        "source_2": null,
        "source_2_description": null,
        "geometry_source": "CGNDB",
        "geometry_source_description": "Canadian Geographical Names Database",
        "weather_station": "https://climat.meteo.gc.ca/historical_data/search_historic_data_stations_e.html?searchType=stnProx&timeframe=1&txtRadius=200&selCity=&selPark=&txtCentralLatDeg=&txtCentralLatMin=&txtCentralLatSec=&txtCentralLongDeg=&txtCentralLongMin=&txtCentralLongSec=&optProxType=decimal&txtLatDecDeg=45.918611&txtLongDecDeg=-64.385833&StartYear=1840&EndYear=2021&optLimit=specDate&Year=1989&Month=02&Day=22&selRowPerPage=25",
        "precipitation_analysis_url": "not available/non disponible",
        "precipitation_data_url": "not available/non disponible"
      }
    },
    {
      "type": "Feature",
      "geometry": {
        "type": "Point",
        "coordinates": [
          -64.383172,
          45.920083
        ]
      },
      "properties": {
        "uuid": "9ccadeaf-068d-4875-8e5e-757de00970f7",
        "event_id": "bec2793b-a853-4ba2-8592-d066e7f8a041",
        "event_name": null,
        "year": 1998,
        "start_date": "1998-03-09",
        "end_date": "1998-03-14",
        "locality": "Sackville",
        "season": "spring",
        "province_territory": "NB",
        "province_territory_description": "New Brunswick",
        "flood_cause": "freshet",
        "flood_cause_description": "The temporary inundation by water of normally dry land caused by a thaw period. The thaw period is often accompanied by precipitation that adds to the surface runoff produced by melting snow. The thaw can also cause ice jams and flooding due to rising water tables.",
        "death": "no",
        "evacuation": "yes",
        "rainfall_mm": null,
        "intensity": "high",
        "comment": "General: An intense storm pushed a warm front through New Brunswick on March 9 causing heavy rain and rapid snowmelt.",
        "link_1": "https://www.elgegl.gnb.ca/0001/en/Flood/Details/112",
        "link_2": "https://cdd.publicsafety.gc.ca/dtpg-eng.aspx?eventId=279&cultureCode=en-CA",
        "source_1": "provincial",
        "source_1_description": "The source is provincial (E.g.: Nova Scotia Road Conditions, Emergency Management historical events of Ontario)",
        "source_2": "federal",
        "source_2_description": "The source is federal (E.g.: Flood Damage Reduction Program, Canadian Disaster Database)",
        "geometry_source": "CGNDB",
        "geometry_source_description": "Canadian Geographical Names Database",
        "weather_station": "https://climat.meteo.gc.ca/historical_data/search_historic_data_stations_e.html?searchType=stnProx&timeframe=1&txtRadius=200&selCity=&selPark=&txtCentralLatDeg=&txtCentralLatMin=&txtCentralLatSec=&txtCentralLongDeg=&txtCentralLongMin=&txtCentralLongSec=&optProxType=decimal&txtLatDecDeg=45.918611&txtLongDecDeg=-64.385833&StartYear=1840&EndYear=2021&optLimit=specDate&Year=1998&Month=03&Day=09&selRowPerPage=25",
        "precipitation_analysis_url": "not available/non disponible",
        "precipitation_data_url": "not available/non disponible"
      }
    },
    {
      "type": "Feature",
      "geometry": {
        "type": "Point",
        "coordinates": [
          -64.383172,
          45.920083
        ]
      },
      "properties": {
        "uuid": "b3c8fdd5-a08e-4e40-b4ac-86e25e169069",
        "event_id": "722844c4-1dcb-4dd2-81ea-3efc8c7bb9ba",
        "event_name": "Gert",
        "year": 1999,
        "start_date": "1999-09-23",
        "end_date": "1999-09-25",
        "locality": "Sackville",
        "season": "autumn",
        "province_territory": "NB",
        "province_territory_description": "New Brunswick",
        "flood_cause": "coastal storm",
        "flood_cause_description": "Coastal flooding can be defined as flooding associated with a defined shoreline along an ocean or large lake. This can be due to a combination of high tides, storm surges, wind and wave effects, rising sea levels and riverine flooding (NRCan, PSC, 2018). A coastal storm is often accompanied by heavy precipitation.",
        "death": "unknown",
        "evacuation": "yes",
        "rainfall_mm": null,
        "intensity": "high",
        "comment": "General: The communities of Saint John, Sussex, Moncton, Sackville, and Cape Tormentine sustained major flooding at numerous locations due to the heavy rainfall.",
        "link_1": "https://www.elgegl.gnb.ca/0001/en/Flood/Details/108",
        "link_2": "https://cdd.publicsafety.gc.ca/dtpg-eng.aspx?eventId=320&cultureCode=en-CA",
        "source_1": "provincial",
        "source_1_description": "The source is provincial (E.g.: Nova Scotia Road Conditions, Emergency Management historical events of Ontario)",
        "source_2": "federal",
        "source_2_description": "The source is federal (E.g.: Flood Damage Reduction Program, Canadian Disaster Database)",
        "geometry_source": "CGNDB",
        "geometry_source_description": "Canadian Geographical Names Database",
        "weather_station": "https://climat.meteo.gc.ca/historical_data/search_historic_data_stations_e.html?searchType=stnProx&timeframe=1&txtRadius=200&selCity=&selPark=&txtCentralLatDeg=&txtCentralLatMin=&txtCentralLatSec=&txtCentralLongDeg=&txtCentralLongMin=&txtCentralLongSec=&optProxType=decimal&txtLatDecDeg=45.918611&txtLongDecDeg=-64.385833&StartYear=1840&EndYear=2021&optLimit=specDate&Year=1999&Month=09&Day=23&selRowPerPage=25",
        "precipitation_analysis_url": "https://ftp.maps.canada.ca/pub/nrcan_rncan/Floods_Inondation/HFE/location/b3c8fdd5-a08e-4e40-b4ac-86e25e169069/location_precipitation_analysis_en_b3c8fdd5-a08e-4e40-b4ac-86e25e169069.jpg",
        "precipitation_data_url": "https://ftp.maps.canada.ca/pub/nrcan_rncan/Floods_Inondation/HFE/location/b3c8fdd5-a08e-4e40-b4ac-86e25e169069/location_precipitation_data_en_b3c8fdd5-a08e-4e40-b4ac-86e25e169069.json"
      }
    },
    {
      "type": "Feature",
      "geometry": {
        "type": "Point",
        "coordinates": [
          -64.383172,
          45.920083
        ]
      },
      "properties": {
        "uuid": "3749902c-ec5a-44e9-bbf5-fcb2fa985bd0",
        "event_id": "a2ed6d70-8bf7-49d4-8ec1-1e11a91e3fe2",
        "event_name": "Hannah",
        "year": 2008,
        "start_date": "2008-09-06",
        "end_date": "2008-09-07",
        "locality": "Sackville",
        "season": "summer",
        "province_territory": "NB",
        "province_territory_description": "New Brunswick",
        "flood_cause": "heavy rain",
        "flood_cause_description": "The temporary inundation by water of normally dry land,  whether adjacent to a river or not, caused by heavy rainfall events. Heavy rainfall flooding is common in urban areas where water temporarily accumulates due to more precipitation than can be removed by infiltration into the ground (e.g., due to impervious surfaces where infiltration is limited) or by drainage through infrastructure or the river system. Heavy precipitation and storm surges can be accompanied by high winds, as in the case of post-tropical cyclones. In mountainous areas, heavy precipitation accompanied by a rise in temperature will have an impact on the supply of meltwater from the snow cover on the peaks.",
        "death": "no",
        "evacuation": "unknown",
        "rainfall_mm": 90,
        "intensity": "medium",
        "comment": "Heavy rainfall from Tropical Storm Hanna caused localized flooding in the southern half of New Brunswick and coastal areas experienced high surf and high winds.",
        "link_1": "https://www.elgegl.gnb.ca/0001/en/Flood/Details/308",
        "link_2": null,
        "source_1": "provincial",
        "source_1_description": "The source is provincial (E.g.: Nova Scotia Road Conditions, Emergency Management historical events of Ontario)",
        "source_2": null,
        "source_2_description": null,
        "geometry_source": "CGNDB",
        "geometry_source_description": "Canadian Geographical Names Database",
        "weather_station": "https://climat.meteo.gc.ca/historical_data/search_historic_data_stations_e.html?searchType=stnProx&timeframe=1&txtRadius=200&selCity=&selPark=&txtCentralLatDeg=&txtCentralLatMin=&txtCentralLatSec=&txtCentralLongDeg=&txtCentralLongMin=&txtCentralLongSec=&optProxType=decimal&txtLatDecDeg=45.918611&txtLongDecDeg=-64.385833&StartYear=1840&EndYear=2021&optLimit=specDate&Year=2008&Month=09&Day=06&selRowPerPage=25",
        "precipitation_analysis_url": "https://ftp.maps.canada.ca/pub/nrcan_rncan/Floods_Inondation/HFE/location/3749902c-ec5a-44e9-bbf5-fcb2fa985bd0/location_precipitation_analysis_en_3749902c-ec5a-44e9-bbf5-fcb2fa985bd0.jpg",
        "precipitation_data_url": "https://ftp.maps.canada.ca/pub/nrcan_rncan/Floods_Inondation/HFE/location/3749902c-ec5a-44e9-bbf5-fcb2fa985bd0/location_precipitation_data_en_3749902c-ec5a-44e9-bbf5-fcb2fa985bd0.json"
      }
    },
    {
      "type": "Feature",
      "geometry": {
        "type": "Point",
        "coordinates": [
          -64.383172,
          45.920083
        ]
      },
      "properties": {
        "uuid": "69104c90-c290-4072-b607-2ab6d69eac92",
        "event_id": "c00ecf39-dabc-4762-9c3a-025768a71c4f",
        "event_name": null,
        "year": 2015,
        "start_date": "2015-11-22",
        "end_date": "2015-11-23",
        "locality": "Sackville",
        "season": "autumn",
        "province_territory": "NB",
        "province_territory_description": "New Brunswick",
        "flood_cause": "heavy rain",
        "flood_cause_description": "The temporary inundation by water of normally dry land,  whether adjacent to a river or not, caused by heavy rainfall events. Heavy rainfall flooding is common in urban areas where water temporarily accumulates due to more precipitation than can be removed by infiltration into the ground (e.g., due to impervious surfaces where infiltration is limited) or by drainage through infrastructure or the river system. Heavy precipitation and storm surges can be accompanied by high winds, as in the case of post-tropical cyclones. In mountainous areas, heavy precipitation accompanied by a rise in temperature will have an impact on the supply of meltwater from the snow cover on the peaks.",
        "death": "unknown",
        "evacuation": "unknown",
        "rainfall_mm": 110,
        "intensity": "unknown",
        "comment": "Heavy rain on November 22nd and 23rd brought up to 100 millimeters of precipitation to some southern areas of the province.",
        "link_1": "https://www.elgegl.gnb.ca/0001/en/Flood/Details/357",
        "link_2": null,
        "source_1": "provincial",
        "source_1_description": "The source is provincial (E.g.: Nova Scotia Road Conditions, Emergency Management historical events of Ontario)",
        "source_2": null,
        "source_2_description": null,
        "geometry_source": "CGNDB",
        "geometry_source_description": "Canadian Geographical Names Database",
        "weather_station": "https://climat.meteo.gc.ca/historical_data/search_historic_data_stations_e.html?searchType=stnProx&timeframe=1&txtRadius=200&selCity=&selPark=&txtCentralLatDeg=&txtCentralLatMin=&txtCentralLatSec=&txtCentralLongDeg=&txtCentralLongMin=&txtCentralLongSec=&optProxType=decimal&txtLatDecDeg=45.918611&txtLongDecDeg=-64.385833&StartYear=1840&EndYear=2021&optLimit=specDate&Year=2015&Month=11&Day=22&selRowPerPage=25",
        "precipitation_analysis_url": "https://ftp.maps.canada.ca/pub/nrcan_rncan/Floods_Inondation/HFE/location/69104c90-c290-4072-b607-2ab6d69eac92/location_precipitation_analysis_en_69104c90-c290-4072-b607-2ab6d69eac92.jpg",
        "precipitation_data_url": "https://ftp.maps.canada.ca/pub/nrcan_rncan/Floods_Inondation/HFE/location/69104c90-c290-4072-b607-2ab6d69eac92/location_precipitation_data_en_69104c90-c290-4072-b607-2ab6d69eac92.json"
      }
    },
    {
      "type": "Feature",
      "geometry": {
        "type": "Point",
        "coordinates": [
          -64.2103,
          45.834858
        ]
      },
      "properties": {
        "uuid": "63618783-b03f-4bd7-a74c-52e73d86caf2",
        "event_id": "3644ebaf-edcb-4eb5-a4f4-30d8aa2e61d2",
        "event_name": null,
        "year": 1953,
        "start_date": "1953-02-08",
        "end_date": "n/a - nd",
        "locality": "Amherst",
        "season": "winter",
        "province_territory": "NS",
        "province_territory_description": "Nova Scotia",
        "flood_cause": "freshet",
        "flood_cause_description": "The temporary inundation by water of normally dry land caused by a thaw period. The thaw period is often accompanied by precipitation that adds to the surface runoff produced by melting snow. The thaw can also cause ice jams and flooding due to rising water tables.",
        "death": "unknown",
        "evacuation": "yes",
        "rainfall_mm": null,
        "intensity": "medium",
        "comment": "Heavy rain, high temperatures causing snowmelt, ice jam. Rising water, flooding, washouts, evacuation. Salmon bridge was closed due to rising water, Yarmouth recorded 3.72 inches of rainfall, Liverpool recorded 3.25 inches rainfall with minor flooding, Halifax recorded 2.26 inches of rainfall, Amherst recorded 3.30 inches of rainfall, Truro being at 11 recorded 2.40 inches of rainfall. Flooded lake properties, flooded underpass, loss of commination, disrupted power service, flooded basements, washed out bridges, flooded subways, flooded homes, extensive minor flooding damage, three people in Digby received injuries due to highway washout, stock stored in basements were lost, flooding in oxford left most families without heat.",
        "link_1": "http://nsfloodhistory.management.dal.ca/",
        "link_2": null,
        "source_1": "provincial",
        "source_1_description": "The source is provincial (E.g.: Nova Scotia Road Conditions, Emergency Management historical events of Ontario)",
        "source_2": null,
        "source_2_description": null,
        "geometry_source": "CGNDB",
        "geometry_source_description": "Canadian Geographical Names Database",
        "weather_station": "https://climat.meteo.gc.ca/historical_data/search_historic_data_stations_e.html?searchType=stnProx&timeframe=1&txtRadius=200&selCity=&selPark=&txtCentralLatDeg=&txtCentralLatMin=&txtCentralLatSec=&txtCentralLongDeg=&txtCentralLongMin=&txtCentralLongSec=&optProxType=decimal&txtLatDecDeg=45.833392&txtLongDecDeg=-64.212968&StartYear=1840&EndYear=2021&optLimit=specDate&Year=1953&Month=02&Day=08&selRowPerPage=25",
        "precipitation_analysis_url": "not available/non disponible",
        "precipitation_data_url": "not available/non disponible"
      }
    },
    {
      "type": "Feature",
      "geometry": {
        "type": "Point",
        "coordinates": [
          -64.2103,
          45.834858
        ]
      },
      "properties": {
        "uuid": "5b76a2fb-155d-49d6-a52c-c41c60020d50",
        "event_id": "59cd3be2-9624-492f-82f6-f0d54fa9216c",
        "event_name": null,
        "year": 1959,
        "start_date": "1959-10-25",
        "end_date": "n/a - nd",
        "locality": "Amherst",
        "season": "autumn",
        "province_territory": "NS",
        "province_territory_description": "Nova Scotia",
        "flood_cause": "coastal storm",
        "flood_cause_description": "Coastal flooding can be defined as flooding associated with a defined shoreline along an ocean or large lake. This can be due to a combination of high tides, storm surges, wind and wave effects, rising sea levels and riverine flooding (NRCan, PSC, 2018). A coastal storm is often accompanied by heavy precipitation.",
        "death": "unknown",
        "evacuation": "unknown",
        "rainfall_mm": null,
        "intensity": "high",
        "comment": "Heavy rain, high winds resulting in Flooding, washouts, heavy rain, heavy water flow. Highest rainfall in 24 hours for Nappan measuring a total of 4.73 inches.Estimate $750,000 in damage to Annapolis Valley's bumper apple crop, 225 people were isolated due to the blocking of  Parrsboro-Amherst road with the washout on Aboiteau Road.Aboiteau River covered roads and wrecked the main water service, secondary roads were washed away in Parrsboro.",
        "link_1": "http://nsfloodhistory.management.dal.ca/",
        "link_2": null,
        "source_1": "provincial",
        "source_1_description": "The source is provincial (E.g.: Nova Scotia Road Conditions, Emergency Management historical events of Ontario)",
        "source_2": null,
        "source_2_description": null,
        "geometry_source": "CGNDB",
        "geometry_source_description": "Canadian Geographical Names Database",
        "weather_station": "https://climat.meteo.gc.ca/historical_data/search_historic_data_stations_e.html?searchType=stnProx&timeframe=1&txtRadius=200&selCity=&selPark=&txtCentralLatDeg=&txtCentralLatMin=&txtCentralLatSec=&txtCentralLongDeg=&txtCentralLongMin=&txtCentralLongSec=&optProxType=decimal&txtLatDecDeg=45.833392&txtLongDecDeg=-64.212968&StartYear=1840&EndYear=2021&optLimit=specDate&Year=1959&Month=10&Day=25&selRowPerPage=25",
        "precipitation_analysis_url": "not available/non disponible",
        "precipitation_data_url": "not available/non disponible"
      }
    },
    {
      "type": "Feature",
      "geometry": {
        "type": "Point",
        "coordinates": [
          -64.2103,
          45.834858
        ]
      },
      "properties": {
        "uuid": "c76e7b25-e692-4d08-9641-fec9450730b7",
        "event_id": "4f0bd916-5bc1-457f-a544-8fc2f15580e6",
        "event_name": "Beth",
        "year": 1971,
        "start_date": "1971-08-15",
        "end_date": "1971-08-16",
        "locality": "Amherst",
        "season": "summer",
        "province_territory": "NS",
        "province_territory_description": "Nova Scotia",
        "flood_cause": "heavy rain",
        "flood_cause_description": "The temporary inundation by water of normally dry land,  whether adjacent to a river or not, caused by heavy rainfall events. Heavy rainfall flooding is common in urban areas where water temporarily accumulates due to more precipitation than can be removed by infiltration into the ground (e.g., due to impervious surfaces where infiltration is limited) or by drainage through infrastructure or the river system. Heavy precipitation and storm surges can be accompanied by high winds, as in the case of post-tropical cyclones. In mountainous areas, heavy precipitation accompanied by a rise in temperature will have an impact on the supply of meltwater from the snow cover on the peaks.",
        "death": "unknown",
        "evacuation": "unknown",
        "rainfall_mm": 95,
        "intensity": "high",
        "comment": "Hurricane Wreaked Havoc, Cut C.B. Off From Mainland, Sunday 08/12/2001, -- (Heritage), By Lorna Inness That Was the Week, The Chronicle Herald.HURRICANE BETH Beth swept across Nova Scotia, leaving homes flooded, roads damaged and Cape Breton completely cut off from the mainland.",
        "link_1": "http://nsfloodhistory.management.dal.ca/",
        "link_2": "https://cdd.publicsafety.gc.ca/dtpg-eng.aspx?eventId=813&cultureCode=en-CA",
        "source_1": "provincial",
        "source_1_description": "The source is provincial (E.g.: Nova Scotia Road Conditions, Emergency Management historical events of Ontario)",
        "source_2": null,
        "source_2_description": null,
        "geometry_source": "CGNDB",
        "geometry_source_description": "Canadian Geographical Names Database",
        "weather_station": "https://climat.meteo.gc.ca/historical_data/search_historic_data_stations_e.html?searchType=stnProx&timeframe=1&txtRadius=200&selCity=&selPark=&txtCentralLatDeg=&txtCentralLatMin=&txtCentralLatSec=&txtCentralLongDeg=&txtCentralLongMin=&txtCentralLongSec=&optProxType=decimal&txtLatDecDeg=45.833392&txtLongDecDeg=-64.212968&StartYear=1840&EndYear=2021&optLimit=specDate&Year=1971&Month=08&Day=15&selRowPerPage=25",
        "precipitation_analysis_url": "not available/non disponible",
        "precipitation_data_url": "not available/non disponible"
      }
    },
    {
      "type": "Feature",
      "geometry": {
        "type": "Point",
        "coordinates": [
          -64.2103,
          45.834858
        ]
      },
      "properties": {
        "uuid": "d8b736db-b465-4548-8869-18afff2824a4",
        "event_id": "bdf2d51c-8357-4e8b-8c45-0a8d18c233e0",
        "event_name": null,
        "year": 1971,
        "start_date": "1971-02-13",
        "end_date": "1971-02-15",
        "locality": "Amherst",
        "season": "winter",
        "province_territory": "NS",
        "province_territory_description": "Nova Scotia",
        "flood_cause": "freshet",
        "flood_cause_description": "The temporary inundation by water of normally dry land caused by a thaw period. The thaw period is often accompanied by precipitation that adds to the surface runoff produced by melting snow. The thaw can also cause ice jams and flooding due to rising water tables.",
        "death": "unknown",
        "evacuation": "yes",
        "rainfall_mm": null,
        "intensity": "high",
        "comment": "Heavy rain, high temperatures, melting snow, melting ice and jams resulting in flooding, ice jams, overflows, evacuations, rising waters, ice cakes, clogged storm sewers, washouts, low tides. Bridgewater recorded 2 inches of rain within 24 hours, LaHave daily discharge was 252m3/s, Lower Sackville recorded 2 inches of rain, Sackville River daily discharge was 70.2 m3/s, Millview daily discharge was 45 m3/s, Truro recorded 2.39 inches of rain.Salmon River daily discharge was 174 m3/s, Stellarton recorded 1.55 inches of rain, Middle River daily discharge was 320 m3/s, St. Mary's River daily discharge was 767 m3/s, Fundy Trail Mall reported that rose 30 inches above floor elevation. Flooding in Truro was the worse in the town's recent history. For damage refer to E.M.O. Report Flood, Province of Nova Scotia, February 14-15, 1971, flood damage was estimate to $2 million province-wide. ",
        "link_1": "http://nsfloodhistory.management.dal.ca/",
        "link_2": "https://cdd.publicsafety.gc.ca/dtpg-eng.aspx?eventId=805&cultureCode=en-CA",
        "source_1": "provincial",
        "source_1_description": "The source is provincial (E.g.: Nova Scotia Road Conditions, Emergency Management historical events of Ontario)",
        "source_2": "federal",
        "source_2_description": "The source is federal (E.g.: Flood Damage Reduction Program, Canadian Disaster Database)",
        "geometry_source": "CGNDB",
        "geometry_source_description": "Canadian Geographical Names Database",
        "weather_station": "https://climat.meteo.gc.ca/historical_data/search_historic_data_stations_e.html?searchType=stnProx&timeframe=1&txtRadius=200&selCity=&selPark=&txtCentralLatDeg=&txtCentralLatMin=&txtCentralLatSec=&txtCentralLongDeg=&txtCentralLongMin=&txtCentralLongSec=&optProxType=decimal&txtLatDecDeg=45.833392&txtLongDecDeg=-64.212968&StartYear=1840&EndYear=2021&optLimit=specDate&Year=1971&Month=02&Day=13&selRowPerPage=25",
        "precipitation_analysis_url": "not available/non disponible",
        "precipitation_data_url": "not available/non disponible"
      }
    },
    {
      "type": "Feature",
      "geometry": {
        "type": "Point",
        "coordinates": [
          -64.2103,
          45.834858
        ]
      },
      "properties": {
        "uuid": "6e7004bb-a8ff-4917-b04c-cac26ffb6d9a",
        "event_id": "7bf281b4-ed39-4210-bd6a-13a538858657",
        "event_name": null,
        "year": 1972,
        "start_date": "1972-03-08",
        "end_date": "n/a - nd",
        "locality": "Amherst",
        "season": "spring",
        "province_territory": "NS",
        "province_territory_description": "Nova Scotia",
        "flood_cause": "freshet",
        "flood_cause_description": "The temporary inundation by water of normally dry land caused by a thaw period. The thaw period is often accompanied by precipitation that adds to the surface runoff produced by melting snow. The thaw can also cause ice jams and flooding due to rising water tables.",
        "death": "yes",
        "evacuation": "yes",
        "rainfall_mm": null,
        "intensity": "high",
        "comment": "Heavy rain, melting snow, ice jams resulting in Overflows, washouts, flooding, ice run resulting in flooding, overflows, evacuations, ice jams.  Approximately $1,000 worth of horse blankets and equipment was damage at Truro Raceway, 21 year old man drowned at Bedford from his car rolling into the swollen Sackville River.",
        "link_1": "http://nsfloodhistory.management.dal.ca/",
        "link_2": null,
        "source_1": "provincial",
        "source_1_description": "The source is provincial (E.g.: Nova Scotia Road Conditions, Emergency Management historical events of Ontario)",
        "source_2": null,
        "source_2_description": null,
        "geometry_source": "CGNDB",
        "geometry_source_description": "Canadian Geographical Names Database",
        "weather_station": "https://climat.meteo.gc.ca/historical_data/search_historic_data_stations_e.html?searchType=stnProx&timeframe=1&txtRadius=200&selCity=&selPark=&txtCentralLatDeg=&txtCentralLatMin=&txtCentralLatSec=&txtCentralLongDeg=&txtCentralLongMin=&txtCentralLongSec=&optProxType=decimal&txtLatDecDeg=45.833392&txtLongDecDeg=-64.212968&StartYear=1840&EndYear=2021&optLimit=specDate&Year=1972&Month=03&Day=08&selRowPerPage=25",
        "precipitation_analysis_url": "not available/non disponible",
        "precipitation_data_url": "not available/non disponible"
      }
    },
    {
      "type": "Feature",
      "geometry": {
        "type": "Point",
        "coordinates": [
          -64.2103,
          45.834858
        ]
      },
      "properties": {
        "uuid": "6c3e743e-23ee-439e-86d0-d8256d09001b",
        "event_id": "e3e2d54f-79bb-4618-a526-8f3c8adfe9aa",
        "event_name": null,
        "year": 1974,
        "start_date": "1974-02-23",
        "end_date": "n/a - nd",
        "locality": "Amherst",
        "season": "winter",
        "province_territory": "NS",
        "province_territory_description": "Nova Scotia",
        "flood_cause": "freshet",
        "flood_cause_description": "The temporary inundation by water of normally dry land caused by a thaw period. The thaw period is often accompanied by precipitation that adds to the surface runoff produced by melting snow. The thaw can also cause ice jams and flooding due to rising water tables.",
        "death": "unknown",
        "evacuation": "yes",
        "rainfall_mm": null,
        "intensity": "high",
        "comment": "Heavy rain, mild temperatures, melting snow, ice jams resulting in overflows, flooding, evacuations, ice jams, high tides, ice cakes. Truro reported 1.3 inches of rain. Damage streets, flooded basements. ",
        "link_1": "http://nsfloodhistory.management.dal.ca/",
        "link_2": null,
        "source_1": "provincial",
        "source_1_description": "The source is provincial (E.g.: Nova Scotia Road Conditions, Emergency Management historical events of Ontario)",
        "source_2": null,
        "source_2_description": null,
        "geometry_source": "CGNDB",
        "geometry_source_description": "Canadian Geographical Names Database",
        "weather_station": "https://climat.meteo.gc.ca/historical_data/search_historic_data_stations_e.html?searchType=stnProx&timeframe=1&txtRadius=200&selCity=&selPark=&txtCentralLatDeg=&txtCentralLatMin=&txtCentralLatSec=&txtCentralLongDeg=&txtCentralLongMin=&txtCentralLongSec=&optProxType=decimal&txtLatDecDeg=45.833392&txtLongDecDeg=-64.212968&StartYear=1840&EndYear=2021&optLimit=specDate&Year=1974&Month=02&Day=23&selRowPerPage=25",
        "precipitation_analysis_url": "not available/non disponible",
        "precipitation_data_url": "not available/non disponible"
      }
    },
    {
      "type": "Feature",
      "geometry": {
        "type": "Point",
        "coordinates": [
          -64.2103,
          45.834858
        ]
      },
      "properties": {
        "uuid": "0cf65d42-d257-434c-9a50-06fb0c49c6e3",
        "event_id": "25f7012f-18e2-4105-84df-17d2ad3e8467",
        "event_name": null,
        "year": 1978,
        "start_date": "1978-01-14",
        "end_date": "1978-01-20",
        "locality": "Amherst",
        "season": "winter",
        "province_territory": "NS",
        "province_territory_description": "Nova Scotia",
        "flood_cause": "heavy rain",
        "flood_cause_description": "The temporary inundation by water of normally dry land,  whether adjacent to a river or not, caused by heavy rainfall events. Heavy rainfall flooding is common in urban areas where water temporarily accumulates due to more precipitation than can be removed by infiltration into the ground (e.g., due to impervious surfaces where infiltration is limited) or by drainage through infrastructure or the river system. Heavy precipitation and storm surges can be accompanied by high winds, as in the case of post-tropical cyclones. In mountainous areas, heavy precipitation accompanied by a rise in temperature will have an impact on the supply of meltwater from the snow cover on the peaks.",
        "death": "unknown",
        "evacuation": "unknown",
        "rainfall_mm": 95,
        "intensity": "high",
        "comment": "Residents Row Their Way Around Truro's Flooded Streets, Sunday 01/20/2008, S7 (NovaScotian), By Lorna Inness That Was the Week, Jan. 14-20, 1978, The Chronicle Herald.HEAVY AND prolonged rain, freezing rain and snow caused flooding in parts of the province with damage calculated in the hundreds of thousands of dollars. ...Residents used rowboats to get around in parts of Truro",
        "link_1": "http://nsfloodhistory.management.dal.ca/",
        "link_2": null,
        "source_1": "provincial",
        "source_1_description": "The source is provincial (E.g.: Nova Scotia Road Conditions, Emergency Management historical events of Ontario)",
        "source_2": null,
        "source_2_description": null,
        "geometry_source": "CGNDB",
        "geometry_source_description": "Canadian Geographical Names Database",
        "weather_station": "https://climat.meteo.gc.ca/historical_data/search_historic_data_stations_e.html?searchType=stnProx&timeframe=1&txtRadius=200&selCity=&selPark=&txtCentralLatDeg=&txtCentralLatMin=&txtCentralLatSec=&txtCentralLongDeg=&txtCentralLongMin=&txtCentralLongSec=&optProxType=decimal&txtLatDecDeg=45.833392&txtLongDecDeg=-64.212968&StartYear=1840&EndYear=2021&optLimit=specDate&Year=1978&Month=01&Day=14&selRowPerPage=25",
        "precipitation_analysis_url": "not available/non disponible",
        "precipitation_data_url": "not available/non disponible"
      }
    },
    {
      "type": "Feature",
      "geometry": {
        "type": "Point",
        "coordinates": [
          -64.2103,
          45.834858
        ]
      },
      "properties": {
        "uuid": "71336670-f0a1-4439-8ddf-4abd43e0f180",
        "event_id": "fe7b1f05-8ac9-4384-ae12-092d81a22422",
        "event_name": null,
        "year": 1979,
        "start_date": "1979-01-08",
        "end_date": "n/a - nd",
        "locality": "Amherst",
        "season": "winter",
        "province_territory": "NS",
        "province_territory_description": "Nova Scotia",
        "flood_cause": "coastal storm",
        "flood_cause_description": "Coastal flooding can be defined as flooding associated with a defined shoreline along an ocean or large lake. This can be due to a combination of high tides, storm surges, wind and wave effects, rising sea levels and riverine flooding (NRCan, PSC, 2018). A coastal storm is often accompanied by heavy precipitation.",
        "death": "yes",
        "evacuation": "unknown",
        "rainfall_mm": null,
        "intensity": "medium",
        "comment": "Torrential rain, melting snow resulting in Flooding, overflowing storm sewers, high winds. Amherst recorded 2.8 inches of rain. One person was killed another was seriously injured due to truck-car collision in West Wentworth. ",
        "link_1": "http://nsfloodhistory.management.dal.ca/",
        "link_2": null,
        "source_1": "provincial",
        "source_1_description": "The source is provincial (E.g.: Nova Scotia Road Conditions, Emergency Management historical events of Ontario)",
        "source_2": null,
        "source_2_description": null,
        "geometry_source": "CGNDB",
        "geometry_source_description": "Canadian Geographical Names Database",
        "weather_station": "https://climat.meteo.gc.ca/historical_data/search_historic_data_stations_e.html?searchType=stnProx&timeframe=1&txtRadius=200&selCity=&selPark=&txtCentralLatDeg=&txtCentralLatMin=&txtCentralLatSec=&txtCentralLongDeg=&txtCentralLongMin=&txtCentralLongSec=&optProxType=decimal&txtLatDecDeg=45.833392&txtLongDecDeg=-64.212968&StartYear=1840&EndYear=2021&optLimit=specDate&Year=1979&Month=01&Day=08&selRowPerPage=25",
        "precipitation_analysis_url": "not available/non disponible",
        "precipitation_data_url": "not available/non disponible"
      }
    },
    {
      "type": "Feature",
      "geometry": {
        "type": "Point",
        "coordinates": [
          -64.2103,
          45.834858
        ]
      },
      "properties": {
        "uuid": "909bf72f-ffe5-406c-8ff7-8643f68d0b5f",
        "event_id": "be65d010-11c6-447d-88be-86a1d3484cbf",
        "event_name": null,
        "year": 1999,
        "start_date": "1999-04-24",
        "end_date": "1999-04-26",
        "locality": "Amherst",
        "season": "spring",
        "province_territory": "NS",
        "province_territory_description": "Nova Scotia",
        "flood_cause": "heavy rain",
        "flood_cause_description": "The temporary inundation by water of normally dry land,  whether adjacent to a river or not, caused by heavy rainfall events. Heavy rainfall flooding is common in urban areas where water temporarily accumulates due to more precipitation than can be removed by infiltration into the ground (e.g., due to impervious surfaces where infiltration is limited) or by drainage through infrastructure or the river system. Heavy precipitation and storm surges can be accompanied by high winds, as in the case of post-tropical cyclones. In mountainous areas, heavy precipitation accompanied by a rise in temperature will have an impact on the supply of meltwater from the snow cover on the peaks.",
        "death": "unknown",
        "evacuation": "unknown",
        "rainfall_mm": 11,
        "intensity": "unknown",
        "comment": "Along the South Shore, motorists heading west from Liverpool on Thursday morning were delayed by flooding on Highway 103 about 10 kilometres outside town. And dozens of homes were flooded by the storm, which dumped more than 200 millimetres of rain onto the area, and the overflowing River Philip.",
        "link_1": "http://nsfloodhistory.management.dal.ca/",
        "link_2": null,
        "source_1": "provincial",
        "source_1_description": "The source is provincial (E.g.: Nova Scotia Road Conditions, Emergency Management historical events of Ontario)",
        "source_2": null,
        "source_2_description": null,
        "geometry_source": "CGNDB",
        "geometry_source_description": "Canadian Geographical Names Database",
        "weather_station": "https://climat.meteo.gc.ca/historical_data/search_historic_data_stations_e.html?searchType=stnProx&timeframe=1&txtRadius=200&selCity=&selPark=&txtCentralLatDeg=&txtCentralLatMin=&txtCentralLatSec=&txtCentralLongDeg=&txtCentralLongMin=&txtCentralLongSec=&optProxType=decimal&txtLatDecDeg=45.833392&txtLongDecDeg=-64.212968&StartYear=1840&EndYear=2021&optLimit=specDate&Year=1999&Month=04&Day=24&selRowPerPage=25",
        "precipitation_analysis_url": "https://ftp.maps.canada.ca/pub/nrcan_rncan/Floods_Inondation/HFE/location/909bf72f-ffe5-406c-8ff7-8643f68d0b5f/location_precipitation_analysis_en_909bf72f-ffe5-406c-8ff7-8643f68d0b5f.jpg",
        "precipitation_data_url": "https://ftp.maps.canada.ca/pub/nrcan_rncan/Floods_Inondation/HFE/location/909bf72f-ffe5-406c-8ff7-8643f68d0b5f/location_precipitation_data_en_909bf72f-ffe5-406c-8ff7-8643f68d0b5f.json"
      }
    },
    {
      "type": "Feature",
      "geometry": {
        "type": "Point",
        "coordinates": [
          -64.2103,
          45.834858
        ]
      },
      "properties": {
        "uuid": "443e3f08-f824-40ff-8799-18cc1cb12d07",
        "event_id": "6d9da080-27d0-4e9a-8a4b-ad775bb2dcae",
        "event_name": null,
        "year": 2000,
        "start_date": "2000-01-21",
        "end_date": "n/a - nd",
        "locality": "Amherst",
        "season": "winter",
        "province_territory": "NS",
        "province_territory_description": "Nova Scotia",
        "flood_cause": "coastal storm",
        "flood_cause_description": "Coastal flooding can be defined as flooding associated with a defined shoreline along an ocean or large lake. This can be due to a combination of high tides, storm surges, wind and wave effects, rising sea levels and riverine flooding (NRCan, PSC, 2018). A coastal storm is often accompanied by heavy precipitation.",
        "death": "unknown",
        "evacuation": "unknown",
        "rainfall_mm": null,
        "intensity": "medium",
        "comment": "Snowstorm Warnings Insufficient - Councillor, Sunday 02/06/2000, C1 (NovaScotia), The Chronicle Herald.The Wallace-area representative told a council meeting Wednesday the Transportation Department and Environment Canada let people down during a storm Jan. 21. ...We had four businesses in Wallace flooded.",
        "link_1": "http://nsfloodhistory.management.dal.ca/",
        "link_2": null,
        "source_1": "provincial",
        "source_1_description": "The source is provincial (E.g.: Nova Scotia Road Conditions, Emergency Management historical events of Ontario)",
        "source_2": null,
        "source_2_description": null,
        "geometry_source": "CGNDB",
        "geometry_source_description": "Canadian Geographical Names Database",
        "weather_station": "https://climat.meteo.gc.ca/historical_data/search_historic_data_stations_e.html?searchType=stnProx&timeframe=1&txtRadius=200&selCity=&selPark=&txtCentralLatDeg=&txtCentralLatMin=&txtCentralLatSec=&txtCentralLongDeg=&txtCentralLongMin=&txtCentralLongSec=&optProxType=decimal&txtLatDecDeg=45.833392&txtLongDecDeg=-64.212968&StartYear=1840&EndYear=2021&optLimit=specDate&Year=2000&Month=01&Day=21&selRowPerPage=25",
        "precipitation_analysis_url": "https://ftp.maps.canada.ca/pub/nrcan_rncan/Floods_Inondation/HFE/location/443e3f08-f824-40ff-8799-18cc1cb12d07/location_precipitation_analysis_en_443e3f08-f824-40ff-8799-18cc1cb12d07.jpg",
        "precipitation_data_url": "https://ftp.maps.canada.ca/pub/nrcan_rncan/Floods_Inondation/HFE/location/443e3f08-f824-40ff-8799-18cc1cb12d07/location_precipitation_data_en_443e3f08-f824-40ff-8799-18cc1cb12d07.json"
      }
    },
    {
      "type": "Feature",
      "geometry": {
        "type": "Point",
        "coordinates": [
          -64.2103,
          45.834858
        ]
      },
      "properties": {
        "uuid": "ee8aef9f-aad9-426e-b350-99e07248b9f3",
        "event_id": "ec4ad66b-e4f1-47b1-8238-038693a33b9e",
        "event_name": null,
        "year": 2003,
        "start_date": "2003-02-03",
        "end_date": "n/a - nd",
        "locality": "Amherst",
        "season": "winter",
        "province_territory": "NS",
        "province_territory_description": "Nova Scotia",
        "flood_cause": "freshet",
        "flood_cause_description": "The temporary inundation by water of normally dry land caused by a thaw period. The thaw period is often accompanied by precipitation that adds to the surface runoff produced by melting snow. The thaw can also cause ice jams and flooding due to rising water tables.",
        "death": "unknown",
        "evacuation": "unknown",
        "rainfall_mm": null,
        "intensity": "medium",
        "comment": "Storm Blamed for Outages, Monday 02/03/2003, A4 (NovaScotia), The Chronicle Herald.Snow, rain and freezing rain also resulted in short power outages and flooded basements in parts of Cape Breton.",
        "link_1": "http://nsfloodhistory.management.dal.ca/",
        "link_2": null,
        "source_1": "provincial",
        "source_1_description": "The source is provincial (E.g.: Nova Scotia Road Conditions, Emergency Management historical events of Ontario)",
        "source_2": null,
        "source_2_description": null,
        "geometry_source": "CGNDB",
        "geometry_source_description": "Canadian Geographical Names Database",
        "weather_station": "https://climat.meteo.gc.ca/historical_data/search_historic_data_stations_e.html?searchType=stnProx&timeframe=1&txtRadius=200&selCity=&selPark=&txtCentralLatDeg=&txtCentralLatMin=&txtCentralLatSec=&txtCentralLongDeg=&txtCentralLongMin=&txtCentralLongSec=&optProxType=decimal&txtLatDecDeg=45.833392&txtLongDecDeg=-64.212968&StartYear=1840&EndYear=2021&optLimit=specDate&Year=2003&Month=02&Day=03&selRowPerPage=25",
        "precipitation_analysis_url": "not available/non disponible",
        "precipitation_data_url": "not available/non disponible"
      }
    },
    {
      "type": "Feature",
      "geometry": {
        "type": "Point",
        "coordinates": [
          -64.2103,
          45.834858
        ]
      },
      "properties": {
        "uuid": "44e52dad-4d26-4ec3-a438-9ff7d3ec9005",
        "event_id": "67448df4-088b-46c1-bc90-41eced0db8a2",
        "event_name": null,
        "year": 2005,
        "start_date": "2005-05-23",
        "end_date": "2005-05-29",
        "locality": "Amherst",
        "season": "spring",
        "province_territory": "NS",
        "province_territory_description": "Nova Scotia",
        "flood_cause": "heavy rain",
        "flood_cause_description": "The temporary inundation by water of normally dry land,  whether adjacent to a river or not, caused by heavy rainfall events. Heavy rainfall flooding is common in urban areas where water temporarily accumulates due to more precipitation than can be removed by infiltration into the ground (e.g., due to impervious surfaces where infiltration is limited) or by drainage through infrastructure or the river system. Heavy precipitation and storm surges can be accompanied by high winds, as in the case of post-tropical cyclones. In mountainous areas, heavy precipitation accompanied by a rise in temperature will have an impact on the supply of meltwater from the snow cover on the peaks.",
        "death": "unknown",
        "evacuation": "yes",
        "rainfall_mm": 65,
        "intensity": "high",
        "comment": "Heavy Rain Floods Roads and Basements. The basements of two of Mahone Bay's three famous churches flooded. MacDonald said some rivers in Halifax were at their capacity Sunday, but there were no reports of major flooding. Some people were moved because the road to their homes was flooded, preventing access by emergency vehicles.Homeowners living on rivers, lakes and flood plains did what they could Wednesday to prepare for up to 75 more millimetres of rain expected to fall on the South Shore by tonight, on top of the 160 millimetres that had already come down.Nova Scotia Premier John Hamm has estimated the damage to provincial highways and bridges to be at least $1 million. Heavy rains caused flash flooding in Lunenburg County early Thursday evening.",
        "link_1": "http://nsfloodhistory.management.dal.ca/",
        "link_2": "https://cdd.publicsafety.gc.ca/dtpg-eng.aspx?eventId=393&cultureCode=en-CA",
        "source_1": "provincial",
        "source_1_description": "The source is provincial (E.g.: Nova Scotia Road Conditions, Emergency Management historical events of Ontario)",
        "source_2": "federal",
        "source_2_description": "The source is federal (E.g.: Flood Damage Reduction Program, Canadian Disaster Database)",
        "geometry_source": "CGNDB",
        "geometry_source_description": "Canadian Geographical Names Database",
        "weather_station": "https://climat.meteo.gc.ca/historical_data/search_historic_data_stations_e.html?searchType=stnProx&timeframe=1&txtRadius=200&selCity=&selPark=&txtCentralLatDeg=&txtCentralLatMin=&txtCentralLatSec=&txtCentralLongDeg=&txtCentralLongMin=&txtCentralLongSec=&optProxType=decimal&txtLatDecDeg=45.833392&txtLongDecDeg=-64.212968&StartYear=1840&EndYear=2021&optLimit=specDate&Year=2005&Month=05&Day=23&selRowPerPage=25",
        "precipitation_analysis_url": "https://ftp.maps.canada.ca/pub/nrcan_rncan/Floods_Inondation/HFE/location/44e52dad-4d26-4ec3-a438-9ff7d3ec9005/location_precipitation_analysis_en_44e52dad-4d26-4ec3-a438-9ff7d3ec9005.jpg",
        "precipitation_data_url": "https://ftp.maps.canada.ca/pub/nrcan_rncan/Floods_Inondation/HFE/location/44e52dad-4d26-4ec3-a438-9ff7d3ec9005/location_precipitation_data_en_44e52dad-4d26-4ec3-a438-9ff7d3ec9005.json"
      }
    },
    {
      "type": "Feature",
      "geometry": {
        "type": "Point",
        "coordinates": [
          -64.278736,
          45.871935
        ]
      },
      "properties": {
        "uuid": "f8a01b76-6352-4939-807d-2348976b76ad",
        "event_id": "f457d9ca-5308-41fd-9bc6-38bfee270c94",
        "event_name": null,
        "year": 1971,
        "start_date": "1971-02-15",
        "end_date": "1971-02-16",
        "locality": "Aulac",
        "season": "winter",
        "province_territory": "NB",
        "province_territory_description": "New Brunswick",
        "flood_cause": "freshet",
        "flood_cause_description": "The temporary inundation by water of normally dry land caused by a thaw period. The thaw period is often accompanied by precipitation that adds to the surface runoff produced by melting snow. The thaw can also cause ice jams and flooding due to rising water tables.",
        "death": "no",
        "evacuation": "unknown",
        "rainfall_mm": null,
        "intensity": "low",
        "comment": "aint John Area: Heavy rain created a flooding situation in the Saint John area.",
        "link_1": "https://www.elgegl.gnb.ca/0001/en/Flood/Details/247",
        "link_2": null,
        "source_1": "provincial",
        "source_1_description": "The source is provincial (E.g.: Nova Scotia Road Conditions, Emergency Management historical events of Ontario)",
        "source_2": null,
        "source_2_description": null,
        "geometry_source": "CGNDB",
        "geometry_source_description": "Canadian Geographical Names Database",
        "weather_station": "https://climat.meteo.gc.ca/historical_data/search_historic_data_stations_e.html?searchType=stnProx&timeframe=1&txtRadius=200&selCity=&selPark=&txtCentralLatDeg=&txtCentralLatMin=&txtCentralLatSec=&txtCentralLongDeg=&txtCentralLongMin=&txtCentralLongSec=&optProxType=decimal&txtLatDecDeg=45.870467&txtLongDecDeg=-64.281402&StartYear=1840&EndYear=2021&optLimit=specDate&Year=1971&Month=02&Day=15&selRowPerPage=25",
        "precipitation_analysis_url": "not available/non disponible",
        "precipitation_data_url": "not available/non disponible"
      }
    },
    {
      "type": "Feature",
      "geometry": {
        "type": "Point",
        "coordinates": [
          -64.2103,
          45.834858
        ]
      },
      "properties": {
        "uuid": "d8237352-2ddd-4d62-a7de-d0aa356443e2",
        "event_id": "d603671b-f085-4583-94db-a861e0f249df",
        "event_name": null,
        "year": 2011,
        "start_date": "2011-03-06",
        "end_date": "n/a - nd",
        "locality": "Amherst",
        "season": "spring",
        "province_territory": "NS",
        "province_territory_description": "Nova Scotia",
        "flood_cause": "freshet",
        "flood_cause_description": "The temporary inundation by water of normally dry land caused by a thaw period. The thaw period is often accompanied by precipitation that adds to the surface runoff produced by melting snow. The thaw can also cause ice jams and flooding due to rising water tables.",
        "death": "unknown",
        "evacuation": "unknown",
        "rainfall_mm": null,
        "intensity": "medium",
        "comment": "Water, Water Everywhere, Wednesday 03/09/2011, A1 (Front), By Michael Gorman Truro Bureau, The Chronicle Herald.Once it starts to thaw, and especially after we get a rain like we did, certain areas do flood, said Taylor, referring to the heavy rain in the area Monday afternoon and evening.TRURO - Signs of spring washed into Nova Scotia on Tuesday after several days of warm temperatures combined with heavy rains to bring localized flooding to parts of Cumberland and Colchester counties, as well as parts of the Annapolis Valley.",
        "link_1": "http://nsfloodhistory.management.dal.ca/",
        "link_2": null,
        "source_1": "provincial",
        "source_1_description": "The source is provincial (E.g.: Nova Scotia Road Conditions, Emergency Management historical events of Ontario)",
        "source_2": null,
        "source_2_description": null,
        "geometry_source": "CGNDB",
        "geometry_source_description": "Canadian Geographical Names Database",
        "weather_station": "https://climat.meteo.gc.ca/historical_data/search_historic_data_stations_e.html?searchType=stnProx&timeframe=1&txtRadius=200&selCity=&selPark=&txtCentralLatDeg=&txtCentralLatMin=&txtCentralLatSec=&txtCentralLongDeg=&txtCentralLongMin=&txtCentralLongSec=&optProxType=decimal&txtLatDecDeg=45.833392&txtLongDecDeg=-64.212968&StartYear=1840&EndYear=2021&optLimit=specDate&Year=2011&Month=03&Day=06&selRowPerPage=25",
        "precipitation_analysis_url": "not available/non disponible",
        "precipitation_data_url": "not available/non disponible"
      }
    },
    {
      "type": "Feature",
      "geometry": {
        "type": "Point",
        "coordinates": [
          -64.2103,
          45.834858
        ]
      },
      "properties": {
        "uuid": "f4c4151a-2dd7-460e-acea-b2c0e21520ba",
        "event_id": "697af9af-ff3f-4905-83fb-5cedecb9ac7b",
        "event_name": null,
        "year": 2013,
        "start_date": "2013-02-18",
        "end_date": "n/a - nd",
        "locality": "Amherst",
        "season": "winter",
        "province_territory": "NS",
        "province_territory_description": "Nova Scotia",
        "flood_cause": "freshet",
        "flood_cause_description": "The temporary inundation by water of normally dry land caused by a thaw period. The thaw period is often accompanied by precipitation that adds to the surface runoff produced by melting snow. The thaw can also cause ice jams and flooding due to rising water tables.",
        "death": "unknown",
        "evacuation": "unknown",
        "rainfall_mm": null,
        "intensity": "medium",
        "comment": "Across Nova Scotia, Monday 02/18/2013, A3 (NovaScotia), The Chronicle Herald.Flooding reported on roads in East Hants Heavy rain combined with the remnants of last weekend's blizzard to cause flooding on several roads in East Hants on Sunday.",
        "link_1": "http://nsfloodhistory.management.dal.ca/",
        "link_2": null,
        "source_1": "provincial",
        "source_1_description": "The source is provincial (E.g.: Nova Scotia Road Conditions, Emergency Management historical events of Ontario)",
        "source_2": null,
        "source_2_description": null,
        "geometry_source": "CGNDB",
        "geometry_source_description": "Canadian Geographical Names Database",
        "weather_station": "https://climat.meteo.gc.ca/historical_data/search_historic_data_stations_e.html?searchType=stnProx&timeframe=1&txtRadius=200&selCity=&selPark=&txtCentralLatDeg=&txtCentralLatMin=&txtCentralLatSec=&txtCentralLongDeg=&txtCentralLongMin=&txtCentralLongSec=&optProxType=decimal&txtLatDecDeg=45.833392&txtLongDecDeg=-64.212968&StartYear=1840&EndYear=2021&optLimit=specDate&Year=2013&Month=02&Day=18&selRowPerPage=25",
        "precipitation_analysis_url": "not available/non disponible",
        "precipitation_data_url": "not available/non disponible"
      }
    },
    {
      "type": "Feature",
      "geometry": {
        "type": "Point",
        "coordinates": [
          -64.163367,
          45.751539
        ]
      },
      "properties": {
        "uuid": "73ed8832-d3d6-48b4-a5ac-2c1bd6b81434",
        "event_id": "3644ebaf-edcb-4eb5-a4f4-30d8aa2e61d2",
        "event_name": null,
        "year": 1953,
        "start_date": "1953-02-08",
        "end_date": "n/a - nd",
        "locality": "Cumberland",
        "season": "winter",
        "province_territory": "NS",
        "province_territory_description": "Nova Scotia",
        "flood_cause": "freshet",
        "flood_cause_description": "The temporary inundation by water of normally dry land caused by a thaw period. The thaw period is often accompanied by precipitation that adds to the surface runoff produced by melting snow. The thaw can also cause ice jams and flooding due to rising water tables.",
        "death": "unknown",
        "evacuation": "yes",
        "rainfall_mm": null,
        "intensity": "medium",
        "comment": "Heavy rain, high temperatures causing snowmelt, ice jam. Rising water, flooding, washouts, evacuation. Salmon bridge was closed due to rising water, Yarmouth recorded 3.72 inches of rainfall, Liverpool recorded 3.25 inches rainfall with minor flooding, Halifax recorded 2.26 inches of rainfall, Amherst recorded 3.30 inches of rainfall, Truro being at 11 recorded 2.40 inches of rainfall. Flooded lake properties, flooded underpass, loss of commination, disrupted power service, flooded basements, washed out bridges, flooded subways, flooded homes, extensive minor flooding damage, three people in Digby received injuries due to highway washout, stock stored in basements were lost, flooding in oxford left most families without heat.",
        "link_1": "http://nsfloodhistory.management.dal.ca/",
        "link_2": null,
        "source_1": "provincial",
        "source_1_description": "The source is provincial (E.g.: Nova Scotia Road Conditions, Emergency Management historical events of Ontario)",
        "source_2": null,
        "source_2_description": null,
        "geometry_source": "CGNDB",
        "geometry_source_description": "Canadian Geographical Names Database",
        "weather_station": "https://climat.meteo.gc.ca/historical_data/search_historic_data_stations_e.html?searchType=stnProx&timeframe=1&txtRadius=200&selCity=&selPark=&txtCentralLatDeg=&txtCentralLatMin=&txtCentralLatSec=&txtCentralLongDeg=&txtCentralLongMin=&txtCentralLongSec=&optProxType=decimal&txtLatDecDeg=45.750076&txtLongDecDeg=-64.166034&StartYear=1840&EndYear=2021&optLimit=specDate&Year=1953&Month=02&Day=08&selRowPerPage=25",
        "precipitation_analysis_url": "not available/non disponible",
        "precipitation_data_url": "not available/non disponible"
      }
    },
    {
      "type": "Feature",
      "geometry": {
        "type": "Point",
        "coordinates": [
          -64.163367,
          45.751539
        ]
      },
      "properties": {
        "uuid": "c2f4afe8-2f90-4099-aa27-ef49276655e9",
        "event_id": "4893b17f-c7fb-43b4-8e74-ffb23ec7ac1b",
        "event_name": null,
        "year": 1956,
        "start_date": "1956-01-03",
        "end_date": "1956-01-18",
        "locality": "Cumberland",
        "season": "winter",
        "province_territory": "NS",
        "province_territory_description": "Nova Scotia",
        "flood_cause": "freshet",
        "flood_cause_description": "The temporary inundation by water of normally dry land caused by a thaw period. The thaw period is often accompanied by precipitation that adds to the surface runoff produced by melting snow. The thaw can also cause ice jams and flooding due to rising water tables.",
        "death": "yes",
        "evacuation": "yes",
        "rainfall_mm": null,
        "intensity": "high",
        "comment": "9 to 12 inches of snowfall, maximum 29 on ground, high temperatures, heavy rain, drizzle, fog, ice jam. Melting snow, washouts, rising water, overflows, evacuations, flooding, ice jams. Residents in Shelburne County stated that the river was the highest ever in their life time, Annapolis River was 15 feet above normal, residents in Medway River state d it was the worse flood in 51 years, Sackville River was 6 tp7 feet above normal, salmon River rose 7 feet in 24 hours, Churchill Street marsh was inundated to a height that it was the highest in 8 years, water high during this event was 33.91 feet, residents in Musquodoboit Valley claimed it was worse then the 1942 flood, St Mary's river rose 20 feet in 24 hours, worse flood in Antigonish since 1928, Loch Lomond District was considered the worse by residents. Property damage was nearly $3,500,000, damage highway plus bridges were close to $2,000,000, 350 homes near Nova Scotia river/lakes were flooded forcing residents to evacuate, estimated of 1,100 people were homeless, Dartmouth man died from his car leaving the road, Cape Breton man died from flooded culvert, damage to sleet power/telephone/telegraph lines in the Province $300,000 was the estimate.",
        "link_1": "http://nsfloodhistory.management.dal.ca/",
        "link_2": "https://cdd.publicsafety.gc.ca/dtpg-eng.aspx?eventId=697&cultureCode=en-CA",
        "source_1": "provincial",
        "source_1_description": "The source is provincial (E.g.: Nova Scotia Road Conditions, Emergency Management historical events of Ontario)",
        "source_2": "federal",
        "source_2_description": "The source is federal (E.g.: Flood Damage Reduction Program, Canadian Disaster Database)",
        "geometry_source": "CGNDB",
        "geometry_source_description": "Canadian Geographical Names Database",
        "weather_station": "https://climat.meteo.gc.ca/historical_data/search_historic_data_stations_e.html?searchType=stnProx&timeframe=1&txtRadius=200&selCity=&selPark=&txtCentralLatDeg=&txtCentralLatMin=&txtCentralLatSec=&txtCentralLongDeg=&txtCentralLongMin=&txtCentralLongSec=&optProxType=decimal&txtLatDecDeg=45.750076&txtLongDecDeg=-64.166034&StartYear=1840&EndYear=2021&optLimit=specDate&Year=1956&Month=01&Day=03&selRowPerPage=25",
        "precipitation_analysis_url": "not available/non disponible",
        "precipitation_data_url": "not available/non disponible"
      }
    },
    {
      "type": "Feature",
      "geometry": {
        "type": "Point",
        "coordinates": [
          -64.163367,
          45.751539
        ]
      },
      "properties": {
        "uuid": "4533de80-f033-41b9-9aee-171ac9ed08fb",
        "event_id": "0e4a8e61-087e-4941-bd61-7cc9e38660a9",
        "event_name": null,
        "year": 1957,
        "start_date": "1957-03-09",
        "end_date": "n/a - nd",
        "locality": "Cumberland",
        "season": "spring",
        "province_territory": "NS",
        "province_territory_description": "Nova Scotia",
        "flood_cause": "freshet",
        "flood_cause_description": "The temporary inundation by water of normally dry land caused by a thaw period. The thaw period is often accompanied by precipitation that adds to the surface runoff produced by melting snow. The thaw can also cause ice jams and flooding due to rising water tables.",
        "death": "unknown",
        "evacuation": "unknown",
        "rainfall_mm": null,
        "intensity": "medium",
        "comment": "Heavy rain, mild temperatures, ice jam. Rain, thawing, washouts, flooding. Nova Scotia Agricultural Collage reported 1.82 inches of rainfall with temperatures of 9C.",
        "link_1": "http://nsfloodhistory.management.dal.ca/",
        "link_2": null,
        "source_1": "provincial",
        "source_1_description": "The source is provincial (E.g.: Nova Scotia Road Conditions, Emergency Management historical events of Ontario)",
        "source_2": null,
        "source_2_description": null,
        "geometry_source": "CGNDB",
        "geometry_source_description": "Canadian Geographical Names Database",
        "weather_station": "https://climat.meteo.gc.ca/historical_data/search_historic_data_stations_e.html?searchType=stnProx&timeframe=1&txtRadius=200&selCity=&selPark=&txtCentralLatDeg=&txtCentralLatMin=&txtCentralLatSec=&txtCentralLongDeg=&txtCentralLongMin=&txtCentralLongSec=&optProxType=decimal&txtLatDecDeg=45.750076&txtLongDecDeg=-64.166034&StartYear=1840&EndYear=2021&optLimit=specDate&Year=1957&Month=03&Day=09&selRowPerPage=25",
        "precipitation_analysis_url": "not available/non disponible",
        "precipitation_data_url": "not available/non disponible"
      }
    },
    {
      "type": "Feature",
      "geometry": {
        "type": "Point",
        "coordinates": [
          -64.163367,
          45.751539
        ]
      },
      "properties": {
        "uuid": "35bc4fd9-52c4-4390-a33d-cb21b15499a4",
        "event_id": "59cd3be2-9624-492f-82f6-f0d54fa9216c",
        "event_name": null,
        "year": 1959,
        "start_date": "1959-10-25",
        "end_date": "n/a - nd",
        "locality": "Cumberland",
        "season": "autumn",
        "province_territory": "NS",
        "province_territory_description": "Nova Scotia",
        "flood_cause": "coastal storm",
        "flood_cause_description": "Coastal flooding can be defined as flooding associated with a defined shoreline along an ocean or large lake. This can be due to a combination of high tides, storm surges, wind and wave effects, rising sea levels and riverine flooding (NRCan, PSC, 2018). A coastal storm is often accompanied by heavy precipitation.",
        "death": "unknown",
        "evacuation": "unknown",
        "rainfall_mm": null,
        "intensity": "high",
        "comment": "Heavy rain, high winds resulting in Flooding, washouts, heavy rain, heavy water flow. Highest rainfall in 24 hours for Nappan measuring a total of 4.73 inches.Estimate $750,000 in damage to Annapolis Valley's bumper apple crop, 225 people were isolated due to the blocking of  Parrsboro-Amherst road with the washout on Aboiteau Road.Aboiteau River covered roads and wrecked the main water service, secondary roads were washed away in Parrsboro.",
        "link_1": "http://nsfloodhistory.management.dal.ca/",
        "link_2": null,
        "source_1": "provincial",
        "source_1_description": "The source is provincial (E.g.: Nova Scotia Road Conditions, Emergency Management historical events of Ontario)",
        "source_2": null,
        "source_2_description": null,
        "geometry_source": "CGNDB",
        "geometry_source_description": "Canadian Geographical Names Database",
        "weather_station": "https://climat.meteo.gc.ca/historical_data/search_historic_data_stations_e.html?searchType=stnProx&timeframe=1&txtRadius=200&selCity=&selPark=&txtCentralLatDeg=&txtCentralLatMin=&txtCentralLatSec=&txtCentralLongDeg=&txtCentralLongMin=&txtCentralLongSec=&optProxType=decimal&txtLatDecDeg=45.750076&txtLongDecDeg=-64.166034&StartYear=1840&EndYear=2021&optLimit=specDate&Year=1959&Month=10&Day=25&selRowPerPage=25",
        "precipitation_analysis_url": "not available/non disponible",
        "precipitation_data_url": "not available/non disponible"
      }
    },
    {
      "type": "Feature",
      "geometry": {
        "type": "Point",
        "coordinates": [
          -64.163367,
          45.751539
        ]
      },
      "properties": {
        "uuid": "631b7172-edf9-4a4d-b801-6bf24204321f",
        "event_id": "e44e9ba7-3f9a-4a96-9803-ffe027fa3251",
        "event_name": null,
        "year": 1960,
        "start_date": "1960-04-06",
        "end_date": "n/a - nd",
        "locality": "Cumberland",
        "season": "spring",
        "province_territory": "NS",
        "province_territory_description": "Nova Scotia",
        "flood_cause": "freshet",
        "flood_cause_description": "The temporary inundation by water of normally dry land caused by a thaw period. The thaw period is often accompanied by precipitation that adds to the surface runoff produced by melting snow. The thaw can also cause ice jams and flooding due to rising water tables.",
        "death": "unknown",
        "evacuation": "unknown",
        "rainfall_mm": null,
        "intensity": "medium",
        "comment": "Heavy rain, melting snow, ice jams resulting in Overflows, washouts, flooding, ice run. Communities reported having water damage, flooded cellars and businesses, lost lumber material, Woodworth Construction Company flooded, Kentville Canada Food Company plant was surrounded by water, Southampton had a damage bridge.",
        "link_1": "http://nsfloodhistory.management.dal.ca/",
        "link_2": null,
        "source_1": "provincial",
        "source_1_description": "The source is provincial (E.g.: Nova Scotia Road Conditions, Emergency Management historical events of Ontario)",
        "source_2": null,
        "source_2_description": null,
        "geometry_source": "CGNDB",
        "geometry_source_description": "Canadian Geographical Names Database",
        "weather_station": "https://climat.meteo.gc.ca/historical_data/search_historic_data_stations_e.html?searchType=stnProx&timeframe=1&txtRadius=200&selCity=&selPark=&txtCentralLatDeg=&txtCentralLatMin=&txtCentralLatSec=&txtCentralLongDeg=&txtCentralLongMin=&txtCentralLongSec=&optProxType=decimal&txtLatDecDeg=45.750076&txtLongDecDeg=-64.166034&StartYear=1840&EndYear=2021&optLimit=specDate&Year=1960&Month=04&Day=06&selRowPerPage=25",
        "precipitation_analysis_url": "not available/non disponible",
        "precipitation_data_url": "not available/non disponible"
      }
    },
    {
      "type": "Feature",
      "geometry": {
        "type": "Point",
        "coordinates": [
          -64.163367,
          45.751539
        ]
      },
      "properties": {
        "uuid": "ae6db24d-3be0-4671-8966-d02303fa4bf0",
        "event_id": "c2263e79-c5b0-48ca-9d6c-293e91ccc776",
        "event_name": null,
        "year": 1962,
        "start_date": "1962-04-02",
        "end_date": "n/a - nd",
        "locality": "Cumberland",
        "season": "spring",
        "province_territory": "NS",
        "province_territory_description": "Nova Scotia",
        "flood_cause": "freshet",
        "flood_cause_description": "The temporary inundation by water of normally dry land caused by a thaw period. The thaw period is often accompanied by precipitation that adds to the surface runoff produced by melting snow. The thaw can also cause ice jams and flooding due to rising water tables.",
        "death": "yes",
        "evacuation": "yes",
        "rainfall_mm": null,
        "intensity": "medium",
        "comment": "Heavy Rainfall, melting snow and ice resulted in flooding, debris, washouts, ice clogs, evacuations, overflows, heavy ice, high tides,  and runoff. Amherst recoded 4.2 inches of rain within 24 hours total  of 5.15 inches had fallen. Annapolis River was 12 feet above normal height, Oxford reported that water was deep enough to operate motor boats, Truro recorded 2.33 inches of rain, Debert reported 2.35 inches of rain, Margaree River rose 7 feet above normal. 15 year old girl drowned from highway washed out in Pleasant Bay, 15 year old boy drowned from swollen Glenholme River in Colchester County, extensive bridge and road damage, severed highway and rail links. Road damage in Annapolis County was a total of $100,000, damage was quite extensive on Annapolis farms, Oxford roads and sewer repairs coated $10,000, loss of livestock was estimate of $48/per pig or $3,300, badly damaged homes, 10 stores lost stock. ",
        "link_1": "http://nsfloodhistory.management.dal.ca/",
        "link_2": null,
        "source_1": "provincial",
        "source_1_description": "The source is provincial (E.g.: Nova Scotia Road Conditions, Emergency Management historical events of Ontario)",
        "source_2": null,
        "source_2_description": null,
        "geometry_source": "CGNDB",
        "geometry_source_description": "Canadian Geographical Names Database",
        "weather_station": "https://climat.meteo.gc.ca/historical_data/search_historic_data_stations_e.html?searchType=stnProx&timeframe=1&txtRadius=200&selCity=&selPark=&txtCentralLatDeg=&txtCentralLatMin=&txtCentralLatSec=&txtCentralLongDeg=&txtCentralLongMin=&txtCentralLongSec=&optProxType=decimal&txtLatDecDeg=45.750076&txtLongDecDeg=-64.166034&StartYear=1840&EndYear=2021&optLimit=specDate&Year=1962&Month=04&Day=02&selRowPerPage=25",
        "precipitation_analysis_url": "not available/non disponible",
        "precipitation_data_url": "not available/non disponible"
      }
    },
    {
      "type": "Feature",
      "geometry": {
        "type": "Point",
        "coordinates": [
          -64.163367,
          45.751539
        ]
      },
      "properties": {
        "uuid": "8c7fbb6d-54c7-47b7-9f83-719851a8fd1d",
        "event_id": "eff360f5-f996-474c-a10a-1b3524b243ed",
        "event_name": null,
        "year": 1969,
        "start_date": "1969-10-04",
        "end_date": "n/a - nd",
        "locality": "Cumberland",
        "season": "autumn",
        "province_territory": "NS",
        "province_territory_description": "Nova Scotia",
        "flood_cause": "coastal storm",
        "flood_cause_description": "Coastal flooding can be defined as flooding associated with a defined shoreline along an ocean or large lake. This can be due to a combination of high tides, storm surges, wind and wave effects, rising sea levels and riverine flooding (NRCan, PSC, 2018). A coastal storm is often accompanied by heavy precipitation.",
        "death": "unknown",
        "evacuation": "unknown",
        "rainfall_mm": null,
        "intensity": "unknown",
        "comment": "High tides, strong winds, heavy rains. Damage dykes, fences, stacks of hay, washed away barns",
        "link_1": "http://nsfloodhistory.management.dal.ca/",
        "link_2": null,
        "source_1": "provincial",
        "source_1_description": "The source is provincial (E.g.: Nova Scotia Road Conditions, Emergency Management historical events of Ontario)",
        "source_2": null,
        "source_2_description": null,
        "geometry_source": "CGNDB",
        "geometry_source_description": "Canadian Geographical Names Database",
        "weather_station": "https://climat.meteo.gc.ca/historical_data/search_historic_data_stations_e.html?searchType=stnProx&timeframe=1&txtRadius=200&selCity=&selPark=&txtCentralLatDeg=&txtCentralLatMin=&txtCentralLatSec=&txtCentralLongDeg=&txtCentralLongMin=&txtCentralLongSec=&optProxType=decimal&txtLatDecDeg=45.750076&txtLongDecDeg=-64.166034&StartYear=1840&EndYear=2021&optLimit=specDate&Year=1969&Month=10&Day=04&selRowPerPage=25",
        "precipitation_analysis_url": "not available/non disponible",
        "precipitation_data_url": "not available/non disponible"
      }
    },
    {
      "type": "Feature",
      "geometry": {
        "type": "Point",
        "coordinates": [
          -64.163367,
          45.751539
        ]
      },
      "properties": {
        "uuid": "701cc863-eefd-4ab3-8cd0-7b370b1c46ed",
        "event_id": "bdf2d51c-8357-4e8b-8c45-0a8d18c233e0",
        "event_name": null,
        "year": 1971,
        "start_date": "1971-02-13",
        "end_date": "1971-02-15",
        "locality": "Cumberland",
        "season": "winter",
        "province_territory": "NS",
        "province_territory_description": "Nova Scotia",
        "flood_cause": "freshet",
        "flood_cause_description": "The temporary inundation by water of normally dry land caused by a thaw period. The thaw period is often accompanied by precipitation that adds to the surface runoff produced by melting snow. The thaw can also cause ice jams and flooding due to rising water tables.",
        "death": "unknown",
        "evacuation": "yes",
        "rainfall_mm": null,
        "intensity": "high",
        "comment": "Heavy rain, high temperatures, melting snow, melting ice and jams resulting in flooding, ice jams, overflows, evacuations, rising waters, ice cakes, clogged storm sewers, washouts, low tides. Bridgewater recorded 2 inches of rain within 24 hours, LaHave daily discharge was 252m3/s, Lower Sackville recorded 2 inches of rain, Sackville River daily discharge was 70.2 m3/s, Millview daily discharge was 45 m3/s, Truro recorded 2.39 inches of rain.Salmon River daily discharge was 174 m3/s, Stellarton recorded 1.55 inches of rain, Middle River daily discharge was 320 m3/s, St. Mary's River daily discharge was 767 m3/s, Fundy Trail Mall reported that rose 30 inches above floor elevation. Flooding in Truro was the worse in the town's recent history. For damage refer to E.M.O. Report Flood, Province of Nova Scotia, February 14-15, 1971, flood damage was estimate to $2 million province-wide. ",
        "link_1": "http://nsfloodhistory.management.dal.ca/",
        "link_2": "https://cdd.publicsafety.gc.ca/dtpg-eng.aspx?eventId=805&cultureCode=en-CA",
        "source_1": "provincial",
        "source_1_description": "The source is provincial (E.g.: Nova Scotia Road Conditions, Emergency Management historical events of Ontario)",
        "source_2": "federal",
        "source_2_description": "The source is federal (E.g.: Flood Damage Reduction Program, Canadian Disaster Database)",
        "geometry_source": "CGNDB",
        "geometry_source_description": "Canadian Geographical Names Database",
        "weather_station": "https://climat.meteo.gc.ca/historical_data/search_historic_data_stations_e.html?searchType=stnProx&timeframe=1&txtRadius=200&selCity=&selPark=&txtCentralLatDeg=&txtCentralLatMin=&txtCentralLatSec=&txtCentralLongDeg=&txtCentralLongMin=&txtCentralLongSec=&optProxType=decimal&txtLatDecDeg=45.750076&txtLongDecDeg=-64.166034&StartYear=1840&EndYear=2021&optLimit=specDate&Year=1971&Month=02&Day=13&selRowPerPage=25",
        "precipitation_analysis_url": "not available/non disponible",
        "precipitation_data_url": "not available/non disponible"
      }
    },
    {
      "type": "Feature",
      "geometry": {
        "type": "Point",
        "coordinates": [
          -64.163367,
          45.751539
        ]
      },
      "properties": {
        "uuid": "23446e6d-c8e7-4ac4-93ae-447810fb8d3e",
        "event_id": "def422fc-467d-4b34-861a-aef6dc15e333",
        "event_name": null,
        "year": 1979,
        "start_date": "1979-01-27",
        "end_date": "n/a - nd",
        "locality": "Cumberland",
        "season": "winter",
        "province_territory": "NS",
        "province_territory_description": "Nova Scotia",
        "flood_cause": "coastal storm",
        "flood_cause_description": "Coastal flooding can be defined as flooding associated with a defined shoreline along an ocean or large lake. This can be due to a combination of high tides, storm surges, wind and wave effects, rising sea levels and riverine flooding (NRCan, PSC, 2018). A coastal storm is often accompanied by heavy precipitation.",
        "death": "unknown",
        "evacuation": "unknown",
        "rainfall_mm": null,
        "intensity": "medium",
        "comment": "Heavy rainfall, abnormal high tides, ice jam resulting in Heavy rain, high tides, ice jams, flooding, blocked catchbasins, backed-up sewers. Shearwater recorded 3.28 inches of rain bring the total for the month 9.80 inches. ",
        "link_1": "http://nsfloodhistory.management.dal.ca/",
        "link_2": null,
        "source_1": "provincial",
        "source_1_description": "The source is provincial (E.g.: Nova Scotia Road Conditions, Emergency Management historical events of Ontario)",
        "source_2": null,
        "source_2_description": null,
        "geometry_source": "CGNDB",
        "geometry_source_description": "Canadian Geographical Names Database",
        "weather_station": "https://climat.meteo.gc.ca/historical_data/search_historic_data_stations_e.html?searchType=stnProx&timeframe=1&txtRadius=200&selCity=&selPark=&txtCentralLatDeg=&txtCentralLatMin=&txtCentralLatSec=&txtCentralLongDeg=&txtCentralLongMin=&txtCentralLongSec=&optProxType=decimal&txtLatDecDeg=45.750076&txtLongDecDeg=-64.166034&StartYear=1840&EndYear=2021&optLimit=specDate&Year=1979&Month=01&Day=27&selRowPerPage=25",
        "precipitation_analysis_url": "not available/non disponible",
        "precipitation_data_url": "not available/non disponible"
      }
    },
    {
      "type": "Feature",
      "geometry": {
        "type": "Point",
        "coordinates": [
          -64.163367,
          45.751539
        ]
      },
      "properties": {
        "uuid": "2586ca2d-5bb9-4552-ab5b-fef27716b114",
        "event_id": "aa5a680f-e872-4eab-883e-f805684a9336",
        "event_name": null,
        "year": 1984,
        "start_date": "1984",
        "end_date": "n/a - nd",
        "locality": "Cumberland",
        "season": "unknown",
        "province_territory": "NS",
        "province_territory_description": "Nova Scotia",
        "flood_cause": "coastal storm",
        "flood_cause_description": "Coastal flooding can be defined as flooding associated with a defined shoreline along an ocean or large lake. This can be due to a combination of high tides, storm surges, wind and wave effects, rising sea levels and riverine flooding (NRCan, PSC, 2018). A coastal storm is often accompanied by heavy precipitation.",
        "death": "unknown",
        "evacuation": "unknown",
        "rainfall_mm": null,
        "intensity": "low",
        "comment": "Heavy seas resulting in washouts. Repairing park roads estimate around $20,000. ",
        "link_1": "http://nsfloodhistory.management.dal.ca/",
        "link_2": null,
        "source_1": "provincial",
        "source_1_description": "The source is provincial (E.g.: Nova Scotia Road Conditions, Emergency Management historical events of Ontario)",
        "source_2": null,
        "source_2_description": null,
        "geometry_source": "CGNDB",
        "geometry_source_description": "Canadian Geographical Names Database",
        "weather_station": "not available",
        "precipitation_analysis_url": "not available/non disponible",
        "precipitation_data_url": "not available/non disponible"
      }
    },
    {
      "type": "Feature",
      "geometry": {
        "type": "Point",
        "coordinates": [
          -64.163367,
          45.751539
        ]
      },
      "properties": {
        "uuid": "ddf89c2f-34ba-4ead-a6db-127839cc0d0a",
        "event_id": "9187a69a-0fa5-41ed-9266-8166b0fa2c3f",
        "event_name": null,
        "year": 1986,
        "start_date": "1986-07-27",
        "end_date": "n/a - nd",
        "locality": "Cumberland",
        "season": "summer",
        "province_territory": "NS",
        "province_territory_description": "Nova Scotia",
        "flood_cause": "heavy rain",
        "flood_cause_description": "The temporary inundation by water of normally dry land,  whether adjacent to a river or not, caused by heavy rainfall events. Heavy rainfall flooding is common in urban areas where water temporarily accumulates due to more precipitation than can be removed by infiltration into the ground (e.g., due to impervious surfaces where infiltration is limited) or by drainage through infrastructure or the river system. Heavy precipitation and storm surges can be accompanied by high winds, as in the case of post-tropical cyclones. In mountainous areas, heavy precipitation accompanied by a rise in temperature will have an impact on the supply of meltwater from the snow cover on the peaks.",
        "death": "unknown",
        "evacuation": "unknown",
        "rainfall_mm": 106,
        "intensity": "low",
        "comment": "Heavy rainfall resulting in Heavy downpours, minor flooding, washouts. Meteorological station at Greenwood Airport recorded 3.94 inches of rain, Kentville's monthly precipitation record of 6.79 inches was set, Bridgewater new records was 9.27 inches which has been recorded.",
        "link_1": "http://nsfloodhistory.management.dal.ca/",
        "link_2": null,
        "source_1": "provincial",
        "source_1_description": "The source is provincial (E.g.: Nova Scotia Road Conditions, Emergency Management historical events of Ontario)",
        "source_2": null,
        "source_2_description": null,
        "geometry_source": "CGNDB",
        "geometry_source_description": "Canadian Geographical Names Database",
        "weather_station": "https://climat.meteo.gc.ca/historical_data/search_historic_data_stations_e.html?searchType=stnProx&timeframe=1&txtRadius=200&selCity=&selPark=&txtCentralLatDeg=&txtCentralLatMin=&txtCentralLatSec=&txtCentralLongDeg=&txtCentralLongMin=&txtCentralLongSec=&optProxType=decimal&txtLatDecDeg=45.750076&txtLongDecDeg=-64.166034&StartYear=1840&EndYear=2021&optLimit=specDate&Year=1986&Month=07&Day=27&selRowPerPage=25",
        "precipitation_analysis_url": "https://ftp.maps.canada.ca/pub/nrcan_rncan/Floods_Inondation/HFE/location/ddf89c2f-34ba-4ead-a6db-127839cc0d0a/location_precipitation_analysis_en_ddf89c2f-34ba-4ead-a6db-127839cc0d0a.jpg",
        "precipitation_data_url": "https://ftp.maps.canada.ca/pub/nrcan_rncan/Floods_Inondation/HFE/location/ddf89c2f-34ba-4ead-a6db-127839cc0d0a/location_precipitation_data_en_ddf89c2f-34ba-4ead-a6db-127839cc0d0a.json"
      }
    },
    {
      "type": "Feature",
      "geometry": {
        "type": "Point",
        "coordinates": [
          -64.163367,
          45.751539
        ]
      },
      "properties": {
        "uuid": "1d721e49-a75f-4fa9-8101-f65a235e891e",
        "event_id": "16b15257-cd3f-4d7e-b041-38eb86c8caf5",
        "event_name": null,
        "year": 1998,
        "start_date": "1998-10-29",
        "end_date": "1998-11-04",
        "locality": "Cumberland",
        "season": "autumn",
        "province_territory": "NS",
        "province_territory_description": "Nova Scotia",
        "flood_cause": "heavy rain",
        "flood_cause_description": "The temporary inundation by water of normally dry land,  whether adjacent to a river or not, caused by heavy rainfall events. Heavy rainfall flooding is common in urban areas where water temporarily accumulates due to more precipitation than can be removed by infiltration into the ground (e.g., due to impervious surfaces where infiltration is limited) or by drainage through infrastructure or the river system. Heavy precipitation and storm surges can be accompanied by high winds, as in the case of post-tropical cyclones. In mountainous areas, heavy precipitation accompanied by a rise in temperature will have an impact on the supply of meltwater from the snow cover on the peaks.",
        "death": "unknown",
        "evacuation": "unknown",
        "rainfall_mm": 132,
        "intensity": "medium",
        "comment": "A Word or TwoThe culvert culprit HEAVY RAINS over the past weekend contributed to extensive flooding in the Maccan area as a result of which motorists using Highway 302 near the Cumberland County community had to follow detours to avoid flooded sections of road.",
        "link_1": "http://nsfloodhistory.management.dal.ca/",
        "link_2": null,
        "source_1": "provincial",
        "source_1_description": "The source is provincial (E.g.: Nova Scotia Road Conditions, Emergency Management historical events of Ontario)",
        "source_2": null,
        "source_2_description": null,
        "geometry_source": "CGNDB",
        "geometry_source_description": "Canadian Geographical Names Database",
        "weather_station": "https://climat.meteo.gc.ca/historical_data/search_historic_data_stations_e.html?searchType=stnProx&timeframe=1&txtRadius=200&selCity=&selPark=&txtCentralLatDeg=&txtCentralLatMin=&txtCentralLatSec=&txtCentralLongDeg=&txtCentralLongMin=&txtCentralLongSec=&optProxType=decimal&txtLatDecDeg=45.750076&txtLongDecDeg=-64.166034&StartYear=1840&EndYear=2021&optLimit=specDate&Year=1998&Month=10&Day=29&selRowPerPage=25",
        "precipitation_analysis_url": "https://ftp.maps.canada.ca/pub/nrcan_rncan/Floods_Inondation/HFE/location/1d721e49-a75f-4fa9-8101-f65a235e891e/location_precipitation_analysis_en_1d721e49-a75f-4fa9-8101-f65a235e891e.jpg",
        "precipitation_data_url": "https://ftp.maps.canada.ca/pub/nrcan_rncan/Floods_Inondation/HFE/location/1d721e49-a75f-4fa9-8101-f65a235e891e/location_precipitation_data_en_1d721e49-a75f-4fa9-8101-f65a235e891e.json"
      }
    },
    {
      "type": "Feature",
      "geometry": {
        "type": "Point",
        "coordinates": [
          -64.163367,
          45.751539
        ]
      },
      "properties": {
        "uuid": "6ba34c35-f6d0-41a7-9357-e99ddb6cb65a",
        "event_id": "be65d010-11c6-447d-88be-86a1d3484cbf",
        "event_name": null,
        "year": 1999,
        "start_date": "1999-04-24",
        "end_date": "1999-04-26",
        "locality": "Cumberland",
        "season": "spring",
        "province_territory": "NS",
        "province_territory_description": "Nova Scotia",
        "flood_cause": "heavy rain",
        "flood_cause_description": "The temporary inundation by water of normally dry land,  whether adjacent to a river or not, caused by heavy rainfall events. Heavy rainfall flooding is common in urban areas where water temporarily accumulates due to more precipitation than can be removed by infiltration into the ground (e.g., due to impervious surfaces where infiltration is limited) or by drainage through infrastructure or the river system. Heavy precipitation and storm surges can be accompanied by high winds, as in the case of post-tropical cyclones. In mountainous areas, heavy precipitation accompanied by a rise in temperature will have an impact on the supply of meltwater from the snow cover on the peaks.",
        "death": "unknown",
        "evacuation": "unknown",
        "rainfall_mm": 13,
        "intensity": "unknown",
        "comment": "Along the South Shore, motorists heading west from Liverpool on Thursday morning were delayed by flooding on Highway 103 about 10 kilometres outside town. And dozens of homes were flooded by the storm, which dumped more than 200 millimetres of rain onto the area, and the overflowing River Philip.",
        "link_1": "http://nsfloodhistory.management.dal.ca/",
        "link_2": null,
        "source_1": "provincial",
        "source_1_description": "The source is provincial (E.g.: Nova Scotia Road Conditions, Emergency Management historical events of Ontario)",
        "source_2": null,
        "source_2_description": null,
        "geometry_source": "CGNDB",
        "geometry_source_description": "Canadian Geographical Names Database",
        "weather_station": "https://climat.meteo.gc.ca/historical_data/search_historic_data_stations_e.html?searchType=stnProx&timeframe=1&txtRadius=200&selCity=&selPark=&txtCentralLatDeg=&txtCentralLatMin=&txtCentralLatSec=&txtCentralLongDeg=&txtCentralLongMin=&txtCentralLongSec=&optProxType=decimal&txtLatDecDeg=45.750076&txtLongDecDeg=-64.166034&StartYear=1840&EndYear=2021&optLimit=specDate&Year=1999&Month=04&Day=24&selRowPerPage=25",
        "precipitation_analysis_url": "https://ftp.maps.canada.ca/pub/nrcan_rncan/Floods_Inondation/HFE/location/6ba34c35-f6d0-41a7-9357-e99ddb6cb65a/location_precipitation_analysis_en_6ba34c35-f6d0-41a7-9357-e99ddb6cb65a.jpg",
        "precipitation_data_url": "https://ftp.maps.canada.ca/pub/nrcan_rncan/Floods_Inondation/HFE/location/6ba34c35-f6d0-41a7-9357-e99ddb6cb65a/location_precipitation_data_en_6ba34c35-f6d0-41a7-9357-e99ddb6cb65a.json"
      }
    },
    {
      "type": "Feature",
      "geometry": {
        "type": "Point",
        "coordinates": [
          -64.163367,
          45.751539
        ]
      },
      "properties": {
        "uuid": "ad3ab86a-ce5d-4be6-a61f-776fac3b46b2",
        "event_id": "6d9da080-27d0-4e9a-8a4b-ad775bb2dcae",
        "event_name": null,
        "year": 2000,
        "start_date": "2000-01-21",
        "end_date": "n/a - nd",
        "locality": "Cumberland",
        "season": "winter",
        "province_territory": "NS",
        "province_territory_description": "Nova Scotia",
        "flood_cause": "coastal storm",
        "flood_cause_description": "Coastal flooding can be defined as flooding associated with a defined shoreline along an ocean or large lake. This can be due to a combination of high tides, storm surges, wind and wave effects, rising sea levels and riverine flooding (NRCan, PSC, 2018). A coastal storm is often accompanied by heavy precipitation.",
        "death": "unknown",
        "evacuation": "unknown",
        "rainfall_mm": null,
        "intensity": "medium",
        "comment": "Snowstorm Warnings Insufficient - Councillor, Sunday 02/06/2000, C1 (NovaScotia), The Chronicle Herald.The Wallace-area representative told a council meeting Wednesday the Transportation Department and Environment Canada let people down during a storm Jan. 21. ...We had four businesses in Wallace flooded.",
        "link_1": "http://nsfloodhistory.management.dal.ca/",
        "link_2": null,
        "source_1": "provincial",
        "source_1_description": "The source is provincial (E.g.: Nova Scotia Road Conditions, Emergency Management historical events of Ontario)",
        "source_2": null,
        "source_2_description": null,
        "geometry_source": "CGNDB",
        "geometry_source_description": "Canadian Geographical Names Database",
        "weather_station": "https://climat.meteo.gc.ca/historical_data/search_historic_data_stations_e.html?searchType=stnProx&timeframe=1&txtRadius=200&selCity=&selPark=&txtCentralLatDeg=&txtCentralLatMin=&txtCentralLatSec=&txtCentralLongDeg=&txtCentralLongMin=&txtCentralLongSec=&optProxType=decimal&txtLatDecDeg=45.750076&txtLongDecDeg=-64.166034&StartYear=1840&EndYear=2021&optLimit=specDate&Year=2000&Month=01&Day=21&selRowPerPage=25",
        "precipitation_analysis_url": "https://ftp.maps.canada.ca/pub/nrcan_rncan/Floods_Inondation/HFE/location/ad3ab86a-ce5d-4be6-a61f-776fac3b46b2/location_precipitation_analysis_en_ad3ab86a-ce5d-4be6-a61f-776fac3b46b2.jpg",
        "precipitation_data_url": "https://ftp.maps.canada.ca/pub/nrcan_rncan/Floods_Inondation/HFE/location/ad3ab86a-ce5d-4be6-a61f-776fac3b46b2/location_precipitation_data_en_ad3ab86a-ce5d-4be6-a61f-776fac3b46b2.json"
      }
    },
    {
      "type": "Feature",
      "geometry": {
        "type": "Point",
        "coordinates": [
          -64.163367,
          45.751539
        ]
      },
      "properties": {
        "uuid": "7f583e20-9b9f-4aea-83eb-9fedb9084231",
        "event_id": "cf9e3b83-ded7-4adf-b595-aafe2fb159b3",
        "event_name": null,
        "year": 2000,
        "start_date": "2000-12-21",
        "end_date": "n/a - nd",
        "locality": "Cumberland",
        "season": "winter",
        "province_territory": "NS",
        "province_territory_description": "Nova Scotia",
        "flood_cause": "freshet",
        "flood_cause_description": "The temporary inundation by water of normally dry land caused by a thaw period. The thaw period is often accompanied by precipitation that adds to the surface runoff produced by melting snow. The thaw can also cause ice jams and flooding due to rising water tables.",
        "death": "unknown",
        "evacuation": "unknown",
        "rainfall_mm": null,
        "intensity": "low",
        "comment": "Strong Wind, High Water, Thursday 12/21/2000, A1 (FrontPage), By Lois Legge Staff Reporter, The Chronicle Herald.We had a lot of rain over a short period of time and a lot of it is with respect to debris clogging up the drains and the culverts, he said, adding that reports of flooding slowed as the rain died down in the afternoon.",
        "link_1": "http://nsfloodhistory.management.dal.ca/",
        "link_2": null,
        "source_1": "provincial",
        "source_1_description": "The source is provincial (E.g.: Nova Scotia Road Conditions, Emergency Management historical events of Ontario)",
        "source_2": null,
        "source_2_description": null,
        "geometry_source": "CGNDB",
        "geometry_source_description": "Canadian Geographical Names Database",
        "weather_station": "https://climat.meteo.gc.ca/historical_data/search_historic_data_stations_e.html?searchType=stnProx&timeframe=1&txtRadius=200&selCity=&selPark=&txtCentralLatDeg=&txtCentralLatMin=&txtCentralLatSec=&txtCentralLongDeg=&txtCentralLongMin=&txtCentralLongSec=&optProxType=decimal&txtLatDecDeg=45.750076&txtLongDecDeg=-64.166034&StartYear=1840&EndYear=2021&optLimit=specDate&Year=2000&Month=12&Day=21&selRowPerPage=25",
        "precipitation_analysis_url": "not available/non disponible",
        "precipitation_data_url": "not available/non disponible"
      }
    },
    {
      "type": "Feature",
      "geometry": {
        "type": "Point",
        "coordinates": [
          -64.163367,
          45.751539
        ]
      },
      "properties": {
        "uuid": "c808ce95-df42-4167-a5bc-6c90d7149849",
        "event_id": "1f0ed78a-6abd-49b0-84b7-b07e8afc1fa8",
        "event_name": null,
        "year": 2003,
        "start_date": "2003-03-31",
        "end_date": "2003-04-10",
        "locality": "Cumberland",
        "season": "spring",
        "province_territory": "NS",
        "province_territory_description": "Nova Scotia",
        "flood_cause": "heavy rain",
        "flood_cause_description": "The temporary inundation by water of normally dry land,  whether adjacent to a river or not, caused by heavy rainfall events. Heavy rainfall flooding is common in urban areas where water temporarily accumulates due to more precipitation than can be removed by infiltration into the ground (e.g., due to impervious surfaces where infiltration is limited) or by drainage through infrastructure or the river system. Heavy precipitation and storm surges can be accompanied by high winds, as in the case of post-tropical cyclones. In mountainous areas, heavy precipitation accompanied by a rise in temperature will have an impact on the supply of meltwater from the snow cover on the peaks.",
        "death": "yes",
        "evacuation": "yes",
        "rainfall_mm": 113,
        "intensity": "high",
        "comment": "Waters Separate Community. many roads were flooded Monday, but the Halls Harbour causeway appeared to be the worst. Pouring rain in the Annapolis Valley washed out roads, flooded highways and filled basements.Nova Scotians hit by Monday's flooding will likely be able to go to the province for money, says the Emergency Measures Organization. Over 100 roads remain closed and bridges in 18 communities lie in ruins.The province confirmed Tuesday it will make cash available to Nova Scotians whose homes suffered uninsurable damage in Monday's flooding.Highways 101 and 1 between Bear River and Annapolis Royal; the 308 in Quinan, Yarmouth Co.; and 201 from Lawrencetown to Middleton were still closed Tuesday night due to flooding",
        "link_1": "http://nsfloodhistory.management.dal.ca/",
        "link_2": "https://cdd.publicsafety.gc.ca/dtpg-eng.aspx?eventId=367&cultureCode=en-CA",
        "source_1": "provincial",
        "source_1_description": "The source is provincial (E.g.: Nova Scotia Road Conditions, Emergency Management historical events of Ontario)",
        "source_2": "federal",
        "source_2_description": "The source is federal (E.g.: Flood Damage Reduction Program, Canadian Disaster Database)",
        "geometry_source": "CGNDB",
        "geometry_source_description": "Canadian Geographical Names Database",
        "weather_station": "https://climat.meteo.gc.ca/historical_data/search_historic_data_stations_e.html?searchType=stnProx&timeframe=1&txtRadius=200&selCity=&selPark=&txtCentralLatDeg=&txtCentralLatMin=&txtCentralLatSec=&txtCentralLongDeg=&txtCentralLongMin=&txtCentralLongSec=&optProxType=decimal&txtLatDecDeg=45.750076&txtLongDecDeg=-64.166034&StartYear=1840&EndYear=2021&optLimit=specDate&Year=2003&Month=03&Day=31&selRowPerPage=25",
        "precipitation_analysis_url": "https://ftp.maps.canada.ca/pub/nrcan_rncan/Floods_Inondation/HFE/location/c808ce95-df42-4167-a5bc-6c90d7149849/location_precipitation_analysis_en_c808ce95-df42-4167-a5bc-6c90d7149849.jpg",
        "precipitation_data_url": "https://ftp.maps.canada.ca/pub/nrcan_rncan/Floods_Inondation/HFE/location/c808ce95-df42-4167-a5bc-6c90d7149849/location_precipitation_data_en_c808ce95-df42-4167-a5bc-6c90d7149849.json"
      }
    },
    {
      "type": "Feature",
      "geometry": {
        "type": "Point",
        "coordinates": [
          -64.163367,
          45.751539
        ]
      },
      "properties": {
        "uuid": "8b2628f4-b21a-4139-8391-a6ec20c3bae0",
        "event_id": "62278a16-d19c-4f69-8a5e-a3a48c9b682e",
        "event_name": null,
        "year": 2005,
        "start_date": "2005-03-29",
        "end_date": "2005-05-16",
        "locality": "Cumberland",
        "season": "spring",
        "province_territory": "NS",
        "province_territory_description": "Nova Scotia",
        "flood_cause": "freshet",
        "flood_cause_description": "The temporary inundation by water of normally dry land caused by a thaw period. The thaw period is often accompanied by precipitation that adds to the surface runoff produced by melting snow. The thaw can also cause ice jams and flooding due to rising water tables.",
        "death": "unknown",
        "evacuation": "unknown",
        "rainfall_mm": null,
        "intensity": "medium",
        "comment": "Waiting for the Rain, Tuesday 03/29/2005, B4 (NovaScotia), By Mary Ellen Macintyre Truro Bureau, The Chronicle Herald.Colchester, Cumberland, Hants and Pictou counties seemed to get the brunt of the damage and a number of roads washed out as rivers swelled after an average of 90 millimetres of rain fell in some areas.",
        "link_1": "http://nsfloodhistory.management.dal.ca/",
        "link_2": null,
        "source_1": "provincial",
        "source_1_description": "The source is provincial (E.g.: Nova Scotia Road Conditions, Emergency Management historical events of Ontario)",
        "source_2": null,
        "source_2_description": null,
        "geometry_source": "CGNDB",
        "geometry_source_description": "Canadian Geographical Names Database",
        "weather_station": "https://climat.meteo.gc.ca/historical_data/search_historic_data_stations_e.html?searchType=stnProx&timeframe=1&txtRadius=200&selCity=&selPark=&txtCentralLatDeg=&txtCentralLatMin=&txtCentralLatSec=&txtCentralLongDeg=&txtCentralLongMin=&txtCentralLongSec=&optProxType=decimal&txtLatDecDeg=45.750076&txtLongDecDeg=-64.166034&StartYear=1840&EndYear=2021&optLimit=specDate&Year=2005&Month=03&Day=29&selRowPerPage=25",
        "precipitation_analysis_url": "not available/non disponible",
        "precipitation_data_url": "not available/non disponible"
      }
    },
    {
      "type": "Feature",
      "geometry": {
        "type": "Point",
        "coordinates": [
          -64.163367,
          45.751539
        ]
      },
      "properties": {
        "uuid": "804e20be-4e16-4b36-abed-065bba6b48ec",
        "event_id": "67448df4-088b-46c1-bc90-41eced0db8a2",
        "event_name": null,
        "year": 2005,
        "start_date": "2005-05-23",
        "end_date": "2005-05-29",
        "locality": "Cumberland",
        "season": "spring",
        "province_territory": "NS",
        "province_territory_description": "Nova Scotia",
        "flood_cause": "heavy rain",
        "flood_cause_description": "The temporary inundation by water of normally dry land,  whether adjacent to a river or not, caused by heavy rainfall events. Heavy rainfall flooding is common in urban areas where water temporarily accumulates due to more precipitation than can be removed by infiltration into the ground (e.g., due to impervious surfaces where infiltration is limited) or by drainage through infrastructure or the river system. Heavy precipitation and storm surges can be accompanied by high winds, as in the case of post-tropical cyclones. In mountainous areas, heavy precipitation accompanied by a rise in temperature will have an impact on the supply of meltwater from the snow cover on the peaks.",
        "death": "unknown",
        "evacuation": "yes",
        "rainfall_mm": 65,
        "intensity": "high",
        "comment": "Heavy Rain Floods Roads and Basements. The basements of two of Mahone Bay's three famous churches flooded. MacDonald said some rivers in Halifax were at their capacity Sunday, but there were no reports of major flooding. Some people were moved because the road to their homes was flooded, preventing access by emergency vehicles.Homeowners living on rivers, lakes and flood plains did what they could Wednesday to prepare for up to 75 more millimetres of rain expected to fall on the South Shore by tonight, on top of the 160 millimetres that had already come down.Nova Scotia Premier John Hamm has estimated the damage to provincial highways and bridges to be at least $1 million. Heavy rains caused flash flooding in Lunenburg County early Thursday evening.",
        "link_1": "http://nsfloodhistory.management.dal.ca/",
        "link_2": "https://cdd.publicsafety.gc.ca/dtpg-eng.aspx?eventId=393&cultureCode=en-CA",
        "source_1": "provincial",
        "source_1_description": "The source is provincial (E.g.: Nova Scotia Road Conditions, Emergency Management historical events of Ontario)",
        "source_2": "federal",
        "source_2_description": "The source is federal (E.g.: Flood Damage Reduction Program, Canadian Disaster Database)",
        "geometry_source": "CGNDB",
        "geometry_source_description": "Canadian Geographical Names Database",
        "weather_station": "https://climat.meteo.gc.ca/historical_data/search_historic_data_stations_e.html?searchType=stnProx&timeframe=1&txtRadius=200&selCity=&selPark=&txtCentralLatDeg=&txtCentralLatMin=&txtCentralLatSec=&txtCentralLongDeg=&txtCentralLongMin=&txtCentralLongSec=&optProxType=decimal&txtLatDecDeg=45.750076&txtLongDecDeg=-64.166034&StartYear=1840&EndYear=2021&optLimit=specDate&Year=2005&Month=05&Day=23&selRowPerPage=25",
        "precipitation_analysis_url": "https://ftp.maps.canada.ca/pub/nrcan_rncan/Floods_Inondation/HFE/location/804e20be-4e16-4b36-abed-065bba6b48ec/location_precipitation_analysis_en_804e20be-4e16-4b36-abed-065bba6b48ec.jpg",
        "precipitation_data_url": "https://ftp.maps.canada.ca/pub/nrcan_rncan/Floods_Inondation/HFE/location/804e20be-4e16-4b36-abed-065bba6b48ec/location_precipitation_data_en_804e20be-4e16-4b36-abed-065bba6b48ec.json"
      }
    },
    {
      "type": "Feature",
      "geometry": {
        "type": "Point",
        "coordinates": [
          -64.163367,
          45.751539
        ]
      },
      "properties": {
        "uuid": "da829727-c843-49ae-8b21-180209ef8d45",
        "event_id": "697af9af-ff3f-4905-83fb-5cedecb9ac7b",
        "event_name": null,
        "year": 2013,
        "start_date": "2013-02-18",
        "end_date": "n/a - nd",
        "locality": "Cumberland",
        "season": "winter",
        "province_territory": "NS",
        "province_territory_description": "Nova Scotia",
        "flood_cause": "freshet",
        "flood_cause_description": "The temporary inundation by water of normally dry land caused by a thaw period. The thaw period is often accompanied by precipitation that adds to the surface runoff produced by melting snow. The thaw can also cause ice jams and flooding due to rising water tables.",
        "death": "unknown",
        "evacuation": "unknown",
        "rainfall_mm": null,
        "intensity": "medium",
        "comment": "Across Nova Scotia, Monday 02/18/2013, A3 (NovaScotia), The Chronicle Herald.Flooding reported on roads in East Hants Heavy rain combined with the remnants of last weekend's blizzard to cause flooding on several roads in East Hants on Sunday.",
        "link_1": "http://nsfloodhistory.management.dal.ca/",
        "link_2": null,
        "source_1": "provincial",
        "source_1_description": "The source is provincial (E.g.: Nova Scotia Road Conditions, Emergency Management historical events of Ontario)",
        "source_2": null,
        "source_2_description": null,
        "geometry_source": "CGNDB",
        "geometry_source_description": "Canadian Geographical Names Database",
        "weather_station": "https://climat.meteo.gc.ca/historical_data/search_historic_data_stations_e.html?searchType=stnProx&timeframe=1&txtRadius=200&selCity=&selPark=&txtCentralLatDeg=&txtCentralLatMin=&txtCentralLatSec=&txtCentralLongDeg=&txtCentralLongMin=&txtCentralLongSec=&optProxType=decimal&txtLatDecDeg=45.750076&txtLongDecDeg=-64.166034&StartYear=1840&EndYear=2021&optLimit=specDate&Year=2013&Month=02&Day=18&selRowPerPage=25",
        "precipitation_analysis_url": "not available/non disponible",
        "precipitation_data_url": "not available/non disponible"
      }
    },
    {
      "type": "Feature",
      "geometry": {
        "type": "Point",
        "coordinates": [
          -64.087116,
          46.046642
        ]
      },
      "properties": {
        "uuid": "ee54a645-c8af-499f-b118-de611fd3afe3",
        "event_id": "38fc3d92-26af-4c48-9b32-317a299beaef",
        "event_name": null,
        "year": 1956,
        "start_date": "1956-01-06",
        "end_date": "1956-01-16",
        "locality": "Port Elgin",
        "season": "winter",
        "province_territory": "NB",
        "province_territory_description": "New Brunswick",
        "flood_cause": "freshet",
        "flood_cause_description": "The temporary inundation by water of normally dry land caused by a thaw period. The thaw period is often accompanied by precipitation that adds to the surface runoff produced by melting snow. The thaw can also cause ice jams and flooding due to rising water tables.",
        "death": "no",
        "evacuation": "unknown",
        "rainfall_mm": null,
        "intensity": "medium",
        "comment": "Nashwaak River Basin: Ice jams were reported to have occurred at Nashwaak Village and at Taymouth.",
        "link_1": "https://www.elgegl.gnb.ca/0001/en/Flood/Details/277",
        "link_2": null,
        "source_1": "provincial",
        "source_1_description": "The source is provincial (E.g.: Nova Scotia Road Conditions, Emergency Management historical events of Ontario)",
        "source_2": null,
        "source_2_description": null,
        "geometry_source": "CGNDB",
        "geometry_source_description": "Canadian Geographical Names Database",
        "weather_station": "https://climat.meteo.gc.ca/historical_data/search_historic_data_stations_e.html?searchType=stnProx&timeframe=1&txtRadius=200&selCity=&selPark=&txtCentralLatDeg=&txtCentralLatMin=&txtCentralLatSec=&txtCentralLongDeg=&txtCentralLongMin=&txtCentralLongSec=&optProxType=decimal&txtLatDecDeg=46.045174&txtLongDecDeg=-64.089802&StartYear=1840&EndYear=2021&optLimit=specDate&Year=1956&Month=01&Day=06&selRowPerPage=25",
        "precipitation_analysis_url": "not available/non disponible",
        "precipitation_data_url": "not available/non disponible"
      }
    },
    {
      "type": "Feature",
      "geometry": {
        "type": "Point",
        "coordinates": [
          -64.087116,
          46.046642
        ]
      },
      "properties": {
        "uuid": "3be6d030-609a-4fee-9c0d-1bde246a0763",
        "event_id": "fa48b107-2b26-45b2-bec6-6aa6e12d3ca6",
        "event_name": null,
        "year": 2000,
        "start_date": "2000-10-30",
        "end_date": "2000-10-31",
        "locality": "Port Elgin",
        "season": "autumn",
        "province_territory": "NB",
        "province_territory_description": "New Brunswick",
        "flood_cause": "coastal storm",
        "flood_cause_description": "Coastal flooding can be defined as flooding associated with a defined shoreline along an ocean or large lake. This can be due to a combination of high tides, storm surges, wind and wave effects, rising sea levels and riverine flooding (NRCan, PSC, 2018). A coastal storm is often accompanied by heavy precipitation.",
        "death": "unknown",
        "evacuation": "unknown",
        "rainfall_mm": null,
        "intensity": "medium",
        "comment": "Heavy Winds, Storm Surges Batter Atlantic Provinces, Monday 10/30/2000, B1 (Canada), By the Canadian Press, The Chronicle Herald.The Northumberland Strait shore of New Brunswick Sunday evening, causing power outages and flooding. ...There was extensive damage to wharves in the Miramichi Bay and coastal towns on the strait. Basements were also flooded.",
        "link_1": "http://nsfloodhistory.management.dal.ca/",
        "link_2": null,
        "source_1": "provincial",
        "source_1_description": "The source is provincial (E.g.: Nova Scotia Road Conditions, Emergency Management historical events of Ontario)",
        "source_2": null,
        "source_2_description": null,
        "geometry_source": "CGNDB",
        "geometry_source_description": "Canadian Geographical Names Database",
        "weather_station": "https://climat.meteo.gc.ca/historical_data/search_historic_data_stations_e.html?searchType=stnProx&timeframe=1&txtRadius=200&selCity=&selPark=&txtCentralLatDeg=&txtCentralLatMin=&txtCentralLatSec=&txtCentralLongDeg=&txtCentralLongMin=&txtCentralLongSec=&optProxType=decimal&txtLatDecDeg=46.045174&txtLongDecDeg=-64.089802&StartYear=1840&EndYear=2021&optLimit=specDate&Year=2000&Month=10&Day=30&selRowPerPage=25",
        "precipitation_analysis_url": "https://ftp.maps.canada.ca/pub/nrcan_rncan/Floods_Inondation/HFE/location/3be6d030-609a-4fee-9c0d-1bde246a0763/location_precipitation_analysis_en_3be6d030-609a-4fee-9c0d-1bde246a0763.jpg",
        "precipitation_data_url": "https://ftp.maps.canada.ca/pub/nrcan_rncan/Floods_Inondation/HFE/location/3be6d030-609a-4fee-9c0d-1bde246a0763/location_precipitation_data_en_3be6d030-609a-4fee-9c0d-1bde246a0763.json"
      }
    },
    {
      "type": "Feature",
      "geometry": {
        "type": "Point",
        "coordinates": [
          -64.087116,
          46.046642
        ]
      },
      "properties": {
        "uuid": "7b6f953a-6b33-485a-bded-6c91d249ca3c",
        "event_id": "7d07125a-3a9c-4739-9cef-cfb315e5887e",
        "event_name": null,
        "year": 2010,
        "start_date": "2010-12-21",
        "end_date": "2010-12-23",
        "locality": "Port Elgin",
        "season": "winter",
        "province_territory": "NB",
        "province_territory_description": "New Brunswick",
        "flood_cause": "coastal storm",
        "flood_cause_description": "Coastal flooding can be defined as flooding associated with a defined shoreline along an ocean or large lake. This can be due to a combination of high tides, storm surges, wind and wave effects, rising sea levels and riverine flooding (NRCan, PSC, 2018). A coastal storm is often accompanied by heavy precipitation.",
        "death": "no",
        "evacuation": "yes",
        "rainfall_mm": null,
        "intensity": "high",
        "comment": "A major low pressure system persisting south of Nova Scotia brought strong north to northeast winds and a mix of precipitation over much of New Brunswick's east coast.",
        "link_1": "https://www.elgegl.gnb.ca/0001/en/Flood/Details/320",
        "link_2": null,
        "source_1": "provincial",
        "source_1_description": "The source is provincial (E.g.: Nova Scotia Road Conditions, Emergency Management historical events of Ontario)",
        "source_2": null,
        "source_2_description": null,
        "geometry_source": "CGNDB",
        "geometry_source_description": "Canadian Geographical Names Database",
        "weather_station": "https://climat.meteo.gc.ca/historical_data/search_historic_data_stations_e.html?searchType=stnProx&timeframe=1&txtRadius=200&selCity=&selPark=&txtCentralLatDeg=&txtCentralLatMin=&txtCentralLatSec=&txtCentralLongDeg=&txtCentralLongMin=&txtCentralLongSec=&optProxType=decimal&txtLatDecDeg=46.045174&txtLongDecDeg=-64.089802&StartYear=1840&EndYear=2021&optLimit=specDate&Year=2010&Month=12&Day=21&selRowPerPage=25",
        "precipitation_analysis_url": "https://ftp.maps.canada.ca/pub/nrcan_rncan/Floods_Inondation/HFE/location/7b6f953a-6b33-485a-bded-6c91d249ca3c/location_precipitation_analysis_en_7b6f953a-6b33-485a-bded-6c91d249ca3c.jpg",
        "precipitation_data_url": "https://ftp.maps.canada.ca/pub/nrcan_rncan/Floods_Inondation/HFE/location/7b6f953a-6b33-485a-bded-6c91d249ca3c/location_precipitation_data_en_7b6f953a-6b33-485a-bded-6c91d249ca3c.json"
      }
    },
    {
      "type": "Feature",
      "geometry": {
        "type": "Point",
        "coordinates": [
          -64.087116,
          46.046642
        ]
      },
      "properties": {
        "uuid": "9bf6fe1f-1467-4864-9d2f-4de90b3f0a1a",
        "event_id": "8e9c61a7-bc5a-4d8a-b5d8-c82c46925348",
        "event_name": null,
        "year": 2010,
        "start_date": "2010-12-27",
        "end_date": "n/a - nd",
        "locality": "Port Elgin",
        "season": "winter",
        "province_territory": "NB",
        "province_territory_description": "New Brunswick",
        "flood_cause": "coastal storm",
        "flood_cause_description": "Coastal flooding can be defined as flooding associated with a defined shoreline along an ocean or large lake. This can be due to a combination of high tides, storm surges, wind and wave effects, rising sea levels and riverine flooding (NRCan, PSC, 2018). A coastal storm is often accompanied by heavy precipitation.",
        "death": "unknown",
        "evacuation": "unknown",
        "rainfall_mm": null,
        "intensity": "medium",
        "comment": "Storm Eyes N.S., Monday 12/27/2010, A3 (NovaScotia), By Dan Arsenault Staff Reporter, The Chronicle Herald.Environment Canada meteorologist Doug Mercer said Sunday that higher than normal water levels are expected along the Atlantic coast. They won't be as bad as  last Monday, when storm-fed surges damaged coastal sites in all three Maritime provinces.",
        "link_1": "http://nsfloodhistory.management.dal.ca/",
        "link_2": null,
        "source_1": "provincial",
        "source_1_description": "The source is provincial (E.g.: Nova Scotia Road Conditions, Emergency Management historical events of Ontario)",
        "source_2": null,
        "source_2_description": null,
        "geometry_source": "CGNDB",
        "geometry_source_description": "Canadian Geographical Names Database",
        "weather_station": "https://climat.meteo.gc.ca/historical_data/search_historic_data_stations_e.html?searchType=stnProx&timeframe=1&txtRadius=200&selCity=&selPark=&txtCentralLatDeg=&txtCentralLatMin=&txtCentralLatSec=&txtCentralLongDeg=&txtCentralLongMin=&txtCentralLongSec=&optProxType=decimal&txtLatDecDeg=46.045174&txtLongDecDeg=-64.089802&StartYear=1840&EndYear=2021&optLimit=specDate&Year=2010&Month=12&Day=27&selRowPerPage=25",
        "precipitation_analysis_url": "https://ftp.maps.canada.ca/pub/nrcan_rncan/Floods_Inondation/HFE/location/9bf6fe1f-1467-4864-9d2f-4de90b3f0a1a/location_precipitation_analysis_en_9bf6fe1f-1467-4864-9d2f-4de90b3f0a1a.jpg",
        "precipitation_data_url": "https://ftp.maps.canada.ca/pub/nrcan_rncan/Floods_Inondation/HFE/location/9bf6fe1f-1467-4864-9d2f-4de90b3f0a1a/location_precipitation_data_en_9bf6fe1f-1467-4864-9d2f-4de90b3f0a1a.json"
      }
    },
    {
      "type": "Feature",
      "geometry": {
        "type": "Point",
        "coordinates": [
          -64.087116,
          46.046642
        ]
      },
      "properties": {
        "uuid": "bf9b0e7d-d217-4c5e-8253-b59a9bd5230b",
        "event_id": "a14864d5-4c73-4ea7-b24f-886c24d1e71b",
        "event_name": null,
        "year": 2010,
        "start_date": "2010-01-02",
        "end_date": "2010-01-03",
        "locality": "Port Elgin",
        "season": "winter",
        "province_territory": "NB",
        "province_territory_description": "New Brunswick",
        "flood_cause": "coastal storm",
        "flood_cause_description": "Coastal flooding can be defined as flooding associated with a defined shoreline along an ocean or large lake. This can be due to a combination of high tides, storm surges, wind and wave effects, rising sea levels and riverine flooding (NRCan, PSC, 2018). A coastal storm is often accompanied by heavy precipitation.",
        "death": "no",
        "evacuation": "yes",
        "rainfall_mm": null,
        "intensity": "high",
        "comment": "On 2-3 January, New Brunswick was hit by a snow storm accompanied by tidal storm surge of 6 to 8 m.",
        "link_1": "https://www.elgegl.gnb.ca/0001/en/Flood/Details/318",
        "link_2": null,
        "source_1": "provincial",
        "source_1_description": "The source is provincial (E.g.: Nova Scotia Road Conditions, Emergency Management historical events of Ontario)",
        "source_2": null,
        "source_2_description": null,
        "geometry_source": "CGNDB",
        "geometry_source_description": "Canadian Geographical Names Database",
        "weather_station": "https://climat.meteo.gc.ca/historical_data/search_historic_data_stations_e.html?searchType=stnProx&timeframe=1&txtRadius=200&selCity=&selPark=&txtCentralLatDeg=&txtCentralLatMin=&txtCentralLatSec=&txtCentralLongDeg=&txtCentralLongMin=&txtCentralLongSec=&optProxType=decimal&txtLatDecDeg=46.045174&txtLongDecDeg=-64.089802&StartYear=1840&EndYear=2021&optLimit=specDate&Year=2010&Month=01&Day=02&selRowPerPage=25",
        "precipitation_analysis_url": "https://ftp.maps.canada.ca/pub/nrcan_rncan/Floods_Inondation/HFE/location/bf9b0e7d-d217-4c5e-8253-b59a9bd5230b/location_precipitation_analysis_en_bf9b0e7d-d217-4c5e-8253-b59a9bd5230b.jpg",
        "precipitation_data_url": "https://ftp.maps.canada.ca/pub/nrcan_rncan/Floods_Inondation/HFE/location/bf9b0e7d-d217-4c5e-8253-b59a9bd5230b/location_precipitation_data_en_bf9b0e7d-d217-4c5e-8253-b59a9bd5230b.json"
      }
    },
    {
      "type": "Feature",
      "geometry": {
        "type": "Point",
        "coordinates": [
          -64.383172,
          45.920083
        ]
      },
      "properties": {
        "uuid": "dbef810c-91da-4055-b3fa-1ee086d1a857",
        "event_id": "d9d76851-3c0a-4637-a30b-1a37bd0cc767",
        "event_name": null,
        "year": 1958,
        "start_date": "1958-09-15",
        "end_date": "1958-09-15",
        "locality": "Sackville",
        "season": "autumn",
        "province_territory": "NB",
        "province_territory_description": "New Brunswick",
        "flood_cause": "coastal storm",
        "flood_cause_description": "Coastal flooding can be defined as flooding associated with a defined shoreline along an ocean or large lake. This can be due to a combination of high tides, storm surges, wind and wave effects, rising sea levels and riverine flooding (NRCan, PSC, 2018). A coastal storm is often accompanied by heavy precipitation.",
        "death": "no",
        "evacuation": "unknown",
        "rainfall_mm": null,
        "intensity": "low",
        "comment": "Southeastern New Brunswick: High tides resulted in some inundation of marshland in Westmorland County.",
        "link_1": "https://www.elgegl.gnb.ca/0001/en/Flood/Details/272",
        "link_2": null,
        "source_1": "provincial",
        "source_1_description": "The source is provincial (E.g.: Nova Scotia Road Conditions, Emergency Management historical events of Ontario)",
        "source_2": null,
        "source_2_description": null,
        "geometry_source": "CGNDB",
        "geometry_source_description": "Canadian Geographical Names Database",
        "weather_station": "https://climat.meteo.gc.ca/historical_data/search_historic_data_stations_e.html?searchType=stnProx&timeframe=1&txtRadius=200&selCity=&selPark=&txtCentralLatDeg=&txtCentralLatMin=&txtCentralLatSec=&txtCentralLongDeg=&txtCentralLongMin=&txtCentralLongSec=&optProxType=decimal&txtLatDecDeg=45.918611&txtLongDecDeg=-64.385833&StartYear=1840&EndYear=2021&optLimit=specDate&Year=1958&Month=09&Day=15&selRowPerPage=25",
        "precipitation_analysis_url": "not available/non disponible",
        "precipitation_data_url": "not available/non disponible"
      }
    },
    {
      "type": "Feature",
      "geometry": {
        "type": "Point",
        "coordinates": [
          -64.383172,
          45.920083
        ]
      },
      "properties": {
        "uuid": "c5b8513d-39d0-449d-a0fc-704ef0ee3204",
        "event_id": "51a2a9c4-594e-4778-ae10-7d885a7ba9f4",
        "event_name": null,
        "year": 1953,
        "start_date": "1953-02-07",
        "end_date": "1953-02-08",
        "locality": "Sackville",
        "season": "winter",
        "province_territory": "NB",
        "province_territory_description": "New Brunswick",
        "flood_cause": "freshet",
        "flood_cause_description": "The temporary inundation by water of normally dry land caused by a thaw period. The thaw period is often accompanied by precipitation that adds to the surface runoff produced by melting snow. The thaw can also cause ice jams and flooding due to rising water tables.",
        "death": "no",
        "evacuation": "unknown",
        "rainfall_mm": null,
        "intensity": "medium",
        "comment": "In Kings County, torrential rains caused the rivers and brooks to overflow, but dropping temperatures followed by snow relieved some of the concern.",
        "link_1": "https://www.elgegl.gnb.ca/0001/en/Flood/Details/281",
        "link_2": null,
        "source_1": "provincial",
        "source_1_description": "The source is provincial (E.g.: Nova Scotia Road Conditions, Emergency Management historical events of Ontario)",
        "source_2": null,
        "source_2_description": null,
        "geometry_source": "CGNDB",
        "geometry_source_description": "Canadian Geographical Names Database",
        "weather_station": "https://climat.meteo.gc.ca/historical_data/search_historic_data_stations_e.html?searchType=stnProx&timeframe=1&txtRadius=200&selCity=&selPark=&txtCentralLatDeg=&txtCentralLatMin=&txtCentralLatSec=&txtCentralLongDeg=&txtCentralLongMin=&txtCentralLongSec=&optProxType=decimal&txtLatDecDeg=45.918611&txtLongDecDeg=-64.385833&StartYear=1840&EndYear=2021&optLimit=specDate&Year=1953&Month=02&Day=07&selRowPerPage=25",
        "precipitation_analysis_url": "not available/non disponible",
        "precipitation_data_url": "not available/non disponible"
      }
    },
    {
      "type": "Feature",
      "geometry": {
        "type": "Point",
        "coordinates": [
          -64.383172,
          45.920083
        ]
      },
      "properties": {
        "uuid": "de2cd9dc-3f68-4389-8c17-2ba90d947af4",
        "event_id": "fb431826-486f-43b8-acb5-7e1bad506e99",
        "event_name": null,
        "year": 1950,
        "start_date": "1950-12-11",
        "end_date": "1950-12-15",
        "locality": "Sackville",
        "season": "autumn",
        "province_territory": "NB",
        "province_territory_description": "New Brunswick",
        "flood_cause": "coastal storm",
        "flood_cause_description": "Coastal flooding can be defined as flooding associated with a defined shoreline along an ocean or large lake. This can be due to a combination of high tides, storm surges, wind and wave effects, rising sea levels and riverine flooding (NRCan, PSC, 2018). A coastal storm is often accompanied by heavy precipitation.",
        "death": "no",
        "evacuation": "yes",
        "rainfall_mm": null,
        "intensity": "high",
        "comment": "Fredericton Area: In Fredericton, cellar flooding occurred.",
        "link_1": "https://www.elgegl.gnb.ca/0001/en/Flood/Details/286",
        "link_2": null,
        "source_1": "provincial",
        "source_1_description": "The source is provincial (E.g.: Nova Scotia Road Conditions, Emergency Management historical events of Ontario)",
        "source_2": null,
        "source_2_description": null,
        "geometry_source": "CGNDB",
        "geometry_source_description": "Canadian Geographical Names Database",
        "weather_station": "https://climat.meteo.gc.ca/historical_data/search_historic_data_stations_e.html?searchType=stnProx&timeframe=1&txtRadius=200&selCity=&selPark=&txtCentralLatDeg=&txtCentralLatMin=&txtCentralLatSec=&txtCentralLongDeg=&txtCentralLongMin=&txtCentralLongSec=&optProxType=decimal&txtLatDecDeg=45.918611&txtLongDecDeg=-64.385833&StartYear=1840&EndYear=2021&optLimit=specDate&Year=1950&Month=12&Day=11&selRowPerPage=25",
        "precipitation_analysis_url": "not available/non disponible",
        "precipitation_data_url": "not available/non disponible"
      }
    },
    {
      "type": "Feature",
      "geometry": {
        "type": "Point",
        "coordinates": [
          -64.383172,
          45.920083
        ]
      },
      "properties": {
        "uuid": "43189e75-beb4-4a02-a95b-23e692e2a81e",
        "event_id": "3c56d8af-a2e1-4047-b655-a42c7eab12fe",
        "event_name": null,
        "year": 1962,
        "start_date": "1962-04-06",
        "end_date": "1962-04-07",
        "locality": "Sackville",
        "season": "spring",
        "province_territory": "NB",
        "province_territory_description": "New Brunswick",
        "flood_cause": "freshet",
        "flood_cause_description": "The temporary inundation by water of normally dry land caused by a thaw period. The thaw period is often accompanied by precipitation that adds to the surface runoff produced by melting snow. The thaw can also cause ice jams and flooding due to rising water tables.",
        "death": "no",
        "evacuation": "unknown",
        "rainfall_mm": null,
        "intensity": "low",
        "comment": "Sackville Area: In the Town of Sackville, the heavy rain resulted in some basement flooding.",
        "link_1": "https://www.elgegl.gnb.ca/0001/en/Flood/Details/288",
        "link_2": null,
        "source_1": "provincial",
        "source_1_description": "The source is provincial (E.g.: Nova Scotia Road Conditions, Emergency Management historical events of Ontario)",
        "source_2": null,
        "source_2_description": null,
        "geometry_source": "CGNDB",
        "geometry_source_description": "Canadian Geographical Names Database",
        "weather_station": "https://climat.meteo.gc.ca/historical_data/search_historic_data_stations_e.html?searchType=stnProx&timeframe=1&txtRadius=200&selCity=&selPark=&txtCentralLatDeg=&txtCentralLatMin=&txtCentralLatSec=&txtCentralLongDeg=&txtCentralLongMin=&txtCentralLongSec=&optProxType=decimal&txtLatDecDeg=45.918611&txtLongDecDeg=-64.385833&StartYear=1840&EndYear=2021&optLimit=specDate&Year=1962&Month=04&Day=06&selRowPerPage=25",
        "precipitation_analysis_url": "not available/non disponible",
        "precipitation_data_url": "not available/non disponible"
      }
    },
    {
      "type": "Feature",
      "geometry": {
        "type": "Point",
        "coordinates": [
          -64.383172,
          45.920083
        ]
      },
      "properties": {
        "uuid": "6978a762-7a0a-4cb3-9502-5cfefe3b25ae",
        "event_id": "4ed5f26d-3477-421c-ace1-fc0adecb32e0",
        "event_name": null,
        "year": 1962,
        "start_date": "1962-03-31",
        "end_date": "1962-04-04",
        "locality": "Sackville",
        "season": "spring",
        "province_territory": "NB",
        "province_territory_description": "New Brunswick",
        "flood_cause": "freshet",
        "flood_cause_description": "The temporary inundation by water of normally dry land caused by a thaw period. The thaw period is often accompanied by precipitation that adds to the surface runoff produced by melting snow. The thaw can also cause ice jams and flooding due to rising water tables.",
        "death": "no",
        "evacuation": "unknown",
        "rainfall_mm": null,
        "intensity": "high",
        "comment": "Flooding occurred along many rivers where bridges, highways and railway lines were washed out.",
        "link_1": "https://www.elgegl.gnb.ca/0001/en/Flood/Details/262",
        "link_2": "https://cdd.publicsafety.gc.ca/dtpg-eng.aspx?eventId=737&cultureCode=en-CA",
        "source_1": "provincial",
        "source_1_description": "The source is provincial (E.g.: Nova Scotia Road Conditions, Emergency Management historical events of Ontario)",
        "source_2": "federal",
        "source_2_description": "The source is federal (E.g.: Flood Damage Reduction Program, Canadian Disaster Database)",
        "geometry_source": "CGNDB",
        "geometry_source_description": "Canadian Geographical Names Database",
        "weather_station": "https://climat.meteo.gc.ca/historical_data/search_historic_data_stations_e.html?searchType=stnProx&timeframe=1&txtRadius=200&selCity=&selPark=&txtCentralLatDeg=&txtCentralLatMin=&txtCentralLatSec=&txtCentralLongDeg=&txtCentralLongMin=&txtCentralLongSec=&optProxType=decimal&txtLatDecDeg=45.918611&txtLongDecDeg=-64.385833&StartYear=1840&EndYear=2021&optLimit=specDate&Year=1962&Month=03&Day=31&selRowPerPage=25",
        "precipitation_analysis_url": "not available/non disponible",
        "precipitation_data_url": "not available/non disponible"
      }
    },
    {
      "type": "Feature",
      "geometry": {
        "type": "Point",
        "coordinates": [
          -64.383172,
          45.920083
        ]
      },
      "properties": {
        "uuid": "a7706f03-012e-419d-b492-93c84eb80543",
        "event_id": "67e4bc3f-8e17-42eb-9fc0-df17618cf6b7",
        "event_name": null,
        "year": 1963,
        "start_date": "1963-11-22",
        "end_date": "1963-11-25",
        "locality": "Sackville",
        "season": "autumn",
        "province_territory": "NB",
        "province_territory_description": "New Brunswick",
        "flood_cause": "heavy rain",
        "flood_cause_description": "The temporary inundation by water of normally dry land,  whether adjacent to a river or not, caused by heavy rainfall events. Heavy rainfall flooding is common in urban areas where water temporarily accumulates due to more precipitation than can be removed by infiltration into the ground (e.g., due to impervious surfaces where infiltration is limited) or by drainage through infrastructure or the river system. Heavy precipitation and storm surges can be accompanied by high winds, as in the case of post-tropical cyclones. In mountainous areas, heavy precipitation accompanied by a rise in temperature will have an impact on the supply of meltwater from the snow cover on the peaks.",
        "death": "no",
        "evacuation": "unknown",
        "rainfall_mm": 20,
        "intensity": "low",
        "comment": "Sackville Area: At Sackville, streets in the lower section of town were covered with up to eight inches [approx. 200mm] of water.",
        "link_1": "https://www.elgegl.gnb.ca/0001/en/Flood/Details/259",
        "link_2": null,
        "source_1": "provincial",
        "source_1_description": "The source is provincial (E.g.: Nova Scotia Road Conditions, Emergency Management historical events of Ontario)",
        "source_2": null,
        "source_2_description": null,
        "geometry_source": "CGNDB",
        "geometry_source_description": "Canadian Geographical Names Database",
        "weather_station": "https://climat.meteo.gc.ca/historical_data/search_historic_data_stations_e.html?searchType=stnProx&timeframe=1&txtRadius=200&selCity=&selPark=&txtCentralLatDeg=&txtCentralLatMin=&txtCentralLatSec=&txtCentralLongDeg=&txtCentralLongMin=&txtCentralLongSec=&optProxType=decimal&txtLatDecDeg=45.918611&txtLongDecDeg=-64.385833&StartYear=1840&EndYear=2021&optLimit=specDate&Year=1963&Month=11&Day=22&selRowPerPage=25",
        "precipitation_analysis_url": "not available/non disponible",
        "precipitation_data_url": "not available/non disponible"
      }
    },
    {
      "type": "Feature",
      "geometry": {
        "type": "Point",
        "coordinates": [
          -64.383172,
          45.920083
        ]
      },
      "properties": {
        "uuid": "71c40126-66ae-4cab-9795-d3fdded778f0",
        "event_id": "850fbf6e-592c-4be3-a674-6e828e2af9c4",
        "event_name": null,
        "year": 1963,
        "start_date": "1963-04-06",
        "end_date": "1963-04-07",
        "locality": "Sackville",
        "season": "spring",
        "province_territory": "NB",
        "province_territory_description": "New Brunswick",
        "flood_cause": "freshet",
        "flood_cause_description": "The temporary inundation by water of normally dry land caused by a thaw period. The thaw period is often accompanied by precipitation that adds to the surface runoff produced by melting snow. The thaw can also cause ice jams and flooding due to rising water tables.",
        "death": "no",
        "evacuation": "unknown",
        "rainfall_mm": null,
        "intensity": "low",
        "comment": "Sackville Area: In the Town of Sackville, the heavy rain resulted in some basement flooding.",
        "link_1": "https://www.elgegl.gnb.ca/0001/en/Flood/Details/260",
        "link_2": null,
        "source_1": "provincial",
        "source_1_description": "The source is provincial (E.g.: Nova Scotia Road Conditions, Emergency Management historical events of Ontario)",
        "source_2": null,
        "source_2_description": null,
        "geometry_source": "CGNDB",
        "geometry_source_description": "Canadian Geographical Names Database",
        "weather_station": "https://climat.meteo.gc.ca/historical_data/search_historic_data_stations_e.html?searchType=stnProx&timeframe=1&txtRadius=200&selCity=&selPark=&txtCentralLatDeg=&txtCentralLatMin=&txtCentralLatSec=&txtCentralLongDeg=&txtCentralLongMin=&txtCentralLongSec=&optProxType=decimal&txtLatDecDeg=45.918611&txtLongDecDeg=-64.385833&StartYear=1840&EndYear=2021&optLimit=specDate&Year=1963&Month=04&Day=06&selRowPerPage=25",
        "precipitation_analysis_url": "not available/non disponible",
        "precipitation_data_url": "not available/non disponible"
      }
    },
    {
      "type": "Feature",
      "geometry": {
        "type": "Point",
        "coordinates": [
          -64.383172,
          45.920083
        ]
      },
      "properties": {
        "uuid": "2a805bc9-36fd-4175-af68-96824e14b064",
        "event_id": "7578939c-6c7c-4143-8c51-3d4df5100171",
        "event_name": null,
        "year": 1963,
        "start_date": "1963-05-01",
        "end_date": "1963-05-10",
        "locality": "Sackville",
        "season": "spring",
        "province_territory": "NB",
        "province_territory_description": "New Brunswick",
        "flood_cause": "freshet",
        "flood_cause_description": "The temporary inundation by water of normally dry land caused by a thaw period. The thaw period is often accompanied by precipitation that adds to the surface runoff produced by melting snow. The thaw can also cause ice jams and flooding due to rising water tables.",
        "death": "no",
        "evacuation": "unknown",
        "rainfall_mm": null,
        "intensity": "medium",
        "comment": "Saint John River Basin: In the Saint John River Basin, the flooding reported in the newspapers was restricted to the Lower Saint John area.",
        "link_1": "https://www.elgegl.gnb.ca/0001/en/Flood/Details/258",
        "link_2": null,
        "source_1": "provincial",
        "source_1_description": "The source is provincial (E.g.: Nova Scotia Road Conditions, Emergency Management historical events of Ontario)",
        "source_2": null,
        "source_2_description": null,
        "geometry_source": "CGNDB",
        "geometry_source_description": "Canadian Geographical Names Database",
        "weather_station": "https://climat.meteo.gc.ca/historical_data/search_historic_data_stations_e.html?searchType=stnProx&timeframe=1&txtRadius=200&selCity=&selPark=&txtCentralLatDeg=&txtCentralLatMin=&txtCentralLatSec=&txtCentralLongDeg=&txtCentralLongMin=&txtCentralLongSec=&optProxType=decimal&txtLatDecDeg=45.918611&txtLongDecDeg=-64.385833&StartYear=1840&EndYear=2021&optLimit=specDate&Year=1963&Month=05&Day=01&selRowPerPage=25",
        "precipitation_analysis_url": "not available/non disponible",
        "precipitation_data_url": "not available/non disponible"
      }
    }
  ]
}